ward_id,ward_name,zone,latitude,longitude,rainfall_24h_mm,rainfall_intensity_mm_hr,water_level_m,reservoir_discharge_cusecs,elevation_m,slope_degrees,drain_density_km_sqkm,siltation_level_pct,drain_capacity_pct,land_use,past_flood_frequency,historical_max_depth_cm,flood_impact_level,flood_impact_label
W004,Guindy Ridge Sector,South-Central,13.0067,80.2025,87.29,20.44,2.25,2416.4,14.11,2.06,4.09,61.1,40.1,Industrial,4,45,0,Low
W001,T. Nagar Commercial Hub,Central,13.0418,80.2341,51.02,18.4,3.58,1176.6,5.84,0.59,3.88,12.9,81.4,Commercial,8,90,1,Moderate
W009,Perambur Railway Lowlands,North,13.1114,80.2437,33.31,9.69,3.05,827.6,4.56,0.46,2.5,74.1,30.1,Commercial,10,125,1,Moderate
W008,Tambaram Outer Plateau,South-West,12.9249,80.1,19.16,5.92,0.4,266.4,22.3,3.23,3.09,24.0,77.7,Low_Density_Residential,3,40,0,Low
W008,Tambaram Outer Plateau,South-West,12.9249,80.1,28.47,1.67,0.46,988.2,21.73,3.29,3.08,57.6,44.1,Low_Density_Residential,3,40,0,Low
W005,Adyar Estuary Buffer,Coastal,13.0012,80.2565,4.1,3.8,2.52,392.7,4.43,0.8,3.06,42.0,57.8,Green_Space,9,110,0,Low
W004,Guindy Ridge Sector,South-Central,13.0067,80.2025,58.51,8.43,1.52,1091.3,14.23,2.06,4.16,54.4,43.5,Industrial,4,45,0,Low
W018,Ambattur Industrial Zone,North-West,13.114,80.154,162.33,25.6,3.82,7462.8,11.66,2.01,3.85,24.9,73.7,Industrial,5,60,2,High
W003,Madipakkam Lake Basin,South,12.9647,80.1961,5.96,4.04,2.51,948.6,2.64,0.33,1.8,11.3,80.4,High_Density_Residential,14,160,0,Low
W019,Royapettah Central,Central,13.053,80.261,22.12,5.52,1.96,146.3,9.1,1.57,4.35,33.6,60.7,Commercial,4,50,0,Low
W014,Porur Lake Fringe,West,13.033,80.158,123.1,38.97,4.86,6167.6,5.81,0.57,2.74,19.8,84.5,High_Density_Residential,9,105,3,Severe Inundation
W002,Velachery Lowlands,South,12.9815,80.218,23.29,2.57,3.22,721.8,3.05,0.49,2.03,45.3,57.5,High_Density_Residential,12,140,1,Moderate
W001,T. Nagar Commercial Hub,Central,13.0418,80.2341,64.13,12.11,3.67,1051.4,6.41,0.58,3.92,72.8,33.3,Commercial,8,90,1,Moderate
W003,Madipakkam Lake Basin,South,12.9647,80.1961,5.35,6.97,2.61,104.6,2.84,0.33,1.65,38.5,55.9,High_Density_Residential,14,160,1,Moderate
W007,Mylapore Heritage Sector,East,13.0368,80.2676,149.19,37.05,4.25,3468.4,9.01,0.99,5.05,57.3,43.2,High_Density_Residential,5,55,2,High
W008,Tambaram Outer Plateau,South-West,12.9249,80.1,115.27,20.73,1.17,6227.4,21.99,3.18,3.01,21.7,75.8,Low_Density_Residential,3,40,0,Low
W017,Saidapet Riverine Basin,Central,13.021,80.223,141.31,22.92,5.85,6075.0,3.84,0.66,2.98,38.9,58.1,High_Density_Residential,11,130,3,Severe Inundation
W020,Mudichur Lake Sink,South-West,12.912,80.068,261.81,70.08,9.47,15882.1,2.3,0.5,1.63,40.1,55.6,High_Density_Residential,14,165,3,Severe Inundation
W001,T. Nagar Commercial Hub,Central,13.0418,80.2341,50.76,18.04,3.18,882.4,5.99,0.67,4.28,61.5,47.7,Commercial,8,90,1,Moderate
W018,Ambattur Industrial Zone,North-West,13.114,80.154,262.61,61.15,5.14,15849.5,11.53,1.73,3.66,11.8,80.2,Industrial,5,60,3,Severe Inundation
W007,Mylapore Heritage Sector,East,13.0368,80.2676,33.51,7.64,2.61,598.9,9.01,1.0,4.45,45.3,64.1,High_Density_Residential,5,55,0,Low
W018,Ambattur Industrial Zone,North-West,13.114,80.154,44.53,15.38,2.31,1876.0,10.83,2.03,3.68,43.3,61.3,Industrial,5,60,0,Low
W014,Porur Lake Fringe,West,13.033,80.158,86.71,17.78,4.55,1848.1,5.52,0.61,2.3,49.4,51.6,High_Density_Residential,9,105,2,High
W008,Tambaram Outer Plateau,South-West,12.9249,80.1,28.88,3.54,0.55,206.3,21.81,3.34,3.31,36.9,59.6,Low_Density_Residential,3,40,0,Low
W015,St. Thomas Mount Ridge,South-Central,13.004,80.191,120.67,47.92,0.98,7292.1,23.51,3.73,4.7,27.7,77.1,Low_Density_Residential,1,15,0,Low
W019,Royapettah Central,Central,13.053,80.261,31.88,1.82,2.25,387.4,9.84,1.79,4.35,11.4,91.9,Commercial,4,50,0,Low
W009,Perambur Railway Lowlands,North,13.1114,80.2437,59.28,23.09,3.98,1747.5,4.8,0.59,2.73,27.9,69.7,Commercial,10,125,2,High
W001,T. Nagar Commercial Hub,Central,13.0418,80.2341,27.65,6.03,2.6,481.8,6.74,0.75,4.05,26.5,77.4,Commercial,8,90,0,Low
W006,Anna Nagar High Ridge,West,13.085,80.2101,50.71,22.77,0.71,1403.7,18.54,2.81,4.91,46.1,63.2,Low_Density_Residential,1,20,0,Low
W014,Porur Lake Fringe,West,13.033,80.158,187.27,59.05,6.27,17479.3,6.23,0.68,2.61,8.9,82.0,High_Density_Residential,9,105,3,Severe Inundation
W011,Sholinganallur IT Corridor,South-East,12.901,80.2279,151.63,24.88,6.12,7554.6,4.64,0.61,3.39,52.8,45.8,Commercial,9,115,3,Severe Inundation
W009,Perambur Railway Lowlands,North,13.1114,80.2437,88.35,22.32,4.29,3063.5,4.36,0.2,2.8,37.3,64.3,Commercial,10,125,3,Severe Inundation
W005,Adyar Estuary Buffer,Coastal,13.0012,80.2565,33.48,6.46,3.72,305.8,3.46,0.76,2.92,26.9,80.9,Green_Space,9,110,0,Low
W007,Mylapore Heritage Sector,East,13.0368,80.2676,83.22,14.86,3.36,1161.8,8.96,1.42,4.15,35.2,72.0,High_Density_Residential,5,55,1,Moderate
W011,Sholinganallur IT Corridor,South-East,12.901,80.2279,18.96,8.05,2.94,456.9,4.45,0.65,3.4,28.2,73.8,Commercial,9,115,0,Low
W004,Guindy Ridge Sector,South-Central,13.0067,80.2025,4.5,2.16,0.95,215.2,13.62,1.93,4.11,56.0,41.6,Industrial,4,45,0,Low
W003,Madipakkam Lake Basin,South,12.9647,80.1961,5.98,5.15,2.52,285.7,2.28,0.31,1.97,36.0,60.9,High_Density_Residential,14,160,0,Low
W013,Pallikaranai Marsh Reserve,South-East,12.936,80.214,14.23,5.36,2.75,656.4,2.23,0.2,1.31,69.0,31.4,Green_Space,15,175,1,Moderate
W004,Guindy Ridge Sector,South-Central,13.0067,80.2025,10.89,4.4,0.89,118.1,13.22,1.94,4.41,28.6,74.7,Industrial,4,45,0,Low
W012,Manali Petrochemical Lowland,North-East,13.1706,80.2605,67.28,20.67,4.18,1965.5,3.0,0.34,2.01,80.0,20.6,Industrial,11,135,3,Severe Inundation
W012,Manali Petrochemical Lowland,North-East,13.1706,80.2605,10.12,2.45,2.85,267.9,2.9,0.28,1.98,44.7,52.4,Industrial,11,135,1,Moderate
W020,Mudichur Lake Sink,South-West,12.912,80.068,24.07,9.36,3.44,601.1,1.53,0.38,1.05,44.4,56.9,High_Density_Residential,14,165,1,Moderate
W009,Perambur Railway Lowlands,North,13.1114,80.2437,21.18,2.39,2.73,533.0,4.54,0.51,2.65,40.4,62.3,Commercial,10,125,0,Low
W002,Velachery Lowlands,South,12.9815,80.218,57.65,13.93,4.02,3309.7,3.35,0.31,2.12,37.3,60.2,High_Density_Residential,12,140,2,High
W015,St. Thomas Mount Ridge,South-Central,13.004,80.191,28.88,6.99,0.5,570.8,24.35,3.45,4.35,41.1,59.0,Low_Density_Residential,1,15,0,Low
W018,Ambattur Industrial Zone,North-West,13.114,80.154,31.69,4.46,1.44,589.2,11.29,1.92,3.85,50.2,50.7,Industrial,5,60,0,Low
W004,Guindy Ridge Sector,South-Central,13.0067,80.2025,12.29,3.24,0.95,769.6,14.23,2.03,4.11,28.5,75.3,Industrial,4,45,0,Low
W013,Pallikaranai Marsh Reserve,South-East,12.936,80.214,147.7,40.82,6.3,5713.6,1.69,0.2,2.03,59.9,40.6,Green_Space,15,175,3,Severe Inundation
W003,Madipakkam Lake Basin,South,12.9647,80.1961,173.02,41.22,7.09,3762.7,3.25,0.5,1.96,30.2,70.1,High_Density_Residential,14,160,3,Severe Inundation
W018,Ambattur Industrial Zone,North-West,13.114,80.154,56.95,8.93,2.43,1705.0,10.8,1.55,3.44,24.9,73.8,Industrial,5,60,0,Low
W010,Kolathur Urban Catchment,North-West,13.1235,80.2188,7.82,5.49,2.19,477.0,8.71,1.5,3.1,73.0,25.7,High_Density_Residential,7,85,0,Low
W020,Mudichur Lake Sink,South-West,12.912,80.068,34.9,5.52,3.74,635.8,2.21,0.3,1.38,13.6,85.1,High_Density_Residential,14,165,2,High
W012,Manali Petrochemical Lowland,North-East,13.1706,80.2605,59.24,14.81,3.87,2311.0,2.86,0.34,1.99,28.7,76.0,Industrial,11,135,2,High
W019,Royapettah Central,Central,13.053,80.261,9.33,3.08,1.5,704.7,9.29,1.57,4.01,39.6,58.6,Commercial,4,50,0,Low
W007,Mylapore Heritage Sector,East,13.0368,80.2676,108.45,28.79,3.93,7481.7,8.63,1.01,4.34,56.5,35.8,High_Density_Residential,5,55,2,High
W003,Madipakkam Lake Basin,South,12.9647,80.1961,57.52,17.38,4.07,1977.5,2.58,0.29,1.79,32.8,65.4,High_Density_Residential,14,160,2,High
W002,Velachery Lowlands,South,12.9815,80.218,19.87,6.7,3.13,332.1,3.27,0.37,2.21,73.1,32.0,High_Density_Residential,12,140,1,Moderate
W008,Tambaram Outer Plateau,South-West,12.9249,80.1,2.36,2.23,0.4,910.0,22.1,3.35,3.36,58.1,38.8,Low_Density_Residential,3,40,0,Low
W010,Kolathur Urban Catchment,North-West,13.1235,80.2188,26.36,1.75,2.02,642.8,8.56,1.19,2.65,11.0,91.5,High_Density_Residential,7,85,0,Low
W003,Madipakkam Lake Basin,South,12.9647,80.1961,109.34,20.94,6.04,4311.3,2.27,0.32,1.85,42.0,57.8,High_Density_Residential,14,160,3,Severe Inundation
W008,Tambaram Outer Plateau,South-West,12.9249,80.1,129.13,27.39,1.27,7095.5,22.25,3.35,3.15,25.2,76.7,Low_Density_Residential,3,40,0,Low
W004,Guindy Ridge Sector,South-Central,13.0067,80.2025,149.29,40.77,2.88,7246.0,14.17,1.85,4.23,31.5,63.1,Industrial,4,45,2,High
W013,Pallikaranai Marsh Reserve,South-East,12.936,80.214,335.37,92.21,11.41,12479.2,2.01,0.2,1.6,52.9,48.2,Green_Space,15,175,3,Severe Inundation
W009,Perambur Railway Lowlands,North,13.1114,80.2437,25.92,1.59,3.05,383.8,5.38,0.53,2.62,27.8,72.6,Commercial,10,125,0,Low
W015,St. Thomas Mount Ridge,South-Central,13.004,80.191,307.81,94.9,3.2,11182.5,23.79,3.71,4.45,62.2,35.7,Low_Density_Residential,1,15,3,Severe Inundation
W012,Manali Petrochemical Lowland,North-East,13.1706,80.2605,50.8,13.04,4.23,1430.7,2.99,0.44,1.83,22.1,77.7,Industrial,11,135,2,High
W006,Anna Nagar High Ridge,West,13.085,80.2101,44.19,24.85,0.51,1425.5,18.57,2.87,4.88,79.2,17.6,Low_Density_Residential,1,20,0,Low
W012,Manali Petrochemical Lowland,North-East,13.1706,80.2605,33.98,8.95,3.23,935.0,3.57,0.31,1.86,58.4,49.3,Industrial,11,135,1,Moderate
W012,Manali Petrochemical Lowland,North-East,13.1706,80.2605,30.96,3.39,3.55,216.6,3.11,0.45,1.75,89.2,10.7,Industrial,11,135,2,High
W007,Mylapore Heritage Sector,East,13.0368,80.2676,9.27,7.15,2.39,168.5,8.49,1.38,4.27,16.4,86.5,High_Density_Residential,5,55,0,Low
W009,Perambur Railway Lowlands,North,13.1114,80.2437,149.26,45.52,5.83,7336.5,5.13,0.58,2.6,67.9,31.3,Commercial,10,125,3,Severe Inundation
W003,Madipakkam Lake Basin,South,12.9647,80.1961,26.54,2.45,3.47,836.2,2.51,0.49,1.53,29.7,68.8,High_Density_Residential,14,160,1,Moderate
W020,Mudichur Lake Sink,South-West,12.912,80.068,138.71,48.89,6.11,4709.4,2.44,0.33,1.63,47.7,58.3,High_Density_Residential,14,165,3,Severe Inundation
W006,Anna Nagar High Ridge,West,13.085,80.2101,30.76,9.76,0.63,972.0,18.28,2.86,4.75,43.5,55.6,Low_Density_Residential,1,20,0,Low
W018,Ambattur Industrial Zone,North-West,13.114,80.154,4.72,7.12,1.0,689.1,11.59,1.77,3.78,28.4,70.6,Industrial,5,60,0,Low
W008,Tambaram Outer Plateau,South-West,12.9249,80.1,23.51,4.32,0.4,877.9,21.73,3.28,3.29,46.9,56.1,Low_Density_Residential,3,40,0,Low
W006,Anna Nagar High Ridge,West,13.085,80.2101,32.39,6.55,0.4,816.9,18.63,2.65,4.85,57.7,42.2,Low_Density_Residential,1,20,0,Low
W015,St. Thomas Mount Ridge,South-Central,13.004,80.191,117.93,33.66,0.91,3058.1,24.23,3.47,4.87,79.1,23.3,Low_Density_Residential,1,15,0,Low
W013,Pallikaranai Marsh Reserve,South-East,12.936,80.214,9.99,9.88,3.17,228.2,1.77,0.56,1.32,26.5,73.7,Green_Space,15,175,1,Moderate
W009,Perambur Railway Lowlands,North,13.1114,80.2437,15.1,2.19,2.85,610.8,4.77,0.65,2.86,35.6,66.2,Commercial,10,125,0,Low
W018,Ambattur Industrial Zone,North-West,13.114,80.154,120.55,44.44,3.35,3400.6,11.47,1.82,3.53,20.7,80.3,Industrial,5,60,2,High
W008,Tambaram Outer Plateau,South-West,12.9249,80.1,149.28,34.95,1.48,5776.8,21.79,3.06,3.42,13.8,85.6,Low_Density_Residential,3,40,0,Low
W011,Sholinganallur IT Corridor,South-East,12.901,80.2279,54.03,14.31,3.98,3466.7,4.85,0.27,3.07,18.5,78.6,Commercial,9,115,2,High
W002,Velachery Lowlands,South,12.9815,80.218,22.56,6.68,3.05,759.8,3.27,0.46,2.07,48.9,56.4,High_Density_Residential,12,140,1,Moderate
W008,Tambaram Outer Plateau,South-West,12.9249,80.1,43.99,14.65,0.4,3417.4,22.09,3.32,2.89,68.0,30.7,Low_Density_Residential,3,40,0,Low
W002,Velachery Lowlands,South,12.9815,80.218,128.78,27.46,5.81,6085.7,3.3,0.27,2.17,36.7,69.8,High_Density_Residential,12,140,3,Severe Inundation
W011,Sholinganallur IT Corridor,South-East,12.901,80.2279,10.9,1.51,2.44,578.1,4.65,0.48,3.43,29.2,73.0,Commercial,9,115,0,Low
W013,Pallikaranai Marsh Reserve,South-East,12.936,80.214,61.89,19.34,4.45,1177.1,2.43,0.2,1.61,54.1,41.3,Green_Space,15,175,2,High
W009,Perambur Railway Lowlands,North,13.1114,80.2437,82.79,17.7,4.12,882.0,5.6,0.53,2.35,13.8,87.7,Commercial,10,125,2,High
W003,Madipakkam Lake Basin,South,12.9647,80.1961,141.03,42.15,6.08,7392.6,2.4,0.2,2.06,47.9,50.8,High_Density_Residential,14,160,3,Severe Inundation
W007,Mylapore Heritage Sector,East,13.0368,80.2676,12.71,4.3,2.34,456.6,8.09,1.07,4.53,14.0,82.5,High_Density_Residential,5,55,0,Low
W019,Royapettah Central,Central,13.053,80.261,55.89,22.68,2.4,2201.5,10.11,1.43,4.67,39.9,63.7,Commercial,4,50,0,Low
W011,Sholinganallur IT Corridor,South-East,12.901,80.2279,176.0,20.55,6.42,3978.9,4.73,0.46,3.23,28.1,67.0,Commercial,9,115,3,Severe Inundation
W007,Mylapore Heritage Sector,East,13.0368,80.2676,52.12,18.38,2.44,2733.6,8.25,1.11,4.87,38.3,62.8,High_Density_Residential,5,55,0,Low
W016,Koyambedu Market Heights,West,13.069,80.194,33.78,5.35,0.7,825.4,16.43,2.31,3.94,44.8,57.2,Commercial,3,35,0,Low
W013,Pallikaranai Marsh Reserve,South-East,12.936,80.214,81.19,23.3,4.89,1754.2,1.5,0.31,1.55,61.3,34.8,Green_Space,15,175,3,Severe Inundation
W015,St. Thomas Mount Ridge,South-Central,13.004,80.191,26.32,8.77,0.56,295.1,23.5,3.68,4.86,10.5,89.5,Low_Density_Residential,1,15,0,Low
W005,Adyar Estuary Buffer,Coastal,13.0012,80.2565,58.55,20.2,3.81,2669.6,3.79,0.65,2.68,8.1,88.3,Green_Space,9,110,1,Moderate
W009,Perambur Railway Lowlands,North,13.1114,80.2437,38.72,21.61,3.28,1431.0,4.72,0.65,2.64,23.0,86.8,Commercial,10,125,1,Moderate
W005,Adyar Estuary Buffer,Coastal,13.0012,80.2565,20.56,9.62,2.96,257.8,4.79,0.45,3.16,21.0,73.0,Green_Space,9,110,0,Low
W008,Tambaram Outer Plateau,South-West,12.9249,80.1,34.75,9.34,0.55,586.0,21.44,3.21,3.3,22.3,80.6,Low_Density_Residential,3,40,0,Low
W018,Ambattur Industrial Zone,North-West,13.114,80.154,39.82,23.93,1.65,2295.3,10.84,1.67,3.65,83.8,16.2,Industrial,5,60,0,Low
W018,Ambattur Industrial Zone,North-West,13.114,80.154,198.62,85.87,4.6,11496.5,11.39,1.89,3.39,32.2,74.3,Industrial,5,60,3,Severe Inundation
W009,Perambur Railway Lowlands,North,13.1114,80.2437,101.93,45.86,4.58,7613.8,4.87,0.87,2.43,20.9,74.1,Commercial,10,125,3,Severe Inundation
W019,Royapettah Central,Central,13.053,80.261,52.15,16.6,2.32,1986.7,9.52,1.54,4.06,69.7,30.0,Commercial,4,50,0,Low
W014,Porur Lake Fringe,West,13.033,80.158,12.01,1.91,2.4,722.9,5.34,0.7,2.19,7.6,91.3,High_Density_Residential,9,105,0,Low
W019,Royapettah Central,Central,13.053,80.261,14.14,4.73,1.86,844.8,9.9,1.63,4.37,40.5,55.5,Commercial,4,50,0,Low
W013,Pallikaranai Marsh Reserve,South-East,12.936,80.214,2.4,3.17,3.02,978.3,1.55,0.2,1.26,5.0,94.8,Green_Space,15,175,0,Low
W012,Manali Petrochemical Lowland,North-East,13.1706,80.2605,55.67,14.71,4.16,2040.5,2.65,0.44,1.98,74.7,29.9,Industrial,11,135,2,High
W008,Tambaram Outer Plateau,South-West,12.9249,80.1,281.87,75.7,2.52,8199.8,22.49,3.02,3.25,21.3,76.4,Low_Density_Residential,3,40,2,High
W005,Adyar Estuary Buffer,Coastal,13.0012,80.2565,13.54,7.97,2.63,695.2,4.62,0.53,3.02,55.2,51.3,Green_Space,9,110,0,Low
W017,Saidapet Riverine Basin,Central,13.021,80.223,22.3,7.97,3.12,679.5,3.6,0.41,2.63,38.9,62.9,High_Density_Residential,11,130,1,Moderate
W016,Koyambedu Market Heights,West,13.069,80.194,14.28,4.89,0.43,495.5,16.72,2.49,3.73,34.1,70.5,Commercial,3,35,0,Low
W003,Madipakkam Lake Basin,South,12.9647,80.1961,172.7,27.57,6.95,6775.2,2.61,0.48,1.87,43.3,56.8,High_Density_Residential,14,160,3,Severe Inundation
W002,Velachery Lowlands,South,12.9815,80.218,163.6,26.41,6.72,5529.3,3.17,0.47,2.46,58.3,44.9,High_Density_Residential,12,140,3,Severe Inundation
W004,Guindy Ridge Sector,South-Central,13.0067,80.2025,104.41,33.85,1.87,3046.7,14.56,2.22,4.34,66.0,41.3,Industrial,4,45,0,Low
W005,Adyar Estuary Buffer,Coastal,13.0012,80.2565,139.88,20.16,5.64,6805.0,3.66,0.38,2.74,42.7,46.8,Green_Space,9,110,3,Severe Inundation
W006,Anna Nagar High Ridge,West,13.085,80.2101,56.53,15.01,0.46,2678.2,18.64,2.97,5.03,55.7,40.9,Low_Density_Residential,1,20,0,Low
W014,Porur Lake Fringe,West,13.033,80.158,72.21,21.68,3.9,1528.5,6.25,0.7,1.85,67.2,36.8,High_Density_Residential,9,105,2,High
W020,Mudichur Lake Sink,South-West,12.912,80.068,39.87,11.75,4.02,2415.2,1.85,0.33,1.83,81.0,17.4,High_Density_Residential,14,165,2,High
W003,Madipakkam Lake Basin,South,12.9647,80.1961,45.15,14.16,4.22,1703.2,1.73,0.22,1.76,28.6,74.0,High_Density_Residential,14,160,2,High
W013,Pallikaranai Marsh Reserve,South-East,12.936,80.214,61.56,10.27,4.75,1017.6,1.99,0.47,1.28,25.8,78.0,Green_Space,15,175,2,High
W013,Pallikaranai Marsh Reserve,South-East,12.936,80.214,191.03,47.85,7.71,10463.0,1.65,0.2,1.81,49.8,50.0,Green_Space,15,175,3,Severe Inundation
W020,Mudichur Lake Sink,South-West,12.912,80.068,4.07,9.16,3.22,225.3,1.5,0.43,1.62,30.1,62.1,High_Density_Residential,14,165,1,Moderate
W015,St. Thomas Mount Ridge,South-Central,13.004,80.191,178.32,27.7,1.68,6270.9,24.12,3.3,4.74,51.1,45.2,Low_Density_Residential,1,15,0,Low
W017,Saidapet Riverine Basin,Central,13.021,80.223,140.51,35.7,5.81,3573.8,3.97,0.6,2.63,32.8,69.4,High_Density_Residential,11,130,3,Severe Inundation
W009,Perambur Railway Lowlands,North,13.1114,80.2437,57.65,19.07,3.63,2272.7,4.81,0.39,2.62,70.1,27.5,Commercial,10,125,2,High
W018,Ambattur Industrial Zone,North-West,13.114,80.154,136.74,26.15,3.72,7389.2,11.08,1.57,3.6,53.3,44.5,Industrial,5,60,2,High
W001,T. Nagar Commercial Hub,Central,13.0418,80.2341,176.8,26.11,6.12,5616.6,6.57,0.7,3.76,45.8,56.6,Commercial,8,90,3,Severe Inundation
W004,Guindy Ridge Sector,South-Central,13.0067,80.2025,118.51,45.72,2.2,7530.7,14.07,2.04,4.24,58.2,42.0,Industrial,4,45,1,Moderate
W018,Ambattur Industrial Zone,North-West,13.114,80.154,246.84,94.21,5.48,14513.2,10.78,1.86,3.55,54.7,48.2,Industrial,5,60,3,Severe Inundation
W009,Perambur Railway Lowlands,North,13.1114,80.2437,26.14,2.69,2.75,872.4,4.87,0.7,2.76,60.0,46.4,Commercial,10,125,0,Low
W011,Sholinganallur IT Corridor,South-East,12.901,80.2279,7.73,7.41,2.54,843.4,4.4,0.44,3.65,15.2,89.8,Commercial,9,115,0,Low
W004,Guindy Ridge Sector,South-Central,13.0067,80.2025,88.85,18.78,1.96,1140.9,13.73,2.28,4.3,48.5,55.9,Industrial,4,45,0,Low
W010,Kolathur Urban Catchment,North-West,13.1235,80.2188,136.14,29.16,4.23,4063.2,9.01,1.43,3.17,67.7,35.7,High_Density_Residential,7,85,3,Severe Inundation
W014,Porur Lake Fringe,West,13.033,80.158,16.75,5.14,2.68,878.1,4.63,0.83,2.48,40.1,62.5,High_Density_Residential,9,105,0,Low
W006,Anna Nagar High Ridge,West,13.085,80.2101,162.44,20.54,1.61,7814.1,18.13,2.96,4.87,47.4,51.4,Low_Density_Residential,1,20,0,Low
W015,St. Thomas Mount Ridge,South-Central,13.004,80.191,17.47,3.71,0.4,638.5,23.58,3.34,4.67,55.2,45.2,Low_Density_Residential,1,15,0,Low
W001,T. Nagar Commercial Hub,Central,13.0418,80.2341,29.44,6.39,2.7,203.4,6.59,0.88,3.66,83.2,19.3,Commercial,8,90,0,Low
W009,Perambur Railway Lowlands,North,13.1114,80.2437,250.94,75.35,7.75,14128.7,5.46,0.61,2.02,12.9,87.7,Commercial,10,125,3,Severe Inundation
W017,Saidapet Riverine Basin,Central,13.021,80.223,135.56,39.02,5.68,3354.7,3.5,0.3,2.39,41.1,51.4,High_Density_Residential,11,130,3,Severe Inundation
W006,Anna Nagar High Ridge,West,13.085,80.2101,19.05,1.05,0.4,106.9,18.38,2.69,4.96,55.0,46.1,Low_Density_Residential,1,20,0,Low
W017,Saidapet Riverine Basin,Central,13.021,80.223,13.39,5.57,2.58,886.8,4.56,0.49,2.76,8.1,84.0,High_Density_Residential,11,130,0,Low
W004,Guindy Ridge Sector,South-Central,13.0067,80.2025,175.96,44.64,3.54,3007.8,14.01,2.12,3.76,67.1,31.8,Industrial,4,45,2,High
W010,Kolathur Urban Catchment,North-West,13.1235,80.2188,96.39,22.41,3.24,4773.9,8.87,1.47,3.15,58.4,38.6,High_Density_Residential,7,85,1,Moderate
W017,Saidapet Riverine Basin,Central,13.021,80.223,190.63,71.7,6.97,8992.4,3.79,0.47,2.95,28.2,76.6,High_Density_Residential,11,130,3,Severe Inundation
W020,Mudichur Lake Sink,South-West,12.912,80.068,128.69,40.19,6.18,4376.9,2.6,0.2,1.46,67.3,39.2,High_Density_Residential,14,165,3,Severe Inundation
W007,Mylapore Heritage Sector,East,13.0368,80.2676,151.96,31.24,4.69,3834.3,8.06,1.17,4.47,51.3,45.9,High_Density_Residential,5,55,3,Severe Inundation
W005,Adyar Estuary Buffer,Coastal,13.0012,80.2565,52.12,19.51,3.81,2435.6,3.61,0.51,2.67,44.2,58.5,Green_Space,9,110,1,Moderate
W012,Manali Petrochemical Lowland,North-East,13.1706,80.2605,37.14,8.53,3.73,1847.6,2.9,0.64,2.05,34.3,71.6,Industrial,11,135,1,Moderate
W006,Anna Nagar High Ridge,West,13.085,80.2101,226.14,93.06,2.22,11589.6,17.87,2.63,5.05,23.2,67.8,Low_Density_Residential,1,20,2,High
W018,Ambattur Industrial Zone,North-West,13.114,80.154,8.42,1.52,1.3,408.2,10.41,1.91,4.07,46.0,59.5,Industrial,5,60,0,Low
W017,Saidapet Riverine Basin,Central,13.021,80.223,46.07,14.72,3.45,906.5,4.86,0.27,2.86,52.6,50.6,High_Density_Residential,11,130,1,Moderate
W001,T. Nagar Commercial Hub,Central,13.0418,80.2341,203.81,68.13,5.92,17800.4,6.65,0.79,3.65,50.2,39.1,Commercial,8,90,3,Severe Inundation
W020,Mudichur Lake Sink,South-West,12.912,80.068,82.61,24.67,4.94,1900.5,2.41,0.4,1.56,26.1,76.9,High_Density_Residential,14,165,3,Severe Inundation
W011,Sholinganallur IT Corridor,South-East,12.901,80.2279,85.95,8.32,4.11,2087.5,4.95,0.64,3.29,31.0,73.8,Commercial,9,115,2,High
W016,Koyambedu Market Heights,West,13.069,80.194,2.47,7.64,0.45,850.7,16.54,2.46,4.09,43.2,56.7,Commercial,3,35,0,Low
W001,T. Nagar Commercial Hub,Central,13.0418,80.2341,15.45,4.66,2.13,159.4,5.88,0.75,3.8,25.2,66.8,Commercial,8,90,0,Low
W004,Guindy Ridge Sector,South-Central,13.0067,80.2025,11.27,8.23,0.73,936.3,14.53,2.07,4.2,6.3,100.0,Industrial,4,45,0,Low
W012,Manali Petrochemical Lowland,North-East,13.1706,80.2605,31.33,5.53,3.34,504.4,3.72,0.59,2.11,20.5,84.8,Industrial,11,135,1,Moderate
W010,Kolathur Urban Catchment,North-West,13.1235,80.2188,27.59,3.44,2.13,547.0,8.52,1.34,3.0,51.4,47.0,High_Density_Residential,7,85,0,Low
W008,Tambaram Outer Plateau,South-West,12.9249,80.1,90.34,27.4,0.53,6704.5,21.74,3.15,3.07,14.8,89.5,Low_Density_Residential,3,40,0,Low
W002,Velachery Lowlands,South,12.9815,80.218,88.02,9.52,5.3,2655.0,2.22,0.38,1.94,46.7,53.7,High_Density_Residential,12,140,3,Severe Inundation
W008,Tambaram Outer Plateau,South-West,12.9249,80.1,5.48,8.04,0.4,679.7,21.94,3.13,3.16,73.3,24.2,Low_Density_Residential,3,40,0,Low
W019,Royapettah Central,Central,13.053,80.261,127.49,44.67,3.99,7251.7,9.75,1.33,4.52,25.5,76.4,Commercial,4,50,2,High
W003,Madipakkam Lake Basin,South,12.9647,80.1961,118.41,39.34,5.72,4975.7,2.14,0.4,1.82,78.3,20.5,High_Density_Residential,14,160,3,Severe Inundation
W003,Madipakkam Lake Basin,South,12.9647,80.1961,57.24,17.03,4.2,2406.9,2.49,0.26,1.66,34.1,68.1,High_Density_Residential,14,160,2,High
W016,Koyambedu Market Heights,West,13.069,80.194,2.56,7.93,0.4,826.4,16.66,2.31,3.73,49.7,51.2,Commercial,3,35,0,Low
W003,Madipakkam Lake Basin,South,12.9647,80.1961,131.22,31.94,5.97,4514.6,2.46,0.2,1.81,57.2,36.5,High_Density_Residential,14,160,3,Severe Inundation
W018,Ambattur Industrial Zone,North-West,13.114,80.154,6.65,6.6,1.52,803.2,10.76,1.84,3.77,75.5,23.4,Industrial,5,60,0,Low
W005,Adyar Estuary Buffer,Coastal,13.0012,80.2565,83.96,20.03,4.2,967.9,3.77,0.91,2.94,50.3,48.8,Green_Space,9,110,2,High
W005,Adyar Estuary Buffer,Coastal,13.0012,80.2565,58.8,8.75,3.9,1247.5,3.53,0.56,2.97,48.1,62.0,Green_Space,9,110,1,Moderate
W016,Koyambedu Market Heights,West,13.069,80.194,22.54,9.83,0.4,271.1,16.97,2.4,4.17,63.2,32.0,Commercial,3,35,0,Low
W018,Ambattur Industrial Zone,North-West,13.114,80.154,77.44,16.48,2.82,832.7,10.7,1.89,3.43,32.2,78.3,Industrial,5,60,0,Low
W006,Anna Nagar High Ridge,West,13.085,80.2101,11.53,4.58,0.4,927.6,18.24,3.0,5.12,26.2,70.4,Low_Density_Residential,1,20,0,Low
W009,Perambur Railway Lowlands,North,13.1114,80.2437,54.72,19.16,3.52,1449.1,4.81,0.36,2.9,76.0,32.1,Commercial,10,125,2,High
W017,Saidapet Riverine Basin,Central,13.021,80.223,13.65,9.05,2.86,951.8,3.72,0.64,2.53,56.9,47.5,High_Density_Residential,11,130,1,Moderate
W020,Mudichur Lake Sink,South-West,12.912,80.068,4.35,1.62,3.17,946.7,1.5,0.33,1.75,32.1,59.0,High_Density_Residential,14,165,1,Moderate
W014,Porur Lake Fringe,West,13.033,80.158,37.07,10.17,2.9,2867.0,5.23,0.71,2.56,10.7,80.7,High_Density_Residential,9,105,0,Low
W007,Mylapore Heritage Sector,East,13.0368,80.2676,25.52,8.35,2.01,263.5,8.81,1.16,4.55,70.3,25.6,High_Density_Residential,5,55,0,Low
W018,Ambattur Industrial Zone,North-West,13.114,80.154,142.54,48.57,3.74,3212.1,11.46,1.57,3.41,20.0,83.0,Industrial,5,60,2,High
W007,Mylapore Heritage Sector,East,13.0368,80.2676,152.75,41.43,4.73,5308.6,8.59,1.27,4.61,54.7,47.5,High_Density_Residential,5,55,3,Severe Inundation
W010,Kolathur Urban Catchment,North-West,13.1235,80.2188,140.59,48.41,4.58,5481.3,8.36,1.34,3.09,54.0,50.4,High_Density_Residential,7,85,3,Severe Inundation
W013,Pallikaranai Marsh Reserve,South-East,12.936,80.214,88.19,8.88,5.1,2162.9,2.28,0.26,1.44,44.4,53.2,Green_Space,15,175,2,High
W012,Manali Petrochemical Lowland,North-East,13.1706,80.2605,30.76,7.05,3.62,817.0,3.27,0.2,1.87,42.2,52.7,Industrial,11,135,1,Moderate
W015,St. Thomas Mount Ridge,South-Central,13.004,80.191,53.37,20.46,0.4,1892.2,23.79,3.24,4.77,51.2,54.4,Low_Density_Residential,1,15,0,Low
W017,Saidapet Riverine Basin,Central,13.021,80.223,15.81,7.76,3.07,191.2,3.41,0.36,2.82,60.8,38.0,High_Density_Residential,11,130,1,Moderate
W015,St. Thomas Mount Ridge,South-Central,13.004,80.191,153.41,32.68,1.35,4732.6,23.4,3.4,4.54,8.3,88.1,Low_Density_Residential,1,15,0,Low
W004,Guindy Ridge Sector,South-Central,13.0067,80.2025,33.4,3.68,0.75,182.9,14.87,2.3,4.4,36.8,57.6,Industrial,4,45,0,Low
W008,Tambaram Outer Plateau,South-West,12.9249,80.1,82.64,24.09,0.81,1085.9,22.22,3.25,3.54,24.1,68.2,Low_Density_Residential,3,40,0,Low
W008,Tambaram Outer Plateau,South-West,12.9249,80.1,87.67,14.78,0.77,3067.5,22.23,3.05,3.24,31.1,66.7,Low_Density_Residential,3,40,0,Low
W003,Madipakkam Lake Basin,South,12.9647,80.1961,90.81,37.68,5.04,6066.5,1.98,0.4,1.91,38.1,58.0,High_Density_Residential,14,160,3,Severe Inundation
W011,Sholinganallur IT Corridor,South-East,12.901,80.2279,10.17,1.56,2.49,513.0,4.77,0.72,3.49,37.1,63.3,Commercial,9,115,0,Low
W001,T. Nagar Commercial Hub,Central,13.0418,80.2341,22.35,7.69,2.79,764.1,5.89,0.81,3.86,65.9,35.6,Commercial,8,90,0,Low
W019,Royapettah Central,Central,13.053,80.261,130.89,38.91,4.39,4241.9,9.26,1.76,3.85,30.5,69.6,Commercial,4,50,2,High
W018,Ambattur Industrial Zone,North-West,13.114,80.154,18.21,9.34,1.32,194.9,11.0,2.02,3.39,44.7,58.2,Industrial,5,60,0,Low
W008,Tambaram Outer Plateau,South-West,12.9249,80.1,11.54,3.79,0.4,325.0,23.18,3.39,3.4,21.7,77.7,Low_Density_Residential,3,40,0,Low
W019,Royapettah Central,Central,13.053,80.261,62.81,24.0,2.73,3166.1,9.41,1.37,4.37,73.1,29.0,Commercial,4,50,1,Moderate
W008,Tambaram Outer Plateau,South-West,12.9249,80.1,68.58,10.73,0.53,2618.8,22.22,3.06,3.55,31.5,64.9,Low_Density_Residential,3,40,0,Low
W001,T. Nagar Commercial Hub,Central,13.0418,80.2341,9.34,5.67,2.63,647.0,5.65,0.72,3.33,52.4,43.2,Commercial,8,90,0,Low
W003,Madipakkam Lake Basin,South,12.9647,80.1961,57.66,22.8,4.11,2504.8,2.09,0.31,1.64,37.0,67.3,High_Density_Residential,14,160,2,High
W002,Velachery Lowlands,South,12.9815,80.218,18.76,4.77,3.2,116.3,4.25,0.23,2.13,38.7,61.1,High_Density_Residential,12,140,1,Moderate
W008,Tambaram Outer Plateau,South-West,12.9249,80.1,28.12,5.06,0.5,265.1,21.68,3.19,3.39,33.8,63.2,Low_Density_Residential,3,40,0,Low
W003,Madipakkam Lake Basin,South,12.9647,80.1961,79.21,15.37,4.79,3492.4,1.75,0.39,1.68,18.9,85.6,High_Density_Residential,14,160,3,Severe Inundation
W002,Velachery Lowlands,South,12.9815,80.218,90.75,26.53,4.97,6308.4,3.12,0.4,2.18,32.2,68.2,High_Density_Residential,12,140,3,Severe Inundation
W011,Sholinganallur IT Corridor,South-East,12.901,80.2279,24.15,6.58,3.07,768.0,4.32,0.43,3.69,39.0,61.9,Commercial,9,115,1,Moderate
W003,Madipakkam Lake Basin,South,12.9647,80.1961,43.61,16.06,3.71,2734.3,2.16,0.2,1.77,16.4,79.1,High_Density_Residential,14,160,2,High
W017,Saidapet Riverine Basin,Central,13.021,80.223,149.36,43.89,6.21,4359.7,3.36,0.63,2.68,61.7,40.6,High_Density_Residential,11,130,3,Severe Inundation
W008,Tambaram Outer Plateau,South-West,12.9249,80.1,23.84,8.33,0.4,800.2,21.72,3.29,3.19,34.9,66.9,Low_Density_Residential,3,40,0,Low
W009,Perambur Railway Lowlands,North,13.1114,80.2437,24.01,3.91,3.01,908.1,4.67,0.61,2.53,55.8,48.0,Commercial,10,125,1,Moderate
W016,Koyambedu Market Heights,West,13.069,80.194,179.79,27.24,2.46,3201.8,16.39,2.36,4.13,69.2,33.9,Commercial,3,35,1,Moderate
W007,Mylapore Heritage Sector,East,13.0368,80.2676,93.5,45.11,3.34,6097.6,9.3,1.35,4.4,33.7,68.8,High_Density_Residential,5,55,2,High
W018,Ambattur Industrial Zone,North-West,13.114,80.154,328.66,62.1,6.48,13040.6,11.45,1.93,3.83,26.3,83.5,Industrial,5,60,3,Severe Inundation
W005,Adyar Estuary Buffer,Coastal,13.0012,80.2565,148.38,28.26,5.88,3781.0,4.59,0.85,2.99,14.5,93.3,Green_Space,9,110,2,High
W019,Royapettah Central,Central,13.053,80.261,162.25,48.83,4.86,5679.7,8.49,1.46,4.35,16.5,81.1,Commercial,4,50,3,Severe Inundation
W019,Royapettah Central,Central,13.053,80.261,15.97,1.76,2.03,646.2,9.05,1.59,4.21,20.7,76.7,Commercial,4,50,0,Low
W016,Koyambedu Market Heights,West,13.069,80.194,310.72,87.63,3.86,17348.6,16.72,2.29,3.91,32.7,61.3,Commercial,3,35,3,Severe Inundation
W008,Tambaram Outer Plateau,South-West,12.9249,80.1,6.28,3.31,0.4,419.8,21.82,3.23,3.12,19.3,80.6,Low_Density_Residential,3,40,0,Low
W016,Koyambedu Market Heights,West,13.069,80.194,20.59,8.23,0.51,223.4,16.87,2.8,4.0,31.0,73.6,Commercial,3,35,0,Low
W014,Porur Lake Fringe,West,13.033,80.158,15.81,5.13,2.55,752.5,6.23,0.82,2.43,29.6,69.0,High_Density_Residential,9,105,0,Low
W007,Mylapore Heritage Sector,East,13.0368,80.2676,18.15,7.67,2.15,543.3,9.0,1.19,4.11,39.5,59.3,High_Density_Residential,5,55,0,Low
W004,Guindy Ridge Sector,South-Central,13.0067,80.2025,208.08,73.39,3.34,13582.8,15.09,2.08,4.28,20.5,76.6,Industrial,4,45,3,Severe Inundation
W004,Guindy Ridge Sector,South-Central,13.0067,80.2025,8.03,8.43,1.12,357.1,13.76,2.13,4.03,27.6,69.8,Industrial,4,45,0,Low
W014,Porur Lake Fringe,West,13.033,80.158,109.85,26.55,4.84,7370.4,5.16,0.57,2.16,60.9,38.9,High_Density_Residential,9,105,3,Severe Inundation
W012,Manali Petrochemical Lowland,North-East,13.1706,80.2605,186.41,59.57,6.69,9679.2,3.12,0.37,1.76,5.6,91.8,Industrial,11,135,3,Severe Inundation
W014,Porur Lake Fringe,West,13.033,80.158,105.36,20.91,4.68,4022.2,5.56,0.38,2.4,53.0,36.6,High_Density_Residential,9,105,3,Severe Inundation
W014,Porur Lake Fringe,West,13.033,80.158,104.46,20.75,4.28,5245.2,5.27,0.75,2.3,35.3,62.0,High_Density_Residential,9,105,2,High
W015,St. Thomas Mount Ridge,South-Central,13.004,80.191,111.32,40.32,1.01,5828.9,23.93,3.6,4.56,70.3,30.2,Low_Density_Residential,1,15,0,Low
W002,Velachery Lowlands,South,12.9815,80.218,222.48,75.57,7.65,14624.2,3.55,0.33,2.31,41.1,55.9,High_Density_Residential,12,140,3,Severe Inundation
W004,Guindy Ridge Sector,South-Central,13.0067,80.2025,49.36,13.84,1.38,3053.3,14.46,2.07,4.3,18.4,80.7,Industrial,4,45,0,Low
W002,Velachery Lowlands,South,12.9815,80.218,157.61,42.62,6.73,5889.5,2.82,0.66,2.22,38.0,57.9,High_Density_Residential,12,140,3,Severe Inundation
W013,Pallikaranai Marsh Reserve,South-East,12.936,80.214,13.29,4.87,2.82,847.9,2.14,0.2,1.18,32.9,71.6,Green_Space,15,175,0,Low
W011,Sholinganallur IT Corridor,South-East,12.901,80.2279,26.19,6.93,3.15,938.4,4.61,0.69,3.5,37.1,57.2,Commercial,9,115,1,Moderate
W004,Guindy Ridge Sector,South-Central,13.0067,80.2025,34.36,2.93,1.05,160.5,14.81,2.19,4.32,66.4,24.1,Industrial,4,45,0,Low
W008,Tambaram Outer Plateau,South-West,12.9249,80.1,3.74,7.23,0.4,512.1,22.22,3.0,3.29,9.5,84.0,Low_Density_Residential,3,40,0,Low
W007,Mylapore Heritage Sector,East,13.0368,80.2676,119.54,26.27,4.08,3423.4,7.89,0.78,4.59,41.3,49.4,High_Density_Residential,5,55,2,High
W007,Mylapore Heritage Sector,East,13.0368,80.2676,198.98,91.69,5.09,14680.6,8.3,1.21,4.51,24.5,73.8,High_Density_Residential,5,55,3,Severe Inundation
W018,Ambattur Industrial Zone,North-West,13.114,80.154,41.4,18.42,2.11,3333.9,10.97,1.83,3.69,5.0,88.1,Industrial,5,60,0,Low
W015,St. Thomas Mount Ridge,South-Central,13.004,80.191,13.71,4.72,0.4,708.2,23.78,3.53,4.74,51.2,41.2,Low_Density_Residential,1,15,0,Low
W005,Adyar Estuary Buffer,Coastal,13.0012,80.2565,75.23,24.29,3.96,1395.2,4.19,0.7,2.97,40.1,63.7,Green_Space,9,110,1,Moderate
W014,Porur Lake Fringe,West,13.033,80.158,29.49,5.86,3.02,860.2,4.71,0.53,1.87,19.6,71.4,High_Density_Residential,9,105,1,Moderate
W006,Anna Nagar High Ridge,West,13.085,80.2101,10.98,1.06,0.4,980.5,18.46,2.86,4.91,41.5,66.7,Low_Density_Residential,1,20,0,Low
W009,Perambur Railway Lowlands,North,13.1114,80.2437,100.83,48.16,4.86,3905.9,4.28,0.59,2.43,9.6,92.3,Commercial,10,125,3,Severe Inundation
W015,St. Thomas Mount Ridge,South-Central,13.004,80.191,14.97,1.9,0.4,114.9,24.42,3.75,4.7,32.1,67.2,Low_Density_Residential,1,15,0,Low
W008,Tambaram Outer Plateau,South-West,12.9249,80.1,3.3,6.17,0.4,453.6,22.03,3.14,3.19,33.1,71.6,Low_Density_Residential,3,40,0,Low
W003,Madipakkam Lake Basin,South,12.9647,80.1961,31.84,4.37,3.66,594.9,2.46,0.21,1.69,37.9,61.5,High_Density_Residential,14,160,1,Moderate
W015,St. Thomas Mount Ridge,South-Central,13.004,80.191,30.73,1.75,0.4,290.0,22.84,3.44,4.56,9.4,87.5,Low_Density_Residential,1,15,0,Low
W018,Ambattur Industrial Zone,North-West,13.114,80.154,10.85,4.25,1.42,467.6,11.04,1.82,3.37,24.7,70.3,Industrial,5,60,0,Low
W004,Guindy Ridge Sector,South-Central,13.0067,80.2025,48.23,19.43,1.05,3030.4,14.59,2.18,3.97,18.4,86.1,Industrial,4,45,0,Low
W002,Velachery Lowlands,South,12.9815,80.218,116.05,34.03,5.74,6096.9,2.59,0.2,2.21,5.0,90.2,High_Density_Residential,12,140,3,Severe Inundation
W018,Ambattur Industrial Zone,North-West,13.114,80.154,112.77,45.97,3.24,3514.2,11.56,1.87,3.78,8.2,83.5,Industrial,5,60,1,Moderate
W001,T. Nagar Commercial Hub,Central,13.0418,80.2341,110.36,40.77,4.36,4166.7,6.75,0.9,3.38,23.6,74.3,Commercial,8,90,3,Severe Inundation
W003,Madipakkam Lake Basin,South,12.9647,80.1961,4.69,3.33,2.73,125.1,2.07,0.59,1.82,38.7,62.2,High_Density_Residential,14,160,1,Moderate
W008,Tambaram Outer Plateau,South-West,12.9249,80.1,62.52,9.18,0.52,1042.7,21.33,3.36,3.41,68.1,34.9,Low_Density_Residential,3,40,0,Low
W006,Anna Nagar High Ridge,West,13.085,80.2101,150.87,40.39,1.83,7729.6,18.15,2.69,4.75,45.9,49.7,Low_Density_Residential,1,20,0,Low
W014,Porur Lake Fringe,West,13.033,80.158,29.44,9.27,3.09,684.8,5.41,0.57,2.25,72.4,33.4,High_Density_Residential,9,105,1,Moderate
W016,Koyambedu Market Heights,West,13.069,80.194,270.52,70.72,3.44,8393.1,15.94,2.53,3.88,66.7,40.4,Commercial,3,35,3,Severe Inundation
W016,Koyambedu Market Heights,West,13.069,80.194,179.6,37.48,2.82,7062.4,16.32,2.24,3.92,31.4,69.7,Commercial,3,35,1,Moderate
W007,Mylapore Heritage Sector,East,13.0368,80.2676,153.06,42.6,4.18,7364.3,9.2,1.2,4.15,53.9,44.3,High_Density_Residential,5,55,3,Severe Inundation
W013,Pallikaranai Marsh Reserve,South-East,12.936,80.214,33.79,1.97,3.67,530.6,2.45,0.55,1.25,16.2,83.8,Green_Space,15,175,1,Moderate
W002,Velachery Lowlands,South,12.9815,80.218,112.71,29.23,5.45,6068.2,3.84,0.49,1.92,11.0,92.5,High_Density_Residential,12,140,3,Severe Inundation
W006,Anna Nagar High Ridge,West,13.085,80.2101,12.42,1.51,0.4,789.9,18.09,2.98,5.04,80.4,14.8,Low_Density_Residential,1,20,0,Low
W013,Pallikaranai Marsh Reserve,South-East,12.936,80.214,13.2,5.55,3.05,245.7,2.14,0.2,1.82,24.2,70.2,Green_Space,15,175,1,Moderate
W001,T. Nagar Commercial Hub,Central,13.0418,80.2341,28.85,9.46,2.69,683.9,5.89,1.17,3.58,5.0,93.2,Commercial,8,90,0,Low
W013,Pallikaranai Marsh Reserve,South-East,12.936,80.214,20.23,6.36,3.51,884.7,2.27,0.2,1.46,25.4,78.7,Green_Space,15,175,1,Moderate
W009,Perambur Railway Lowlands,North,13.1114,80.2437,16.28,6.36,2.84,172.6,4.62,0.68,2.36,51.3,53.2,Commercial,10,125,0,Low
W015,St. Thomas Mount Ridge,South-Central,13.004,80.191,15.38,5.65,0.4,622.6,23.67,3.53,4.68,62.1,42.1,Low_Density_Residential,1,15,0,Low
W010,Kolathur Urban Catchment,North-West,13.1235,80.2188,55.95,8.93,2.97,2418.5,8.37,1.36,3.07,58.6,47.5,High_Density_Residential,7,85,0,Low
W014,Porur Lake Fringe,West,13.033,80.158,80.43,18.73,4.41,2917.9,5.28,0.47,2.62,31.8,77.9,High_Density_Residential,9,105,2,High
W018,Ambattur Industrial Zone,North-West,13.114,80.154,47.47,19.33,1.93,1016.3,11.42,1.62,3.66,36.7,50.8,Industrial,5,60,0,Low
W016,Koyambedu Market Heights,West,13.069,80.194,103.08,35.17,1.32,3310.2,16.66,2.42,4.42,53.0,50.0,Commercial,3,35,0,Low
W005,Adyar Estuary Buffer,Coastal,13.0012,80.2565,7.61,2.14,2.64,211.0,4.43,0.35,2.74,42.3,58.2,Green_Space,9,110,0,Low
W007,Mylapore Heritage Sector,East,13.0368,80.2676,57.85,8.41,2.75,1705.5,9.21,1.22,4.62,13.0,92.2,High_Density_Residential,5,55,0,Low
W010,Kolathur Urban Catchment,North-West,13.1235,80.2188,191.64,59.03,4.83,11174.3,9.86,1.48,2.88,22.7,82.7,High_Density_Residential,7,85,3,Severe Inundation
W007,Mylapore Heritage Sector,East,13.0368,80.2676,80.79,21.67,3.02,3139.3,9.14,1.22,4.53,51.7,48.3,High_Density_Residential,5,55,1,Moderate
W002,Velachery Lowlands,South,12.9815,80.218,42.32,10.7,3.51,3363.0,2.87,0.61,1.86,5.0,96.3,High_Density_Residential,12,140,2,High
W019,Royapettah Central,Central,13.053,80.261,46.56,20.62,2.37,868.0,8.96,1.68,4.33,8.7,95.4,Commercial,4,50,0,Low
W018,Ambattur Industrial Zone,North-West,13.114,80.154,10.62,4.77,1.24,639.4,12.18,1.52,3.61,41.9,56.3,Industrial,5,60,0,Low
W002,Velachery Lowlands,South,12.9815,80.218,65.28,14.93,4.23,2207.7,3.18,0.39,2.41,51.7,46.1,High_Density_Residential,12,140,2,High
W011,Sholinganallur IT Corridor,South-East,12.901,80.2279,10.87,2.79,2.25,322.2,4.83,0.58,3.1,5.0,95.5,Commercial,9,115,0,Low
W002,Velachery Lowlands,South,12.9815,80.218,91.25,39.48,5.2,6344.4,2.57,0.38,2.23,57.4,40.7,High_Density_Residential,12,140,3,Severe Inundation
W002,Velachery Lowlands,South,12.9815,80.218,6.56,8.73,2.94,550.1,3.38,0.23,2.21,41.1,59.8,High_Density_Residential,12,140,1,Moderate
W019,Royapettah Central,Central,13.053,80.261,152.25,48.97,4.23,4967.8,9.22,1.56,4.06,28.0,63.1,Commercial,4,50,3,Severe Inundation
W016,Koyambedu Market Heights,West,13.069,80.194,15.38,3.42,0.4,278.8,17.11,2.42,3.7,70.7,23.5,Commercial,3,35,0,Low
W017,Saidapet Riverine Basin,Central,13.021,80.223,10.2,3.85,2.99,827.9,3.51,0.44,2.57,23.3,82.9,High_Density_Residential,11,130,0,Low
W017,Saidapet Riverine Basin,Central,13.021,80.223,41.6,13.31,3.59,2966.5,3.8,0.48,2.96,47.5,50.3,High_Density_Residential,11,130,2,High
W006,Anna Nagar High Ridge,West,13.085,80.2101,151.0,27.57,1.94,7365.2,18.21,2.77,4.73,20.8,80.3,Low_Density_Residential,1,20,0,Low
W002,Velachery Lowlands,South,12.9815,80.218,60.35,22.09,4.0,3039.8,3.92,0.31,2.17,34.3,68.7,High_Density_Residential,12,140,2,High
W017,Saidapet Riverine Basin,Central,13.021,80.223,187.55,93.07,7.21,14631.2,3.43,0.29,2.8,66.8,31.8,High_Density_Residential,11,130,3,Severe Inundation
W003,Madipakkam Lake Basin,South,12.9647,80.1961,53.93,16.85,4.3,1989.8,2.59,0.3,1.84,17.8,79.4,High_Density_Residential,14,160,2,High
W006,Anna Nagar High Ridge,West,13.085,80.2101,78.18,11.33,1.12,3014.7,19.2,2.65,5.18,12.3,79.3,Low_Density_Residential,1,20,0,Low
W003,Madipakkam Lake Basin,South,12.9647,80.1961,235.2,47.74,8.45,9644.5,2.51,0.2,1.83,37.5,61.0,High_Density_Residential,14,160,3,Severe Inundation
W020,Mudichur Lake Sink,South-West,12.912,80.068,18.91,4.14,3.41,437.3,2.5,0.52,1.98,43.5,53.5,High_Density_Residential,14,165,1,Moderate
W003,Madipakkam Lake Basin,South,12.9647,80.1961,90.89,43.34,5.07,5303.7,2.51,0.3,1.86,71.6,25.6,High_Density_Residential,14,160,3,Severe Inundation
W008,Tambaram Outer Plateau,South-West,12.9249,80.1,120.36,44.83,0.91,3003.0,21.79,3.04,3.38,65.8,32.7,Low_Density_Residential,3,40,0,Low
W013,Pallikaranai Marsh Reserve,South-East,12.936,80.214,5.52,9.58,2.74,154.2,2.37,0.2,1.32,27.6,74.0,Green_Space,15,175,0,Low
W004,Guindy Ridge Sector,South-Central,13.0067,80.2025,39.28,24.24,1.32,1466.8,14.01,2.07,4.07,62.5,33.1,Industrial,4,45,0,Low
W019,Royapettah Central,Central,13.053,80.261,64.95,10.72,2.67,2666.4,8.91,1.42,4.23,61.6,32.4,Commercial,4,50,0,Low
W008,Tambaram Outer Plateau,South-West,12.9249,80.1,37.19,12.66,0.41,3380.3,21.7,3.18,3.46,50.4,46.8,Low_Density_Residential,3,40,0,Low
W019,Royapettah Central,Central,13.053,80.261,6.82,9.44,1.94,925.9,8.91,1.54,4.26,29.5,65.0,Commercial,4,50,0,Low
W020,Mudichur Lake Sink,South-West,12.912,80.068,8.49,3.14,3.3,369.9,2.67,0.48,1.88,10.8,88.4,High_Density_Residential,14,165,1,Moderate
W002,Velachery Lowlands,South,12.9815,80.218,92.28,40.7,4.66,4580.5,3.52,0.42,1.99,50.4,48.3,High_Density_Residential,12,140,3,Severe Inundation
W020,Mudichur Lake Sink,South-West,12.912,80.068,32.56,2.46,3.49,969.2,2.18,0.4,1.51,53.7,44.2,High_Density_Residential,14,165,1,Moderate
W003,Madipakkam Lake Basin,South,12.9647,80.1961,76.79,13.76,4.91,3370.6,2.74,0.39,1.77,64.3,39.6,High_Density_Residential,14,160,3,Severe Inundation
W014,Porur Lake Fringe,West,13.033,80.158,61.9,13.98,3.69,3255.8,5.46,0.93,2.64,18.1,79.2,High_Density_Residential,9,105,1,Moderate
W019,Royapettah Central,Central,13.053,80.261,162.46,45.35,4.3,4975.3,9.73,1.48,3.97,12.6,89.8,Commercial,4,50,3,Severe Inundation
W019,Royapettah Central,Central,13.053,80.261,11.63,7.74,1.1,534.3,10.15,1.37,3.99,27.8,71.5,Commercial,4,50,0,Low
W017,Saidapet Riverine Basin,Central,13.021,80.223,139.56,24.59,6.08,6640.6,3.33,0.73,3.0,5.1,92.1,High_Density_Residential,11,130,3,Severe Inundation
W011,Sholinganallur IT Corridor,South-East,12.901,80.2279,82.0,13.78,4.11,3148.1,5.1,0.51,3.46,27.9,81.3,Commercial,9,115,2,High
W009,Perambur Railway Lowlands,North,13.1114,80.2437,3.37,3.9,2.59,603.8,5.01,0.56,2.16,50.2,50.8,Commercial,10,125,0,Low
W007,Mylapore Heritage Sector,East,13.0368,80.2676,66.04,18.21,2.74,1248.9,8.22,1.42,4.72,38.1,69.5,High_Density_Residential,5,55,0,Low
W011,Sholinganallur IT Corridor,South-East,12.901,80.2279,53.39,16.83,3.51,1333.4,5.5,0.42,3.49,49.6,41.9,Commercial,9,115,2,High
W008,Tambaram Outer Plateau,South-West,12.9249,80.1,260.38,61.39,2.21,15239.9,21.92,3.2,3.18,52.6,55.9,Low_Density_Residential,3,40,2,High
W009,Perambur Railway Lowlands,North,13.1114,80.2437,17.96,4.86,2.63,167.4,4.95,0.39,2.74,63.1,35.8,Commercial,10,125,0,Low
W013,Pallikaranai Marsh Reserve,South-East,12.936,80.214,16.82,6.2,3.17,613.8,1.5,0.2,1.56,46.4,58.7,Green_Space,15,175,1,Moderate
W005,Adyar Estuary Buffer,Coastal,13.0012,80.2565,60.06,16.19,3.56,2846.0,4.5,0.46,2.75,54.0,39.9,Green_Space,9,110,1,Moderate
W010,Kolathur Urban Catchment,North-West,13.1235,80.2188,40.48,8.27,1.99,3402.0,9.26,1.61,3.04,51.4,43.5,High_Density_Residential,7,85,0,Low
W015,St. Thomas Mount Ridge,South-Central,13.004,80.191,148.38,46.98,1.17,6117.5,24.57,3.44,4.77,36.6,71.5,Low_Density_Residential,1,15,0,Low
W011,Sholinganallur IT Corridor,South-East,12.901,80.2279,12.76,5.22,2.75,233.2,3.97,0.46,3.39,16.9,80.6,Commercial,9,115,0,Low
W003,Madipakkam Lake Basin,South,12.9647,80.1961,19.77,9.22,3.3,449.2,2.53,0.27,1.62,35.7,58.2,High_Density_Residential,14,160,1,Moderate
W001,T. Nagar Commercial Hub,Central,13.0418,80.2341,212.77,84.9,6.39,15254.7,6.51,0.78,4.04,35.6,61.9,Commercial,8,90,3,Severe Inundation
W015,St. Thomas Mount Ridge,South-Central,13.004,80.191,33.27,2.97,0.58,393.6,23.93,3.41,4.77,7.4,91.0,Low_Density_Residential,1,15,0,Low
W020,Mudichur Lake Sink,South-West,12.912,80.068,57.0,8.98,4.46,2374.9,2.16,0.55,1.54,74.4,26.0,High_Density_Residential,14,165,2,High
W019,Royapettah Central,Central,13.053,80.261,62.61,23.47,2.75,2736.6,9.48,1.7,4.05,23.4,76.4,Commercial,4,50,0,Low
W004,Guindy Ridge Sector,South-Central,13.0067,80.2025,108.36,44.79,2.08,5788.4,14.73,1.82,4.12,59.1,37.3,Industrial,4,45,1,Moderate
W003,Madipakkam Lake Basin,South,12.9647,80.1961,7.48,3.99,2.85,945.9,3.1,0.2,1.61,25.1,79.8,High_Density_Residential,14,160,0,Low
W018,Ambattur Industrial Zone,North-West,13.114,80.154,58.56,8.46,2.49,2915.5,10.76,1.78,3.54,5.0,98.7,Industrial,5,60,0,Low
W007,Mylapore Heritage Sector,East,13.0368,80.2676,261.43,67.64,6.8,10426.3,8.57,0.95,4.53,18.2,84.2,High_Density_Residential,5,55,3,Severe Inundation
W017,Saidapet Riverine Basin,Central,13.021,80.223,12.44,1.78,2.79,372.9,4.12,0.22,2.47,53.7,47.9,High_Density_Residential,11,130,0,Low
W009,Perambur Railway Lowlands,North,13.1114,80.2437,57.31,10.88,3.39,3439.1,4.8,0.68,2.89,45.4,46.7,Commercial,10,125,2,High
W005,Adyar Estuary Buffer,Coastal,13.0012,80.2565,105.34,31.54,5.06,4734.8,4.67,0.55,2.79,24.5,75.6,Green_Space,9,110,2,High
W012,Manali Petrochemical Lowland,North-East,13.1706,80.2605,2.3,6.83,2.93,560.0,3.2,0.39,2.04,29.0,66.9,Industrial,11,135,1,Moderate
W003,Madipakkam Lake Basin,South,12.9647,80.1961,17.11,4.55,3.14,880.4,2.8,0.26,1.85,24.7,74.7,High_Density_Residential,14,160,1,Moderate
W008,Tambaram Outer Plateau,South-West,12.9249,80.1,52.36,16.35,0.45,1666.0,21.76,3.06,3.21,40.8,65.0,Low_Density_Residential,3,40,0,Low
W012,Manali Petrochemical Lowland,North-East,13.1706,80.2605,39.87,19.51,3.63,973.1,3.6,0.49,2.24,32.4,73.7,Industrial,11,135,1,Moderate
W010,Kolathur Urban Catchment,North-West,13.1235,80.2188,41.91,12.93,2.29,1444.6,8.63,1.2,2.99,46.4,50.4,High_Density_Residential,7,85,0,Low
W006,Anna Nagar High Ridge,West,13.085,80.2101,12.46,3.4,0.4,555.3,18.7,2.86,4.97,61.7,38.2,Low_Density_Residential,1,20,0,Low
W015,St. Thomas Mount Ridge,South-Central,13.004,80.191,24.88,7.9,0.56,373.7,23.76,3.64,5.12,19.8,82.6,Low_Density_Residential,1,15,0,Low
W018,Ambattur Industrial Zone,North-West,13.114,80.154,50.11,16.07,2.37,1701.2,11.58,1.83,3.58,85.5,5.0,Industrial,5,60,0,Low
W010,Kolathur Urban Catchment,North-West,13.1235,80.2188,17.31,2.2,2.0,935.0,8.96,1.51,3.06,38.5,62.9,High_Density_Residential,7,85,0,Low
W020,Mudichur Lake Sink,South-West,12.912,80.068,60.21,16.99,4.05,892.8,1.93,0.33,1.45,23.8,64.3,High_Density_Residential,14,165,2,High
W017,Saidapet Riverine Basin,Central,13.021,80.223,23.44,8.81,3.03,845.4,3.53,0.53,2.77,24.3,78.2,High_Density_Residential,11,130,1,Moderate
W001,T. Nagar Commercial Hub,Central,13.0418,80.2341,26.29,3.48,2.97,675.2,5.84,0.66,4.06,36.9,62.5,Commercial,8,90,0,Low
W018,Ambattur Industrial Zone,North-West,13.114,80.154,13.96,8.44,1.3,731.3,10.93,1.79,3.59,8.5,92.7,Industrial,5,60,0,Low
W010,Kolathur Urban Catchment,North-West,13.1235,80.2188,149.6,41.46,4.44,4340.7,8.67,1.29,2.97,31.1,73.8,High_Density_Residential,7,85,3,Severe Inundation
W004,Guindy Ridge Sector,South-Central,13.0067,80.2025,163.91,27.34,2.68,5106.5,14.17,2.15,4.24,21.6,76.8,Industrial,4,45,1,Moderate
W005,Adyar Estuary Buffer,Coastal,13.0012,80.2565,8.08,1.51,2.54,629.0,4.23,0.61,3.05,18.7,88.3,Green_Space,9,110,0,Low
W009,Perambur Railway Lowlands,North,13.1114,80.2437,108.53,30.57,4.59,3630.6,5.01,0.56,2.87,14.2,92.0,Commercial,10,125,3,Severe Inundation
W004,Guindy Ridge Sector,South-Central,13.0067,80.2025,95.06,42.43,1.64,7254.3,14.59,2.23,4.3,43.3,52.6,Industrial,4,45,0,Low
W004,Guindy Ridge Sector,South-Central,13.0067,80.2025,85.32,11.6,2.27,1189.4,13.94,2.1,4.49,11.8,90.9,Industrial,4,45,0,Low
W018,Ambattur Industrial Zone,North-West,13.114,80.154,89.12,12.97,2.52,1596.0,10.46,1.93,3.66,47.0,49.3,Industrial,5,60,0,Low
W005,Adyar Estuary Buffer,Coastal,13.0012,80.2565,288.29,60.08,9.0,9477.2,4.3,0.51,2.67,65.9,36.8,Green_Space,9,110,3,Severe Inundation
W009,Perambur Railway Lowlands,North,13.1114,80.2437,72.24,19.61,4.1,2497.6,4.3,0.65,2.74,29.3,74.4,Commercial,10,125,2,High
W010,Kolathur Urban Catchment,North-West,13.1235,80.2188,27.76,9.19,1.9,444.6,8.38,1.69,2.98,25.9,73.6,High_Density_Residential,7,85,0,Low
W020,Mudichur Lake Sink,South-West,12.912,80.068,32.1,6.7,3.55,748.9,2.55,0.2,1.54,29.4,65.3,High_Density_Residential,14,165,2,High
W007,Mylapore Heritage Sector,East,13.0368,80.2676,40.91,8.29,2.59,3255.8,8.82,1.11,4.67,16.5,80.5,High_Density_Residential,5,55,0,Low
W011,Sholinganallur IT Corridor,South-East,12.901,80.2279,28.93,4.4,3.07,179.6,4.03,0.77,3.43,42.5,56.5,Commercial,9,115,1,Moderate
W007,Mylapore Heritage Sector,East,13.0368,80.2676,155.87,25.22,4.88,4806.1,8.25,1.23,4.69,62.0,39.1,High_Density_Residential,5,55,3,Severe Inundation
W009,Perambur Railway Lowlands,North,13.1114,80.2437,57.96,10.45,3.68,1052.6,4.21,0.39,2.45,13.3,91.8,Commercial,10,125,1,Moderate
W017,Saidapet Riverine Basin,Central,13.021,80.223,2.66,6.28,2.59,509.9,3.97,0.46,2.93,72.7,24.4,High_Density_Residential,11,130,0,Low
W016,Koyambedu Market Heights,West,13.069,80.194,22.73,8.47,0.4,474.1,16.97,2.49,3.71,12.2,94.4,Commercial,3,35,0,Low
W009,Perambur Railway Lowlands,North,13.1114,80.2437,66.12,23.58,3.76,2962.2,4.87,0.76,2.56,12.5,86.7,Commercial,10,125,2,High
W002,Velachery Lowlands,South,12.9815,80.218,69.73,17.23,4.29,1149.3,3.15,0.28,2.04,8.7,85.5,High_Density_Residential,12,140,2,High
W003,Madipakkam Lake Basin,South,12.9647,80.1961,63.45,9.43,4.49,3458.4,2.66,0.2,1.55,19.6,84.0,High_Density_Residential,14,160,2,High
W014,Porur Lake Fringe,West,13.033,80.158,145.3,46.77,5.17,3393.1,5.79,0.52,2.27,38.5,53.5,High_Density_Residential,9,105,3,Severe Inundation
W009,Perambur Railway Lowlands,North,13.1114,80.2437,24.45,8.43,2.92,231.9,4.3,0.57,2.76,28.0,68.9,Commercial,10,125,0,Low
W002,Velachery Lowlands,South,12.9815,80.218,245.03,83.59,8.41,12580.7,3.7,0.47,2.13,57.4,36.7,High_Density_Residential,12,140,3,Severe Inundation
W001,T. Nagar Commercial Hub,Central,13.0418,80.2341,33.69,1.4,2.7,228.8,6.59,0.81,3.39,35.0,75.6,Commercial,8,90,0,Low
W011,Sholinganallur IT Corridor,South-East,12.901,80.2279,135.29,42.95,5.3,5426.5,4.5,0.56,3.4,42.7,60.1,Commercial,9,115,3,Severe Inundation
W005,Adyar Estuary Buffer,Coastal,13.0012,80.2565,28.52,8.36,3.24,981.1,3.84,0.2,2.87,23.9,72.0,Green_Space,9,110,0,Low
W009,Perambur Railway Lowlands,North,13.1114,80.2437,25.76,1.91,2.87,660.8,4.65,0.68,2.55,71.1,34.0,Commercial,10,125,0,Low
W006,Anna Nagar High Ridge,West,13.085,80.2101,25.11,7.83,0.4,195.2,18.09,3.0,5.22,29.5,68.9,Low_Density_Residential,1,20,0,Low
W015,St. Thomas Mount Ridge,South-Central,13.004,80.191,81.57,22.14,0.4,1889.5,23.67,3.48,4.65,10.0,88.4,Low_Density_Residential,1,15,0,Low
W018,Ambattur Industrial Zone,North-West,13.114,80.154,51.89,8.6,2.5,1672.5,10.99,2.12,3.43,62.3,33.6,Industrial,5,60,0,Low
W014,Porur Lake Fringe,West,13.033,80.158,25.41,1.19,3.06,477.0,5.4,0.6,2.33,12.1,89.9,High_Density_Residential,9,105,0,Low
W018,Ambattur Industrial Zone,North-West,13.114,80.154,118.73,47.18,2.84,3633.2,11.55,1.8,3.8,53.5,52.9,Industrial,5,60,2,High
W001,T. Nagar Commercial Hub,Central,13.0418,80.2341,2.13,10.0,2.46,822.0,6.26,0.81,3.85,29.4,78.6,Commercial,8,90,0,Low
W004,Guindy Ridge Sector,South-Central,13.0067,80.2025,281.98,85.09,4.74,12396.9,13.85,1.98,4.67,38.2,60.6,Industrial,4,45,3,Severe Inundation
W003,Madipakkam Lake Basin,South,12.9647,80.1961,37.77,9.07,3.74,1305.8,2.75,0.2,1.53,29.9,66.5,High_Density_Residential,14,160,1,Moderate
W005,Adyar Estuary Buffer,Coastal,13.0012,80.2565,188.95,52.11,6.92,8054.7,3.98,0.52,2.81,24.6,72.9,Green_Space,9,110,3,Severe Inundation
W018,Ambattur Industrial Zone,North-West,13.114,80.154,5.84,9.73,1.57,119.8,10.53,1.89,3.84,30.0,73.0,Industrial,5,60,0,Low
W002,Velachery Lowlands,South,12.9815,80.218,10.03,8.58,2.79,288.4,3.36,0.43,1.9,54.2,37.3,High_Density_Residential,12,140,1,Moderate
W012,Manali Petrochemical Lowland,North-East,13.1706,80.2605,15.23,4.16,3.19,795.6,2.74,0.34,1.82,32.4,70.6,Industrial,11,135,1,Moderate
W019,Royapettah Central,Central,13.053,80.261,41.68,24.76,1.94,2907.8,9.39,1.7,4.28,29.6,75.4,Commercial,4,50,0,Low
W018,Ambattur Industrial Zone,North-West,13.114,80.154,327.17,49.74,6.78,13213.3,11.35,1.93,3.59,15.1,80.6,Industrial,5,60,3,Severe Inundation
W005,Adyar Estuary Buffer,Coastal,13.0012,80.2565,15.21,5.95,3.02,657.6,3.7,0.75,2.98,35.5,64.5,Green_Space,9,110,0,Low
W014,Porur Lake Fringe,West,13.033,80.158,54.25,23.78,3.73,977.2,5.26,1.03,2.5,10.9,86.8,High_Density_Residential,9,105,2,High
W005,Adyar Estuary Buffer,Coastal,13.0012,80.2565,108.68,37.06,4.95,7338.6,4.25,0.67,3.06,19.5,78.5,Green_Space,9,110,2,High
W002,Velachery Lowlands,South,12.9815,80.218,25.91,3.8,2.65,804.6,3.53,0.29,2.19,16.2,72.6,High_Density_Residential,12,140,0,Low
W010,Kolathur Urban Catchment,North-West,13.1235,80.2188,71.89,12.58,2.96,1549.3,9.26,1.42,3.6,54.1,49.1,High_Density_Residential,7,85,0,Low
W012,Manali Petrochemical Lowland,North-East,13.1706,80.2605,33.37,4.68,3.88,520.0,2.91,0.45,1.97,10.5,82.7,Industrial,11,135,1,Moderate
W002,Velachery Lowlands,South,12.9815,80.218,70.8,22.02,4.37,1927.8,2.87,0.37,1.99,35.5,64.6,High_Density_Residential,12,140,3,Severe Inundation
W012,Manali Petrochemical Lowland,North-East,13.1706,80.2605,266.49,67.91,9.11,17422.7,3.05,0.33,1.63,12.7,92.6,Industrial,11,135,3,Severe Inundation
W007,Mylapore Heritage Sector,East,13.0368,80.2676,149.76,30.15,4.91,7677.6,8.0,1.23,4.68,29.4,80.9,High_Density_Residential,5,55,3,Severe Inundation
W008,Tambaram Outer Plateau,South-West,12.9249,80.1,39.85,15.03,0.4,2825.4,22.39,3.2,3.16,60.9,40.5,Low_Density_Residential,3,40,0,Low
W004,Guindy Ridge Sector,South-Central,13.0067,80.2025,18.9,9.47,0.81,143.0,14.5,2.24,4.23,20.1,81.0,Industrial,4,45,0,Low
W012,Manali Petrochemical Lowland,North-East,13.1706,80.2605,38.2,12.46,3.79,1977.4,3.0,0.28,2.31,54.6,45.8,Industrial,11,135,2,High
W018,Ambattur Industrial Zone,North-West,13.114,80.154,6.16,5.77,1.09,342.0,12.02,1.81,3.84,46.6,54.3,Industrial,5,60,0,Low
W014,Porur Lake Fringe,West,13.033,80.158,22.31,4.65,2.59,137.0,5.39,0.51,2.41,42.2,54.5,High_Density_Residential,9,105,0,Low
W020,Mudichur Lake Sink,South-West,12.912,80.068,148.28,49.07,6.52,6569.8,2.68,0.3,2.07,57.2,41.1,High_Density_Residential,14,165,3,Severe Inundation
W005,Adyar Estuary Buffer,Coastal,13.0012,80.2565,58.34,20.15,3.51,2430.2,4.1,0.49,2.77,47.6,55.5,Green_Space,9,110,1,Moderate
W008,Tambaram Outer Plateau,South-West,12.9249,80.1,4.8,8.27,0.4,794.3,21.67,3.15,3.32,41.5,56.2,Low_Density_Residential,3,40,0,Low
W006,Anna Nagar High Ridge,West,13.085,80.2101,28.15,2.68,0.5,160.0,18.28,2.74,5.16,27.3,66.9,Low_Density_Residential,1,20,0,Low
W006,Anna Nagar High Ridge,West,13.085,80.2101,45.37,21.68,0.4,3411.8,18.9,2.79,4.61,54.6,42.0,Low_Density_Residential,1,20,0,Low
W014,Porur Lake Fringe,West,13.033,80.158,27.11,7.42,2.68,429.7,5.76,0.55,1.99,15.7,89.7,High_Density_Residential,9,105,0,Low
W001,T. Nagar Commercial Hub,Central,13.0418,80.2341,4.59,8.93,2.41,170.1,5.4,0.87,3.85,46.3,50.6,Commercial,8,90,0,Low
W006,Anna Nagar High Ridge,West,13.085,80.2101,8.31,8.11,0.4,508.6,17.52,2.67,5.05,37.6,61.7,Low_Density_Residential,1,20,0,Low
W011,Sholinganallur IT Corridor,South-East,12.901,80.2279,55.13,21.72,3.47,2212.9,5.47,0.61,3.23,57.9,45.3,Commercial,9,115,2,High
W014,Porur Lake Fringe,West,13.033,80.158,100.19,32.19,4.72,5425.4,4.57,0.9,2.25,54.0,54.3,High_Density_Residential,9,105,3,Severe Inundation
W008,Tambaram Outer Plateau,South-West,12.9249,80.1,70.17,13.75,0.66,3248.5,21.65,3.08,3.14,68.0,34.6,Low_Density_Residential,3,40,0,Low
W009,Perambur Railway Lowlands,North,13.1114,80.2437,289.71,87.95,9.06,8432.1,4.72,0.44,2.34,38.2,59.8,Commercial,10,125,3,Severe Inundation
W006,Anna Nagar High Ridge,West,13.085,80.2101,54.07,20.69,0.85,3212.5,17.81,2.69,4.88,21.4,82.2,Low_Density_Residential,1,20,0,Low
W004,Guindy Ridge Sector,South-Central,13.0067,80.2025,20.32,5.75,0.82,689.9,14.59,2.18,4.32,74.0,15.6,Industrial,4,45,0,Low
W013,Pallikaranai Marsh Reserve,South-East,12.936,80.214,140.57,42.23,6.41,6309.3,1.57,0.37,1.42,78.0,12.7,Green_Space,15,175,3,Severe Inundation
W002,Velachery Lowlands,South,12.9815,80.218,195.77,56.6,7.3,14943.5,3.42,0.44,2.29,25.4,70.9,High_Density_Residential,12,140,3,Severe Inundation
W016,Koyambedu Market Heights,West,13.069,80.194,13.13,1.81,0.75,965.4,16.23,2.37,4.04,25.7,69.4,Commercial,3,35,0,Low
W008,Tambaram Outer Plateau,South-West,12.9249,80.1,288.67,48.7,2.43,17924.7,22.45,2.96,3.45,6.4,92.7,Low_Density_Residential,3,40,1,Moderate
W007,Mylapore Heritage Sector,East,13.0368,80.2676,7.41,3.57,1.86,813.6,8.11,1.27,4.45,28.9,65.1,High_Density_Residential,5,55,0,Low
W015,St. Thomas Mount Ridge,South-Central,13.004,80.191,89.41,8.93,0.4,1758.5,23.64,3.59,4.88,71.5,30.3,Low_Density_Residential,1,15,0,Low
W012,Manali Petrochemical Lowland,North-East,13.1706,80.2605,15.15,3.85,2.99,520.6,3.08,0.31,1.52,25.3,68.3,Industrial,11,135,1,Moderate
W010,Kolathur Urban Catchment,North-West,13.1235,80.2188,53.35,13.38,2.88,2889.8,9.12,1.38,2.97,39.2,70.0,High_Density_Residential,7,85,0,Low
W008,Tambaram Outer Plateau,South-West,12.9249,80.1,214.44,85.56,1.69,9571.0,22.01,3.3,3.12,52.8,42.0,Low_Density_Residential,3,40,1,Moderate
W008,Tambaram Outer Plateau,South-West,12.9249,80.1,326.36,53.35,2.64,8772.1,22.15,3.15,3.42,83.9,8.7,Low_Density_Residential,3,40,2,High
W001,T. Nagar Commercial Hub,Central,13.0418,80.2341,38.95,23.45,2.81,3386.0,6.1,0.81,3.8,48.5,54.4,Commercial,8,90,1,Moderate
W007,Mylapore Heritage Sector,East,13.0368,80.2676,30.25,4.91,2.21,273.6,8.21,1.29,4.64,65.8,33.9,High_Density_Residential,5,55,0,Low
W013,Pallikaranai Marsh Reserve,South-East,12.936,80.214,60.33,23.31,3.94,3311.0,1.84,0.2,1.24,16.6,87.4,Green_Space,15,175,2,High
W011,Sholinganallur IT Corridor,South-East,12.901,80.2279,57.88,24.62,3.52,1341.5,4.64,0.4,3.54,49.3,50.0,Commercial,9,115,2,High
W009,Perambur Railway Lowlands,North,13.1114,80.2437,15.3,6.84,2.85,728.3,5.26,0.29,2.1,49.7,49.0,Commercial,10,125,0,Low
W003,Madipakkam Lake Basin,South,12.9647,80.1961,28.79,8.8,3.25,705.7,3.13,0.31,1.28,24.2,69.3,High_Density_Residential,14,160,1,Moderate
W009,Perambur Railway Lowlands,North,13.1114,80.2437,153.24,48.68,6.05,5656.7,3.95,0.58,2.78,8.9,85.0,Commercial,10,125,3,Severe Inundation
W012,Manali Petrochemical Lowland,North-East,13.1706,80.2605,38.34,15.03,3.55,2275.9,2.95,0.64,2.15,38.8,61.5,Industrial,11,135,2,High
W017,Saidapet Riverine Basin,Central,13.021,80.223,16.17,5.24,2.75,241.6,3.92,0.38,2.72,54.7,45.8,High_Density_Residential,11,130,0,Low
W013,Pallikaranai Marsh Reserve,South-East,12.936,80.214,121.56,31.3,5.8,5667.8,1.83,0.2,1.42,18.5,84.2,Green_Space,15,175,3,Severe Inundation
W018,Ambattur Industrial Zone,North-West,13.114,80.154,139.56,44.5,3.89,7798.0,10.94,1.87,3.69,27.9,67.5,Industrial,5,60,2,High
W011,Sholinganallur IT Corridor,South-East,12.901,80.2279,59.52,22.21,3.47,1515.4,3.85,0.75,3.69,48.1,48.2,Commercial,9,115,2,High
W001,T. Nagar Commercial Hub,Central,13.0418,80.2341,86.14,16.22,3.9,2124.2,6.19,0.83,4.2,49.6,51.6,Commercial,8,90,2,High
W004,Guindy Ridge Sector,South-Central,13.0067,80.2025,36.89,16.46,0.95,1218.1,14.33,2.03,4.26,82.0,11.6,Industrial,4,45,0,Low
W009,Perambur Railway Lowlands,North,13.1114,80.2437,120.2,42.95,4.79,5163.8,5.61,0.83,2.54,7.6,94.9,Commercial,10,125,3,Severe Inundation
W006,Anna Nagar High Ridge,West,13.085,80.2101,80.96,8.74,0.99,1438.9,18.15,2.58,4.97,52.3,51.6,Low_Density_Residential,1,20,0,Low
W019,Royapettah Central,Central,13.053,80.261,308.7,48.29,7.44,14772.0,8.95,1.63,4.04,58.0,41.8,Commercial,4,50,3,Severe Inundation
W009,Perambur Railway Lowlands,North,13.1114,80.2437,225.23,68.04,7.35,14548.7,4.33,0.49,2.57,43.4,54.2,Commercial,10,125,3,Severe Inundation
W002,Velachery Lowlands,South,12.9815,80.218,157.84,26.57,6.55,5215.2,3.16,0.6,1.71,26.0,72.0,High_Density_Residential,12,140,3,Severe Inundation
W004,Guindy Ridge Sector,South-Central,13.0067,80.2025,69.61,19.89,1.55,2720.0,14.43,1.85,4.12,65.7,35.5,Industrial,4,45,0,Low
W020,Mudichur Lake Sink,South-West,12.912,80.068,108.95,35.04,5.45,4168.1,2.2,0.51,1.61,18.1,69.9,High_Density_Residential,14,165,3,Severe Inundation
W014,Porur Lake Fringe,West,13.033,80.158,62.77,11.0,3.45,2994.4,6.33,0.54,2.28,29.2,67.1,High_Density_Residential,9,105,1,Moderate
W012,Manali Petrochemical Lowland,North-East,13.1706,80.2605,131.07,25.12,6.01,4336.0,2.45,0.22,1.89,33.2,65.0,Industrial,11,135,3,Severe Inundation
W011,Sholinganallur IT Corridor,South-East,12.901,80.2279,317.49,50.5,9.68,17448.0,4.37,0.48,3.87,28.5,68.8,Commercial,9,115,3,Severe Inundation
W014,Porur Lake Fringe,West,13.033,80.158,80.07,23.39,3.96,1123.4,5.84,0.43,2.47,46.2,55.4,High_Density_Residential,9,105,2,High
W020,Mudichur Lake Sink,South-West,12.912,80.068,231.31,72.62,8.43,8030.3,2.35,0.2,1.54,65.7,22.2,High_Density_Residential,14,165,3,Severe Inundation
W017,Saidapet Riverine Basin,Central,13.021,80.223,282.65,46.17,9.47,12016.8,3.36,0.44,2.55,47.6,55.1,High_Density_Residential,11,130,3,Severe Inundation
W004,Guindy Ridge Sector,South-Central,13.0067,80.2025,33.3,8.58,1.12,750.1,14.31,1.91,3.87,5.0,92.4,Industrial,4,45,0,Low
W013,Pallikaranai Marsh Reserve,South-East,12.936,80.214,33.91,5.74,3.74,373.0,1.73,0.2,1.19,10.8,100.0,Green_Space,15,175,1,Moderate
W019,Royapettah Central,Central,13.053,80.261,9.08,7.64,1.75,270.2,9.57,1.29,4.37,5.0,88.6,Commercial,4,50,0,Low
W007,Mylapore Heritage Sector,East,13.0368,80.2676,73.16,16.32,2.76,2184.0,8.52,1.15,4.5,70.4,26.6,High_Density_Residential,5,55,0,Low
W009,Perambur Railway Lowlands,North,13.1114,80.2437,178.64,48.37,6.49,3985.5,4.87,0.56,2.48,92.4,5.0,Commercial,10,125,3,Severe Inundation
W002,Velachery Lowlands,South,12.9815,80.218,287.87,76.66,9.52,8544.7,3.33,0.26,2.07,53.0,42.8,High_Density_Residential,12,140,3,Severe Inundation
W014,Porur Lake Fringe,West,13.033,80.158,5.13,9.78,2.13,357.6,5.74,0.98,2.46,7.8,95.5,High_Density_Residential,9,105,0,Low
W001,T. Nagar Commercial Hub,Central,13.0418,80.2341,55.0,11.69,3.5,2608.0,6.91,0.58,3.43,13.3,88.7,Commercial,8,90,1,Moderate
W017,Saidapet Riverine Basin,Central,13.021,80.223,125.13,32.47,5.34,5345.9,4.05,0.38,2.52,76.1,23.0,High_Density_Residential,11,130,3,Severe Inundation
W018,Ambattur Industrial Zone,North-West,13.114,80.154,11.23,2.15,1.64,675.3,11.29,1.6,3.62,26.2,68.8,Industrial,5,60,0,Low
W007,Mylapore Heritage Sector,East,13.0368,80.2676,82.92,24.98,3.24,2441.0,8.32,0.99,4.22,66.5,26.3,High_Density_Residential,5,55,1,Moderate
W012,Manali Petrochemical Lowland,North-East,13.1706,80.2605,145.28,30.02,6.3,7089.5,2.85,0.2,1.6,70.0,26.6,Industrial,11,135,3,Severe Inundation
W014,Porur Lake Fringe,West,13.033,80.158,57.2,19.54,3.69,1936.4,5.06,0.72,2.62,35.0,66.1,High_Density_Residential,9,105,1,Moderate
W003,Madipakkam Lake Basin,South,12.9647,80.1961,138.86,44.99,5.91,3625.4,2.69,0.32,1.85,28.7,66.8,High_Density_Residential,14,160,3,Severe Inundation
W011,Sholinganallur IT Corridor,South-East,12.901,80.2279,27.97,1.51,3.05,432.4,4.84,0.93,3.82,12.8,90.7,Commercial,9,115,0,Low
W020,Mudichur Lake Sink,South-West,12.912,80.068,9.41,5.5,3.23,856.4,2.12,0.45,1.63,45.6,51.2,High_Density_Residential,14,165,1,Moderate
W011,Sholinganallur IT Corridor,South-East,12.901,80.2279,175.11,32.27,6.35,6309.8,4.29,0.83,3.52,16.7,87.3,Commercial,9,115,3,Severe Inundation
W004,Guindy Ridge Sector,South-Central,13.0067,80.2025,135.03,46.82,2.47,7599.4,14.33,2.08,4.26,16.4,77.6,Industrial,4,45,1,Moderate
W010,Kolathur Urban Catchment,North-West,13.1235,80.2188,150.46,31.83,4.25,3006.4,8.89,1.41,3.1,10.8,93.0,High_Density_Residential,7,85,2,High
W017,Saidapet Riverine Basin,Central,13.021,80.223,21.15,9.14,3.26,388.2,3.31,0.35,2.51,7.1,90.0,High_Density_Residential,11,130,0,Low
W010,Kolathur Urban Catchment,North-West,13.1235,80.2188,177.41,33.14,5.12,7305.2,8.58,1.22,3.18,20.2,79.1,High_Density_Residential,7,85,3,Severe Inundation
W014,Porur Lake Fringe,West,13.033,80.158,52.91,24.72,3.19,2601.8,6.16,0.68,2.26,26.4,64.1,High_Density_Residential,9,105,1,Moderate
W011,Sholinganallur IT Corridor,South-East,12.901,80.2279,136.31,26.0,5.61,4597.9,4.3,0.39,3.34,38.7,71.6,Commercial,9,115,3,Severe Inundation
W013,Pallikaranai Marsh Reserve,South-East,12.936,80.214,77.78,16.51,4.54,1765.3,2.04,0.33,1.7,45.8,55.0,Green_Space,15,175,2,High
W010,Kolathur Urban Catchment,North-West,13.1235,80.2188,76.21,24.4,2.94,998.6,9.91,1.75,2.77,22.3,72.2,High_Density_Residential,7,85,0,Low
W018,Ambattur Industrial Zone,North-West,13.114,80.154,86.48,19.53,2.87,1919.0,11.41,1.64,3.61,34.5,63.2,Industrial,5,60,0,Low
W005,Adyar Estuary Buffer,Coastal,13.0012,80.2565,93.01,31.0,4.46,4185.4,4.73,0.49,2.98,26.6,74.6,Green_Space,9,110,2,High
W007,Mylapore Heritage Sector,East,13.0368,80.2676,64.01,10.4,2.99,802.1,8.45,1.31,4.6,67.7,28.6,High_Density_Residential,5,55,0,Low
W014,Porur Lake Fringe,West,13.033,80.158,44.42,20.61,3.47,1617.1,4.75,0.56,2.23,20.5,83.9,High_Density_Residential,9,105,1,Moderate
W013,Pallikaranai Marsh Reserve,South-East,12.936,80.214,14.92,7.42,3.51,693.5,1.51,0.2,1.3,26.3,77.8,Green_Space,15,175,1,Moderate
W006,Anna Nagar High Ridge,West,13.085,80.2101,13.25,8.23,0.4,907.6,18.0,2.38,5.44,21.3,88.1,Low_Density_Residential,1,20,0,Low
W020,Mudichur Lake Sink,South-West,12.912,80.068,90.06,48.11,5.29,3822.6,1.89,0.2,1.52,71.9,28.8,High_Density_Residential,14,165,3,Severe Inundation
W019,Royapettah Central,Central,13.053,80.261,55.96,15.0,2.41,2764.5,9.95,1.48,4.12,69.3,29.9,Commercial,4,50,0,Low
W010,Kolathur Urban Catchment,North-West,13.1235,80.2188,73.05,14.51,3.19,3146.6,8.11,1.69,3.08,15.0,90.4,High_Density_Residential,7,85,0,Low
W013,Pallikaranai Marsh Reserve,South-East,12.936,80.214,116.62,34.87,5.86,5105.6,1.5,0.2,1.7,57.8,39.5,Green_Space,15,175,3,Severe Inundation
W018,Ambattur Industrial Zone,North-West,13.114,80.154,35.46,22.27,1.39,886.4,12.12,2.08,3.23,36.9,60.8,Industrial,5,60,0,Low
W001,T. Nagar Commercial Hub,Central,13.0418,80.2341,15.21,2.35,2.71,553.2,6.09,1.01,3.79,68.6,24.2,Commercial,8,90,0,Low
W010,Kolathur Urban Catchment,North-West,13.1235,80.2188,28.5,1.4,2.13,992.9,8.92,1.35,3.16,90.1,5.0,High_Density_Residential,7,85,0,Low
W010,Kolathur Urban Catchment,North-West,13.1235,80.2188,106.06,22.39,3.68,7702.0,8.37,1.5,3.1,38.1,68.9,High_Density_Residential,7,85,2,High
W007,Mylapore Heritage Sector,East,13.0368,80.2676,18.82,6.27,2.06,423.4,8.16,0.87,4.57,47.7,47.4,High_Density_Residential,5,55,0,Low
W014,Porur Lake Fringe,West,13.033,80.158,33.36,1.57,3.04,642.7,5.56,1.01,2.25,29.9,68.2,High_Density_Residential,9,105,0,Low
W019,Royapettah Central,Central,13.053,80.261,11.07,1.3,1.87,478.3,9.19,1.34,4.36,27.8,76.7,Commercial,4,50,0,Low
W020,Mudichur Lake Sink,South-West,12.912,80.068,24.71,2.98,3.54,494.8,2.46,0.4,1.45,64.9,30.5,High_Density_Residential,14,165,1,Moderate
W011,Sholinganallur IT Corridor,South-East,12.901,80.2279,8.91,5.1,2.55,917.6,4.36,0.55,3.66,23.9,72.7,Commercial,9,115,0,Low
W015,St. Thomas Mount Ridge,South-Central,13.004,80.191,29.7,5.03,0.4,673.0,23.57,3.6,4.8,19.6,85.3,Low_Density_Residential,1,15,0,Low
W015,St. Thomas Mount Ridge,South-Central,13.004,80.191,47.65,14.9,0.4,3030.8,24.18,3.52,4.84,17.7,81.1,Low_Density_Residential,1,15,0,Low
W015,St. Thomas Mount Ridge,South-Central,13.004,80.191,121.18,49.19,1.44,7898.7,23.8,3.44,4.99,53.2,49.9,Low_Density_Residential,1,15,0,Low
W007,Mylapore Heritage Sector,East,13.0368,80.2676,17.86,5.97,2.06,668.6,8.09,1.2,4.81,63.7,33.4,High_Density_Residential,5,55,0,Low
W017,Saidapet Riverine Basin,Central,13.021,80.223,22.11,6.27,3.0,432.8,4.0,0.2,2.88,38.4,62.3,High_Density_Residential,11,130,1,Moderate
W016,Koyambedu Market Heights,West,13.069,80.194,265.17,90.27,3.29,8371.9,16.25,2.36,3.75,54.3,47.9,Commercial,3,35,3,Severe Inundation
W006,Anna Nagar High Ridge,West,13.085,80.2101,134.97,29.16,1.73,7868.7,18.49,2.65,4.63,69.6,31.7,Low_Density_Residential,1,20,0,Low
W003,Madipakkam Lake Basin,South,12.9647,80.1961,115.5,20.01,5.44,3634.7,2.62,0.41,1.77,43.7,53.1,High_Density_Residential,14,160,3,Severe Inundation
W010,Kolathur Urban Catchment,North-West,13.1235,80.2188,5.97,7.33,1.7,680.4,9.01,1.47,3.11,27.4,68.3,High_Density_Residential,7,85,0,Low
W017,Saidapet Riverine Basin,Central,13.021,80.223,176.65,23.8,6.82,5103.2,3.13,0.2,2.9,31.4,66.1,High_Density_Residential,11,130,3,Severe Inundation
W020,Mudichur Lake Sink,South-West,12.912,80.068,23.06,3.59,3.18,312.4,2.77,0.23,1.27,29.7,65.1,High_Density_Residential,14,165,1,Moderate
W011,Sholinganallur IT Corridor,South-East,12.901,80.2279,24.35,3.61,3.05,619.5,4.0,0.6,3.37,78.7,19.6,Commercial,9,115,1,Moderate
W003,Madipakkam Lake Basin,South,12.9647,80.1961,91.43,36.73,5.12,4897.3,2.36,0.73,1.74,31.0,72.8,High_Density_Residential,14,160,3,Severe Inundation
W008,Tambaram Outer Plateau,South-West,12.9249,80.1,21.45,5.73,0.4,282.7,22.3,3.41,3.31,20.9,85.2,Low_Density_Residential,3,40,0,Low
W010,Kolathur Urban Catchment,North-West,13.1235,80.2188,92.2,32.35,3.61,4664.8,8.49,1.23,2.75,49.7,59.3,High_Density_Residential,7,85,2,High
W008,Tambaram Outer Plateau,South-West,12.9249,80.1,278.19,84.68,2.33,8398.8,22.24,3.29,3.32,82.8,29.9,Low_Density_Residential,3,40,2,High
W007,Mylapore Heritage Sector,East,13.0368,80.2676,56.89,8.45,2.29,1706.0,9.18,1.33,4.6,22.0,78.1,High_Density_Residential,5,55,0,Low
W005,Adyar Estuary Buffer,Coastal,13.0012,80.2565,27.45,8.57,3.13,655.9,4.18,0.57,2.79,39.2,58.3,Green_Space,9,110,0,Low
W001,T. Nagar Commercial Hub,Central,13.0418,80.2341,61.22,12.6,3.9,878.8,5.48,0.57,3.58,57.8,42.2,Commercial,8,90,1,Moderate
W002,Velachery Lowlands,South,12.9815,80.218,38.58,22.03,3.48,1140.0,3.46,0.65,2.24,51.7,48.0,High_Density_Residential,12,140,1,Moderate
W008,Tambaram Outer Plateau,South-West,12.9249,80.1,163.94,36.63,1.45,3899.0,21.56,3.28,3.41,42.7,59.6,Low_Density_Residential,3,40,0,Low
W016,Koyambedu Market Heights,West,13.069,80.194,11.3,5.78,0.4,146.5,16.89,2.46,3.94,39.1,68.6,Commercial,3,35,0,Low
W020,Mudichur Lake Sink,South-West,12.912,80.068,7.16,4.93,3.24,457.2,2.71,0.38,1.7,21.9,64.7,High_Density_Residential,14,165,1,Moderate
W003,Madipakkam Lake Basin,South,12.9647,80.1961,113.21,34.75,5.33,7877.6,2.1,0.45,1.98,55.3,48.2,High_Density_Residential,14,160,3,Severe Inundation
W015,St. Thomas Mount Ridge,South-Central,13.004,80.191,82.21,24.27,0.87,2147.4,24.66,3.52,4.81,5.0,86.9,Low_Density_Residential,1,15,0,Low
W014,Porur Lake Fringe,West,13.033,80.158,236.04,67.61,7.8,8901.9,4.65,0.93,2.26,62.1,36.1,High_Density_Residential,9,105,3,Severe Inundation
W019,Royapettah Central,Central,13.053,80.261,38.52,22.66,1.94,3396.0,9.36,1.45,4.32,40.8,53.5,Commercial,4,50,0,Low
W007,Mylapore Heritage Sector,East,13.0368,80.2676,140.86,45.76,4.66,3587.4,8.37,1.3,4.58,56.0,39.3,High_Density_Residential,5,55,3,Severe Inundation
W013,Pallikaranai Marsh Reserve,South-East,12.936,80.214,33.75,9.11,3.41,343.3,1.95,0.2,1.41,7.1,84.2,Green_Space,15,175,1,Moderate
W016,Koyambedu Market Heights,West,13.069,80.194,97.67,39.5,1.36,6268.3,16.76,2.42,3.69,37.0,63.4,Commercial,3,35,0,Low
W013,Pallikaranai Marsh Reserve,South-East,12.936,80.214,17.47,9.45,3.4,267.2,1.8,0.2,1.65,56.3,44.5,Green_Space,15,175,1,Moderate
W008,Tambaram Outer Plateau,South-West,12.9249,80.1,154.13,40.64,1.53,4596.6,21.76,3.19,3.44,22.3,65.8,Low_Density_Residential,3,40,0,Low
W005,Adyar Estuary Buffer,Coastal,13.0012,80.2565,151.2,39.05,5.96,7547.8,3.94,0.61,2.88,25.1,79.9,Green_Space,9,110,3,Severe Inundation
W001,T. Nagar Commercial Hub,Central,13.0418,80.2341,162.38,39.77,5.44,4990.3,6.59,1.01,3.85,34.5,62.0,Commercial,8,90,3,Severe Inundation
W004,Guindy Ridge Sector,South-Central,13.0067,80.2025,96.04,37.81,2.28,6860.2,13.57,2.04,4.36,33.7,66.7,Industrial,4,45,0,Low
W014,Porur Lake Fringe,West,13.033,80.158,14.97,4.49,2.42,358.2,5.87,0.8,2.38,50.1,49.0,High_Density_Residential,9,105,0,Low
W008,Tambaram Outer Plateau,South-West,12.9249,80.1,17.3,5.23,0.47,886.2,22.12,3.21,3.25,47.5,54.5,Low_Density_Residential,3,40,0,Low
W006,Anna Nagar High Ridge,West,13.085,80.2101,19.18,6.9,0.4,476.5,19.49,2.91,5.15,55.8,37.7,Low_Density_Residential,1,20,0,Low
W017,Saidapet Riverine Basin,Central,13.021,80.223,338.91,50.3,9.99,9947.1,4.2,0.5,3.02,8.5,97.5,High_Density_Residential,11,130,3,Severe Inundation
W015,St. Thomas Mount Ridge,South-Central,13.004,80.191,162.03,33.71,1.51,6032.6,23.72,3.68,4.39,14.6,76.6,Low_Density_Residential,1,15,0,Low
W002,Velachery Lowlands,South,12.9815,80.218,8.5,4.71,3.14,305.0,3.01,0.2,2.07,92.8,12.3,High_Density_Residential,12,140,1,Moderate
W018,Ambattur Industrial Zone,North-West,13.114,80.154,65.48,17.5,2.18,2709.0,11.16,1.72,3.43,57.6,40.2,Industrial,5,60,0,Low
W008,Tambaram Outer Plateau,South-West,12.9249,80.1,2.3,8.27,0.4,258.6,22.73,2.96,3.14,6.4,87.1,Low_Density_Residential,3,40,0,Low
W004,Guindy Ridge Sector,South-Central,13.0067,80.2025,19.12,6.45,1.38,966.6,14.53,1.98,4.04,49.5,46.2,Industrial,4,45,0,Low
W015,St. Thomas Mount Ridge,South-Central,13.004,80.191,38.73,20.3,0.4,2976.1,24.01,3.65,4.94,57.4,44.3,Low_Density_Residential,1,15,0,Low
W005,Adyar Estuary Buffer,Coastal,13.0012,80.2565,109.81,31.66,5.35,7328.6,4.08,0.5,2.73,46.5,57.7,Green_Space,9,110,2,High
W015,St. Thomas Mount Ridge,South-Central,13.004,80.191,242.57,49.0,2.47,8443.2,23.65,3.75,4.56,35.7,64.4,Low_Density_Residential,1,15,0,Low
W017,Saidapet Riverine Basin,Central,13.021,80.223,10.3,2.56,2.97,962.1,3.46,0.44,2.86,26.3,83.9,High_Density_Residential,11,130,0,Low
W018,Ambattur Industrial Zone,North-West,13.114,80.154,15.15,2.53,1.1,329.2,11.44,1.86,3.75,50.7,45.6,Industrial,5,60,0,Low
W020,Mudichur Lake Sink,South-West,12.912,80.068,117.8,39.77,5.13,5832.2,2.04,0.23,1.5,28.0,80.5,High_Density_Residential,14,165,3,Severe Inundation
W011,Sholinganallur IT Corridor,South-East,12.901,80.2279,41.96,16.1,3.07,2861.8,4.39,0.48,3.35,20.9,77.6,Commercial,9,115,1,Moderate
W015,St. Thomas Mount Ridge,South-Central,13.004,80.191,23.6,7.38,0.4,627.6,23.87,3.65,5.0,29.8,63.6,Low_Density_Residential,1,15,0,Low
W020,Mudichur Lake Sink,South-West,12.912,80.068,13.32,4.7,3.3,748.4,1.56,0.4,1.62,48.0,49.1,High_Density_Residential,14,165,1,Moderate
W017,Saidapet Riverine Basin,Central,13.021,80.223,91.71,41.97,5.02,7665.6,4.04,0.39,2.74,30.0,68.1,High_Density_Residential,11,130,3,Severe Inundation
W014,Porur Lake Fringe,West,13.033,80.158,62.82,21.89,4.03,3124.7,5.22,0.59,2.48,56.6,39.2,High_Density_Residential,9,105,2,High
W018,Ambattur Industrial Zone,North-West,13.114,80.154,21.31,4.99,1.58,130.8,10.61,1.95,3.54,44.1,53.4,Industrial,5,60,0,Low
W015,St. Thomas Mount Ridge,South-Central,13.004,80.191,12.63,6.21,0.4,167.6,24.0,3.48,5.09,38.3,68.4,Low_Density_Residential,1,15,0,Low
W006,Anna Nagar High Ridge,West,13.085,80.2101,297.17,83.85,2.27,16660.9,19.33,3.14,5.02,21.0,76.8,Low_Density_Residential,1,20,2,High
W016,Koyambedu Market Heights,West,13.069,80.194,67.65,10.79,1.03,1133.4,16.93,2.39,3.86,34.1,67.1,Commercial,3,35,0,Low
W015,St. Thomas Mount Ridge,South-Central,13.004,80.191,17.26,4.51,0.4,877.2,24.35,3.47,4.47,38.3,64.5,Low_Density_Residential,1,15,0,Low
W009,Perambur Railway Lowlands,North,13.1114,80.2437,23.28,8.66,2.97,648.3,5.11,0.43,2.7,5.0,100.0,Commercial,10,125,0,Low
W008,Tambaram Outer Plateau,South-West,12.9249,80.1,5.84,6.37,0.4,347.5,22.64,3.18,3.44,5.3,90.9,Low_Density_Residential,3,40,0,Low
W009,Perambur Railway Lowlands,North,13.1114,80.2437,35.63,19.84,3.16,1815.3,5.36,0.27,2.25,44.9,55.3,Commercial,10,125,2,High
W017,Saidapet Riverine Basin,Central,13.021,80.223,69.65,13.79,4.7,1613.1,3.88,0.49,2.55,7.5,96.9,High_Density_Residential,11,130,2,High
W016,Koyambedu Market Heights,West,13.069,80.194,19.08,4.44,0.4,607.9,17.23,2.12,3.89,11.7,89.9,Commercial,3,35,0,Low
W008,Tambaram Outer Plateau,South-West,12.9249,80.1,6.79,3.85,0.4,978.5,22.28,3.16,3.47,42.8,57.6,Low_Density_Residential,3,40,0,Low
W009,Perambur Railway Lowlands,North,13.1114,80.2437,20.99,9.56,2.7,873.2,4.82,0.39,2.17,38.4,60.4,Commercial,10,125,0,Low
W015,St. Thomas Mount Ridge,South-Central,13.004,80.191,31.26,7.77,0.4,480.6,24.0,3.16,4.68,42.8,51.7,Low_Density_Residential,1,15,0,Low
W003,Madipakkam Lake Basin,South,12.9647,80.1961,119.64,24.15,6.15,4995.2,2.35,0.2,1.72,50.9,52.6,High_Density_Residential,14,160,3,Severe Inundation
W010,Kolathur Urban Catchment,North-West,13.1235,80.2188,119.19,41.48,4.03,3677.1,8.04,1.29,3.5,21.2,87.5,High_Density_Residential,7,85,2,High
W008,Tambaram Outer Plateau,South-West,12.9249,80.1,68.15,24.76,0.52,3332.0,21.82,3.51,3.51,24.2,79.6,Low_Density_Residential,3,40,0,Low
W009,Perambur Railway Lowlands,North,13.1114,80.2437,27.63,5.97,2.45,694.9,5.47,0.47,2.85,6.4,94.0,Commercial,10,125,0,Low
W011,Sholinganallur IT Corridor,South-East,12.901,80.2279,57.51,17.25,3.83,2267.4,4.07,0.33,3.73,15.8,89.5,Commercial,9,115,2,High
W011,Sholinganallur IT Corridor,South-East,12.901,80.2279,77.3,14.27,4.26,3392.0,4.42,0.55,3.36,40.0,58.2,Commercial,9,115,2,High
W018,Ambattur Industrial Zone,North-West,13.114,80.154,140.68,20.17,3.62,5146.6,10.92,1.66,3.69,44.0,58.0,Industrial,5,60,2,High
W003,Madipakkam Lake Basin,South,12.9647,80.1961,288.57,73.53,9.67,17429.1,2.33,0.62,2.0,52.2,51.0,High_Density_Residential,14,160,3,Severe Inundation
W005,Adyar Estuary Buffer,Coastal,13.0012,80.2565,190.29,65.12,6.46,7746.3,4.17,0.67,2.87,25.6,77.9,Green_Space,9,110,3,Severe Inundation
W005,Adyar Estuary Buffer,Coastal,13.0012,80.2565,132.83,23.68,5.39,7639.7,4.45,0.85,2.68,37.3,69.0,Green_Space,9,110,2,High
W008,Tambaram Outer Plateau,South-West,12.9249,80.1,134.33,47.45,1.15,5446.0,22.43,2.99,3.41,36.5,59.8,Low_Density_Residential,3,40,0,Low
W013,Pallikaranai Marsh Reserve,South-East,12.936,80.214,27.57,2.17,3.64,508.4,1.69,0.5,1.35,50.6,47.2,Green_Space,15,175,1,Moderate
W005,Adyar Estuary Buffer,Coastal,13.0012,80.2565,71.5,14.48,4.06,2742.6,3.65,0.41,2.92,30.2,70.7,Green_Space,9,110,1,Moderate
W007,Mylapore Heritage Sector,East,13.0368,80.2676,126.37,26.65,4.41,5560.1,9.09,1.47,4.45,48.0,49.7,High_Density_Residential,5,55,2,High
W003,Madipakkam Lake Basin,South,12.9647,80.1961,76.14,10.36,4.76,1481.5,2.49,0.2,1.97,24.2,65.5,High_Density_Residential,14,160,3,Severe Inundation
W014,Porur Lake Fringe,West,13.033,80.158,108.87,46.54,4.7,6081.1,4.99,0.51,2.33,44.5,63.1,High_Density_Residential,9,105,3,Severe Inundation
W014,Porur Lake Fringe,West,13.033,80.158,22.88,9.78,2.54,379.5,6.1,1.0,2.47,56.3,48.2,High_Density_Residential,9,105,0,Low
W011,Sholinganallur IT Corridor,South-East,12.901,80.2279,4.58,8.09,2.52,851.9,4.36,0.53,3.28,21.0,74.6,Commercial,9,115,0,Low
W018,Ambattur Industrial Zone,North-West,13.114,80.154,161.22,37.44,3.64,6903.9,11.42,1.92,3.73,58.8,32.6,Industrial,5,60,2,High
W015,St. Thomas Mount Ridge,South-Central,13.004,80.191,172.12,27.98,1.54,5310.7,23.1,3.59,4.62,12.9,71.9,Low_Density_Residential,1,15,0,Low
W014,Porur Lake Fringe,West,13.033,80.158,7.52,4.66,2.58,309.0,4.79,0.49,2.38,16.3,78.7,High_Density_Residential,9,105,0,Low
W002,Velachery Lowlands,South,12.9815,80.218,19.41,5.66,3.44,931.9,2.92,0.73,2.05,50.4,55.4,High_Density_Residential,12,140,1,Moderate
W007,Mylapore Heritage Sector,East,13.0368,80.2676,25.14,3.62,1.97,367.7,8.66,1.36,4.41,18.3,70.1,High_Density_Residential,5,55,0,Low
W014,Porur Lake Fringe,West,13.033,80.158,16.8,6.64,2.46,231.7,5.97,0.75,2.66,48.8,45.6,High_Density_Residential,9,105,0,Low
W013,Pallikaranai Marsh Reserve,South-East,12.936,80.214,328.13,90.46,10.62,12877.8,1.98,0.2,1.43,45.6,57.5,Green_Space,15,175,3,Severe Inundation
W019,Royapettah Central,Central,13.053,80.261,170.93,38.71,4.39,3028.2,8.9,1.5,4.12,41.8,42.1,Commercial,4,50,3,Severe Inundation
W001,T. Nagar Commercial Hub,Central,13.0418,80.2341,19.05,7.62,2.66,601.2,6.16,0.77,3.83,23.4,70.5,Commercial,8,90,0,Low
W019,Royapettah Central,Central,13.053,80.261,146.14,25.67,4.54,5347.2,9.52,1.54,4.09,19.0,82.1,Commercial,4,50,2,High
W013,Pallikaranai Marsh Reserve,South-East,12.936,80.214,34.63,9.54,3.87,170.4,1.96,0.2,1.25,21.1,80.7,Green_Space,15,175,1,Moderate
W016,Koyambedu Market Heights,West,13.069,80.194,53.38,9.83,0.86,1193.2,16.28,2.4,4.39,43.4,56.8,Commercial,3,35,0,Low
W001,T. Nagar Commercial Hub,Central,13.0418,80.2341,24.79,5.81,2.32,441.2,6.32,0.97,3.77,26.3,71.1,Commercial,8,90,0,Low
W012,Manali Petrochemical Lowland,North-East,13.1706,80.2605,94.58,26.63,5.1,4371.3,2.63,0.23,2.01,23.5,83.9,Industrial,11,135,3,Severe Inundation
W010,Kolathur Urban Catchment,North-West,13.1235,80.2188,49.46,14.38,2.49,2143.9,8.56,1.22,3.02,34.5,63.7,High_Density_Residential,7,85,0,Low
W013,Pallikaranai Marsh Reserve,South-East,12.936,80.214,46.3,20.53,3.94,2689.2,2.22,0.26,1.45,35.0,58.3,Green_Space,15,175,2,High
W014,Porur Lake Fringe,West,13.033,80.158,124.78,29.91,4.97,5976.8,5.23,0.54,2.39,23.1,75.2,High_Density_Residential,9,105,3,Severe Inundation
W018,Ambattur Industrial Zone,North-West,13.114,80.154,52.69,10.25,2.28,1816.2,11.03,1.96,3.5,62.8,33.9,Industrial,5,60,0,Low
W018,Ambattur Industrial Zone,North-West,13.114,80.154,86.97,11.32,3.1,2532.5,10.58,1.84,3.74,34.9,60.3,Industrial,5,60,0,Low
W020,Mudichur Lake Sink,South-West,12.912,80.068,124.92,24.8,5.78,4990.7,2.79,0.39,1.64,51.3,55.2,High_Density_Residential,14,165,3,Severe Inundation
W008,Tambaram Outer Plateau,South-West,12.9249,80.1,14.64,8.52,0.4,970.5,21.84,2.89,3.24,21.5,86.9,Low_Density_Residential,3,40,0,Low
W016,Koyambedu Market Heights,West,13.069,80.194,25.62,8.2,0.4,411.5,17.05,2.09,3.98,13.3,79.0,Commercial,3,35,0,Low
W008,Tambaram Outer Plateau,South-West,12.9249,80.1,7.6,7.47,0.4,793.1,22.0,3.47,3.09,22.1,75.2,Low_Density_Residential,3,40,0,Low
W009,Perambur Railway Lowlands,North,13.1114,80.2437,157.16,38.14,5.86,6431.8,5.46,0.33,2.46,46.3,56.4,Commercial,10,125,3,Severe Inundation
W014,Porur Lake Fringe,West,13.033,80.158,109.95,28.08,4.78,4213.6,5.11,0.81,2.51,69.3,27.4,High_Density_Residential,9,105,3,Severe Inundation
W016,Koyambedu Market Heights,West,13.069,80.194,78.66,15.9,1.45,2251.3,16.6,2.17,3.95,75.7,25.1,Commercial,3,35,0,Low
W001,T. Nagar Commercial Hub,Central,13.0418,80.2341,10.34,5.66,2.11,113.5,5.61,0.82,3.73,49.6,49.0,Commercial,8,90,0,Low
W013,Pallikaranai Marsh Reserve,South-East,12.936,80.214,156.49,38.76,6.55,7931.9,2.75,0.2,1.66,21.1,87.0,Green_Space,15,175,3,Severe Inundation
W011,Sholinganallur IT Corridor,South-East,12.901,80.2279,70.0,20.77,3.79,2632.0,4.25,0.5,3.2,20.6,88.1,Commercial,9,115,2,High
W013,Pallikaranai Marsh Reserve,South-East,12.936,80.214,167.31,49.75,7.23,4470.2,1.64,0.2,1.94,61.6,38.7,Green_Space,15,175,3,Severe Inundation
W006,Anna Nagar High Ridge,West,13.085,80.2101,39.32,17.53,0.4,1696.6,18.59,2.83,4.89,51.0,44.8,Low_Density_Residential,1,20,0,Low
W015,St. Thomas Mount Ridge,South-Central,13.004,80.191,21.77,1.8,0.4,152.4,24.05,3.71,4.94,5.0,96.6,Low_Density_Residential,1,15,0,Low
W005,Adyar Estuary Buffer,Coastal,13.0012,80.2565,25.66,1.76,3.24,830.7,4.3,0.75,2.7,52.4,45.7,Green_Space,9,110,0,Low
W020,Mudichur Lake Sink,South-West,12.912,80.068,81.47,8.0,5.28,1255.0,2.25,0.2,1.73,13.5,98.0,High_Density_Residential,14,165,2,High
W018,Ambattur Industrial Zone,North-West,13.114,80.154,313.64,89.67,6.56,16143.9,10.85,1.77,3.35,53.7,51.1,Industrial,5,60,3,Severe Inundation
W001,T. Nagar Commercial Hub,Central,13.0418,80.2341,18.88,4.96,2.93,561.2,5.73,0.65,3.95,32.6,73.2,Commercial,8,90,0,Low
W013,Pallikaranai Marsh Reserve,South-East,12.936,80.214,61.63,17.35,4.64,2127.8,1.5,0.46,1.48,51.3,45.3,Green_Space,15,175,2,High
W019,Royapettah Central,Central,13.053,80.261,175.56,39.03,5.09,4769.5,8.96,1.26,4.16,5.5,100.0,Commercial,4,50,3,Severe Inundation
W019,Royapettah Central,Central,13.053,80.261,101.22,45.73,3.71,7487.5,8.7,1.48,4.1,48.8,63.2,Commercial,4,50,2,High
W001,T. Nagar Commercial Hub,Central,13.0418,80.2341,169.75,41.87,5.21,7639.1,6.47,0.81,3.86,35.0,68.9,Commercial,8,90,3,Severe Inundation
W003,Madipakkam Lake Basin,South,12.9647,80.1961,31.49,3.62,3.4,606.4,2.8,0.24,1.98,58.2,41.4,High_Density_Residential,14,160,1,Moderate
W014,Porur Lake Fringe,West,13.033,80.158,59.62,21.18,3.61,2222.3,4.5,0.53,2.66,47.9,57.7,High_Density_Residential,9,105,2,High
W005,Adyar Estuary Buffer,Coastal,13.0012,80.2565,329.81,85.37,9.65,14173.7,4.76,0.47,3.29,27.3,76.3,Green_Space,9,110,3,Severe Inundation
W015,St. Thomas Mount Ridge,South-Central,13.004,80.191,74.39,15.08,0.52,2844.7,24.0,3.39,5.07,48.4,42.8,Low_Density_Residential,1,15,0,Low
W006,Anna Nagar High Ridge,West,13.085,80.2101,34.08,6.56,0.4,983.3,18.82,2.99,4.9,37.1,59.2,Low_Density_Residential,1,20,0,Low
W002,Velachery Lowlands,South,12.9815,80.218,5.38,6.51,2.73,184.8,3.19,0.47,2.16,29.4,76.1,High_Density_Residential,12,140,0,Low
W009,Perambur Railway Lowlands,North,13.1114,80.2437,37.17,8.25,3.71,1121.9,4.27,0.63,2.83,28.8,64.4,Commercial,10,125,1,Moderate
W013,Pallikaranai Marsh Reserve,South-East,12.936,80.214,82.19,14.65,4.67,3199.5,2.27,0.2,1.54,17.0,89.1,Green_Space,15,175,2,High
W011,Sholinganallur IT Corridor,South-East,12.901,80.2279,85.35,10.14,3.69,1929.8,5.44,0.5,3.26,95.0,5.0,Commercial,9,115,2,High
W007,Mylapore Heritage Sector,East,13.0368,80.2676,151.14,34.12,4.47,4939.5,8.06,1.42,4.57,58.7,36.6,High_Density_Residential,5,55,3,Severe Inundation
W015,St. Thomas Mount Ridge,South-Central,13.004,80.191,294.79,83.13,2.3,9615.3,24.15,3.52,4.92,42.4,54.5,Low_Density_Residential,1,15,2,High
W011,Sholinganallur IT Corridor,South-East,12.901,80.2279,5.92,6.13,2.81,915.7,4.52,0.58,3.76,79.3,22.7,Commercial,9,115,0,Low
W011,Sholinganallur IT Corridor,South-East,12.901,80.2279,18.92,3.98,2.79,874.5,4.73,0.71,3.47,55.7,35.7,Commercial,9,115,0,Low
W013,Pallikaranai Marsh Reserve,South-East,12.936,80.214,10.8,9.7,3.21,244.1,1.5,0.3,1.55,41.7,55.5,Green_Space,15,175,1,Moderate
W009,Perambur Railway Lowlands,North,13.1114,80.2437,311.69,47.1,8.96,12446.4,5.29,0.26,2.96,9.0,89.1,Commercial,10,125,3,Severe Inundation
W014,Porur Lake Fringe,West,13.033,80.158,57.52,14.37,3.22,3298.9,5.93,0.67,2.36,56.2,53.9,High_Density_Residential,9,105,1,Moderate
W009,Perambur Railway Lowlands,North,13.1114,80.2437,172.01,44.62,6.3,3639.7,4.75,0.57,2.52,46.3,52.6,Commercial,10,125,3,Severe Inundation
W003,Madipakkam Lake Basin,South,12.9647,80.1961,25.28,2.72,2.9,597.6,3.55,0.23,1.63,65.9,34.9,High_Density_Residential,14,160,1,Moderate
W016,Koyambedu Market Heights,West,13.069,80.194,112.51,32.51,1.52,4752.4,17.0,2.23,4.01,44.1,59.8,Commercial,3,35,0,Low
W001,T. Nagar Commercial Hub,Central,13.0418,80.2341,99.62,44.63,4.23,5177.5,6.03,0.68,4.03,49.0,48.8,Commercial,8,90,3,Severe Inundation
W018,Ambattur Industrial Zone,North-West,13.114,80.154,55.08,23.38,2.3,2158.7,10.53,1.81,3.74,15.3,88.0,Industrial,5,60,0,Low
W002,Velachery Lowlands,South,12.9815,80.218,170.41,25.82,6.73,3652.3,3.54,0.71,2.11,25.9,85.1,High_Density_Residential,12,140,3,Severe Inundation
W012,Manali Petrochemical Lowland,North-East,13.1706,80.2605,7.24,2.76,2.73,975.7,2.99,0.33,1.86,46.8,56.9,Industrial,11,135,1,Moderate
W008,Tambaram Outer Plateau,South-West,12.9249,80.1,152.8,22.47,1.41,5091.3,21.94,3.0,3.11,83.7,20.9,Low_Density_Residential,3,40,0,Low
W003,Madipakkam Lake Basin,South,12.9647,80.1961,23.18,5.25,3.16,917.1,2.6,0.2,1.89,31.7,72.9,High_Density_Residential,14,160,1,Moderate
W002,Velachery Lowlands,South,12.9815,80.218,72.24,16.09,4.26,3483.2,3.13,0.6,2.78,10.3,87.7,High_Density_Residential,12,140,2,High
W001,T. Nagar Commercial Hub,Central,13.0418,80.2341,54.83,21.57,3.12,2214.9,6.65,0.83,3.69,74.2,14.7,Commercial,8,90,1,Moderate
W008,Tambaram Outer Plateau,South-West,12.9249,80.1,24.92,7.93,0.4,320.3,21.41,3.36,2.95,29.9,65.8,Low_Density_Residential,3,40,0,Low
W007,Mylapore Heritage Sector,East,13.0368,80.2676,128.86,33.59,4.32,5564.4,8.1,1.34,4.34,8.2,95.8,High_Density_Residential,5,55,2,High
W001,T. Nagar Commercial Hub,Central,13.0418,80.2341,153.53,36.03,5.69,6394.5,6.13,0.95,3.68,28.0,68.8,Commercial,8,90,3,Severe Inundation
W020,Mudichur Lake Sink,South-West,12.912,80.068,61.35,9.78,4.24,2453.7,2.55,0.42,1.75,59.4,30.5,High_Density_Residential,14,165,2,High
W005,Adyar Estuary Buffer,Coastal,13.0012,80.2565,67.09,20.75,4.07,2176.7,4.04,0.56,2.88,27.0,78.1,Green_Space,9,110,1,Moderate
W008,Tambaram Outer Plateau,South-West,12.9249,80.1,13.69,9.15,0.4,910.9,22.06,3.17,3.71,22.5,75.6,Low_Density_Residential,3,40,0,Low
W005,Adyar Estuary Buffer,Coastal,13.0012,80.2565,146.33,32.27,6.26,4270.1,4.27,0.72,2.88,76.7,26.6,Green_Space,9,110,3,Severe Inundation
W016,Koyambedu Market Heights,West,13.069,80.194,46.43,19.03,1.04,3152.2,17.03,2.46,3.68,62.8,36.3,Commercial,3,35,0,Low
W004,Guindy Ridge Sector,South-Central,13.0067,80.2025,50.99,18.45,1.41,3237.5,14.24,2.15,4.44,28.2,68.8,Industrial,4,45,0,Low
W019,Royapettah Central,Central,13.053,80.261,87.77,15.55,3.4,2838.8,9.17,1.63,4.24,35.4,65.8,Commercial,4,50,1,Moderate
W007,Mylapore Heritage Sector,East,13.0368,80.2676,86.4,15.35,3.03,2254.8,9.32,0.94,4.24,17.1,80.0,High_Density_Residential,5,55,0,Low
W015,St. Thomas Mount Ridge,South-Central,13.004,80.191,214.4,55.23,1.79,9405.8,24.11,3.64,5.13,27.8,68.4,Low_Density_Residential,1,15,0,Low
W009,Perambur Railway Lowlands,North,13.1114,80.2437,111.9,41.76,4.86,3341.7,4.86,0.53,2.41,66.8,34.1,Commercial,10,125,3,Severe Inundation
W012,Manali Petrochemical Lowland,North-East,13.1706,80.2605,64.59,19.26,4.24,1113.7,2.3,0.47,1.78,19.1,85.9,Industrial,11,135,2,High
W006,Anna Nagar High Ridge,West,13.085,80.2101,125.52,31.17,1.46,5278.7,18.68,2.63,5.26,59.8,39.9,Low_Density_Residential,1,20,0,Low
W020,Mudichur Lake Sink,South-West,12.912,80.068,8.44,2.49,3.48,799.4,2.26,0.2,1.82,15.9,93.6,High_Density_Residential,14,165,1,Moderate
W020,Mudichur Lake Sink,South-West,12.912,80.068,70.82,10.62,4.79,2545.6,2.43,0.2,1.45,10.0,92.7,High_Density_Residential,14,165,2,High
W004,Guindy Ridge Sector,South-Central,13.0067,80.2025,54.45,16.2,1.0,2412.8,14.96,2.06,4.33,23.9,76.1,Industrial,4,45,0,Low
W006,Anna Nagar High Ridge,West,13.085,80.2101,293.08,81.12,2.97,8393.0,18.13,2.99,4.96,59.8,31.5,Low_Density_Residential,1,20,3,Severe Inundation
W010,Kolathur Urban Catchment,North-West,13.1235,80.2188,98.73,30.54,3.71,7186.2,8.45,1.18,3.06,68.0,35.2,High_Density_Residential,7,85,2,High
W004,Guindy Ridge Sector,South-Central,13.0067,80.2025,292.05,55.08,4.92,12012.3,13.93,2.1,4.23,86.8,6.5,Industrial,4,45,3,Severe Inundation
W019,Royapettah Central,Central,13.053,80.261,88.15,17.77,3.15,3202.8,9.36,1.82,4.12,68.6,36.1,Commercial,4,50,1,Moderate
W001,T. Nagar Commercial Hub,Central,13.0418,80.2341,188.58,70.05,6.03,11437.1,6.69,0.88,3.74,8.4,90.8,Commercial,8,90,3,Severe Inundation
W010,Kolathur Urban Catchment,North-West,13.1235,80.2188,18.71,1.77,2.22,972.6,7.9,1.46,2.95,21.9,87.4,High_Density_Residential,7,85,0,Low
W019,Royapettah Central,Central,13.053,80.261,32.76,4.37,2.39,172.7,10.08,1.25,4.09,30.0,67.8,Commercial,4,50,0,Low
W013,Pallikaranai Marsh Reserve,South-East,12.936,80.214,43.41,9.12,4.51,1383.0,1.85,0.2,1.82,31.4,56.0,Green_Space,15,175,1,Moderate
W013,Pallikaranai Marsh Reserve,South-East,12.936,80.214,110.7,20.17,5.61,6256.6,2.09,0.2,1.3,13.3,82.8,Green_Space,15,175,3,Severe Inundation
W007,Mylapore Heritage Sector,East,13.0368,80.2676,127.83,37.31,4.32,7364.7,8.36,1.34,4.46,25.3,69.2,High_Density_Residential,5,55,2,High
W003,Madipakkam Lake Basin,South,12.9647,80.1961,24.45,1.52,3.67,936.2,2.7,0.21,1.97,29.9,59.1,High_Density_Residential,14,160,1,Moderate
W019,Royapettah Central,Central,13.053,80.261,206.54,52.48,5.56,13557.6,9.06,1.58,4.37,22.5,77.8,Commercial,4,50,3,Severe Inundation
W008,Tambaram Outer Plateau,South-West,12.9249,80.1,66.31,19.77,0.4,2398.9,21.87,3.33,3.45,15.6,84.0,Low_Density_Residential,3,40,0,Low
W004,Guindy Ridge Sector,South-Central,13.0067,80.2025,122.35,47.8,2.13,6493.3,14.37,1.86,4.17,45.4,58.9,Industrial,4,45,1,Moderate
W010,Kolathur Urban Catchment,North-West,13.1235,80.2188,122.13,35.38,4.0,6378.7,9.0,1.43,2.77,89.7,9.8,High_Density_Residential,7,85,3,Severe Inundation
W020,Mudichur Lake Sink,South-West,12.912,80.068,91.39,28.19,4.65,3012.3,2.84,0.21,1.89,44.0,57.1,High_Density_Residential,14,165,3,Severe Inundation
W004,Guindy Ridge Sector,South-Central,13.0067,80.2025,74.22,8.68,2.06,1843.3,13.73,2.05,3.86,34.0,68.6,Industrial,4,45,0,Low
W019,Royapettah Central,Central,13.053,80.261,98.01,45.84,3.96,7065.5,9.44,1.44,4.35,57.6,43.8,Commercial,4,50,2,High
W002,Velachery Lowlands,South,12.9815,80.218,50.06,10.23,3.57,3011.7,3.79,0.2,2.52,86.3,13.2,High_Density_Residential,12,140,2,High
W012,Manali Petrochemical Lowland,North-East,13.1706,80.2605,52.3,19.9,3.77,3030.9,3.25,0.34,1.95,57.0,47.9,Industrial,11,135,2,High
W018,Ambattur Industrial Zone,North-West,13.114,80.154,46.52,8.52,1.92,1970.8,11.61,1.83,3.52,31.7,75.5,Industrial,5,60,0,Low
W014,Porur Lake Fringe,West,13.033,80.158,25.84,8.52,2.57,459.2,5.96,0.67,2.77,45.4,57.8,High_Density_Residential,9,105,0,Low
W012,Manali Petrochemical Lowland,North-East,13.1706,80.2605,178.74,43.01,6.47,7709.9,3.27,0.29,2.26,58.9,38.5,Industrial,11,135,3,Severe Inundation
W003,Madipakkam Lake Basin,South,12.9647,80.1961,208.74,78.14,8.11,14557.1,2.17,0.2,1.81,61.3,34.4,High_Density_Residential,14,160,3,Severe Inundation
W017,Saidapet Riverine Basin,Central,13.021,80.223,154.62,48.31,6.21,6467.3,3.83,0.6,2.55,28.8,76.0,High_Density_Residential,11,130,3,Severe Inundation
W011,Sholinganallur IT Corridor,South-East,12.901,80.2279,8.82,6.59,2.41,215.4,5.15,0.61,3.7,74.0,18.1,Commercial,9,115,0,Low
W001,T. Nagar Commercial Hub,Central,13.0418,80.2341,304.26,56.42,8.45,7760.5,6.3,0.65,3.72,38.0,54.2,Commercial,8,90,3,Severe Inundation
W014,Porur Lake Fringe,West,13.033,80.158,38.61,14.82,3.09,2865.1,6.24,0.68,2.68,74.1,24.5,High_Density_Residential,9,105,1,Moderate
W016,Koyambedu Market Heights,West,13.069,80.194,45.27,16.67,0.94,2228.6,16.9,2.38,3.74,31.3,67.2,Commercial,3,35,0,Low
W004,Guindy Ridge Sector,South-Central,13.0067,80.2025,54.86,22.49,1.37,2295.2,14.82,2.18,4.37,25.2,73.6,Industrial,4,45,0,Low
W014,Porur Lake Fringe,West,13.033,80.158,22.21,4.94,2.95,754.1,5.12,0.75,2.19,31.9,63.2,High_Density_Residential,9,105,0,Low
W012,Manali Petrochemical Lowland,North-East,13.1706,80.2605,113.62,27.36,4.99,7829.0,3.16,0.29,2.0,30.1,68.5,Industrial,11,135,3,Severe Inundation
W015,St. Thomas Mount Ridge,South-Central,13.004,80.191,16.28,2.78,0.4,593.6,23.66,3.57,5.07,45.0,57.3,Low_Density_Residential,1,15,0,Low
W005,Adyar Estuary Buffer,Coastal,13.0012,80.2565,66.85,11.94,3.86,926.1,4.04,0.65,3.0,47.8,47.5,Green_Space,9,110,1,Moderate
W014,Porur Lake Fringe,West,13.033,80.158,126.32,31.96,4.98,3849.4,5.88,0.66,2.34,39.9,63.4,High_Density_Residential,9,105,3,Severe Inundation
W006,Anna Nagar High Ridge,West,13.085,80.2101,102.0,23.32,0.95,7610.5,18.71,3.02,4.87,81.1,20.5,Low_Density_Residential,1,20,0,Low
W017,Saidapet Riverine Basin,Central,13.021,80.223,32.42,9.4,3.32,317.7,3.68,0.71,2.76,77.6,30.0,High_Density_Residential,11,130,1,Moderate
W009,Perambur Railway Lowlands,North,13.1114,80.2437,72.87,12.8,4.24,2099.9,4.79,0.52,2.34,52.2,50.3,Commercial,10,125,2,High
W020,Mudichur Lake Sink,South-West,12.912,80.068,16.93,8.93,3.31,479.1,2.32,0.47,1.55,25.9,65.6,High_Density_Residential,14,165,1,Moderate
W018,Ambattur Industrial Zone,North-West,13.114,80.154,240.11,82.89,5.41,13067.6,10.79,1.93,3.55,63.3,36.6,Industrial,5,60,3,Severe Inundation
W016,Koyambedu Market Heights,West,13.069,80.194,22.7,9.81,0.63,518.0,16.81,2.6,4.19,49.5,49.0,Commercial,3,35,0,Low
W015,St. Thomas Mount Ridge,South-Central,13.004,80.191,80.74,23.23,0.7,1919.5,24.17,3.33,4.62,34.6,64.4,Low_Density_Residential,1,15,0,Low
W014,Porur Lake Fringe,West,13.033,80.158,53.5,19.43,3.47,886.7,5.66,0.58,2.28,15.6,91.8,High_Density_Residential,9,105,1,Moderate
W019,Royapettah Central,Central,13.053,80.261,29.35,6.43,1.83,450.2,10.32,1.73,4.09,9.1,90.2,Commercial,4,50,0,Low
W009,Perambur Railway Lowlands,North,13.1114,80.2437,78.28,17.28,4.28,2277.0,4.75,0.41,2.09,25.5,68.2,Commercial,10,125,2,High
W011,Sholinganallur IT Corridor,South-East,12.901,80.2279,21.74,8.69,2.67,443.4,4.79,0.71,3.57,26.8,80.9,Commercial,9,115,0,Low
W008,Tambaram Outer Plateau,South-West,12.9249,80.1,29.67,6.0,0.4,721.0,22.42,3.15,3.3,42.4,57.2,Low_Density_Residential,3,40,0,Low
W003,Madipakkam Lake Basin,South,12.9647,80.1961,58.31,16.66,4.27,3351.6,2.74,0.31,2.12,15.3,86.0,High_Density_Residential,14,160,2,High
W009,Perambur Railway Lowlands,North,13.1114,80.2437,30.0,4.73,2.94,328.3,4.72,0.66,2.5,67.6,30.3,Commercial,10,125,1,Moderate
W015,St. Thomas Mount Ridge,South-Central,13.004,80.191,11.46,8.03,0.4,236.4,24.26,3.53,4.74,42.2,64.8,Low_Density_Residential,1,15,0,Low
W008,Tambaram Outer Plateau,South-West,12.9249,80.1,37.45,21.34,0.4,2632.5,22.38,3.19,3.49,19.6,83.5,Low_Density_Residential,3,40,0,Low
W015,St. Thomas Mount Ridge,South-Central,13.004,80.191,81.01,24.15,0.51,2975.2,24.5,3.42,4.75,21.3,77.8,Low_Density_Residential,1,15,0,Low
W019,Royapettah Central,Central,13.053,80.261,202.34,72.59,5.04,10377.6,9.46,1.74,4.49,36.3,56.1,Commercial,4,50,3,Severe Inundation
W020,Mudichur Lake Sink,South-West,12.912,80.068,89.24,21.96,4.99,1974.4,3.13,0.2,1.5,45.2,60.4,High_Density_Residential,14,165,3,Severe Inundation
W013,Pallikaranai Marsh Reserve,South-East,12.936,80.214,31.36,6.48,3.56,955.3,2.06,0.32,1.6,40.2,64.3,Green_Space,15,175,1,Moderate
W011,Sholinganallur IT Corridor,South-East,12.901,80.2279,185.9,55.99,7.18,10750.5,4.28,0.6,3.26,34.6,65.1,Commercial,9,115,3,Severe Inundation
W001,T. Nagar Commercial Hub,Central,13.0418,80.2341,115.16,37.12,4.47,6860.8,6.68,0.78,3.6,68.6,31.4,Commercial,8,90,3,Severe Inundation
W016,Koyambedu Market Heights,West,13.069,80.194,87.22,24.94,1.34,1813.2,16.63,2.56,3.85,56.5,42.6,Commercial,3,35,0,Low
W011,Sholinganallur IT Corridor,South-East,12.901,80.2279,6.0,8.78,2.87,544.1,4.84,0.76,3.46,19.2,77.9,Commercial,9,115,0,Low
W006,Anna Nagar High Ridge,West,13.085,80.2101,59.71,20.05,0.81,2483.3,18.1,3.0,5.02,36.6,58.4,Low_Density_Residential,1,20,0,Low
W016,Koyambedu Market Heights,West,13.069,80.194,15.18,5.57,0.4,829.2,17.06,2.69,3.73,57.7,46.0,Commercial,3,35,0,Low
W007,Mylapore Heritage Sector,East,13.0368,80.2676,34.56,3.75,2.44,214.7,8.33,1.37,4.68,10.6,95.5,High_Density_Residential,5,55,0,Low
W012,Manali Petrochemical Lowland,North-East,13.1706,80.2605,80.0,8.1,4.17,3478.4,3.75,0.38,1.76,26.9,71.2,Industrial,11,135,2,High
W009,Perambur Railway Lowlands,North,13.1114,80.2437,339.17,50.74,10.13,15122.7,4.22,0.43,2.6,68.5,30.4,Commercial,10,125,3,Severe Inundation
W011,Sholinganallur IT Corridor,South-East,12.901,80.2279,163.61,28.71,5.77,4698.6,5.27,0.49,3.44,39.7,56.0,Commercial,9,115,3,Severe Inundation
W009,Perambur Railway Lowlands,North,13.1114,80.2437,2.41,6.34,2.61,898.1,4.85,0.41,2.74,26.7,70.4,Commercial,10,125,0,Low
W020,Mudichur Lake Sink,South-West,12.912,80.068,28.7,9.45,3.5,810.4,2.27,0.31,1.98,19.0,75.8,High_Density_Residential,14,165,1,Moderate
W009,Perambur Railway Lowlands,North,13.1114,80.2437,7.6,1.0,2.37,746.4,5.27,0.46,2.08,78.1,21.9,Commercial,10,125,0,Low
W018,Ambattur Industrial Zone,North-West,13.114,80.154,290.69,51.08,5.97,8183.0,11.13,2.05,3.34,41.9,60.4,Industrial,5,60,3,Severe Inundation
W001,T. Nagar Commercial Hub,Central,13.0418,80.2341,5.25,9.81,2.13,366.4,6.34,0.8,3.73,69.4,25.1,Commercial,8,90,0,Low
W017,Saidapet Riverine Basin,Central,13.021,80.223,40.14,16.23,3.44,1045.3,3.57,0.45,2.98,19.1,83.5,High_Density_Residential,11,130,1,Moderate
W007,Mylapore Heritage Sector,East,13.0368,80.2676,261.76,90.69,6.74,17662.0,8.86,1.13,4.45,66.5,31.3,High_Density_Residential,5,55,3,Severe Inundation
W003,Madipakkam Lake Basin,South,12.9647,80.1961,14.78,6.6,3.36,242.3,2.59,0.28,1.8,27.0,72.3,High_Density_Residential,14,160,1,Moderate
W008,Tambaram Outer Plateau,South-West,12.9249,80.1,50.16,10.98,0.41,2891.7,21.65,3.26,3.23,77.2,30.5,Low_Density_Residential,3,40,0,Low
W014,Porur Lake Fringe,West,13.033,80.158,130.41,49.38,4.94,7799.2,5.8,0.81,2.33,25.2,76.6,High_Density_Residential,9,105,3,Severe Inundation
W016,Koyambedu Market Heights,West,13.069,80.194,82.02,24.56,1.67,1986.6,16.52,2.15,4.21,74.7,25.9,Commercial,3,35,0,Low
W018,Ambattur Industrial Zone,North-West,13.114,80.154,140.15,26.21,3.45,6117.5,11.3,1.95,3.5,70.2,26.0,Industrial,5,60,2,High
W008,Tambaram Outer Plateau,South-West,12.9249,80.1,157.46,35.3,1.37,7054.1,21.47,3.05,3.32,47.7,53.3,Low_Density_Residential,3,40,0,Low
W016,Koyambedu Market Heights,West,13.069,80.194,318.15,61.15,4.04,12369.7,16.49,2.23,3.92,30.0,70.2,Commercial,3,35,3,Severe Inundation
W016,Koyambedu Market Heights,West,13.069,80.194,37.84,11.59,0.4,1000.7,17.39,2.53,3.89,53.3,44.7,Commercial,3,35,0,Low
W015,St. Thomas Mount Ridge,South-Central,13.004,80.191,7.85,8.86,0.41,768.5,24.42,3.35,4.68,17.4,73.9,Low_Density_Residential,1,15,0,Low
W001,T. Nagar Commercial Hub,Central,13.0418,80.2341,114.08,44.6,4.38,7978.0,6.19,0.79,4.25,40.1,54.4,Commercial,8,90,3,Severe Inundation
W003,Madipakkam Lake Basin,South,12.9647,80.1961,287.24,68.18,9.56,13940.6,2.63,0.2,1.86,69.4,35.9,High_Density_Residential,14,160,3,Severe Inundation
W010,Kolathur Urban Catchment,North-West,13.1235,80.2188,17.63,6.84,1.66,125.4,8.9,1.33,2.96,18.4,78.0,High_Density_Residential,7,85,0,Low
W008,Tambaram Outer Plateau,South-West,12.9249,80.1,65.1,11.93,0.64,1728.3,21.58,3.35,3.17,25.7,74.7,Low_Density_Residential,3,40,0,Low
W013,Pallikaranai Marsh Reserve,South-East,12.936,80.214,11.17,9.01,2.94,595.0,2.98,0.2,1.9,40.9,52.0,Green_Space,15,175,0,Low
W008,Tambaram Outer Plateau,South-West,12.9249,80.1,79.31,10.75,0.93,1590.7,22.32,3.02,2.83,27.7,77.3,Low_Density_Residential,3,40,0,Low
W010,Kolathur Urban Catchment,North-West,13.1235,80.2188,89.54,24.71,2.9,2514.6,8.26,1.33,3.3,23.0,76.7,High_Density_Residential,7,85,1,Moderate
W019,Royapettah Central,Central,13.053,80.261,20.16,3.44,1.62,653.4,9.43,1.48,4.17,24.7,74.2,Commercial,4,50,0,Low
W012,Manali Petrochemical Lowland,North-East,13.1706,80.2605,159.85,36.05,6.7,6987.4,3.03,0.2,1.9,41.3,55.7,Industrial,11,135,3,Severe Inundation
W016,Koyambedu Market Heights,West,13.069,80.194,13.99,6.5,0.4,207.3,16.87,2.46,4.2,5.0,96.4,Commercial,3,35,0,Low
W018,Ambattur Industrial Zone,North-West,13.114,80.154,15.79,3.63,1.17,788.6,10.89,1.95,3.43,11.5,89.5,Industrial,5,60,0,Low
W017,Saidapet Riverine Basin,Central,13.021,80.223,53.95,18.64,3.47,3258.1,3.74,0.51,3.03,32.8,61.5,High_Density_Residential,11,130,2,High
W012,Manali Petrochemical Lowland,North-East,13.1706,80.2605,2.27,9.73,2.93,488.5,2.44,0.2,2.09,40.4,53.4,Industrial,11,135,1,Moderate
W014,Porur Lake Fringe,West,13.033,80.158,8.22,5.5,2.22,813.9,5.64,0.76,2.32,34.9,66.9,High_Density_Residential,9,105,0,Low
W018,Ambattur Industrial Zone,North-West,13.114,80.154,112.74,29.82,3.12,5685.6,10.76,1.89,3.84,24.1,68.7,Industrial,5,60,1,Moderate
W011,Sholinganallur IT Corridor,South-East,12.901,80.2279,29.41,4.2,2.88,353.4,4.28,0.25,3.45,51.0,58.1,Commercial,9,115,0,Low
W012,Manali Petrochemical Lowland,North-East,13.1706,80.2605,62.54,16.32,3.99,2031.5,3.25,0.5,2.03,49.4,52.9,Industrial,11,135,2,High
W015,St. Thomas Mount Ridge,South-Central,13.004,80.191,68.01,10.66,0.44,2245.9,24.06,3.61,4.75,5.0,96.8,Low_Density_Residential,1,15,0,Low
W009,Perambur Railway Lowlands,North,13.1114,80.2437,88.78,15.39,4.25,1206.2,4.95,0.8,2.18,21.8,80.2,Commercial,10,125,2,High
W010,Kolathur Urban Catchment,North-West,13.1235,80.2188,7.99,3.2,1.8,849.6,9.04,1.51,3.15,34.6,63.6,High_Density_Residential,7,85,0,Low
W009,Perambur Railway Lowlands,North,13.1114,80.2437,9.47,5.22,2.41,482.4,5.16,0.37,2.53,16.3,78.2,Commercial,10,125,0,Low
W008,Tambaram Outer Plateau,South-West,12.9249,80.1,116.31,29.91,0.91,6407.6,22.32,3.03,3.12,21.2,81.3,Low_Density_Residential,3,40,0,Low
W004,Guindy Ridge Sector,South-Central,13.0067,80.2025,14.98,1.58,1.02,303.6,14.14,2.19,4.51,44.4,56.9,Industrial,4,45,0,Low
W007,Mylapore Heritage Sector,East,13.0368,80.2676,8.16,6.89,2.0,438.2,8.68,1.14,4.49,60.8,40.4,High_Density_Residential,5,55,0,Low
W011,Sholinganallur IT Corridor,South-East,12.901,80.2279,148.34,32.12,5.78,3080.8,4.55,0.47,3.23,36.3,61.4,Commercial,9,115,3,Severe Inundation
W004,Guindy Ridge Sector,South-Central,13.0067,80.2025,112.97,22.68,2.15,3393.4,14.56,2.19,4.42,37.2,69.7,Industrial,4,45,0,Low
W018,Ambattur Industrial Zone,North-West,13.114,80.154,11.55,6.96,1.4,651.8,11.66,2.09,3.76,48.7,45.6,Industrial,5,60,0,Low
W006,Anna Nagar High Ridge,West,13.085,80.2101,155.23,21.79,1.55,5907.5,18.83,2.79,4.55,59.2,45.0,Low_Density_Residential,1,20,0,Low
W007,Mylapore Heritage Sector,East,13.0368,80.2676,109.48,27.91,3.84,4042.6,8.61,1.29,4.85,7.5,82.2,High_Density_Residential,5,55,1,Moderate
W007,Mylapore Heritage Sector,East,13.0368,80.2676,60.89,14.6,2.63,3015.8,8.68,1.53,4.59,26.1,72.6,High_Density_Residential,5,55,0,Low
W016,Koyambedu Market Heights,West,13.069,80.194,7.14,6.67,0.4,761.9,16.89,2.31,3.99,46.1,62.5,Commercial,3,35,0,Low
W009,Perambur Railway Lowlands,North,13.1114,80.2437,25.82,8.3,3.23,470.7,4.92,0.41,2.27,46.5,52.0,Commercial,10,125,1,Moderate
W019,Royapettah Central,Central,13.053,80.261,243.14,53.99,6.04,10493.5,9.11,1.23,4.07,66.0,38.2,Commercial,4,50,3,Severe Inundation
W017,Saidapet Riverine Basin,Central,13.021,80.223,130.13,30.4,5.69,7179.6,4.2,0.38,2.64,55.8,49.3,High_Density_Residential,11,130,3,Severe Inundation
W020,Mudichur Lake Sink,South-West,12.912,80.068,26.05,7.73,3.13,457.7,2.54,0.32,1.98,33.6,58.9,High_Density_Residential,14,165,1,Moderate
W010,Kolathur Urban Catchment,North-West,13.1235,80.2188,154.99,38.45,4.13,3754.0,9.49,1.39,2.97,66.5,34.4,High_Density_Residential,7,85,3,Severe Inundation
W004,Guindy Ridge Sector,South-Central,13.0067,80.2025,7.22,2.51,0.71,695.7,14.77,1.95,4.26,39.7,63.2,Industrial,4,45,0,Low
W007,Mylapore Heritage Sector,East,13.0368,80.2676,9.19,3.94,1.65,665.6,8.99,1.12,4.66,13.0,93.0,High_Density_Residential,5,55,0,Low
W010,Kolathur Urban Catchment,North-West,13.1235,80.2188,31.53,3.24,2.14,182.2,9.86,1.29,3.03,34.2,63.6,High_Density_Residential,7,85,0,Low
W008,Tambaram Outer Plateau,South-West,12.9249,80.1,109.2,29.76,1.34,3753.7,22.43,3.02,3.17,52.4,49.4,Low_Density_Residential,3,40,0,Low
W012,Manali Petrochemical Lowland,North-East,13.1706,80.2605,44.82,14.39,3.79,2063.2,2.65,0.21,2.06,38.2,53.7,Industrial,11,135,2,High
W006,Anna Nagar High Ridge,West,13.085,80.2101,51.1,10.96,0.62,2937.2,18.63,2.78,5.03,71.8,26.5,Low_Density_Residential,1,20,0,Low
W010,Kolathur Urban Catchment,North-West,13.1235,80.2188,17.88,6.37,2.09,358.6,9.06,1.15,2.76,43.3,56.9,High_Density_Residential,7,85,0,Low
W001,T. Nagar Commercial Hub,Central,13.0418,80.2341,86.33,11.33,3.89,2864.3,6.27,0.79,3.46,45.5,51.0,Commercial,8,90,2,High
W018,Ambattur Industrial Zone,North-West,13.114,80.154,45.58,12.6,2.42,3105.8,11.29,1.59,3.29,55.3,45.2,Industrial,5,60,0,Low
W005,Adyar Estuary Buffer,Coastal,13.0012,80.2565,53.38,11.53,4.2,2960.9,4.01,0.51,3.01,43.8,43.8,Green_Space,9,110,1,Moderate
W009,Perambur Railway Lowlands,North,13.1114,80.2437,21.3,6.99,2.94,741.4,5.26,0.46,2.63,81.8,14.4,Commercial,10,125,1,Moderate
W002,Velachery Lowlands,South,12.9815,80.218,41.27,9.43,3.51,1716.8,3.75,0.44,2.09,34.6,66.4,High_Density_Residential,12,140,1,Moderate
W002,Velachery Lowlands,South,12.9815,80.218,169.86,20.33,7.22,7431.5,2.81,0.62,1.61,39.7,60.3,High_Density_Residential,12,140,3,Severe Inundation
W018,Ambattur Industrial Zone,North-West,13.114,80.154,82.9,11.63,2.73,1951.3,11.26,1.78,3.56,59.2,47.7,Industrial,5,60,0,Low
W010,Kolathur Urban Catchment,North-West,13.1235,80.2188,23.71,7.46,1.8,602.2,9.33,1.25,3.07,15.7,83.1,High_Density_Residential,7,85,0,Low
W005,Adyar Estuary Buffer,Coastal,13.0012,80.2565,145.43,28.77,6.1,5103.8,3.77,0.55,2.9,56.9,35.0,Green_Space,9,110,3,Severe Inundation
W016,Koyambedu Market Heights,West,13.069,80.194,7.56,7.55,0.4,265.4,16.86,2.26,4.0,26.7,72.3,Commercial,3,35,0,Low
W004,Guindy Ridge Sector,South-Central,13.0067,80.2025,14.66,9.46,1.07,723.6,14.21,2.05,4.4,65.5,36.5,Industrial,4,45,0,Low
W001,T. Nagar Commercial Hub,Central,13.0418,80.2341,273.14,88.34,8.1,17509.6,6.64,0.88,3.59,35.7,55.1,Commercial,8,90,3,Severe Inundation
W019,Royapettah Central,Central,13.053,80.261,69.89,22.07,2.64,1954.8,10.3,1.56,4.27,21.0,79.2,Commercial,4,50,0,Low
W010,Kolathur Urban Catchment,North-West,13.1235,80.2188,89.94,17.85,3.47,914.1,8.81,1.16,2.99,63.8,37.2,High_Density_Residential,7,85,1,Moderate
W016,Koyambedu Market Heights,West,13.069,80.194,85.31,19.47,1.12,1890.1,17.4,2.36,4.2,48.6,53.7,Commercial,3,35,0,Low
W016,Koyambedu Market Heights,West,13.069,80.194,17.97,7.32,0.4,304.5,16.83,2.21,3.97,24.5,73.5,Commercial,3,35,0,Low
W015,St. Thomas Mount Ridge,South-Central,13.004,80.191,8.63,7.97,0.4,741.3,23.93,3.3,5.2,37.7,54.6,Low_Density_Residential,1,15,0,Low
W011,Sholinganallur IT Corridor,South-East,12.901,80.2279,87.73,11.5,4.42,2568.0,4.61,0.36,3.48,58.1,36.0,Commercial,9,115,2,High
W006,Anna Nagar High Ridge,West,13.085,80.2101,330.05,45.21,3.2,16797.1,18.1,2.68,4.84,39.4,65.0,Low_Density_Residential,1,20,2,High
W002,Velachery Lowlands,South,12.9815,80.218,7.92,2.12,2.68,923.4,2.91,0.42,2.07,29.2,68.1,High_Density_Residential,12,140,0,Low
W009,Perambur Railway Lowlands,North,13.1114,80.2437,137.89,33.03,5.73,4936.7,4.27,0.43,2.32,42.4,57.3,Commercial,10,125,3,Severe Inundation
W016,Koyambedu Market Heights,West,13.069,80.194,111.21,48.05,1.63,7774.5,16.25,2.31,4.02,91.4,8.6,Commercial,3,35,1,Moderate
W004,Guindy Ridge Sector,South-Central,13.0067,80.2025,80.37,16.58,1.71,3274.5,14.62,2.16,4.11,44.9,54.9,Industrial,4,45,0,Low
W003,Madipakkam Lake Basin,South,12.9647,80.1961,23.95,8.56,3.4,424.3,2.63,0.29,1.51,49.4,49.0,High_Density_Residential,14,160,1,Moderate
W013,Pallikaranai Marsh Reserve,South-East,12.936,80.214,16.27,8.45,3.4,122.2,2.19,0.23,1.69,11.9,83.2,Green_Space,15,175,1,Moderate
W016,Koyambedu Market Heights,West,13.069,80.194,61.6,20.39,0.92,1991.7,16.29,2.25,3.98,26.4,69.5,Commercial,3,35,0,Low
W003,Madipakkam Lake Basin,South,12.9647,80.1961,154.52,37.44,6.7,7793.5,2.3,0.2,1.41,14.2,91.3,High_Density_Residential,14,160,3,Severe Inundation
W019,Royapettah Central,Central,13.053,80.261,95.82,38.63,3.17,4176.6,9.73,1.51,3.89,52.0,42.6,Commercial,4,50,2,High
W002,Velachery Lowlands,South,12.9815,80.218,296.36,62.48,10.24,8474.9,2.61,0.41,2.53,32.1,68.0,High_Density_Residential,12,140,3,Severe Inundation
W005,Adyar Estuary Buffer,Coastal,13.0012,80.2565,17.17,2.68,2.95,672.7,3.72,0.6,3.03,5.8,86.4,Green_Space,9,110,0,Low
W005,Adyar Estuary Buffer,Coastal,13.0012,80.2565,94.55,34.8,4.54,4480.0,4.19,0.59,3.11,23.9,73.9,Green_Space,9,110,2,High
W019,Royapettah Central,Central,13.053,80.261,54.61,22.16,2.06,919.7,9.94,1.32,3.93,71.2,27.4,Commercial,4,50,0,Low
W010,Kolathur Urban Catchment,North-West,13.1235,80.2188,147.98,20.61,4.36,6623.2,8.65,1.51,2.79,32.0,69.4,High_Density_Residential,7,85,2,High
W003,Madipakkam Lake Basin,South,12.9647,80.1961,132.88,45.58,6.49,4235.7,2.52,0.28,1.86,12.8,84.8,High_Density_Residential,14,160,3,Severe Inundation
W008,Tambaram Outer Plateau,South-West,12.9249,80.1,51.97,18.33,0.42,1299.9,21.55,3.26,2.94,27.2,70.3,Low_Density_Residential,3,40,0,Low
W004,Guindy Ridge Sector,South-Central,13.0067,80.2025,13.38,6.84,0.79,894.5,14.36,2.04,4.18,44.2,57.5,Industrial,4,45,0,Low
W018,Ambattur Industrial Zone,North-West,13.114,80.154,215.22,86.82,5.02,14744.9,11.32,1.85,3.54,36.4,64.5,Industrial,5,60,3,Severe Inundation
W014,Porur Lake Fringe,West,13.033,80.158,87.8,13.7,4.46,2902.1,5.42,0.87,2.55,37.2,69.2,High_Density_Residential,9,105,2,High
W020,Mudichur Lake Sink,South-West,12.912,80.068,106.96,43.54,5.62,5980.8,2.68,0.26,2.1,16.9,81.5,High_Density_Residential,14,165,3,Severe Inundation
W020,Mudichur Lake Sink,South-West,12.912,80.068,21.67,3.25,3.47,400.5,2.02,0.3,1.75,22.9,73.2,High_Density_Residential,14,165,1,Moderate
W020,Mudichur Lake Sink,South-West,12.912,80.068,179.24,35.94,7.28,6413.9,2.05,0.2,1.51,22.9,84.3,High_Density_Residential,14,165,3,Severe Inundation
W008,Tambaram Outer Plateau,South-West,12.9249,80.1,23.66,2.48,0.4,150.4,22.56,3.24,3.69,26.4,69.2,Low_Density_Residential,3,40,0,Low
W017,Saidapet Riverine Basin,Central,13.021,80.223,48.39,10.2,3.48,3115.0,4.24,0.53,2.5,79.3,12.6,High_Density_Residential,11,130,2,High
W013,Pallikaranai Marsh Reserve,South-East,12.936,80.214,79.0,22.18,4.88,1621.3,2.43,0.2,1.53,11.3,91.3,Green_Space,15,175,2,High
W015,St. Thomas Mount Ridge,South-Central,13.004,80.191,109.48,44.09,0.98,4998.2,24.24,3.39,4.47,13.0,79.9,Low_Density_Residential,1,15,0,Low
W015,St. Thomas Mount Ridge,South-Central,13.004,80.191,17.04,9.58,0.45,865.4,24.02,3.61,4.8,35.1,68.0,Low_Density_Residential,1,15,0,Low
W010,Kolathur Urban Catchment,North-West,13.1235,80.2188,2.71,9.5,1.28,252.7,8.63,1.18,2.72,19.8,87.8,High_Density_Residential,7,85,0,Low
W019,Royapettah Central,Central,13.053,80.261,15.96,6.02,2.22,899.7,9.17,1.44,4.19,41.8,48.8,Commercial,4,50,0,Low
W014,Porur Lake Fringe,West,13.033,80.158,144.19,33.62,5.43,5039.7,5.27,0.7,2.65,22.3,76.1,High_Density_Residential,9,105,3,Severe Inundation
W010,Kolathur Urban Catchment,North-West,13.1235,80.2188,72.86,16.72,3.2,2084.3,9.12,1.7,3.44,59.2,32.9,High_Density_Residential,7,85,1,Moderate
W019,Royapettah Central,Central,13.053,80.261,20.48,6.32,1.85,974.8,9.0,1.26,4.59,57.1,34.2,Commercial,4,50,0,Low
W020,Mudichur Lake Sink,South-West,12.912,80.068,317.85,53.2,10.76,7772.6,2.1,0.23,1.8,48.2,52.0,High_Density_Residential,14,165,3,Severe Inundation
W002,Velachery Lowlands,South,12.9815,80.218,106.14,37.2,4.98,7919.2,3.57,0.3,1.88,32.5,67.0,High_Density_Residential,12,140,3,Severe Inundation
W020,Mudichur Lake Sink,South-West,12.912,80.068,6.26,9.51,2.8,740.7,2.2,0.56,1.87,43.3,54.9,High_Density_Residential,14,165,1,Moderate
W004,Guindy Ridge Sector,South-Central,13.0067,80.2025,8.98,6.01,1.18,808.4,13.98,2.06,4.3,42.0,51.6,Industrial,4,45,0,Low
W007,Mylapore Heritage Sector,East,13.0368,80.2676,306.25,81.2,7.89,9452.6,8.35,1.17,4.68,43.9,55.0,High_Density_Residential,5,55,3,Severe Inundation
W007,Mylapore Heritage Sector,East,13.0368,80.2676,9.74,2.73,1.79,617.3,8.9,1.12,4.49,21.6,78.1,High_Density_Residential,5,55,0,Low
W009,Perambur Railway Lowlands,North,13.1114,80.2437,21.55,7.83,2.89,271.6,5.32,0.54,2.63,51.4,51.9,Commercial,10,125,1,Moderate
W003,Madipakkam Lake Basin,South,12.9647,80.1961,182.19,62.76,7.26,10450.8,2.16,0.2,1.97,61.1,45.4,High_Density_Residential,14,160,3,Severe Inundation
W006,Anna Nagar High Ridge,West,13.085,80.2101,166.69,48.95,1.64,5906.9,18.49,2.88,4.8,59.0,36.3,Low_Density_Residential,1,20,0,Low
W008,Tambaram Outer Plateau,South-West,12.9249,80.1,48.98,12.4,0.4,2118.5,21.67,3.25,2.88,13.1,82.9,Low_Density_Residential,3,40,0,Low
W006,Anna Nagar High Ridge,West,13.085,80.2101,17.47,4.59,0.51,223.2,19.15,2.6,5.02,66.8,28.0,Low_Density_Residential,1,20,0,Low
W018,Ambattur Industrial Zone,North-West,13.114,80.154,131.06,35.93,3.52,3731.9,11.3,1.64,3.81,30.2,64.2,Industrial,5,60,2,High
W003,Madipakkam Lake Basin,South,12.9647,80.1961,31.2,7.51,3.46,702.8,2.24,0.42,1.52,58.0,38.7,High_Density_Residential,14,160,2,High
W006,Anna Nagar High Ridge,West,13.085,80.2101,54.03,19.43,0.58,3367.8,17.31,2.61,5.12,40.3,62.9,Low_Density_Residential,1,20,0,Low
W001,T. Nagar Commercial Hub,Central,13.0418,80.2341,165.59,28.77,5.19,7655.1,6.93,0.87,3.69,48.5,56.9,Commercial,8,90,3,Severe Inundation
W014,Porur Lake Fringe,West,13.033,80.158,55.73,23.67,3.69,897.9,5.34,0.78,2.52,31.9,67.6,High_Density_Residential,9,105,2,High
W015,St. Thomas Mount Ridge,South-Central,13.004,80.191,3.58,3.22,0.4,228.9,23.48,3.54,4.84,57.4,48.2,Low_Density_Residential,1,15,0,Low
W020,Mudichur Lake Sink,South-West,12.912,80.068,82.39,10.56,4.93,1552.9,2.18,0.29,1.1,23.5,75.7,High_Density_Residential,14,165,3,Severe Inundation
W016,Koyambedu Market Heights,West,13.069,80.194,54.29,12.65,0.81,2359.0,17.11,2.54,4.05,43.6,53.4,Commercial,3,35,0,Low
W010,Kolathur Urban Catchment,North-West,13.1235,80.2188,53.27,8.16,2.72,1340.6,8.45,1.25,2.93,56.6,44.3,High_Density_Residential,7,85,0,Low
W002,Velachery Lowlands,South,12.9815,80.218,13.92,8.76,3.29,481.9,3.2,0.53,1.96,24.7,82.5,High_Density_Residential,12,140,0,Low
W008,Tambaram Outer Plateau,South-West,12.9249,80.1,88.99,22.13,0.62,3261.7,22.33,3.09,3.13,22.6,71.5,Low_Density_Residential,3,40,0,Low
W010,Kolathur Urban Catchment,North-West,13.1235,80.2188,54.15,19.18,2.5,842.2,9.31,1.35,3.19,59.2,35.3,High_Density_Residential,7,85,0,Low
W010,Kolathur Urban Catchment,North-West,13.1235,80.2188,7.04,6.64,1.59,166.3,8.58,1.24,3.09,82.6,24.0,High_Density_Residential,7,85,0,Low
W015,St. Thomas Mount Ridge,South-Central,13.004,80.191,89.16,21.1,0.89,3408.1,22.82,3.74,4.68,30.9,62.6,Low_Density_Residential,1,15,0,Low
W003,Madipakkam Lake Basin,South,12.9647,80.1961,32.73,2.31,3.81,669.2,2.11,0.34,1.69,11.3,84.5,High_Density_Residential,14,160,1,Moderate
W008,Tambaram Outer Plateau,South-West,12.9249,80.1,19.86,9.61,0.4,452.1,22.18,3.19,3.32,50.3,44.6,Low_Density_Residential,3,40,0,Low
W009,Perambur Railway Lowlands,North,13.1114,80.2437,116.7,36.88,4.99,4246.8,4.95,0.67,2.23,27.7,66.5,Commercial,10,125,3,Severe Inundation
W019,Royapettah Central,Central,13.053,80.261,54.59,19.45,2.33,2768.9,9.22,1.55,3.81,78.3,16.6,Commercial,4,50,0,Low
W007,Mylapore Heritage Sector,East,13.0368,80.2676,4.0,7.18,1.3,611.0,9.03,1.05,4.74,54.9,44.6,High_Density_Residential,5,55,0,Low
W014,Porur Lake Fringe,West,13.033,80.158,83.01,14.96,4.04,1257.7,5.76,0.78,2.3,50.4,32.7,High_Density_Residential,9,105,2,High
W004,Guindy Ridge Sector,South-Central,13.0067,80.2025,30.72,2.53,1.2,417.2,14.6,2.18,4.15,12.1,86.1,Industrial,4,45,0,Low
W018,Ambattur Industrial Zone,North-West,13.114,80.154,58.84,15.8,1.99,3417.8,11.56,1.58,3.78,26.7,78.3,Industrial,5,60,0,Low
W008,Tambaram Outer Plateau,South-West,12.9249,80.1,163.07,44.4,1.58,6213.6,22.44,3.18,3.07,38.3,66.0,Low_Density_Residential,3,40,0,Low
W005,Adyar Estuary Buffer,Coastal,13.0012,80.2565,64.67,16.8,4.0,823.7,4.22,0.51,2.55,34.8,66.1,Green_Space,9,110,1,Moderate
W009,Perambur Railway Lowlands,North,13.1114,80.2437,129.0,42.76,5.16,3487.9,5.32,0.49,2.34,38.6,67.8,Commercial,10,125,3,Severe Inundation
W005,Adyar Estuary Buffer,Coastal,13.0012,80.2565,108.85,48.47,4.5,3303.9,3.98,0.69,2.8,58.0,41.7,Green_Space,9,110,2,High
W003,Madipakkam Lake Basin,South,12.9647,80.1961,141.21,46.8,6.48,6182.7,2.94,0.49,1.9,24.9,78.7,High_Density_Residential,14,160,3,Severe Inundation
W002,Velachery Lowlands,South,12.9815,80.218,90.4,35.04,5.2,6524.2,3.37,0.25,1.99,40.1,57.3,High_Density_Residential,12,140,3,Severe Inundation
W006,Anna Nagar High Ridge,West,13.085,80.2101,129.42,43.28,0.91,6596.3,18.97,3.08,4.79,25.2,75.9,Low_Density_Residential,1,20,0,Low
W010,Kolathur Urban Catchment,North-West,13.1235,80.2188,60.17,13.52,2.71,1293.8,8.7,1.23,2.93,44.8,54.4,High_Density_Residential,7,85,0,Low
W020,Mudichur Lake Sink,South-West,12.912,80.068,232.61,88.82,8.44,16353.6,2.56,0.36,1.66,19.7,81.0,High_Density_Residential,14,165,3,Severe Inundation
W019,Royapettah Central,Central,13.053,80.261,312.01,87.19,7.03,14566.6,9.55,1.6,4.28,25.4,67.5,Commercial,4,50,3,Severe Inundation
W010,Kolathur Urban Catchment,North-West,13.1235,80.2188,29.51,1.79,1.92,667.7,10.15,1.48,3.29,27.1,73.4,High_Density_Residential,7,85,0,Low
W015,St. Thomas Mount Ridge,South-Central,13.004,80.191,129.4,36.64,1.46,6999.1,23.46,3.58,4.82,55.9,44.4,Low_Density_Residential,1,15,0,Low
W004,Guindy Ridge Sector,South-Central,13.0067,80.2025,98.95,31.42,2.12,6846.9,13.86,2.11,4.05,26.5,69.7,Industrial,4,45,0,Low
W015,St. Thomas Mount Ridge,South-Central,13.004,80.191,29.43,4.14,0.4,460.1,24.0,3.65,4.54,41.0,51.8,Low_Density_Residential,1,15,0,Low
W010,Kolathur Urban Catchment,North-West,13.1235,80.2188,5.77,7.66,1.44,793.0,9.04,1.36,3.2,50.7,45.2,High_Density_Residential,7,85,0,Low
W013,Pallikaranai Marsh Reserve,South-East,12.936,80.214,20.54,1.12,3.28,470.7,1.94,0.2,1.64,28.8,67.4,Green_Space,15,175,1,Moderate
W009,Perambur Railway Lowlands,North,13.1114,80.2437,130.08,30.38,5.25,5256.0,4.96,0.54,2.48,17.1,83.8,Commercial,10,125,3,Severe Inundation
W017,Saidapet Riverine Basin,Central,13.021,80.223,301.15,50.17,9.11,9927.1,3.34,0.44,2.73,15.0,83.6,High_Density_Residential,11,130,3,Severe Inundation
W018,Ambattur Industrial Zone,North-West,13.114,80.154,54.13,14.8,2.22,1774.2,11.13,1.99,3.59,21.8,71.3,Industrial,5,60,0,Low
W016,Koyambedu Market Heights,West,13.069,80.194,119.44,29.87,1.32,5991.0,16.57,2.27,4.4,10.7,85.6,Commercial,3,35,0,Low
W015,St. Thomas Mount Ridge,South-Central,13.004,80.191,166.57,27.71,1.42,5035.5,25.32,3.48,4.66,41.3,52.9,Low_Density_Residential,1,15,0,Low
W003,Madipakkam Lake Basin,South,12.9647,80.1961,322.29,83.57,10.19,11820.9,2.97,0.32,1.79,17.3,79.8,High_Density_Residential,14,160,3,Severe Inundation
W020,Mudichur Lake Sink,South-West,12.912,80.068,89.04,11.07,5.0,2395.7,2.04,0.34,1.56,28.6,74.2,High_Density_Residential,14,165,3,Severe Inundation
W002,Velachery Lowlands,South,12.9815,80.218,146.8,35.42,6.26,6543.5,3.64,0.35,2.2,61.3,38.5,High_Density_Residential,12,140,3,Severe Inundation
W014,Porur Lake Fringe,West,13.033,80.158,235.42,63.47,6.93,16831.7,6.03,0.26,2.51,29.7,64.2,High_Density_Residential,9,105,3,Severe Inundation
W011,Sholinganallur IT Corridor,South-East,12.901,80.2279,15.5,7.29,2.79,674.9,5.12,0.53,3.33,49.8,51.2,Commercial,9,115,0,Low
W020,Mudichur Lake Sink,South-West,12.912,80.068,19.9,4.34,3.47,727.7,2.7,0.29,1.82,67.3,33.3,High_Density_Residential,14,165,1,Moderate
W009,Perambur Railway Lowlands,North,13.1114,80.2437,20.25,6.84,2.78,451.2,5.23,0.5,2.79,41.6,56.3,Commercial,10,125,0,Low
W001,T. Nagar Commercial Hub,Central,13.0418,80.2341,99.92,43.68,4.08,3840.5,6.69,0.69,3.69,39.3,57.7,Commercial,8,90,3,Severe Inundation
W003,Madipakkam Lake Basin,South,12.9647,80.1961,14.64,2.83,2.97,679.6,3.43,0.49,1.76,81.0,16.1,High_Density_Residential,14,160,1,Moderate
W008,Tambaram Outer Plateau,South-West,12.9249,80.1,51.9,17.07,0.4,1162.6,21.78,3.04,3.16,38.2,65.1,Low_Density_Residential,3,40,0,Low
W019,Royapettah Central,Central,13.053,80.261,329.19,93.47,7.36,8816.5,9.69,1.36,4.14,28.9,69.6,Commercial,4,50,3,Severe Inundation
W019,Royapettah Central,Central,13.053,80.261,16.31,5.12,2.39,595.8,9.2,1.41,4.51,65.0,39.8,Commercial,4,50,0,Low
W001,T. Nagar Commercial Hub,Central,13.0418,80.2341,15.37,9.34,2.72,417.8,6.35,0.8,3.51,14.7,95.8,Commercial,8,90,0,Low
W009,Perambur Railway Lowlands,North,13.1114,80.2437,39.8,23.74,2.91,2030.1,5.14,0.7,2.43,14.0,79.8,Commercial,10,125,1,Moderate
W019,Royapettah Central,Central,13.053,80.261,150.48,49.12,3.46,4274.0,9.69,1.55,3.78,72.2,29.2,Commercial,4,50,3,Severe Inundation
W002,Velachery Lowlands,South,12.9815,80.218,18.75,7.23,3.51,667.2,2.59,0.37,1.71,59.6,32.6,High_Density_Residential,12,140,1,Moderate
W006,Anna Nagar High Ridge,West,13.085,80.2101,9.4,4.23,0.4,307.3,18.71,3.0,5.23,16.5,81.8,Low_Density_Residential,1,20,0,Low
W016,Koyambedu Market Heights,West,13.069,80.194,17.45,8.76,0.7,553.6,17.14,2.52,4.22,21.1,83.4,Commercial,3,35,0,Low
W017,Saidapet Riverine Basin,Central,13.021,80.223,41.83,15.14,3.29,1324.4,3.69,0.23,2.84,42.7,59.6,High_Density_Residential,11,130,1,Moderate
W015,St. Thomas Mount Ridge,South-Central,13.004,80.191,58.09,23.13,0.62,1980.9,23.47,3.54,4.81,22.9,73.4,Low_Density_Residential,1,15,0,Low
W009,Perambur Railway Lowlands,North,13.1114,80.2437,4.54,2.85,2.77,743.9,4.71,0.47,2.83,28.8,72.8,Commercial,10,125,0,Low
W006,Anna Nagar High Ridge,West,13.085,80.2101,27.77,4.27,0.4,762.4,19.11,3.06,4.98,72.3,27.7,Low_Density_Residential,1,20,0,Low
W019,Royapettah Central,Central,13.053,80.261,53.58,9.22,2.71,3347.5,9.73,1.57,4.15,30.3,69.3,Commercial,4,50,0,Low
W014,Porur Lake Fringe,West,13.033,80.158,51.53,17.71,3.75,1204.9,5.24,0.87,2.62,45.0,62.8,High_Density_Residential,9,105,1,Moderate
W016,Koyambedu Market Heights,West,13.069,80.194,99.34,31.55,1.93,6880.6,16.05,2.29,4.33,13.3,97.8,Commercial,3,35,0,Low
W003,Madipakkam Lake Basin,South,12.9647,80.1961,113.32,30.32,5.54,7952.4,2.11,0.5,1.5,64.9,37.4,High_Density_Residential,14,160,3,Severe Inundation
W016,Koyambedu Market Heights,West,13.069,80.194,106.0,21.54,1.19,6414.8,16.58,2.4,3.86,26.6,69.3,Commercial,3,35,0,Low
W012,Manali Petrochemical Lowland,North-East,13.1706,80.2605,4.23,2.54,2.57,985.9,4.14,0.56,1.78,25.0,79.6,Industrial,11,135,0,Low
W014,Porur Lake Fringe,West,13.033,80.158,228.67,77.72,6.94,12618.8,5.58,0.91,2.62,32.2,67.4,High_Density_Residential,9,105,3,Severe Inundation
W011,Sholinganallur IT Corridor,South-East,12.901,80.2279,7.23,6.78,2.82,745.3,3.54,0.34,3.39,10.1,90.1,Commercial,9,115,0,Low
W011,Sholinganallur IT Corridor,South-East,12.901,80.2279,102.6,40.12,4.64,4181.6,4.89,0.45,3.2,35.1,66.6,Commercial,9,115,3,Severe Inundation
W004,Guindy Ridge Sector,South-Central,13.0067,80.2025,32.75,5.71,1.21,138.9,13.67,2.01,4.13,78.2,19.4,Industrial,4,45,0,Low
W006,Anna Nagar High Ridge,West,13.085,80.2101,9.46,6.76,0.4,511.3,18.09,3.03,4.99,7.7,90.0,Low_Density_Residential,1,20,0,Low
W011,Sholinganallur IT Corridor,South-East,12.901,80.2279,191.19,65.96,6.63,13621.6,4.57,0.56,3.5,42.2,62.7,Commercial,9,115,3,Severe Inundation
W014,Porur Lake Fringe,West,13.033,80.158,18.95,6.49,2.24,272.2,6.28,0.83,2.21,59.1,36.2,High_Density_Residential,9,105,0,Low
W016,Koyambedu Market Heights,West,13.069,80.194,293.84,65.91,3.38,14838.7,17.15,2.45,3.7,65.1,37.9,Commercial,3,35,3,Severe Inundation
W010,Kolathur Urban Catchment,North-West,13.1235,80.2188,59.72,16.38,2.7,1606.2,8.03,1.45,3.05,22.9,76.6,High_Density_Residential,7,85,0,Low
W013,Pallikaranai Marsh Reserve,South-East,12.936,80.214,19.28,1.71,3.14,205.9,2.48,0.28,1.2,33.0,67.3,Green_Space,15,175,1,Moderate
W018,Ambattur Industrial Zone,North-West,13.114,80.154,11.37,3.19,1.32,323.7,11.22,1.97,3.59,61.3,31.7,Industrial,5,60,0,Low
W002,Velachery Lowlands,South,12.9815,80.218,102.06,22.66,5.17,7540.8,3.03,0.57,2.05,50.6,47.7,High_Density_Residential,12,140,3,Severe Inundation
W015,St. Thomas Mount Ridge,South-Central,13.004,80.191,338.84,92.96,2.92,7562.4,23.9,3.65,4.36,48.0,48.3,Low_Density_Residential,1,15,2,High
W003,Madipakkam Lake Basin,South,12.9647,80.1961,34.8,5.89,3.37,526.3,3.3,0.38,1.52,62.7,37.7,High_Density_Residential,14,160,1,Moderate
W011,Sholinganallur IT Corridor,South-East,12.901,80.2279,305.28,54.04,9.35,15901.7,5.01,0.71,3.22,28.3,68.9,Commercial,9,115,3,Severe Inundation
W009,Perambur Railway Lowlands,North,13.1114,80.2437,2.02,6.47,2.65,425.9,5.04,0.4,2.03,15.9,87.4,Commercial,10,125,0,Low
W011,Sholinganallur IT Corridor,South-East,12.901,80.2279,179.81,30.46,6.58,7165.0,4.93,0.67,3.15,20.4,79.5,Commercial,9,115,3,Severe Inundation
W004,Guindy Ridge Sector,South-Central,13.0067,80.2025,14.6,6.88,0.91,168.5,14.47,2.12,4.04,23.6,79.9,Industrial,4,45,0,Low
W013,Pallikaranai Marsh Reserve,South-East,12.936,80.214,31.45,3.04,3.75,598.1,1.58,0.27,1.63,44.4,61.9,Green_Space,15,175,1,Moderate
W017,Saidapet Riverine Basin,Central,13.021,80.223,10.86,5.23,3.03,168.9,3.48,0.73,2.87,72.9,27.1,High_Density_Residential,11,130,1,Moderate
W001,T. Nagar Commercial Hub,Central,13.0418,80.2341,85.5,14.48,3.53,2866.0,6.48,0.82,3.8,22.9,79.4,Commercial,8,90,1,Moderate
W018,Ambattur Industrial Zone,North-West,13.114,80.154,133.88,21.22,3.31,6280.6,11.4,1.91,3.74,67.6,37.1,Industrial,5,60,1,Moderate
W015,St. Thomas Mount Ridge,South-Central,13.004,80.191,29.26,3.62,0.49,827.7,23.95,3.62,5.1,18.8,79.3,Low_Density_Residential,1,15,0,Low
W014,Porur Lake Fringe,West,13.033,80.158,220.09,81.69,7.29,10488.9,5.04,0.53,2.18,49.0,49.4,High_Density_Residential,9,105,3,Severe Inundation
W002,Velachery Lowlands,South,12.9815,80.218,54.56,13.48,3.92,2653.3,3.48,0.26,1.8,39.6,68.2,High_Density_Residential,12,140,2,High
W007,Mylapore Heritage Sector,East,13.0368,80.2676,38.32,21.56,2.95,894.5,8.47,1.21,4.08,51.8,38.2,High_Density_Residential,5,55,0,Low
W017,Saidapet Riverine Basin,Central,13.021,80.223,48.09,24.81,3.79,2152.3,3.76,0.29,3.03,73.9,28.4,High_Density_Residential,11,130,2,High
W012,Manali Petrochemical Lowland,North-East,13.1706,80.2605,280.78,82.04,9.38,16282.7,2.74,0.43,2.01,30.9,62.6,Industrial,11,135,3,Severe Inundation
W020,Mudichur Lake Sink,South-West,12.912,80.068,74.75,20.28,4.29,3000.7,2.72,0.2,1.31,69.2,28.9,High_Density_Residential,14,165,3,Severe Inundation
W016,Koyambedu Market Heights,West,13.069,80.194,30.26,9.65,0.71,719.6,17.02,2.37,3.53,53.0,51.8,Commercial,3,35,0,Low
W015,St. Thomas Mount Ridge,South-Central,13.004,80.191,295.91,68.26,3.09,8408.3,23.94,3.42,5.04,23.1,80.1,Low_Density_Residential,1,15,2,High
W002,Velachery Lowlands,South,12.9815,80.218,63.3,9.49,4.31,2570.8,3.38,0.36,2.45,36.3,67.8,High_Density_Residential,12,140,2,High
W007,Mylapore Heritage Sector,East,13.0368,80.2676,48.4,8.38,3.03,2983.5,7.72,1.19,4.68,27.5,69.4,High_Density_Residential,5,55,0,Low
W009,Perambur Railway Lowlands,North,13.1114,80.2437,9.7,5.63,2.64,389.6,4.74,0.32,2.41,63.2,47.1,Commercial,10,125,0,Low
W018,Ambattur Industrial Zone,North-West,13.114,80.154,157.62,48.27,3.76,4991.3,11.3,1.59,3.55,40.7,64.9,Industrial,5,60,3,Severe Inundation
W005,Adyar Estuary Buffer,Coastal,13.0012,80.2565,149.43,23.43,6.09,4455.4,3.79,0.7,3.06,47.2,56.2,Green_Space,9,110,3,Severe Inundation
W010,Kolathur Urban Catchment,North-West,13.1235,80.2188,139.74,36.91,4.31,6678.5,8.46,1.2,2.66,82.4,20.8,High_Density_Residential,7,85,3,Severe Inundation
W015,St. Thomas Mount Ridge,South-Central,13.004,80.191,52.82,18.35,0.4,3165.8,23.52,3.14,5.12,40.9,57.5,Low_Density_Residential,1,15,0,Low
W016,Koyambedu Market Heights,West,13.069,80.194,32.99,8.28,0.49,838.6,16.65,2.35,3.71,61.6,35.1,Commercial,3,35,0,Low
W004,Guindy Ridge Sector,South-Central,13.0067,80.2025,5.62,5.41,0.6,440.8,14.57,2.19,4.09,37.2,65.4,Industrial,4,45,0,Low
W001,T. Nagar Commercial Hub,Central,13.0418,80.2341,310.09,60.26,8.88,13659.8,6.1,0.89,3.71,55.0,47.7,Commercial,8,90,3,Severe Inundation
W020,Mudichur Lake Sink,South-West,12.912,80.068,39.58,12.85,3.77,2205.0,2.38,0.42,1.41,75.2,23.2,High_Density_Residential,14,165,2,High
W008,Tambaram Outer Plateau,South-West,12.9249,80.1,37.44,18.01,0.4,2284.1,22.53,3.08,3.07,35.9,57.4,Low_Density_Residential,3,40,0,Low
W006,Anna Nagar High Ridge,West,13.085,80.2101,160.59,47.68,2.02,4880.8,17.59,2.82,4.71,57.2,44.0,Low_Density_Residential,1,20,0,Low
W010,Kolathur Urban Catchment,North-West,13.1235,80.2188,77.86,18.9,2.8,963.6,9.31,1.37,3.19,9.4,89.0,High_Density_Residential,7,85,0,Low
W018,Ambattur Industrial Zone,North-West,13.114,80.154,38.52,10.32,1.43,1288.9,11.74,2.03,3.55,47.1,54.0,Industrial,5,60,0,Low
W001,T. Nagar Commercial Hub,Central,13.0418,80.2341,34.89,1.89,2.74,714.4,5.95,0.58,3.54,83.5,15.5,Commercial,8,90,1,Moderate
W018,Ambattur Industrial Zone,North-West,13.114,80.154,28.76,2.41,1.27,289.4,11.55,1.75,3.28,77.6,23.7,Industrial,5,60,0,Low
W014,Porur Lake Fringe,West,13.033,80.158,217.55,50.67,7.06,8060.9,6.11,0.82,2.48,16.8,82.1,High_Density_Residential,9,105,3,Severe Inundation
W003,Madipakkam Lake Basin,South,12.9647,80.1961,20.5,3.32,3.15,165.7,2.13,0.46,1.83,25.3,78.2,High_Density_Residential,14,160,1,Moderate
W008,Tambaram Outer Plateau,South-West,12.9249,80.1,14.07,1.41,0.4,630.3,22.37,3.31,3.29,29.2,67.0,Low_Density_Residential,3,40,0,Low
W004,Guindy Ridge Sector,South-Central,13.0067,80.2025,131.26,20.72,2.55,5472.9,13.59,2.18,3.97,63.0,39.4,Industrial,4,45,1,Moderate
W015,St. Thomas Mount Ridge,South-Central,13.004,80.191,84.92,10.85,0.56,826.1,24.0,3.42,4.6,21.4,82.3,Low_Density_Residential,1,15,0,Low
W004,Guindy Ridge Sector,South-Central,13.0067,80.2025,18.51,8.69,1.14,629.2,13.92,1.87,4.1,47.6,48.1,Industrial,4,45,0,Low
W005,Adyar Estuary Buffer,Coastal,13.0012,80.2565,6.31,9.41,2.65,229.8,3.84,0.49,2.78,68.6,34.0,Green_Space,9,110,0,Low
W016,Koyambedu Market Heights,West,13.069,80.194,328.5,56.91,3.84,11950.5,16.8,2.4,3.93,9.1,88.8,Commercial,3,35,3,Severe Inundation
W010,Kolathur Urban Catchment,North-West,13.1235,80.2188,44.5,12.29,2.43,3169.5,8.13,1.33,3.06,70.7,37.1,High_Density_Residential,7,85,0,Low
W017,Saidapet Riverine Basin,Central,13.021,80.223,198.53,61.73,7.11,10855.3,3.94,0.44,2.66,62.8,29.2,High_Density_Residential,11,130,3,Severe Inundation
W009,Perambur Railway Lowlands,North,13.1114,80.2437,122.53,36.35,4.96,5437.8,5.39,0.38,2.73,53.2,44.9,Commercial,10,125,3,Severe Inundation
W014,Porur Lake Fringe,West,13.033,80.158,168.31,46.77,6.23,6218.7,4.68,0.75,2.38,58.8,49.6,High_Density_Residential,9,105,3,Severe Inundation
W016,Koyambedu Market Heights,West,13.069,80.194,171.45,20.13,2.15,3001.7,16.61,2.4,3.98,45.0,56.1,Commercial,3,35,0,Low
W016,Koyambedu Market Heights,West,13.069,80.194,306.72,94.67,3.44,17667.1,17.57,2.38,4.01,9.0,93.7,Commercial,3,35,3,Severe Inundation
W008,Tambaram Outer Plateau,South-West,12.9249,80.1,46.56,22.71,0.65,1928.1,22.12,3.44,3.15,43.8,63.0,Low_Density_Residential,3,40,0,Low
W015,St. Thomas Mount Ridge,South-Central,13.004,80.191,204.27,73.35,2.08,15526.5,24.06,3.74,5.05,61.2,36.8,Low_Density_Residential,1,15,1,Moderate
W018,Ambattur Industrial Zone,North-West,13.114,80.154,42.03,10.06,2.01,1560.1,11.25,1.75,3.62,39.5,56.7,Industrial,5,60,0,Low
W005,Adyar Estuary Buffer,Coastal,13.0012,80.2565,301.08,86.85,9.76,13505.8,3.78,0.65,3.09,35.2,63.5,Green_Space,9,110,3,Severe Inundation
W013,Pallikaranai Marsh Reserve,South-East,12.936,80.214,60.96,22.5,4.24,2542.8,2.16,0.21,1.43,70.4,24.0,Green_Space,15,175,2,High
W007,Mylapore Heritage Sector,East,13.0368,80.2676,312.07,89.2,7.69,17339.1,8.03,1.01,4.53,57.8,30.4,High_Density_Residential,5,55,3,Severe Inundation
W020,Mudichur Lake Sink,South-West,12.912,80.068,84.97,15.5,4.76,2815.2,2.23,0.2,1.6,45.0,54.9,High_Density_Residential,14,165,3,Severe Inundation
W017,Saidapet Riverine Basin,Central,13.021,80.223,27.91,7.27,3.51,419.2,4.02,0.8,2.79,78.3,21.2,High_Density_Residential,11,130,1,Moderate
W005,Adyar Estuary Buffer,Coastal,13.0012,80.2565,68.47,14.6,4.46,1937.3,3.54,0.59,3.09,34.3,67.8,Green_Space,9,110,1,Moderate
W003,Madipakkam Lake Basin,South,12.9647,80.1961,66.01,10.68,4.74,3111.6,1.83,0.28,1.85,31.0,72.1,High_Density_Residential,14,160,3,Severe Inundation
W009,Perambur Railway Lowlands,North,13.1114,80.2437,32.75,6.65,3.01,994.7,5.6,0.77,2.35,49.9,53.7,Commercial,10,125,1,Moderate
W014,Porur Lake Fringe,West,13.033,80.158,33.94,1.91,2.93,548.0,5.05,0.43,2.47,18.7,82.8,High_Density_Residential,9,105,0,Low
W011,Sholinganallur IT Corridor,South-East,12.901,80.2279,37.51,24.07,3.44,1188.2,4.05,0.45,3.38,70.9,32.9,Commercial,9,115,2,High
W017,Saidapet Riverine Basin,Central,13.021,80.223,51.65,11.41,3.38,2264.9,4.5,0.2,2.63,43.5,55.5,High_Density_Residential,11,130,1,Moderate
W009,Perambur Railway Lowlands,North,13.1114,80.2437,173.11,37.98,6.18,3935.5,5.48,0.76,2.75,41.0,61.8,Commercial,10,125,3,Severe Inundation
W001,T. Nagar Commercial Hub,Central,13.0418,80.2341,44.71,18.79,3.23,1587.5,5.98,0.89,3.72,16.4,84.1,Commercial,8,90,1,Moderate
W010,Kolathur Urban Catchment,North-West,13.1235,80.2188,113.28,29.77,4.03,4181.2,8.59,1.4,3.24,9.4,83.5,High_Density_Residential,7,85,2,High
W010,Kolathur Urban Catchment,North-West,13.1235,80.2188,14.16,4.74,1.75,665.8,9.09,1.29,3.05,28.3,70.7,High_Density_Residential,7,85,0,Low
W019,Royapettah Central,Central,13.053,80.261,2.21,7.36,1.57,943.7,9.7,1.33,4.24,41.4,47.5,Commercial,4,50,0,Low
W019,Royapettah Central,Central,13.053,80.261,26.15,7.77,1.78,772.3,9.62,1.18,4.32,41.3,59.3,Commercial,4,50,0,Low
W016,Koyambedu Market Heights,West,13.069,80.194,29.83,4.25,0.59,334.4,16.66,2.55,3.68,41.7,65.7,Commercial,3,35,0,Low
W005,Adyar Estuary Buffer,Coastal,13.0012,80.2565,58.11,9.5,3.98,1345.2,4.07,0.42,3.39,30.8,67.8,Green_Space,9,110,1,Moderate
W015,St. Thomas Mount Ridge,South-Central,13.004,80.191,24.18,4.11,0.4,115.8,23.67,3.34,4.82,66.7,36.2,Low_Density_Residential,1,15,0,Low
W018,Ambattur Industrial Zone,North-West,13.114,80.154,83.36,23.23,2.19,1444.5,11.75,1.8,3.67,25.2,82.1,Industrial,5,60,0,Low
W016,Koyambedu Market Heights,West,13.069,80.194,75.07,13.86,0.94,2608.9,16.76,2.27,3.76,21.7,88.9,Commercial,3,35,0,Low
W012,Manali Petrochemical Lowland,North-East,13.1706,80.2605,162.53,27.8,6.71,4503.1,3.3,0.59,1.87,40.2,57.4,Industrial,11,135,3,Severe Inundation
W011,Sholinganallur IT Corridor,South-East,12.901,80.2279,312.27,87.88,9.4,17020.0,4.61,0.67,3.33,16.3,85.4,Commercial,9,115,3,Severe Inundation
W018,Ambattur Industrial Zone,North-West,13.114,80.154,17.89,2.52,1.23,756.5,11.49,1.69,3.44,7.5,83.5,Industrial,5,60,0,Low
W018,Ambattur Industrial Zone,North-West,13.114,80.154,93.54,32.95,2.73,4911.3,11.49,1.84,3.53,44.2,50.1,Industrial,5,60,1,Moderate
W013,Pallikaranai Marsh Reserve,South-East,12.936,80.214,53.6,10.08,4.37,1599.5,1.88,0.2,1.75,32.8,58.5,Green_Space,15,175,1,Moderate
W015,St. Thomas Mount Ridge,South-Central,13.004,80.191,31.03,4.96,0.4,662.7,23.75,3.66,4.91,5.3,97.0,Low_Density_Residential,1,15,0,Low
W011,Sholinganallur IT Corridor,South-East,12.901,80.2279,59.15,19.56,3.81,1092.9,5.21,0.28,3.69,52.1,40.3,Commercial,9,115,2,High
W007,Mylapore Heritage Sector,East,13.0368,80.2676,70.83,16.78,2.96,3478.1,8.38,1.2,4.74,23.0,70.0,High_Density_Residential,5,55,1,Moderate
W008,Tambaram Outer Plateau,South-West,12.9249,80.1,35.01,20.97,0.4,2816.5,22.06,3.34,2.99,28.2,65.8,Low_Density_Residential,3,40,0,Low
W019,Royapettah Central,Central,13.053,80.261,296.95,87.53,6.9,8005.6,9.62,1.79,4.15,61.8,39.5,Commercial,4,50,3,Severe Inundation
W013,Pallikaranai Marsh Reserve,South-East,12.936,80.214,148.78,33.1,7.0,6260.6,1.5,0.42,1.93,16.4,89.1,Green_Space,15,175,3,Severe Inundation
W008,Tambaram Outer Plateau,South-West,12.9249,80.1,47.77,8.81,0.4,2345.9,22.13,3.05,3.14,34.0,72.4,Low_Density_Residential,3,40,0,Low
W014,Porur Lake Fringe,West,13.033,80.158,62.05,20.47,3.42,2330.0,5.87,0.6,2.66,13.0,87.3,High_Density_Residential,9,105,1,Moderate
W002,Velachery Lowlands,South,12.9815,80.218,148.36,28.7,5.47,7226.7,2.96,0.25,2.09,25.5,73.2,High_Density_Residential,12,140,3,Severe Inundation
W011,Sholinganallur IT Corridor,South-East,12.901,80.2279,9.11,1.22,2.73,779.1,4.7,0.31,3.6,63.2,27.9,Commercial,9,115,0,Low
W016,Koyambedu Market Heights,West,13.069,80.194,69.0,13.81,0.86,877.9,17.36,2.5,3.84,22.9,72.0,Commercial,3,35,0,Low
W013,Pallikaranai Marsh Reserve,South-East,12.936,80.214,74.46,13.38,4.39,2911.6,2.91,0.28,1.82,43.9,58.7,Green_Space,15,175,2,High
W013,Pallikaranai Marsh Reserve,South-East,12.936,80.214,75.78,13.58,4.79,2131.8,2.13,0.2,1.78,39.3,53.3,Green_Space,15,175,2,High
W005,Adyar Estuary Buffer,Coastal,13.0012,80.2565,92.9,21.43,4.76,6946.9,4.45,0.97,3.15,49.3,51.5,Green_Space,9,110,2,High
W016,Koyambedu Market Heights,West,13.069,80.194,306.39,90.45,3.31,9791.6,17.95,2.58,3.75,45.8,56.5,Commercial,3,35,3,Severe Inundation
W002,Velachery Lowlands,South,12.9815,80.218,58.5,23.29,4.09,2202.0,3.08,0.29,2.26,59.3,36.8,High_Density_Residential,12,140,3,Severe Inundation
W005,Adyar Estuary Buffer,Coastal,13.0012,80.2565,283.8,81.27,8.76,13266.8,4.18,0.83,2.75,25.4,74.0,Green_Space,9,110,3,Severe Inundation
W017,Saidapet Riverine Basin,Central,13.021,80.223,54.96,18.42,4.05,3171.2,3.35,0.52,2.82,11.4,93.2,High_Density_Residential,11,130,2,High
W019,Royapettah Central,Central,13.053,80.261,169.43,49.02,4.45,5195.4,9.71,1.53,4.21,45.1,51.3,Commercial,4,50,3,Severe Inundation
W011,Sholinganallur IT Corridor,South-East,12.901,80.2279,46.22,10.05,3.28,2179.7,4.72,0.52,3.5,55.5,48.4,Commercial,9,115,1,Moderate
W004,Guindy Ridge Sector,South-Central,13.0067,80.2025,93.35,45.66,2.16,7531.3,13.79,2.14,3.95,33.7,72.3,Industrial,4,45,1,Moderate
W015,St. Thomas Mount Ridge,South-Central,13.004,80.191,25.06,9.59,0.4,735.6,23.9,3.43,5.03,29.4,73.0,Low_Density_Residential,1,15,0,Low
W004,Guindy Ridge Sector,South-Central,13.0067,80.2025,150.33,47.03,3.12,3079.7,13.92,2.11,4.21,22.0,69.6,Industrial,4,45,2,High
W017,Saidapet Riverine Basin,Central,13.021,80.223,64.67,15.26,4.07,3426.3,4.1,0.26,2.91,71.2,33.0,High_Density_Residential,11,130,2,High
W015,St. Thomas Mount Ridge,South-Central,13.004,80.191,86.45,22.66,0.53,1571.0,24.08,3.47,4.89,76.7,24.1,Low_Density_Residential,1,15,0,Low
W001,T. Nagar Commercial Hub,Central,13.0418,80.2341,33.6,8.4,2.75,695.4,5.92,0.88,3.76,14.4,85.1,Commercial,8,90,0,Low
W005,Adyar Estuary Buffer,Coastal,13.0012,80.2565,7.41,1.36,2.52,250.1,4.59,0.36,2.88,54.3,43.9,Green_Space,9,110,0,Low
W014,Porur Lake Fringe,West,13.033,80.158,30.72,9.45,2.9,170.9,5.46,0.75,2.15,53.6,45.8,High_Density_Residential,9,105,1,Moderate
W005,Adyar Estuary Buffer,Coastal,13.0012,80.2565,277.26,83.31,9.01,15269.3,4.03,0.75,2.53,23.0,75.8,Green_Space,9,110,3,Severe Inundation
W003,Madipakkam Lake Basin,South,12.9647,80.1961,206.47,77.46,7.82,10064.5,2.88,0.47,1.92,48.0,50.4,High_Density_Residential,14,160,3,Severe Inundation
W016,Koyambedu Market Heights,West,13.069,80.194,14.46,3.85,0.7,582.5,16.2,2.59,4.19,48.2,51.2,Commercial,3,35,0,Low
W009,Perambur Railway Lowlands,North,13.1114,80.2437,86.3,20.16,4.45,3306.3,5.23,0.57,2.55,41.8,55.5,Commercial,10,125,2,High
W011,Sholinganallur IT Corridor,South-East,12.901,80.2279,17.47,1.2,2.66,810.4,4.9,0.63,3.01,34.2,62.4,Commercial,9,115,0,Low
W020,Mudichur Lake Sink,South-West,12.912,80.068,99.47,24.23,5.7,7886.6,2.68,0.34,1.95,11.9,97.2,High_Density_Residential,14,165,3,Severe Inundation
W013,Pallikaranai Marsh Reserve,South-East,12.936,80.214,20.9,1.82,3.23,283.4,2.34,0.2,1.64,51.4,50.2,Green_Space,15,175,1,Moderate
W003,Madipakkam Lake Basin,South,12.9647,80.1961,299.62,87.51,9.92,11217.0,3.38,0.62,2.08,80.8,15.6,High_Density_Residential,14,160,3,Severe Inundation
W011,Sholinganallur IT Corridor,South-East,12.901,80.2279,40.67,23.38,3.4,2335.2,4.84,0.6,3.43,71.9,28.4,Commercial,9,115,2,High
W018,Ambattur Industrial Zone,North-West,13.114,80.154,299.53,56.57,6.51,11007.0,11.03,1.86,3.65,29.7,72.4,Industrial,5,60,3,Severe Inundation
W013,Pallikaranai Marsh Reserve,South-East,12.936,80.214,58.48,23.34,4.23,2557.6,2.28,0.2,1.24,76.6,23.9,Green_Space,15,175,2,High
W011,Sholinganallur IT Corridor,South-East,12.901,80.2279,43.11,13.52,3.42,1907.2,5.07,0.59,3.52,47.0,56.2,Commercial,9,115,1,Moderate
W016,Koyambedu Market Heights,West,13.069,80.194,176.27,37.89,2.05,6181.5,16.98,2.54,3.76,51.7,45.1,Commercial,3,35,1,Moderate
W018,Ambattur Industrial Zone,North-West,13.114,80.154,145.36,40.91,3.55,4472.2,12.04,1.91,3.61,41.4,56.0,Industrial,5,60,2,High
W002,Velachery Lowlands,South,12.9815,80.218,48.11,8.07,4.1,1307.7,2.49,0.29,2.53,56.8,39.8,High_Density_Residential,12,140,2,High
W020,Mudichur Lake Sink,South-West,12.912,80.068,89.55,8.01,4.87,1332.5,2.44,0.2,1.56,10.0,90.6,High_Density_Residential,14,165,2,High
W003,Madipakkam Lake Basin,South,12.9647,80.1961,74.82,15.11,4.02,1830.0,2.52,0.2,1.94,53.2,43.3,High_Density_Residential,14,160,2,High
W008,Tambaram Outer Plateau,South-West,12.9249,80.1,124.37,23.97,1.11,7310.3,21.37,3.38,3.22,25.0,81.9,Low_Density_Residential,3,40,0,Low
W010,Kolathur Urban Catchment,North-West,13.1235,80.2188,40.01,17.91,2.47,2451.7,9.16,1.52,2.9,39.4,61.0,High_Density_Residential,7,85,0,Low
W008,Tambaram Outer Plateau,South-West,12.9249,80.1,9.44,5.55,0.4,645.5,22.14,3.02,3.36,16.2,80.7,Low_Density_Residential,3,40,0,Low
W003,Madipakkam Lake Basin,South,12.9647,80.1961,208.36,59.62,8.23,13289.0,2.2,0.2,1.66,60.9,47.5,High_Density_Residential,14,160,3,Severe Inundation
W014,Porur Lake Fringe,West,13.033,80.158,9.31,4.42,2.36,424.4,6.01,0.63,2.21,5.0,100.0,High_Density_Residential,9,105,0,Low
W004,Guindy Ridge Sector,South-Central,13.0067,80.2025,31.14,6.05,1.4,648.3,14.27,2.13,4.22,60.3,42.0,Industrial,4,45,0,Low
W004,Guindy Ridge Sector,South-Central,13.0067,80.2025,11.32,6.26,1.2,635.9,14.21,2.33,4.25,29.1,69.2,Industrial,4,45,0,Low
W015,St. Thomas Mount Ridge,South-Central,13.004,80.191,79.23,17.35,0.84,1528.0,23.72,3.63,4.67,73.9,30.6,Low_Density_Residential,1,15,0,Low
W006,Anna Nagar High Ridge,West,13.085,80.2101,113.1,33.33,0.91,6295.6,19.22,2.72,5.26,31.9,64.7,Low_Density_Residential,1,20,0,Low
W010,Kolathur Urban Catchment,North-West,13.1235,80.2188,9.52,8.25,1.71,674.4,8.21,1.45,3.18,68.6,29.8,High_Density_Residential,7,85,0,Low
W001,T. Nagar Commercial Hub,Central,13.0418,80.2341,218.75,81.06,6.99,15428.7,6.2,0.57,3.77,13.6,89.2,Commercial,8,90,3,Severe Inundation
W002,Velachery Lowlands,South,12.9815,80.218,160.53,32.24,6.5,7909.0,3.8,0.2,2.24,42.0,57.5,High_Density_Residential,12,140,3,Severe Inundation
W011,Sholinganallur IT Corridor,South-East,12.901,80.2279,17.56,3.19,2.39,414.2,4.31,0.41,3.44,41.1,57.9,Commercial,9,115,0,Low
W002,Velachery Lowlands,South,12.9815,80.218,2.87,9.91,2.76,351.0,3.03,0.41,2.51,40.7,68.8,High_Density_Residential,12,140,0,Low
W010,Kolathur Urban Catchment,North-West,13.1235,80.2188,203.5,56.49,5.33,8626.8,8.82,1.23,3.13,61.9,38.3,High_Density_Residential,7,85,3,Severe Inundation
W012,Manali Petrochemical Lowland,North-East,13.1706,80.2605,43.02,11.91,3.6,2468.8,2.94,0.39,1.88,8.2,80.0,Industrial,11,135,1,Moderate
W012,Manali Petrochemical Lowland,North-East,13.1706,80.2605,2.72,4.24,3.01,900.5,2.67,0.47,1.63,49.1,51.5,Industrial,11,135,0,Low
W014,Porur Lake Fringe,West,13.033,80.158,68.26,16.15,4.13,3322.8,5.18,0.56,2.51,69.0,29.6,High_Density_Residential,9,105,2,High
W005,Adyar Estuary Buffer,Coastal,13.0012,80.2565,19.99,7.03,2.93,947.1,4.22,0.85,3.24,77.4,23.7,Green_Space,9,110,0,Low
W008,Tambaram Outer Plateau,South-West,12.9249,80.1,171.36,46.52,1.7,5543.7,21.52,3.45,2.75,33.1,67.6,Low_Density_Residential,3,40,0,Low
W017,Saidapet Riverine Basin,Central,13.021,80.223,74.27,21.47,4.09,2134.1,3.86,0.67,2.84,30.3,64.7,High_Density_Residential,11,130,2,High
W014,Porur Lake Fringe,West,13.033,80.158,176.42,39.23,6.34,6085.4,5.16,0.72,2.45,60.3,35.0,High_Density_Residential,9,105,3,Severe Inundation
W019,Royapettah Central,Central,13.053,80.261,78.32,8.47,2.48,953.6,9.55,1.46,4.43,53.7,50.1,Commercial,4,50,0,Low
W006,Anna Nagar High Ridge,West,13.085,80.2101,70.28,12.61,0.87,2946.0,18.27,2.73,5.22,65.7,34.4,Low_Density_Residential,1,20,0,Low
W006,Anna Nagar High Ridge,West,13.085,80.2101,14.92,1.67,0.4,527.6,17.91,2.49,4.83,17.0,91.1,Low_Density_Residential,1,20,0,Low
W006,Anna Nagar High Ridge,West,13.085,80.2101,197.42,46.65,2.5,13883.6,17.34,2.58,5.11,63.9,46.8,Low_Density_Residential,1,20,1,Moderate
W003,Madipakkam Lake Basin,South,12.9647,80.1961,60.18,8.28,4.17,1270.0,3.03,0.29,2.06,15.2,79.6,High_Density_Residential,14,160,2,High
W020,Mudichur Lake Sink,South-West,12.912,80.068,80.93,11.27,4.85,2715.4,1.5,0.22,2.19,27.0,69.9,High_Density_Residential,14,165,3,Severe Inundation
W013,Pallikaranai Marsh Reserve,South-East,12.936,80.214,66.26,19.6,4.96,1030.6,1.5,0.32,1.31,36.0,64.9,Green_Space,15,175,2,High
W020,Mudichur Lake Sink,South-West,12.912,80.068,159.66,28.46,6.85,4439.4,2.1,0.41,1.83,20.8,77.7,High_Density_Residential,14,165,3,Severe Inundation
W008,Tambaram Outer Plateau,South-West,12.9249,80.1,77.6,15.09,0.71,3425.4,22.17,3.1,2.95,77.5,25.5,Low_Density_Residential,3,40,0,Low
W016,Koyambedu Market Heights,West,13.069,80.194,229.13,54.33,2.83,16305.1,16.88,2.42,4.48,40.8,58.8,Commercial,3,35,3,Severe Inundation
W019,Royapettah Central,Central,13.053,80.261,128.94,40.38,3.96,5256.0,9.0,1.34,4.4,43.7,54.7,Commercial,4,50,2,High
W005,Adyar Estuary Buffer,Coastal,13.0012,80.2565,116.45,37.24,5.37,5077.8,3.96,0.48,2.69,56.2,49.2,Green_Space,9,110,2,High
W008,Tambaram Outer Plateau,South-West,12.9249,80.1,12.28,1.18,0.4,791.4,22.49,3.14,3.3,37.0,69.5,Low_Density_Residential,3,40,0,Low
W015,St. Thomas Mount Ridge,South-Central,13.004,80.191,20.72,4.86,0.4,115.9,23.69,3.36,4.74,18.0,89.5,Low_Density_Residential,1,15,0,Low
W009,Perambur Railway Lowlands,North,13.1114,80.2437,184.01,67.41,6.17,13913.2,5.23,0.39,2.46,48.3,46.7,Commercial,10,125,3,Severe Inundation
W015,St. Thomas Mount Ridge,South-Central,13.004,80.191,104.62,21.93,1.38,4345.9,23.62,3.54,4.69,22.1,74.4,Low_Density_Residential,1,15,0,Low
W009,Perambur Railway Lowlands,North,13.1114,80.2437,25.57,2.96,2.7,259.0,5.35,0.31,2.3,77.9,21.6,Commercial,10,125,0,Low
W001,T. Nagar Commercial Hub,Central,13.0418,80.2341,154.38,45.82,4.97,3047.9,6.17,0.83,3.93,25.0,71.3,Commercial,8,90,3,Severe Inundation
W015,St. Thomas Mount Ridge,South-Central,13.004,80.191,34.89,5.96,0.4,730.4,24.46,3.17,4.42,28.1,74.6,Low_Density_Residential,1,15,0,Low
W010,Kolathur Urban Catchment,North-West,13.1235,80.2188,10.65,5.42,2.22,477.3,9.16,1.31,3.07,70.2,33.2,High_Density_Residential,7,85,0,Low
W018,Ambattur Industrial Zone,North-West,13.114,80.154,73.19,24.0,1.93,2489.3,11.38,1.67,3.55,34.0,69.9,Industrial,5,60,0,Low
W006,Anna Nagar High Ridge,West,13.085,80.2101,58.55,17.84,0.55,2049.9,18.79,2.83,5.16,43.3,66.4,Low_Density_Residential,1,20,0,Low
W003,Madipakkam Lake Basin,South,12.9647,80.1961,78.01,10.83,4.61,932.1,2.92,0.25,2.03,55.6,37.9,High_Density_Residential,14,160,3,Severe Inundation
W015,St. Thomas Mount Ridge,South-Central,13.004,80.191,66.65,14.7,0.4,1628.0,24.6,3.22,4.81,40.8,60.8,Low_Density_Residential,1,15,0,Low
W012,Manali Petrochemical Lowland,North-East,13.1706,80.2605,32.96,1.69,3.94,965.1,2.22,0.26,1.61,66.0,34.7,Industrial,11,135,2,High
W019,Royapettah Central,Central,13.053,80.261,26.22,5.85,2.39,278.7,8.97,1.52,4.06,27.6,71.7,Commercial,4,50,0,Low
W010,Kolathur Urban Catchment,North-West,13.1235,80.2188,81.83,20.05,3.13,888.9,9.09,1.34,3.13,18.4,86.3,High_Density_Residential,7,85,1,Moderate
W014,Porur Lake Fringe,West,13.033,80.158,57.13,16.02,3.64,2735.2,5.35,0.79,2.2,28.2,74.5,High_Density_Residential,9,105,1,Moderate
W009,Perambur Railway Lowlands,North,13.1114,80.2437,30.91,5.73,2.76,900.4,4.61,0.47,2.54,34.1,73.5,Commercial,10,125,0,Low
W015,St. Thomas Mount Ridge,South-Central,13.004,80.191,153.98,35.23,1.74,6129.3,23.58,3.63,5.2,25.6,70.9,Low_Density_Residential,1,15,0,Low
W010,Kolathur Urban Catchment,North-West,13.1235,80.2188,150.66,45.48,4.56,3692.7,8.93,1.34,3.06,42.7,50.4,High_Density_Residential,7,85,3,Severe Inundation
W007,Mylapore Heritage Sector,East,13.0368,80.2676,31.44,8.82,2.31,998.1,9.1,1.28,4.72,16.2,84.6,High_Density_Residential,5,55,0,Low
W013,Pallikaranai Marsh Reserve,South-East,12.936,80.214,17.44,7.14,3.05,920.6,1.92,0.39,1.54,43.4,65.0,Green_Space,15,175,1,Moderate
W016,Koyambedu Market Heights,West,13.069,80.194,33.38,3.48,0.89,114.6,16.86,2.29,3.65,20.3,75.3,Commercial,3,35,0,Low
W004,Guindy Ridge Sector,South-Central,13.0067,80.2025,19.15,3.23,1.05,185.8,14.52,2.08,4.46,75.8,33.0,Industrial,4,45,0,Low
W008,Tambaram Outer Plateau,South-West,12.9249,80.1,58.76,14.98,0.59,2162.5,22.53,3.09,3.01,22.1,77.2,Low_Density_Residential,3,40,0,Low
W013,Pallikaranai Marsh Reserve,South-East,12.936,80.214,119.43,38.89,5.55,6300.6,2.2,0.24,1.39,17.3,88.0,Green_Space,15,175,3,Severe Inundation
W019,Royapettah Central,Central,13.053,80.261,155.86,44.35,4.46,6916.2,9.25,1.78,3.98,30.7,65.4,Commercial,4,50,3,Severe Inundation
W012,Manali Petrochemical Lowland,North-East,13.1706,80.2605,119.69,46.31,5.93,3537.9,2.75,0.35,1.7,14.8,89.0,Industrial,11,135,3,Severe Inundation
W019,Royapettah Central,Central,13.053,80.261,130.42,46.72,4.25,6112.9,9.46,1.46,4.38,59.4,41.1,Commercial,4,50,3,Severe Inundation
W010,Kolathur Urban Catchment,North-West,13.1235,80.2188,119.35,38.41,4.16,3260.8,8.92,1.31,3.06,21.0,83.3,High_Density_Residential,7,85,2,High
W010,Kolathur Urban Catchment,North-West,13.1235,80.2188,110.54,25.78,3.9,5950.1,8.46,1.57,2.95,31.3,59.9,High_Density_Residential,7,85,2,High
W001,T. Nagar Commercial Hub,Central,13.0418,80.2341,5.2,3.61,2.17,693.7,6.25,0.66,3.7,29.6,68.2,Commercial,8,90,0,Low
W013,Pallikaranai Marsh Reserve,South-East,12.936,80.214,117.52,32.25,5.68,4508.0,2.58,0.24,1.58,82.2,24.1,Green_Space,15,175,3,Severe Inundation
W009,Perambur Railway Lowlands,North,13.1114,80.2437,150.44,24.47,5.79,4730.6,4.78,0.37,2.34,88.1,14.2,Commercial,10,125,3,Severe Inundation
W001,T. Nagar Commercial Hub,Central,13.0418,80.2341,33.6,2.33,2.96,771.0,5.75,0.87,4.23,35.3,55.5,Commercial,8,90,0,Low
W019,Royapettah Central,Central,13.053,80.261,82.25,15.96,3.27,1376.3,9.16,1.57,4.03,29.0,65.1,Commercial,4,50,1,Moderate
W002,Velachery Lowlands,South,12.9815,80.218,24.4,8.01,3.41,550.8,2.81,0.2,1.85,44.2,52.5,High_Density_Residential,12,140,2,High
W020,Mudichur Lake Sink,South-West,12.912,80.068,159.08,35.15,6.78,7272.1,2.52,0.41,1.67,48.8,47.2,High_Density_Residential,14,165,3,Severe Inundation
W016,Koyambedu Market Heights,West,13.069,80.194,7.58,9.48,0.5,388.0,17.18,2.33,4.19,32.4,67.8,Commercial,3,35,0,Low
W010,Kolathur Urban Catchment,North-West,13.1235,80.2188,76.91,16.92,2.97,835.5,9.16,1.54,3.27,32.5,69.2,High_Density_Residential,7,85,1,Moderate
W008,Tambaram Outer Plateau,South-West,12.9249,80.1,274.31,47.77,2.54,8031.8,22.47,2.97,3.22,39.4,56.5,Low_Density_Residential,3,40,1,Moderate
W020,Mudichur Lake Sink,South-West,12.912,80.068,72.76,11.75,4.62,1864.1,1.53,0.5,1.77,23.6,83.0,High_Density_Residential,14,165,2,High
W012,Manali Petrochemical Lowland,North-East,13.1706,80.2605,77.79,15.23,4.51,1215.4,2.71,0.47,1.97,15.9,81.7,Industrial,11,135,2,High
W008,Tambaram Outer Plateau,South-West,12.9249,80.1,106.66,26.76,1.0,6306.7,21.97,2.7,3.01,37.7,57.6,Low_Density_Residential,3,40,0,Low
W007,Mylapore Heritage Sector,East,13.0368,80.2676,48.35,16.8,2.83,3077.1,7.75,0.93,4.21,43.8,57.8,High_Density_Residential,5,55,0,Low
W020,Mudichur Lake Sink,South-West,12.912,80.068,60.41,11.14,4.8,1625.5,2.1,0.53,1.44,35.4,61.5,High_Density_Residential,14,165,3,Severe Inundation
W009,Perambur Railway Lowlands,North,13.1114,80.2437,77.34,17.32,3.75,2256.7,4.73,0.38,2.33,53.2,43.3,Commercial,10,125,2,High
W005,Adyar Estuary Buffer,Coastal,13.0012,80.2565,12.95,5.15,2.62,959.9,4.35,0.56,2.92,31.7,58.4,Green_Space,9,110,0,Low
W004,Guindy Ridge Sector,South-Central,13.0067,80.2025,136.0,24.81,2.95,7472.3,14.61,1.96,4.59,44.1,39.6,Industrial,4,45,1,Moderate
W002,Velachery Lowlands,South,12.9815,80.218,89.68,9.89,4.88,2393.6,3.38,0.43,2.03,73.3,30.8,High_Density_Residential,12,140,3,Severe Inundation
W010,Kolathur Urban Catchment,North-West,13.1235,80.2188,135.63,24.5,4.26,4648.5,8.97,1.3,2.98,39.4,66.4,High_Density_Residential,7,85,2,High
W015,St. Thomas Mount Ridge,South-Central,13.004,80.191,29.36,7.85,0.4,267.7,24.38,3.68,4.54,59.7,41.7,Low_Density_Residential,1,15,0,Low
W002,Velachery Lowlands,South,12.9815,80.218,2.38,7.29,2.74,351.4,3.42,0.2,2.18,15.1,85.2,High_Density_Residential,12,140,0,Low
W019,Royapettah Central,Central,13.053,80.261,213.24,75.23,5.51,11740.8,9.71,1.7,3.93,31.5,65.4,Commercial,4,50,3,Severe Inundation
W012,Manali Petrochemical Lowland,North-East,13.1706,80.2605,297.23,50.53,10.05,9727.4,2.9,0.48,2.17,29.7,72.2,Industrial,11,135,3,Severe Inundation
W005,Adyar Estuary Buffer,Coastal,13.0012,80.2565,162.31,34.64,6.25,4907.2,4.08,0.79,3.15,20.0,82.7,Green_Space,9,110,3,Severe Inundation
W003,Madipakkam Lake Basin,South,12.9647,80.1961,158.32,37.96,6.59,7805.6,2.78,0.2,1.85,20.4,85.4,High_Density_Residential,14,160,3,Severe Inundation
W010,Kolathur Urban Catchment,North-West,13.1235,80.2188,18.69,9.69,2.04,952.3,9.21,1.49,2.89,20.3,68.9,High_Density_Residential,7,85,0,Low
W011,Sholinganallur IT Corridor,South-East,12.901,80.2279,73.86,19.64,4.25,2191.9,3.57,0.38,3.66,65.4,40.7,Commercial,9,115,2,High
W014,Porur Lake Fringe,West,13.033,80.158,14.72,4.09,2.68,835.0,5.48,0.78,2.76,49.2,52.0,High_Density_Residential,9,105,0,Low
W006,Anna Nagar High Ridge,West,13.085,80.2101,307.82,94.09,3.28,15968.7,18.51,2.57,5.2,43.5,55.5,Low_Density_Residential,1,20,3,Severe Inundation
W007,Mylapore Heritage Sector,East,13.0368,80.2676,53.09,19.27,2.69,3486.6,8.71,1.1,4.4,22.9,73.4,High_Density_Residential,5,55,0,Low
W005,Adyar Estuary Buffer,Coastal,13.0012,80.2565,71.28,8.3,4.37,1453.0,3.36,0.49,2.7,28.5,78.3,Green_Space,9,110,1,Moderate
W018,Ambattur Industrial Zone,North-West,13.114,80.154,141.46,29.37,3.61,6728.9,11.45,1.7,3.66,39.7,60.2,Industrial,5,60,2,High
W012,Manali Petrochemical Lowland,North-East,13.1706,80.2605,77.75,20.52,4.68,3413.0,3.08,0.26,2.08,44.2,46.7,Industrial,11,135,3,Severe Inundation
W017,Saidapet Riverine Basin,Central,13.021,80.223,29.0,9.87,3.16,330.7,3.97,0.52,2.73,39.8,58.6,High_Density_Residential,11,130,1,Moderate
W017,Saidapet Riverine Basin,Central,13.021,80.223,224.57,67.19,7.8,16935.4,4.21,0.73,2.86,36.8,66.3,High_Density_Residential,11,130,3,Severe Inundation
W009,Perambur Railway Lowlands,North,13.1114,80.2437,84.84,8.68,4.44,1873.3,4.87,0.65,2.5,43.9,55.4,Commercial,10,125,2,High
W006,Anna Nagar High Ridge,West,13.085,80.2101,78.05,10.73,0.93,3435.5,18.22,2.53,4.87,8.6,95.0,Low_Density_Residential,1,20,0,Low
W009,Perambur Railway Lowlands,North,13.1114,80.2437,16.44,1.21,2.69,412.1,4.58,0.54,2.25,17.0,85.5,Commercial,10,125,0,Low
W016,Koyambedu Market Heights,West,13.069,80.194,75.39,23.99,1.76,1051.4,16.66,2.12,4.27,22.5,77.2,Commercial,3,35,0,Low
W010,Kolathur Urban Catchment,North-West,13.1235,80.2188,62.01,23.67,2.93,2097.4,8.79,1.36,2.67,52.7,46.9,High_Density_Residential,7,85,1,Moderate
W011,Sholinganallur IT Corridor,South-East,12.901,80.2279,79.71,16.41,4.26,3485.7,4.2,0.49,3.24,25.2,75.2,Commercial,9,115,2,High
W004,Guindy Ridge Sector,South-Central,13.0067,80.2025,85.7,16.49,1.92,2714.2,14.48,1.99,4.09,22.3,80.9,Industrial,4,45,0,Low
W015,St. Thomas Mount Ridge,South-Central,13.004,80.191,89.2,8.97,0.86,2738.1,24.01,3.9,4.98,52.2,53.0,Low_Density_Residential,1,15,0,Low
W003,Madipakkam Lake Basin,South,12.9647,80.1961,42.76,19.04,3.65,1316.6,2.02,0.25,1.58,67.1,37.1,High_Density_Residential,14,160,2,High
W005,Adyar Estuary Buffer,Coastal,13.0012,80.2565,74.22,12.71,4.13,801.7,4.18,0.64,2.98,14.4,81.2,Green_Space,9,110,1,Moderate
W008,Tambaram Outer Plateau,South-West,12.9249,80.1,35.83,23.27,0.57,2223.0,21.7,3.07,3.16,28.5,76.1,Low_Density_Residential,3,40,0,Low
W013,Pallikaranai Marsh Reserve,South-East,12.936,80.214,6.72,7.8,2.9,749.1,1.72,0.2,1.68,32.0,74.6,Green_Space,15,175,0,Low
W018,Ambattur Industrial Zone,North-West,13.114,80.154,22.41,2.17,1.55,101.9,11.24,1.91,3.45,28.6,66.4,Industrial,5,60,0,Low
W012,Manali Petrochemical Lowland,North-East,13.1706,80.2605,18.84,5.55,2.85,223.3,2.84,0.2,2.14,23.2,74.2,Industrial,11,135,1,Moderate
W003,Madipakkam Lake Basin,South,12.9647,80.1961,32.23,6.67,3.4,858.9,2.45,0.44,1.67,71.0,38.5,High_Density_Residential,14,160,1,Moderate
W013,Pallikaranai Marsh Reserve,South-East,12.936,80.214,197.26,49.96,7.68,16454.5,2.63,0.21,1.56,41.7,61.6,Green_Space,15,175,3,Severe Inundation
W001,T. Nagar Commercial Hub,Central,13.0418,80.2341,28.37,2.24,3.07,300.1,5.56,0.88,3.84,55.7,35.8,Commercial,8,90,0,Low
W009,Perambur Railway Lowlands,North,13.1114,80.2437,50.79,14.02,3.03,878.1,4.81,0.52,2.24,65.8,30.1,Commercial,10,125,1,Moderate
W018,Ambattur Industrial Zone,North-West,13.114,80.154,81.35,10.6,2.53,888.4,11.34,1.98,3.44,68.1,39.2,Industrial,5,60,0,Low
W004,Guindy Ridge Sector,South-Central,13.0067,80.2025,22.39,3.48,0.91,145.9,14.44,2.38,4.36,33.1,65.3,Industrial,4,45,0,Low
W015,St. Thomas Mount Ridge,South-Central,13.004,80.191,222.58,59.83,1.85,9574.8,23.86,3.43,4.74,66.7,33.1,Low_Density_Residential,1,15,0,Low
W012,Manali Petrochemical Lowland,North-East,13.1706,80.2605,28.14,7.64,3.3,911.8,2.9,0.2,1.97,17.2,80.1,Industrial,11,135,1,Moderate
W009,Perambur Railway Lowlands,North,13.1114,80.2437,339.79,90.96,10.04,15667.9,4.92,0.69,2.56,19.9,77.4,Commercial,10,125,3,Severe Inundation
W019,Royapettah Central,Central,13.053,80.261,44.36,8.38,2.32,1709.9,10.1,1.44,4.46,27.3,67.2,Commercial,4,50,0,Low
W013,Pallikaranai Marsh Reserve,South-East,12.936,80.214,122.21,38.78,5.29,3793.9,1.66,0.2,1.77,79.6,24.0,Green_Space,15,175,3,Severe Inundation
W012,Manali Petrochemical Lowland,North-East,13.1706,80.2605,133.37,35.77,5.66,3694.7,3.88,0.49,1.83,76.3,21.8,Industrial,11,135,3,Severe Inundation
W004,Guindy Ridge Sector,South-Central,13.0067,80.2025,93.42,24.53,2.27,3625.6,14.09,2.06,3.92,59.4,41.2,Industrial,4,45,0,Low
W008,Tambaram Outer Plateau,South-West,12.9249,80.1,15.46,4.75,0.4,968.9,22.67,3.38,3.13,44.5,57.9,Low_Density_Residential,3,40,0,Low
W016,Koyambedu Market Heights,West,13.069,80.194,204.18,69.89,2.63,13596.0,17.17,2.33,4.24,68.0,33.8,Commercial,3,35,3,Severe Inundation
W001,T. Nagar Commercial Hub,Central,13.0418,80.2341,14.59,9.76,2.45,105.1,6.3,0.8,3.64,30.9,69.5,Commercial,8,90,0,Low
W020,Mudichur Lake Sink,South-West,12.912,80.068,143.2,47.06,6.51,6441.8,2.1,0.3,1.83,32.4,70.3,High_Density_Residential,14,165,3,Severe Inundation
W018,Ambattur Industrial Zone,North-West,13.114,80.154,107.97,37.5,2.89,6387.2,11.43,1.98,3.69,37.3,66.2,Industrial,5,60,1,Moderate
W011,Sholinganallur IT Corridor,South-East,12.901,80.2279,87.7,9.08,4.28,2889.1,5.01,0.49,3.7,13.7,87.3,Commercial,9,115,2,High
W020,Mudichur Lake Sink,South-West,12.912,80.068,143.02,20.38,6.33,7508.2,2.45,0.46,1.79,24.2,75.2,High_Density_Residential,14,165,3,Severe Inundation
W008,Tambaram Outer Plateau,South-West,12.9249,80.1,89.77,18.12,1.04,2921.9,22.12,3.1,3.39,73.2,30.5,Low_Density_Residential,3,40,0,Low
W003,Madipakkam Lake Basin,South,12.9647,80.1961,18.75,4.08,3.15,611.5,2.32,0.3,1.9,85.1,16.0,High_Density_Residential,14,160,1,Moderate
W015,St. Thomas Mount Ridge,South-Central,13.004,80.191,18.3,5.11,0.4,107.3,24.04,3.19,4.45,44.1,45.1,Low_Density_Residential,1,15,0,Low
W010,Kolathur Urban Catchment,North-West,13.1235,80.2188,25.43,8.96,2.07,562.5,9.4,1.22,2.72,35.9,64.6,High_Density_Residential,7,85,0,Low
W014,Porur Lake Fringe,West,13.033,80.158,59.2,14.67,3.65,2324.8,4.92,0.67,2.61,43.9,57.8,High_Density_Residential,9,105,2,High
W004,Guindy Ridge Sector,South-Central,13.0067,80.2025,57.05,14.89,1.29,1064.9,14.06,1.91,4.21,22.0,71.4,Industrial,4,45,0,Low
W005,Adyar Estuary Buffer,Coastal,13.0012,80.2565,31.4,9.23,3.46,477.0,3.44,0.45,2.98,80.9,27.8,Green_Space,9,110,1,Moderate
W002,Velachery Lowlands,South,12.9815,80.218,166.07,20.29,6.57,4101.2,3.54,0.51,2.23,11.3,96.0,High_Density_Residential,12,140,3,Severe Inundation
W002,Velachery Lowlands,South,12.9815,80.218,78.48,11.64,4.95,1728.9,3.12,0.2,1.92,14.9,85.9,High_Density_Residential,12,140,2,High
W010,Kolathur Urban Catchment,North-West,13.1235,80.2188,83.71,20.84,3.34,2411.8,8.3,1.51,2.75,68.5,24.8,High_Density_Residential,7,85,1,Moderate
W016,Koyambedu Market Heights,West,13.069,80.194,238.92,81.22,3.69,8368.8,16.39,2.32,3.96,66.2,30.8,Commercial,3,35,3,Severe Inundation
W004,Guindy Ridge Sector,South-Central,13.0067,80.2025,76.31,16.76,1.95,1033.5,13.83,2.21,4.14,30.0,68.5,Industrial,4,45,0,Low
W004,Guindy Ridge Sector,South-Central,13.0067,80.2025,89.88,15.33,2.13,2760.9,14.0,1.95,4.36,50.9,47.7,Industrial,4,45,0,Low
W008,Tambaram Outer Plateau,South-West,12.9249,80.1,37.91,9.33,0.4,856.1,21.62,3.4,3.32,65.1,38.3,Low_Density_Residential,3,40,0,Low
W018,Ambattur Industrial Zone,North-West,13.114,80.154,106.75,28.69,3.21,3919.7,11.28,1.98,3.08,9.1,91.9,Industrial,5,60,1,Moderate
W005,Adyar Estuary Buffer,Coastal,13.0012,80.2565,15.38,3.04,3.02,319.9,4.25,0.61,3.14,31.4,67.8,Green_Space,9,110,0,Low
W013,Pallikaranai Marsh Reserve,South-East,12.936,80.214,111.83,36.05,5.52,6423.4,2.44,0.2,1.17,38.3,56.4,Green_Space,15,175,3,Severe Inundation
W015,St. Thomas Mount Ridge,South-Central,13.004,80.191,30.12,8.81,0.4,706.5,24.4,3.75,4.81,17.7,79.9,Low_Density_Residential,1,15,0,Low
W012,Manali Petrochemical Lowland,North-East,13.1706,80.2605,85.78,9.63,4.91,2158.2,2.09,0.23,1.87,36.2,70.6,Industrial,11,135,3,Severe Inundation
W018,Ambattur Industrial Zone,North-West,13.114,80.154,21.82,7.16,1.49,520.0,11.65,1.57,3.59,58.3,37.8,Industrial,5,60,0,Low
W014,Porur Lake Fringe,West,13.033,80.158,35.19,14.83,2.59,1085.5,4.8,0.75,2.48,44.3,59.3,High_Density_Residential,9,105,1,Moderate
W019,Royapettah Central,Central,13.053,80.261,60.73,16.46,3.02,1980.0,9.5,1.13,3.84,65.5,23.0,Commercial,4,50,1,Moderate
W005,Adyar Estuary Buffer,Coastal,13.0012,80.2565,291.42,89.93,9.22,14945.9,4.13,0.64,2.82,50.2,43.1,Green_Space,9,110,3,Severe Inundation
W014,Porur Lake Fringe,West,13.033,80.158,177.76,46.91,6.1,4457.9,5.06,0.48,2.34,24.2,76.7,High_Density_Residential,9,105,3,Severe Inundation
W004,Guindy Ridge Sector,South-Central,13.0067,80.2025,63.52,13.52,1.98,2481.3,14.29,1.98,4.25,74.9,21.5,Industrial,4,45,0,Low
W016,Koyambedu Market Heights,West,13.069,80.194,79.46,20.73,1.69,1348.0,16.65,2.53,4.26,24.8,74.3,Commercial,3,35,0,Low
W020,Mudichur Lake Sink,South-West,12.912,80.068,34.86,9.07,4.08,363.3,1.5,0.36,1.57,21.9,88.2,High_Density_Residential,14,165,2,High
W014,Porur Lake Fringe,West,13.033,80.158,12.72,9.39,2.66,710.7,5.28,0.82,2.15,38.7,61.5,High_Density_Residential,9,105,0,Low
W009,Perambur Railway Lowlands,North,13.1114,80.2437,167.31,41.03,6.32,3220.8,4.24,0.41,2.68,16.1,87.7,Commercial,10,125,3,Severe Inundation
W002,Velachery Lowlands,South,12.9815,80.218,65.02,19.12,4.08,2474.9,3.01,0.44,2.06,8.2,88.2,High_Density_Residential,12,140,2,High
W012,Manali Petrochemical Lowland,North-East,13.1706,80.2605,302.44,81.54,10.06,9315.0,3.27,0.76,2.18,57.3,41.5,Industrial,11,135,3,Severe Inundation
W007,Mylapore Heritage Sector,East,13.0368,80.2676,5.52,2.17,2.06,156.0,8.44,1.07,4.8,18.5,76.9,High_Density_Residential,5,55,0,Low
W015,St. Thomas Mount Ridge,South-Central,13.004,80.191,29.8,4.04,0.58,296.4,23.51,3.3,4.82,40.3,64.3,Low_Density_Residential,1,15,0,Low
W015,St. Thomas Mount Ridge,South-Central,13.004,80.191,26.34,8.18,0.4,322.5,24.35,3.59,4.81,26.0,80.9,Low_Density_Residential,1,15,0,Low
W008,Tambaram Outer Plateau,South-West,12.9249,80.1,7.38,5.34,0.4,517.2,22.25,3.2,3.4,66.3,26.7,Low_Density_Residential,3,40,0,Low
W012,Manali Petrochemical Lowland,North-East,13.1706,80.2605,171.27,24.91,7.23,3431.6,2.64,0.54,2.26,51.4,51.2,Industrial,11,135,3,Severe Inundation
W004,Guindy Ridge Sector,South-Central,13.0067,80.2025,10.04,1.81,0.74,497.9,14.17,2.25,4.38,56.5,51.1,Industrial,4,45,0,Low
W012,Manali Petrochemical Lowland,North-East,13.1706,80.2605,18.26,9.11,2.89,889.3,2.96,0.37,1.79,42.4,66.2,Industrial,11,135,1,Moderate
W018,Ambattur Industrial Zone,North-West,13.114,80.154,198.65,80.48,4.53,9918.6,11.02,1.79,3.69,20.7,72.1,Industrial,5,60,3,Severe Inundation
W012,Manali Petrochemical Lowland,North-East,13.1706,80.2605,12.55,3.94,3.12,705.7,2.07,0.49,1.88,30.1,62.5,Industrial,11,135,1,Moderate
W002,Velachery Lowlands,South,12.9815,80.218,187.24,55.09,7.07,15396.5,2.79,0.55,2.4,22.8,74.6,High_Density_Residential,12,140,3,Severe Inundation
W013,Pallikaranai Marsh Reserve,South-East,12.936,80.214,287.03,66.9,9.85,13519.2,2.33,0.31,1.86,69.9,24.4,Green_Space,15,175,3,Severe Inundation
W009,Perambur Railway Lowlands,North,13.1114,80.2437,73.0,21.59,3.96,2132.0,4.68,0.32,2.51,83.8,16.4,Commercial,10,125,2,High
W007,Mylapore Heritage Sector,East,13.0368,80.2676,4.21,5.53,1.59,549.6,8.91,1.33,4.84,86.8,7.6,High_Density_Residential,5,55,0,Low
W004,Guindy Ridge Sector,South-Central,13.0067,80.2025,42.22,23.0,1.71,3037.1,13.97,2.41,4.38,69.9,29.0,Industrial,4,45,0,Low
W015,St. Thomas Mount Ridge,South-Central,13.004,80.191,175.79,48.89,1.47,5778.6,23.51,3.56,5.02,63.4,34.0,Low_Density_Residential,1,15,0,Low
W003,Madipakkam Lake Basin,South,12.9647,80.1961,4.47,3.27,2.85,260.2,2.22,0.46,2.07,32.6,72.5,High_Density_Residential,14,160,0,Low
W007,Mylapore Heritage Sector,East,13.0368,80.2676,3.84,3.1,2.29,669.7,8.19,1.11,4.19,15.9,89.6,High_Density_Residential,5,55,0,Low
W020,Mudichur Lake Sink,South-West,12.912,80.068,49.97,15.72,3.78,2979.3,2.68,0.28,1.65,25.4,66.6,High_Density_Residential,14,165,2,High
W001,T. Nagar Commercial Hub,Central,13.0418,80.2341,9.36,7.38,2.59,136.4,6.25,0.72,4.08,56.0,43.3,Commercial,8,90,0,Low
W002,Velachery Lowlands,South,12.9815,80.218,43.06,22.75,3.38,1567.2,3.47,0.57,2.01,32.4,65.7,High_Density_Residential,12,140,2,High
W011,Sholinganallur IT Corridor,South-East,12.901,80.2279,177.86,27.2,6.12,7311.7,4.96,0.57,3.25,66.1,29.6,Commercial,9,115,3,Severe Inundation
W008,Tambaram Outer Plateau,South-West,12.9249,80.1,159.21,28.45,1.6,3071.5,21.8,3.33,3.47,20.8,71.3,Low_Density_Residential,3,40,0,Low
W005,Adyar Estuary Buffer,Coastal,13.0012,80.2565,124.83,45.01,5.85,4908.0,3.89,0.75,3.02,18.3,82.1,Green_Space,9,110,3,Severe Inundation
W019,Royapettah Central,Central,13.053,80.261,86.0,9.1,2.87,1105.7,8.82,1.67,4.44,26.5,70.0,Commercial,4,50,0,Low
W007,Mylapore Heritage Sector,East,13.0368,80.2676,13.08,8.59,1.69,124.6,8.61,1.17,4.19,57.8,45.5,High_Density_Residential,5,55,0,Low
W003,Madipakkam Lake Basin,South,12.9647,80.1961,85.14,13.54,4.74,1223.0,2.64,0.57,1.71,50.7,43.0,High_Density_Residential,14,160,3,Severe Inundation
W018,Ambattur Industrial Zone,North-West,13.114,80.154,80.83,13.5,2.51,1481.7,11.48,1.95,3.68,76.3,25.4,Industrial,5,60,0,Low
W007,Mylapore Heritage Sector,East,13.0368,80.2676,68.5,11.71,2.97,2558.2,8.23,1.39,4.4,56.5,40.0,High_Density_Residential,5,55,0,Low
W019,Royapettah Central,Central,13.053,80.261,141.17,31.55,3.92,3563.9,9.52,1.6,4.23,10.8,95.6,Commercial,4,50,2,High
W007,Mylapore Heritage Sector,East,13.0368,80.2676,48.88,24.72,2.61,1620.5,8.65,1.12,4.44,65.3,33.2,High_Density_Residential,5,55,1,Moderate
W008,Tambaram Outer Plateau,South-West,12.9249,80.1,65.62,17.89,0.4,3112.0,22.37,3.12,2.9,31.8,68.9,Low_Density_Residential,3,40,0,Low
W011,Sholinganallur IT Corridor,South-East,12.901,80.2279,187.42,62.13,6.57,7739.5,4.77,0.44,3.34,17.7,78.2,Commercial,9,115,3,Severe Inundation
W005,Adyar Estuary Buffer,Coastal,13.0012,80.2565,293.48,66.09,9.1,11977.9,4.16,0.72,3.2,54.7,39.0,Green_Space,9,110,3,Severe Inundation
W020,Mudichur Lake Sink,South-West,12.912,80.068,175.33,46.73,7.23,4607.2,2.71,0.24,1.43,25.7,62.2,High_Density_Residential,14,165,3,Severe Inundation
W001,T. Nagar Commercial Hub,Central,13.0418,80.2341,51.31,22.18,2.92,1247.7,6.63,0.66,3.81,13.5,80.6,Commercial,8,90,1,Moderate
W009,Perambur Railway Lowlands,North,13.1114,80.2437,146.25,38.68,5.79,3735.6,4.89,0.2,2.43,93.4,5.0,Commercial,10,125,3,Severe Inundation
W005,Adyar Estuary Buffer,Coastal,13.0012,80.2565,14.68,2.04,2.64,280.2,4.49,0.59,3.09,28.8,69.0,Green_Space,9,110,0,Low
W005,Adyar Estuary Buffer,Coastal,13.0012,80.2565,13.18,7.76,2.94,806.5,4.08,0.83,2.79,30.4,61.0,Green_Space,9,110,0,Low
W018,Ambattur Industrial Zone,North-West,13.114,80.154,58.45,20.11,2.09,2543.3,11.19,1.72,3.83,32.7,75.5,Industrial,5,60,0,Low
W009,Perambur Railway Lowlands,North,13.1114,80.2437,335.04,69.84,10.11,10547.1,4.48,0.43,2.17,42.2,57.7,Commercial,10,125,3,Severe Inundation
W006,Anna Nagar High Ridge,West,13.085,80.2101,15.98,6.98,0.41,163.8,19.19,2.91,5.02,44.8,59.3,Low_Density_Residential,1,20,0,Low
W004,Guindy Ridge Sector,South-Central,13.0067,80.2025,57.52,21.14,1.55,1890.5,14.19,2.0,4.56,49.1,54.6,Industrial,4,45,0,Low
W001,T. Nagar Commercial Hub,Central,13.0418,80.2341,25.5,2.45,2.8,111.7,5.64,0.89,3.96,52.8,50.0,Commercial,8,90,0,Low
W005,Adyar Estuary Buffer,Coastal,13.0012,80.2565,16.92,8.97,2.91,410.7,3.64,0.75,2.95,68.1,31.2,Green_Space,9,110,0,Low
W001,T. Nagar Commercial Hub,Central,13.0418,80.2341,335.3,87.56,9.01,10813.8,6.83,0.68,3.8,43.4,51.9,Commercial,8,90,3,Severe Inundation
W012,Manali Petrochemical Lowland,North-East,13.1706,80.2605,34.29,4.94,3.76,524.7,3.41,0.4,2.09,41.0,57.5,Industrial,11,135,1,Moderate
W008,Tambaram Outer Plateau,South-West,12.9249,80.1,236.18,88.39,2.19,8478.7,21.52,3.0,3.5,21.1,72.7,Low_Density_Residential,3,40,2,High
W019,Royapettah Central,Central,13.053,80.261,163.0,24.16,4.64,5434.1,9.23,1.42,4.06,37.9,61.2,Commercial,4,50,3,Severe Inundation
W011,Sholinganallur IT Corridor,South-East,12.901,80.2279,50.79,22.42,3.57,1208.0,4.14,0.45,2.91,45.1,55.8,Commercial,9,115,2,High
W001,T. Nagar Commercial Hub,Central,13.0418,80.2341,52.39,22.11,3.01,2273.2,6.36,0.78,3.86,50.3,53.8,Commercial,8,90,1,Moderate
W006,Anna Nagar High Ridge,West,13.085,80.2101,178.33,43.24,1.44,5242.6,18.87,2.81,5.01,60.2,38.7,Low_Density_Residential,1,20,0,Low
W009,Perambur Railway Lowlands,North,13.1114,80.2437,132.08,45.26,5.43,4709.4,4.48,0.61,2.02,36.5,72.0,Commercial,10,125,3,Severe Inundation
W002,Velachery Lowlands,South,12.9815,80.218,77.0,24.27,4.28,2538.9,3.07,0.34,2.11,55.9,52.6,High_Density_Residential,12,140,3,Severe Inundation
W005,Adyar Estuary Buffer,Coastal,13.0012,80.2565,314.82,74.34,9.79,11459.4,3.63,0.59,2.99,14.3,91.2,Green_Space,9,110,3,Severe Inundation
W014,Porur Lake Fringe,West,13.033,80.158,29.81,9.94,2.89,429.7,5.17,0.97,2.26,37.7,65.7,High_Density_Residential,9,105,0,Low
W017,Saidapet Riverine Basin,Central,13.021,80.223,25.79,8.04,2.85,940.5,4.32,0.72,2.86,22.3,68.8,High_Density_Residential,11,130,0,Low
W004,Guindy Ridge Sector,South-Central,13.0067,80.2025,130.58,36.76,2.19,3013.8,15.07,1.96,4.68,16.1,85.0,Industrial,4,45,0,Low
W003,Madipakkam Lake Basin,South,12.9647,80.1961,320.98,71.82,11.07,17898.9,1.86,0.2,1.7,17.5,82.9,High_Density_Residential,14,160,3,Severe Inundation
W016,Koyambedu Market Heights,West,13.069,80.194,332.67,92.03,3.69,16016.8,17.08,2.43,4.06,36.9,51.2,Commercial,3,35,3,Severe Inundation
W015,St. Thomas Mount Ridge,South-Central,13.004,80.191,115.03,33.41,1.05,5144.8,23.96,3.82,4.9,23.7,75.3,Low_Density_Residential,1,15,0,Low
W012,Manali Petrochemical Lowland,North-East,13.1706,80.2605,12.38,6.66,3.01,785.5,2.94,0.56,1.8,45.3,57.3,Industrial,11,135,1,Moderate
W017,Saidapet Riverine Basin,Central,13.021,80.223,28.87,1.95,3.21,299.8,3.9,0.69,2.63,61.2,48.4,High_Density_Residential,11,130,1,Moderate
W019,Royapettah Central,Central,13.053,80.261,297.88,45.84,7.26,12710.7,9.25,1.73,3.99,26.1,77.7,Commercial,4,50,3,Severe Inundation
W004,Guindy Ridge Sector,South-Central,13.0067,80.2025,244.82,46.92,3.87,8009.2,14.11,2.23,4.14,51.4,44.7,Industrial,4,45,3,Severe Inundation
W015,St. Thomas Mount Ridge,South-Central,13.004,80.191,163.53,39.98,1.34,6676.7,24.2,3.42,4.77,20.5,81.3,Low_Density_Residential,1,15,0,Low
W017,Saidapet Riverine Basin,Central,13.021,80.223,33.22,5.57,3.18,933.8,3.63,0.69,2.58,75.6,28.5,High_Density_Residential,11,130,1,Moderate
W008,Tambaram Outer Plateau,South-West,12.9249,80.1,40.62,23.3,0.4,1572.5,22.21,3.25,3.59,27.7,75.0,Low_Density_Residential,3,40,0,Low
W020,Mudichur Lake Sink,South-West,12.912,80.068,27.17,1.3,3.46,509.8,2.17,0.35,1.89,64.9,34.6,High_Density_Residential,14,165,1,Moderate
W002,Velachery Lowlands,South,12.9815,80.218,3.42,2.41,2.67,677.0,3.23,0.58,2.07,77.5,24.8,High_Density_Residential,12,140,1,Moderate
W017,Saidapet Riverine Basin,Central,13.021,80.223,29.93,8.36,3.21,456.5,4.53,0.27,2.81,10.9,82.2,High_Density_Residential,11,130,1,Moderate
W010,Kolathur Urban Catchment,North-West,13.1235,80.2188,25.33,6.21,2.47,987.6,8.51,1.31,3.49,45.7,48.9,High_Density_Residential,7,85,0,Low
W015,St. Thomas Mount Ridge,South-Central,13.004,80.191,81.54,13.44,0.68,1982.9,24.02,3.23,4.53,84.4,10.1,Low_Density_Residential,1,15,0,Low
W001,T. Nagar Commercial Hub,Central,13.0418,80.2341,3.39,1.65,2.21,319.0,6.32,0.72,3.76,54.9,47.9,Commercial,8,90,0,Low
W002,Velachery Lowlands,South,12.9815,80.218,150.41,25.83,6.1,4000.2,3.63,0.53,2.08,49.1,47.7,High_Density_Residential,12,140,3,Severe Inundation
W016,Koyambedu Market Heights,West,13.069,80.194,23.9,5.69,0.5,245.6,16.85,2.53,3.75,52.9,55.9,Commercial,3,35,0,Low
W013,Pallikaranai Marsh Reserve,South-East,12.936,80.214,164.92,45.4,7.27,4692.8,1.5,0.2,1.28,42.1,59.8,Green_Space,15,175,3,Severe Inundation
W014,Porur Lake Fringe,West,13.033,80.158,125.42,43.22,4.61,7871.8,6.05,0.84,2.89,35.6,71.2,High_Density_Residential,9,105,3,Severe Inundation
W004,Guindy Ridge Sector,South-Central,13.0067,80.2025,22.54,3.92,0.96,511.6,14.09,2.17,4.06,47.5,60.7,Industrial,4,45,0,Low
W016,Koyambedu Market Heights,West,13.069,80.194,95.75,28.7,1.14,4531.9,16.61,2.4,4.27,29.5,71.8,Commercial,3,35,0,Low
W015,St. Thomas Mount Ridge,South-Central,13.004,80.191,155.04,22.6,1.43,3108.2,23.91,3.66,4.64,11.7,91.1,Low_Density_Residential,1,15,0,Low
W003,Madipakkam Lake Basin,South,12.9647,80.1961,73.83,21.77,4.49,2448.5,2.34,0.35,1.57,23.0,81.0,High_Density_Residential,14,160,3,Severe Inundation
W003,Madipakkam Lake Basin,South,12.9647,80.1961,5.62,6.83,2.8,493.9,2.74,0.34,2.03,38.0,60.3,High_Density_Residential,14,160,1,Moderate
W011,Sholinganallur IT Corridor,South-East,12.901,80.2279,330.57,54.04,10.24,9444.0,3.62,0.57,3.42,9.6,81.5,Commercial,9,115,3,Severe Inundation
W020,Mudichur Lake Sink,South-West,12.912,80.068,125.48,40.97,6.61,3439.3,2.13,0.28,1.61,66.4,31.4,High_Density_Residential,14,165,3,Severe Inundation
W005,Adyar Estuary Buffer,Coastal,13.0012,80.2565,11.12,7.41,2.89,645.6,4.27,0.53,2.68,37.2,56.6,Green_Space,9,110,0,Low
W003,Madipakkam Lake Basin,South,12.9647,80.1961,12.9,4.73,2.62,490.4,2.29,0.32,1.74,40.2,60.9,High_Density_Residential,14,160,1,Moderate
W005,Adyar Estuary Buffer,Coastal,13.0012,80.2565,179.04,38.32,6.6,6064.5,4.62,0.48,2.69,58.0,35.0,Green_Space,9,110,3,Severe Inundation
W009,Perambur Railway Lowlands,North,13.1114,80.2437,261.92,90.28,8.09,11745.2,4.81,0.39,2.23,17.7,83.1,Commercial,10,125,3,Severe Inundation
W020,Mudichur Lake Sink,South-West,12.912,80.068,51.64,18.88,3.98,3039.6,3.03,0.2,1.69,43.5,53.1,High_Density_Residential,14,165,2,High
W019,Royapettah Central,Central,13.053,80.261,140.19,29.93,3.74,4719.9,9.44,1.44,4.25,82.1,8.7,Commercial,4,50,2,High
W018,Ambattur Industrial Zone,North-West,13.114,80.154,46.63,20.67,2.11,2544.9,10.88,1.76,3.6,38.6,60.5,Industrial,5,60,0,Low
W011,Sholinganallur IT Corridor,South-East,12.901,80.2279,29.44,8.54,2.96,849.6,4.17,0.56,3.03,23.0,78.3,Commercial,9,115,1,Moderate
W013,Pallikaranai Marsh Reserve,South-East,12.936,80.214,31.73,3.93,3.7,759.5,2.05,0.42,1.36,62.5,42.5,Green_Space,15,175,1,Moderate
W020,Mudichur Lake Sink,South-West,12.912,80.068,85.62,22.96,4.88,2105.0,1.63,0.2,1.58,74.1,19.1,High_Density_Residential,14,165,3,Severe Inundation
W017,Saidapet Riverine Basin,Central,13.021,80.223,62.3,13.11,3.99,3242.6,3.64,0.63,3.08,25.4,80.6,High_Density_Residential,11,130,2,High
W010,Kolathur Urban Catchment,North-West,13.1235,80.2188,158.96,37.25,4.37,4304.0,9.18,1.61,3.01,32.0,70.6,High_Density_Residential,7,85,2,High
W015,St. Thomas Mount Ridge,South-Central,13.004,80.191,2.69,3.46,0.4,504.2,24.03,3.58,4.86,33.2,63.1,Low_Density_Residential,1,15,0,Low
W017,Saidapet Riverine Basin,Central,13.021,80.223,298.1,79.66,9.46,10248.3,4.16,0.46,2.91,43.8,54.5,High_Density_Residential,11,130,3,Severe Inundation
W020,Mudichur Lake Sink,South-West,12.912,80.068,38.27,22.11,3.35,1261.4,2.7,0.5,1.64,14.4,80.9,High_Density_Residential,14,165,2,High
W014,Porur Lake Fringe,West,13.033,80.158,94.31,44.0,4.31,4972.4,5.2,0.65,2.52,27.4,76.6,High_Density_Residential,9,105,3,Severe Inundation
W004,Guindy Ridge Sector,South-Central,13.0067,80.2025,32.03,8.62,1.4,737.4,14.19,2.13,4.12,27.3,64.6,Industrial,4,45,0,Low
W004,Guindy Ridge Sector,South-Central,13.0067,80.2025,30.12,4.43,0.89,773.2,14.05,2.06,4.16,41.2,60.0,Industrial,4,45,0,Low
W018,Ambattur Industrial Zone,North-West,13.114,80.154,66.52,9.54,2.2,3311.1,12.14,1.63,3.8,17.5,91.6,Industrial,5,60,0,Low
W007,Mylapore Heritage Sector,East,13.0368,80.2676,22.1,5.99,2.36,689.7,8.02,1.26,4.82,23.5,72.5,High_Density_Residential,5,55,0,Low
W014,Porur Lake Fringe,West,13.033,80.158,13.72,1.42,2.51,114.2,5.67,0.56,2.49,51.8,46.0,High_Density_Residential,9,105,0,Low
W015,St. Thomas Mount Ridge,South-Central,13.004,80.191,315.17,81.57,2.7,15207.8,24.44,3.45,4.72,10.4,90.7,Low_Density_Residential,1,15,2,High
W008,Tambaram Outer Plateau,South-West,12.9249,80.1,27.03,1.78,0.4,540.5,22.54,3.1,2.99,26.0,77.3,Low_Density_Residential,3,40,0,Low
W014,Porur Lake Fringe,West,13.033,80.158,71.78,17.42,3.99,1748.5,4.61,0.93,2.16,46.1,50.3,High_Density_Residential,9,105,2,High
W011,Sholinganallur IT Corridor,South-East,12.901,80.2279,32.68,7.67,3.05,356.1,4.62,0.32,3.65,32.3,64.6,Commercial,9,115,1,Moderate
W015,St. Thomas Mount Ridge,South-Central,13.004,80.191,17.36,8.78,0.4,800.7,24.1,3.66,5.35,39.7,66.6,Low_Density_Residential,1,15,0,Low
W013,Pallikaranai Marsh Reserve,South-East,12.936,80.214,126.0,35.18,6.18,6223.5,1.79,0.24,1.1,34.3,63.3,Green_Space,15,175,3,Severe Inundation
W014,Porur Lake Fringe,West,13.033,80.158,2.9,3.63,2.35,456.2,5.78,0.43,2.72,23.0,78.8,High_Density_Residential,9,105,0,Low
W004,Guindy Ridge Sector,South-Central,13.0067,80.2025,29.7,8.02,1.17,156.9,13.73,2.17,4.1,87.5,19.4,Industrial,4,45,0,Low
W011,Sholinganallur IT Corridor,South-East,12.901,80.2279,293.24,67.45,9.1,7627.2,4.47,0.55,3.82,14.1,92.5,Commercial,9,115,3,Severe Inundation
W014,Porur Lake Fringe,West,13.033,80.158,71.81,10.07,3.79,1517.4,5.64,0.63,2.16,36.1,51.6,High_Density_Residential,9,105,1,Moderate
W011,Sholinganallur IT Corridor,South-East,12.901,80.2279,2.37,3.04,2.44,399.4,4.32,0.51,3.29,20.8,85.0,Commercial,9,115,0,Low
W009,Perambur Railway Lowlands,North,13.1114,80.2437,19.27,6.95,2.61,774.2,4.66,0.38,2.21,36.5,69.5,Commercial,10,125,0,Low
W012,Manali Petrochemical Lowland,North-East,13.1706,80.2605,51.26,21.17,3.78,3106.9,3.72,0.27,1.93,24.6,77.7,Industrial,11,135,2,High
W005,Adyar Estuary Buffer,Coastal,13.0012,80.2565,25.91,5.63,3.16,200.9,4.56,0.84,2.96,38.9,54.4,Green_Space,9,110,0,Low
W016,Koyambedu Market Heights,West,13.069,80.194,73.12,15.96,1.36,1063.8,16.47,2.39,3.76,48.3,52.7,Commercial,3,35,0,Low
W003,Madipakkam Lake Basin,South,12.9647,80.1961,16.4,6.89,3.46,730.3,2.4,0.34,1.63,51.6,47.6,High_Density_Residential,14,160,1,Moderate
W003,Madipakkam Lake Basin,South,12.9647,80.1961,148.76,29.6,5.98,4215.8,2.95,0.21,1.74,46.0,55.5,High_Density_Residential,14,160,3,Severe Inundation
W003,Madipakkam Lake Basin,South,12.9647,80.1961,129.78,24.53,5.86,7031.8,2.18,0.29,1.99,56.5,46.6,High_Density_Residential,14,160,3,Severe Inundation
W003,Madipakkam Lake Basin,South,12.9647,80.1961,24.7,7.9,3.6,288.9,2.15,0.3,1.93,38.9,61.6,High_Density_Residential,14,160,1,Moderate
W014,Porur Lake Fringe,West,13.033,80.158,71.56,17.54,3.49,3113.3,5.82,0.73,2.61,29.3,70.1,High_Density_Residential,9,105,1,Moderate
W004,Guindy Ridge Sector,South-Central,13.0067,80.2025,22.8,8.26,0.94,969.7,14.78,2.07,4.22,42.9,61.2,Industrial,4,45,0,Low
W012,Manali Petrochemical Lowland,North-East,13.1706,80.2605,10.12,9.58,3.31,221.7,2.87,0.21,1.6,79.6,14.8,Industrial,11,135,2,High
W005,Adyar Estuary Buffer,Coastal,13.0012,80.2565,54.14,12.0,3.53,2037.0,4.54,0.73,2.86,59.7,38.1,Green_Space,9,110,1,Moderate
W018,Ambattur Industrial Zone,North-West,13.114,80.154,84.88,17.63,2.9,2959.4,11.0,1.81,3.59,5.0,92.4,Industrial,5,60,0,Low
W002,Velachery Lowlands,South,12.9815,80.218,79.14,13.04,4.31,1061.4,4.27,0.68,2.47,25.1,81.6,High_Density_Residential,12,140,2,High
W019,Royapettah Central,Central,13.053,80.261,147.19,41.42,4.24,5145.8,9.22,1.57,3.89,35.4,57.8,Commercial,4,50,3,Severe Inundation
W018,Ambattur Industrial Zone,North-West,13.114,80.154,32.37,4.84,2.09,628.3,10.31,1.69,3.46,12.8,91.1,Industrial,5,60,0,Low
W018,Ambattur Industrial Zone,North-West,13.114,80.154,2.11,8.84,1.27,393.8,10.66,1.48,4.07,46.5,56.7,Industrial,5,60,0,Low
W011,Sholinganallur IT Corridor,South-East,12.901,80.2279,85.08,16.36,3.9,2181.8,5.05,0.44,3.73,14.8,80.3,Commercial,9,115,2,High
W004,Guindy Ridge Sector,South-Central,13.0067,80.2025,28.75,2.16,1.11,749.6,14.12,1.99,3.98,30.6,76.3,Industrial,4,45,0,Low
W014,Porur Lake Fringe,West,13.033,80.158,335.9,89.92,9.09,10832.8,5.45,0.71,2.24,41.2,52.1,High_Density_Residential,9,105,3,Severe Inundation
W012,Manali Petrochemical Lowland,North-East,13.1706,80.2605,7.71,6.76,3.09,927.5,2.24,0.41,1.81,55.1,43.6,Industrial,11,135,1,Moderate
W014,Porur Lake Fringe,West,13.033,80.158,74.41,24.33,4.2,1245.6,5.71,0.95,2.18,36.5,61.1,High_Density_Residential,9,105,2,High
W002,Velachery Lowlands,South,12.9815,80.218,19.68,3.77,3.01,540.3,3.45,0.58,2.04,75.3,23.2,High_Density_Residential,12,140,1,Moderate
W010,Kolathur Urban Catchment,North-West,13.1235,80.2188,58.82,23.68,2.68,2669.9,8.51,1.31,3.07,33.2,59.5,High_Density_Residential,7,85,1,Moderate
W020,Mudichur Lake Sink,South-West,12.912,80.068,4.7,2.13,2.7,852.3,1.99,0.33,2.12,65.0,37.1,High_Density_Residential,14,165,1,Moderate
W010,Kolathur Urban Catchment,North-West,13.1235,80.2188,174.97,21.76,4.87,6699.5,9.14,1.27,3.08,23.1,71.7,High_Density_Residential,7,85,3,Severe Inundation
W012,Manali Petrochemical Lowland,North-East,13.1706,80.2605,54.84,11.11,3.87,3215.1,3.15,0.25,1.96,41.8,64.4,Industrial,11,135,2,High
W004,Guindy Ridge Sector,South-Central,13.0067,80.2025,92.58,48.17,1.72,3216.7,14.82,2.24,4.29,51.4,50.9,Industrial,4,45,0,Low
W019,Royapettah Central,Central,13.053,80.261,163.19,33.03,4.62,3622.6,9.53,1.6,4.47,33.2,56.4,Commercial,4,50,3,Severe Inundation
W017,Saidapet Riverine Basin,Central,13.021,80.223,80.29,22.28,4.54,3025.7,3.72,0.61,2.9,25.0,71.7,High_Density_Residential,11,130,2,High
W007,Mylapore Heritage Sector,East,13.0368,80.2676,115.32,43.79,4.13,5444.0,8.76,1.09,4.32,62.0,47.6,High_Density_Residential,5,55,2,High
W005,Adyar Estuary Buffer,Coastal,13.0012,80.2565,89.18,12.0,4.36,2750.2,4.22,0.89,3.11,61.3,48.2,Green_Space,9,110,2,High
W016,Koyambedu Market Heights,West,13.069,80.194,35.93,23.3,0.4,3032.8,17.25,2.35,3.75,22.8,81.3,Commercial,3,35,0,Low
W008,Tambaram Outer Plateau,South-West,12.9249,80.1,99.6,47.52,0.97,7476.6,21.81,3.24,3.38,51.4,39.8,Low_Density_Residential,3,40,0,Low
W004,Guindy Ridge Sector,South-Central,13.0067,80.2025,68.3,9.6,1.54,3186.6,14.66,2.02,4.3,27.7,70.5,Industrial,4,45,0,Low
W012,Manali Petrochemical Lowland,North-East,13.1706,80.2605,44.63,24.46,3.48,1375.5,3.37,0.48,1.96,49.1,51.2,Industrial,11,135,2,High
W018,Ambattur Industrial Zone,North-West,13.114,80.154,3.54,5.84,1.5,311.4,10.78,1.68,3.63,50.1,50.8,Industrial,5,60,0,Low
W012,Manali Petrochemical Lowland,North-East,13.1706,80.2605,203.7,94.68,7.36,14264.9,3.25,0.81,1.89,41.1,49.2,Industrial,11,135,3,Severe Inundation
W004,Guindy Ridge Sector,South-Central,13.0067,80.2025,63.4,8.33,1.31,1562.7,14.48,2.04,4.25,65.3,37.4,Industrial,4,45,0,Low
W009,Perambur Railway Lowlands,North,13.1114,80.2437,299.99,59.23,9.0,11909.5,5.22,0.45,2.6,58.9,47.3,Commercial,10,125,3,Severe Inundation
W019,Royapettah Central,Central,13.053,80.261,120.36,48.92,3.89,3109.7,9.99,1.3,4.28,29.6,68.5,Commercial,4,50,2,High
W008,Tambaram Outer Plateau,South-West,12.9249,80.1,106.85,40.41,0.97,4970.5,22.48,3.4,3.33,39.1,62.8,Low_Density_Residential,3,40,0,Low
W014,Porur Lake Fringe,West,13.033,80.158,74.08,22.75,3.69,3434.3,5.45,0.75,2.57,39.6,66.0,High_Density_Residential,9,105,2,High
W018,Ambattur Industrial Zone,North-West,13.114,80.154,12.06,5.04,1.58,428.4,11.62,1.79,3.9,30.1,66.5,Industrial,5,60,0,Low
W020,Mudichur Lake Sink,South-West,12.912,80.068,96.57,39.79,5.17,6580.1,2.69,0.41,1.9,8.1,98.1,High_Density_Residential,14,165,3,Severe Inundation
W020,Mudichur Lake Sink,South-West,12.912,80.068,181.74,88.51,7.16,9795.5,2.66,0.28,1.36,77.1,23.0,High_Density_Residential,14,165,3,Severe Inundation
W018,Ambattur Industrial Zone,North-West,13.114,80.154,157.07,20.61,4.09,6151.2,10.58,1.46,3.95,53.7,45.7,Industrial,5,60,2,High
W001,T. Nagar Commercial Hub,Central,13.0418,80.2341,34.48,5.88,3.18,696.2,5.82,0.62,3.9,6.5,94.1,Commercial,8,90,0,Low
W020,Mudichur Lake Sink,South-West,12.912,80.068,71.8,13.57,4.3,1905.3,2.27,0.3,1.76,30.0,74.5,High_Density_Residential,14,165,2,High
W009,Perambur Railway Lowlands,North,13.1114,80.2437,88.67,22.07,4.87,3496.0,4.27,0.56,2.49,39.0,54.9,Commercial,10,125,3,Severe Inundation
W001,T. Nagar Commercial Hub,Central,13.0418,80.2341,86.73,12.09,3.68,1056.5,6.2,0.68,3.91,60.3,36.8,Commercial,8,90,2,High
W006,Anna Nagar High Ridge,West,13.085,80.2101,5.91,5.09,0.4,596.8,18.2,3.08,5.14,20.8,75.9,Low_Density_Residential,1,20,0,Low
W009,Perambur Railway Lowlands,North,13.1114,80.2437,17.08,9.86,2.61,563.2,5.14,0.67,2.49,44.4,58.2,Commercial,10,125,0,Low
W010,Kolathur Urban Catchment,North-West,13.1235,80.2188,61.95,14.04,2.61,1554.2,9.24,1.5,3.18,52.8,46.7,High_Density_Residential,7,85,0,Low
W011,Sholinganallur IT Corridor,South-East,12.901,80.2279,179.75,43.62,6.59,7385.1,4.68,0.54,3.58,23.8,73.3,Commercial,9,115,3,Severe Inundation
W012,Manali Petrochemical Lowland,North-East,13.1706,80.2605,55.16,11.33,3.84,1471.0,3.1,0.2,1.65,12.3,77.6,Industrial,11,135,2,High
W001,T. Nagar Commercial Hub,Central,13.0418,80.2341,164.38,30.39,5.46,3427.7,5.9,0.74,3.63,27.4,66.3,Commercial,8,90,3,Severe Inundation
W006,Anna Nagar High Ridge,West,13.085,80.2101,30.68,7.04,0.4,189.0,18.93,3.04,4.71,30.5,70.2,Low_Density_Residential,1,20,0,Low
W005,Adyar Estuary Buffer,Coastal,13.0012,80.2565,161.79,49.6,6.19,6485.7,4.24,0.63,2.85,49.8,39.2,Green_Space,9,110,3,Severe Inundation
W019,Royapettah Central,Central,13.053,80.261,237.47,87.81,6.48,16980.1,8.3,1.5,4.1,59.8,35.0,Commercial,4,50,3,Severe Inundation
W013,Pallikaranai Marsh Reserve,South-East,12.936,80.214,87.5,19.66,4.64,3302.0,2.28,0.33,1.68,24.0,72.6,Green_Space,15,175,2,High
W003,Madipakkam Lake Basin,South,12.9647,80.1961,28.56,5.66,3.11,716.7,2.53,0.43,2.08,42.6,57.1,High_Density_Residential,14,160,1,Moderate
W005,Adyar Estuary Buffer,Coastal,13.0012,80.2565,70.94,16.01,4.14,1187.4,4.46,0.6,2.99,30.7,74.6,Green_Space,9,110,1,Moderate
W001,T. Nagar Commercial Hub,Central,13.0418,80.2341,26.4,8.03,2.61,457.7,6.82,0.63,3.59,24.1,81.6,Commercial,8,90,0,Low
W003,Madipakkam Lake Basin,South,12.9647,80.1961,221.52,87.47,8.15,9545.3,3.06,0.2,2.04,8.6,93.3,High_Density_Residential,14,160,3,Severe Inundation
W017,Saidapet Riverine Basin,Central,13.021,80.223,44.29,13.55,3.66,1618.2,3.85,0.36,2.59,65.0,41.0,High_Density_Residential,11,130,2,High
W007,Mylapore Heritage Sector,East,13.0368,80.2676,148.63,22.83,4.63,6476.5,8.94,1.37,4.76,32.2,72.5,High_Density_Residential,5,55,2,High
W013,Pallikaranai Marsh Reserve,South-East,12.936,80.214,101.21,39.61,5.25,4478.6,1.69,0.32,1.56,69.2,34.3,Green_Space,15,175,3,Severe Inundation
W014,Porur Lake Fringe,West,13.033,80.158,84.53,21.39,4.18,999.6,4.81,0.55,2.41,56.1,52.1,High_Density_Residential,9,105,2,High
W015,St. Thomas Mount Ridge,South-Central,13.004,80.191,170.9,22.04,1.52,4510.4,23.73,3.22,4.79,6.0,98.5,Low_Density_Residential,1,15,0,Low
W011,Sholinganallur IT Corridor,South-East,12.901,80.2279,28.32,2.07,3.2,467.2,4.84,0.24,3.59,11.6,93.0,Commercial,9,115,0,Low
W006,Anna Nagar High Ridge,West,13.085,80.2101,64.47,19.03,0.52,1739.1,18.41,2.52,4.77,36.7,70.1,Low_Density_Residential,1,20,0,Low
W012,Manali Petrochemical Lowland,North-East,13.1706,80.2605,5.52,8.33,3.1,661.2,2.84,0.21,2.14,23.1,73.8,Industrial,11,135,1,Moderate
W010,Kolathur Urban Catchment,North-West,13.1235,80.2188,158.7,41.89,4.87,7100.7,8.85,1.37,2.84,35.8,60.2,High_Density_Residential,7,85,3,Severe Inundation
W011,Sholinganallur IT Corridor,South-East,12.901,80.2279,45.13,12.78,3.58,2193.2,4.32,0.54,3.45,68.4,29.2,Commercial,9,115,1,Moderate
W019,Royapettah Central,Central,13.053,80.261,129.03,26.05,3.77,6255.6,9.26,1.56,4.39,17.7,78.6,Commercial,4,50,2,High
W020,Mudichur Lake Sink,South-West,12.912,80.068,15.54,1.68,3.36,775.0,2.34,0.51,1.2,51.0,52.4,High_Density_Residential,14,165,1,Moderate
W003,Madipakkam Lake Basin,South,12.9647,80.1961,111.72,37.57,5.59,6443.4,2.35,0.2,1.59,52.7,53.0,High_Density_Residential,14,160,3,Severe Inundation
W002,Velachery Lowlands,South,12.9815,80.218,6.79,5.92,3.18,155.6,2.8,0.64,2.46,28.1,74.8,High_Density_Residential,12,140,1,Moderate
W005,Adyar Estuary Buffer,Coastal,13.0012,80.2565,78.41,24.13,4.17,1817.1,3.77,0.62,2.92,5.0,99.6,Green_Space,9,110,1,Moderate
W006,Anna Nagar High Ridge,West,13.085,80.2101,3.04,4.9,0.4,734.0,17.73,2.47,4.78,57.7,44.7,Low_Density_Residential,1,20,0,Low
W020,Mudichur Lake Sink,South-West,12.912,80.068,122.32,23.67,5.81,4084.2,3.04,0.38,1.5,76.6,22.0,High_Density_Residential,14,165,3,Severe Inundation
W002,Velachery Lowlands,South,12.9815,80.218,84.2,22.27,4.71,1482.2,3.09,0.35,2.32,52.2,44.6,High_Density_Residential,12,140,3,Severe Inundation
W003,Madipakkam Lake Basin,South,12.9647,80.1961,84.09,22.77,4.91,2350.8,2.31,0.2,1.31,25.5,78.5,High_Density_Residential,14,160,3,Severe Inundation
W009,Perambur Railway Lowlands,North,13.1114,80.2437,61.45,13.78,3.9,1278.2,4.73,0.56,2.62,51.3,50.8,Commercial,10,125,2,High
W015,St. Thomas Mount Ridge,South-Central,13.004,80.191,114.45,42.22,0.79,6892.4,23.79,3.64,4.62,28.8,69.4,Low_Density_Residential,1,15,0,Low
W014,Porur Lake Fringe,West,13.033,80.158,22.4,8.64,2.6,118.8,5.47,0.59,2.12,55.6,50.9,High_Density_Residential,9,105,0,Low
W016,Koyambedu Market Heights,West,13.069,80.194,39.46,18.84,0.88,2088.1,16.73,2.45,4.19,54.6,43.2,Commercial,3,35,0,Low
W020,Mudichur Lake Sink,South-West,12.912,80.068,52.55,16.49,3.79,1809.8,2.12,0.64,1.46,30.8,66.5,High_Density_Residential,14,165,2,High
W015,St. Thomas Mount Ridge,South-Central,13.004,80.191,4.61,6.3,0.4,268.0,23.07,3.5,5.14,63.6,31.6,Low_Density_Residential,1,15,0,Low
W014,Porur Lake Fringe,West,13.033,80.158,88.2,19.25,4.12,3243.5,5.47,0.5,2.38,62.1,39.9,High_Density_Residential,9,105,2,High
W009,Perambur Railway Lowlands,North,13.1114,80.2437,197.83,68.1,6.74,9396.7,4.59,0.55,2.72,26.7,80.2,Commercial,10,125,3,Severe Inundation
W007,Mylapore Heritage Sector,East,13.0368,80.2676,4.4,2.69,1.56,771.5,8.91,1.55,4.45,14.5,85.0,High_Density_Residential,5,55,0,Low
W017,Saidapet Riverine Basin,Central,13.021,80.223,246.97,88.17,8.12,10192.5,4.27,0.54,2.75,60.5,35.5,High_Density_Residential,11,130,3,Severe Inundation
W004,Guindy Ridge Sector,South-Central,13.0067,80.2025,204.52,68.8,3.76,14294.2,14.24,2.07,3.9,47.9,54.3,Industrial,4,45,3,Severe Inundation
W012,Manali Petrochemical Lowland,North-East,13.1706,80.2605,8.29,8.36,3.31,694.1,2.54,0.68,2.0,17.8,88.4,Industrial,11,135,1,Moderate
W014,Porur Lake Fringe,West,13.033,80.158,63.15,8.93,3.5,2349.7,5.57,0.74,2.18,58.7,45.8,High_Density_Residential,9,105,1,Moderate
W004,Guindy Ridge Sector,South-Central,13.0067,80.2025,50.76,9.62,1.38,3208.0,14.31,2.3,4.3,46.5,54.0,Industrial,4,45,0,Low
W010,Kolathur Urban Catchment,North-West,13.1235,80.2188,39.74,22.43,2.39,2277.0,8.16,1.39,3.11,46.8,45.6,High_Density_Residential,7,85,0,Low
W019,Royapettah Central,Central,13.053,80.261,44.21,15.69,1.91,2179.1,10.03,1.52,4.41,50.4,47.5,Commercial,4,50,0,Low
W016,Koyambedu Market Heights,West,13.069,80.194,325.81,73.77,3.36,14874.7,17.94,2.33,4.11,28.3,71.9,Commercial,3,35,3,Severe Inundation
W017,Saidapet Riverine Basin,Central,13.021,80.223,8.62,9.1,2.55,547.1,4.5,0.37,2.81,21.3,79.9,High_Density_Residential,11,130,0,Low
W010,Kolathur Urban Catchment,North-West,13.1235,80.2188,57.34,21.91,3.0,1291.6,8.44,1.58,3.12,39.0,57.2,High_Density_Residential,7,85,1,Moderate
W002,Velachery Lowlands,South,12.9815,80.218,220.35,67.66,8.09,14209.7,3.23,0.56,1.94,33.8,66.5,High_Density_Residential,12,140,3,Severe Inundation
W008,Tambaram Outer Plateau,South-West,12.9249,80.1,86.07,12.87,0.92,1552.9,21.2,3.08,3.19,56.0,45.4,Low_Density_Residential,3,40,0,Low
W013,Pallikaranai Marsh Reserve,South-East,12.936,80.214,132.91,43.52,5.68,7650.8,2.35,0.31,1.04,54.7,45.5,Green_Space,15,175,3,Severe Inundation
W020,Mudichur Lake Sink,South-West,12.912,80.068,48.2,17.99,3.92,3230.9,2.66,0.29,1.44,52.7,48.1,High_Density_Residential,14,165,2,High
W002,Velachery Lowlands,South,12.9815,80.218,9.86,3.11,2.95,996.5,3.35,0.52,2.07,23.0,71.7,High_Density_Residential,12,140,0,Low
W001,T. Nagar Commercial Hub,Central,13.0418,80.2341,23.68,5.6,2.91,308.0,5.52,0.61,3.81,32.4,61.7,Commercial,8,90,0,Low
W007,Mylapore Heritage Sector,East,13.0368,80.2676,20.95,9.81,2.21,507.8,8.26,0.98,4.29,46.1,57.8,High_Density_Residential,5,55,0,Low
W010,Kolathur Urban Catchment,North-West,13.1235,80.2188,233.98,71.57,6.65,14822.5,8.59,1.37,2.99,41.6,49.3,High_Density_Residential,7,85,3,Severe Inundation
W007,Mylapore Heritage Sector,East,13.0368,80.2676,30.69,2.31,2.18,545.9,8.55,1.27,4.79,47.8,56.4,High_Density_Residential,5,55,0,Low
W005,Adyar Estuary Buffer,Coastal,13.0012,80.2565,17.22,5.15,2.73,829.7,4.31,0.7,3.11,21.9,88.7,Green_Space,9,110,0,Low
W009,Perambur Railway Lowlands,North,13.1114,80.2437,43.28,15.84,3.36,2271.1,4.74,0.57,2.44,51.0,48.8,Commercial,10,125,1,Moderate
W010,Kolathur Urban Catchment,North-West,13.1235,80.2188,287.22,82.99,7.85,8749.6,8.07,1.37,3.12,24.4,76.3,High_Density_Residential,7,85,3,Severe Inundation
W011,Sholinganallur IT Corridor,South-East,12.901,80.2279,36.62,20.81,2.86,3424.9,4.9,0.55,3.83,41.7,44.6,Commercial,9,115,1,Moderate
W004,Guindy Ridge Sector,South-Central,13.0067,80.2025,17.74,8.86,0.92,138.2,13.53,2.25,4.19,30.7,63.3,Industrial,4,45,0,Low
W001,T. Nagar Commercial Hub,Central,13.0418,80.2341,88.56,19.82,3.89,2127.7,6.49,0.93,3.77,37.8,63.1,Commercial,8,90,2,High
W016,Koyambedu Market Heights,West,13.069,80.194,65.27,19.81,0.93,3414.4,16.53,2.5,3.85,41.7,61.9,Commercial,3,35,0,Low
W014,Porur Lake Fringe,West,13.033,80.158,39.07,14.17,3.38,1901.8,5.38,0.8,2.66,34.0,57.0,High_Density_Residential,9,105,1,Moderate
W006,Anna Nagar High Ridge,West,13.085,80.2101,9.39,2.3,0.4,266.0,18.56,2.91,5.0,58.1,41.0,Low_Density_Residential,1,20,0,Low
W005,Adyar Estuary Buffer,Coastal,13.0012,80.2565,3.98,3.12,2.47,339.1,4.41,0.44,2.79,72.7,19.3,Green_Space,9,110,0,Low
W013,Pallikaranai Marsh Reserve,South-East,12.936,80.214,111.32,41.03,5.19,4737.2,2.88,0.2,1.66,67.0,30.1,Green_Space,15,175,3,Severe Inundation
W018,Ambattur Industrial Zone,North-West,13.114,80.154,19.6,2.48,1.52,486.5,11.84,1.7,3.54,16.0,79.4,Industrial,5,60,0,Low
W008,Tambaram Outer Plateau,South-West,12.9249,80.1,21.63,3.99,0.4,753.1,21.56,3.24,3.88,13.7,79.9,Low_Density_Residential,3,40,0,Low
W017,Saidapet Riverine Basin,Central,13.021,80.223,162.5,31.35,6.44,6734.2,3.92,0.56,2.87,58.1,38.8,High_Density_Residential,11,130,3,Severe Inundation
W018,Ambattur Industrial Zone,North-West,13.114,80.154,21.37,3.79,1.67,716.9,11.08,1.99,3.38,62.5,35.0,Industrial,5,60,0,Low
W012,Manali Petrochemical Lowland,North-East,13.1706,80.2605,42.64,15.97,3.55,3496.7,2.79,0.31,1.92,59.4,39.4,Industrial,11,135,2,High
W003,Madipakkam Lake Basin,South,12.9647,80.1961,81.85,21.47,4.99,1995.4,2.7,0.55,2.1,11.5,93.3,High_Density_Residential,14,160,3,Severe Inundation
W013,Pallikaranai Marsh Reserve,South-East,12.936,80.214,31.17,4.08,3.7,212.5,1.5,0.4,1.37,74.7,33.5,Green_Space,15,175,1,Moderate
W002,Velachery Lowlands,South,12.9815,80.218,89.34,19.75,5.27,3315.1,2.88,0.34,1.94,87.7,23.1,High_Density_Residential,12,140,3,Severe Inundation
W014,Porur Lake Fringe,West,13.033,80.158,25.49,7.6,2.3,118.9,5.86,0.66,2.35,49.6,49.1,High_Density_Residential,9,105,0,Low
W001,T. Nagar Commercial Hub,Central,13.0418,80.2341,27.79,1.35,2.67,377.5,5.45,1.03,3.83,21.6,85.7,Commercial,8,90,0,Low
W015,St. Thomas Mount Ridge,South-Central,13.004,80.191,171.68,46.57,1.76,6941.6,23.23,3.46,4.72,65.8,26.6,Low_Density_Residential,1,15,0,Low
W003,Madipakkam Lake Basin,South,12.9647,80.1961,47.37,8.7,4.03,2624.5,2.39,0.2,1.8,10.3,90.0,High_Density_Residential,14,160,2,High
W011,Sholinganallur IT Corridor,South-East,12.901,80.2279,107.48,30.69,5.19,4317.2,4.17,0.26,3.37,28.1,76.0,Commercial,9,115,3,Severe Inundation
W019,Royapettah Central,Central,13.053,80.261,72.7,15.95,2.67,950.4,9.26,1.8,4.4,10.2,90.9,Commercial,4,50,0,Low
W014,Porur Lake Fringe,West,13.033,80.158,112.96,25.76,4.72,4889.9,5.28,0.84,2.36,6.5,92.1,High_Density_Residential,9,105,3,Severe Inundation
W019,Royapettah Central,Central,13.053,80.261,37.73,19.13,2.1,1009.2,9.39,1.5,3.75,29.9,73.0,Commercial,4,50,0,Low
W013,Pallikaranai Marsh Reserve,South-East,12.936,80.214,59.14,12.6,4.0,1233.5,1.82,0.21,1.51,31.1,68.5,Green_Space,15,175,2,High
W014,Porur Lake Fringe,West,13.033,80.158,97.92,41.8,4.22,3683.4,6.0,0.77,2.43,47.6,49.5,High_Density_Residential,9,105,3,Severe Inundation
W010,Kolathur Urban Catchment,North-West,13.1235,80.2188,29.94,2.19,2.28,131.7,8.46,1.44,2.66,14.4,84.2,High_Density_Residential,7,85,0,Low
W004,Guindy Ridge Sector,South-Central,13.0067,80.2025,136.42,47.85,2.36,4318.9,14.09,2.19,4.35,27.9,75.2,Industrial,4,45,1,Moderate
W013,Pallikaranai Marsh Reserve,South-East,12.936,80.214,17.33,9.69,3.12,368.3,2.29,0.2,1.77,48.1,59.2,Green_Space,15,175,1,Moderate
W001,T. Nagar Commercial Hub,Central,13.0418,80.2341,58.66,8.32,3.4,2257.4,6.33,0.72,4.08,75.7,32.9,Commercial,8,90,1,Moderate
W011,Sholinganallur IT Corridor,South-East,12.901,80.2279,7.34,4.6,2.35,741.5,4.84,0.53,3.57,33.2,57.8,Commercial,9,115,0,Low
W006,Anna Nagar High Ridge,West,13.085,80.2101,31.54,8.11,0.81,975.1,18.35,2.87,5.03,5.0,98.4,Low_Density_Residential,1,20,0,Low
W020,Mudichur Lake Sink,South-West,12.912,80.068,59.52,9.38,4.39,1820.1,2.31,0.43,1.98,30.3,65.9,High_Density_Residential,14,165,2,High
W015,St. Thomas Mount Ridge,South-Central,13.004,80.191,306.81,52.45,3.07,17807.3,24.02,3.47,5.23,20.2,88.9,Low_Density_Residential,1,15,1,Moderate
W012,Manali Petrochemical Lowland,North-East,13.1706,80.2605,31.32,6.16,3.36,645.7,3.25,0.44,2.1,31.2,64.0,Industrial,11,135,1,Moderate
W003,Madipakkam Lake Basin,South,12.9647,80.1961,8.59,4.6,2.68,250.8,2.9,0.23,1.31,46.0,49.7,High_Density_Residential,14,160,1,Moderate
W014,Porur Lake Fringe,West,13.033,80.158,64.04,20.95,4.1,1768.8,4.96,0.79,2.68,30.8,75.4,High_Density_Residential,9,105,2,High
W004,Guindy Ridge Sector,South-Central,13.0067,80.2025,16.19,6.49,0.98,918.0,13.82,2.14,4.19,15.4,81.4,Industrial,4,45,0,Low
W008,Tambaram Outer Plateau,South-West,12.9249,80.1,131.29,24.9,1.13,4259.6,21.55,3.11,2.85,47.9,47.6,Low_Density_Residential,3,40,0,Low
W014,Porur Lake Fringe,West,13.033,80.158,78.86,10.76,3.9,2471.6,5.8,0.41,2.58,25.3,76.3,High_Density_Residential,9,105,1,Moderate
W019,Royapettah Central,Central,13.053,80.261,5.11,5.79,1.45,772.1,9.49,1.76,4.46,5.0,88.3,Commercial,4,50,0,Low
W013,Pallikaranai Marsh Reserve,South-East,12.936,80.214,43.38,14.99,3.91,2932.3,2.81,0.25,1.62,48.7,48.0,Green_Space,15,175,2,High
W017,Saidapet Riverine Basin,Central,13.021,80.223,111.31,33.34,5.08,6166.3,4.44,0.68,2.93,66.8,32.9,High_Density_Residential,11,130,3,Severe Inundation
W003,Madipakkam Lake Basin,South,12.9647,80.1961,44.5,9.12,3.88,2957.7,2.11,0.24,1.95,73.4,29.2,High_Density_Residential,14,160,2,High
W013,Pallikaranai Marsh Reserve,South-East,12.936,80.214,4.28,7.42,3.13,122.0,1.52,0.37,1.62,31.3,76.9,Green_Space,15,175,0,Low
W010,Kolathur Urban Catchment,North-West,13.1235,80.2188,131.97,35.92,4.3,6769.7,9.1,1.49,2.77,38.5,60.5,High_Density_Residential,7,85,3,Severe Inundation
W011,Sholinganallur IT Corridor,South-East,12.901,80.2279,162.27,48.36,6.2,7987.7,4.44,0.49,3.69,65.6,35.3,Commercial,9,115,3,Severe Inundation
W008,Tambaram Outer Plateau,South-West,12.9249,80.1,86.87,12.53,0.94,3329.1,21.28,3.29,3.28,30.3,73.0,Low_Density_Residential,3,40,0,Low
W011,Sholinganallur IT Corridor,South-East,12.901,80.2279,43.73,17.04,3.35,1560.1,3.98,0.49,3.35,26.9,71.6,Commercial,9,115,1,Moderate
W006,Anna Nagar High Ridge,West,13.085,80.2101,5.31,3.68,0.4,818.2,19.04,2.64,5.24,88.7,16.2,Low_Density_Residential,1,20,0,Low
W003,Madipakkam Lake Basin,South,12.9647,80.1961,56.29,19.91,3.92,2375.7,2.98,0.33,2.14,10.4,87.4,High_Density_Residential,14,160,2,High
W017,Saidapet Riverine Basin,Central,13.021,80.223,85.35,11.92,4.33,1493.8,4.35,0.64,2.74,23.9,74.2,High_Density_Residential,11,130,2,High
W004,Guindy Ridge Sector,South-Central,13.0067,80.2025,281.78,79.63,4.67,9787.1,14.48,2.15,3.94,40.5,64.7,Industrial,4,45,3,Severe Inundation
W017,Saidapet Riverine Basin,Central,13.021,80.223,17.96,9.61,3.0,855.8,3.16,0.67,2.79,14.3,88.3,High_Density_Residential,11,130,0,Low
W017,Saidapet Riverine Basin,Central,13.021,80.223,92.17,27.5,4.67,5181.3,4.26,0.34,2.57,15.1,90.0,High_Density_Residential,11,130,3,Severe Inundation
W007,Mylapore Heritage Sector,East,13.0368,80.2676,174.09,20.62,5.11,3055.6,9.02,1.3,4.74,71.9,26.7,High_Density_Residential,5,55,3,Severe Inundation
W012,Manali Petrochemical Lowland,North-East,13.1706,80.2605,117.79,41.02,5.36,7308.3,2.76,0.32,1.94,51.6,51.8,Industrial,11,135,3,Severe Inundation
W012,Manali Petrochemical Lowland,North-East,13.1706,80.2605,14.95,9.07,3.32,317.3,2.76,0.24,2.16,49.2,52.0,Industrial,11,135,1,Moderate
W005,Adyar Estuary Buffer,Coastal,13.0012,80.2565,135.17,42.38,5.34,5472.6,4.33,0.63,2.49,42.0,61.2,Green_Space,9,110,3,Severe Inundation
W008,Tambaram Outer Plateau,South-West,12.9249,80.1,50.26,17.04,0.4,2493.5,22.44,3.47,3.41,11.0,82.1,Low_Density_Residential,3,40,0,Low
W004,Guindy Ridge Sector,South-Central,13.0067,80.2025,181.65,65.63,3.34,17230.9,13.89,2.07,4.18,5.0,98.3,Industrial,4,45,3,Severe Inundation
W005,Adyar Estuary Buffer,Coastal,13.0012,80.2565,81.42,20.18,4.32,1071.2,3.75,0.64,3.3,17.6,82.3,Green_Space,9,110,1,Moderate
W009,Perambur Railway Lowlands,North,13.1114,80.2437,5.98,6.26,2.06,981.2,5.04,0.51,2.79,16.6,83.1,Commercial,10,125,0,Low
W007,Mylapore Heritage Sector,East,13.0368,80.2676,68.39,12.69,2.98,1954.2,9.29,1.18,4.38,65.9,39.9,High_Density_Residential,5,55,0,Low
W006,Anna Nagar High Ridge,West,13.085,80.2101,166.61,28.16,1.57,5967.3,18.27,2.75,5.11,31.8,70.5,Low_Density_Residential,1,20,0,Low
W020,Mudichur Lake Sink,South-West,12.912,80.068,127.96,41.92,5.66,6620.9,2.68,0.38,1.31,47.3,58.8,High_Density_Residential,14,165,3,Severe Inundation
W005,Adyar Estuary Buffer,Coastal,13.0012,80.2565,35.54,15.99,3.7,1586.9,3.11,0.51,2.64,44.5,50.1,Green_Space,9,110,1,Moderate
W003,Madipakkam Lake Basin,South,12.9647,80.1961,100.25,35.4,5.04,5605.5,2.52,0.32,2.01,16.5,85.1,High_Density_Residential,14,160,3,Severe Inundation
W006,Anna Nagar High Ridge,West,13.085,80.2101,51.72,14.49,0.42,1274.8,18.88,2.95,5.05,32.9,63.9,Low_Density_Residential,1,20,0,Low
W016,Koyambedu Market Heights,West,13.069,80.194,168.35,25.48,2.36,6432.1,16.32,2.41,3.91,16.8,89.5,Commercial,3,35,1,Moderate
W015,St. Thomas Mount Ridge,South-Central,13.004,80.191,107.97,28.06,0.75,5199.8,24.6,3.46,4.63,23.0,73.7,Low_Density_Residential,1,15,0,Low
W019,Royapettah Central,Central,13.053,80.261,337.36,78.49,7.79,16570.0,9.8,1.5,3.94,61.4,39.3,Commercial,4,50,3,Severe Inundation
W019,Royapettah Central,Central,13.053,80.261,56.27,23.04,2.2,3105.3,8.89,1.6,4.01,25.0,68.6,Commercial,4,50,0,Low
W015,St. Thomas Mount Ridge,South-Central,13.004,80.191,37.88,24.87,0.41,2170.5,24.01,3.44,4.62,41.1,63.6,Low_Density_Residential,1,15,0,Low
W019,Royapettah Central,Central,13.053,80.261,9.99,8.83,1.27,662.9,10.61,1.65,4.0,24.7,75.5,Commercial,4,50,0,Low
W020,Mudichur Lake Sink,South-West,12.912,80.068,75.84,11.99,4.85,1592.0,2.32,0.31,1.57,53.2,46.2,High_Density_Residential,14,165,3,Severe Inundation
W011,Sholinganallur IT Corridor,South-East,12.901,80.2279,107.75,23.89,4.93,4685.1,4.36,0.54,3.48,61.6,37.0,Commercial,9,115,3,Severe Inundation
W011,Sholinganallur IT Corridor,South-East,12.901,80.2279,65.74,10.02,3.91,893.0,4.76,0.63,3.06,46.3,49.3,Commercial,9,115,2,High
W005,Adyar Estuary Buffer,Coastal,13.0012,80.2565,4.37,7.24,2.48,544.7,4.47,0.64,2.53,21.6,80.8,Green_Space,9,110,0,Low
W015,St. Thomas Mount Ridge,South-Central,13.004,80.191,20.38,7.8,0.4,339.9,24.07,3.28,4.82,37.3,56.5,Low_Density_Residential,1,15,0,Low
W003,Madipakkam Lake Basin,South,12.9647,80.1961,186.11,91.34,6.92,9402.1,2.6,0.29,1.71,78.4,22.8,High_Density_Residential,14,160,3,Severe Inundation
W016,Koyambedu Market Heights,West,13.069,80.194,242.11,78.97,2.44,9895.6,17.66,2.29,4.02,29.6,84.7,Commercial,3,35,3,Severe Inundation
W015,St. Thomas Mount Ridge,South-Central,13.004,80.191,23.88,5.52,0.4,401.3,23.87,3.58,5.04,61.7,33.8,Low_Density_Residential,1,15,0,Low
W010,Kolathur Urban Catchment,North-West,13.1235,80.2188,194.78,48.04,5.34,13844.0,9.06,1.4,3.41,42.9,58.0,High_Density_Residential,7,85,3,Severe Inundation
W009,Perambur Railway Lowlands,North,13.1114,80.2437,83.28,21.79,4.0,1004.8,4.88,0.59,2.56,12.0,79.1,Commercial,10,125,2,High
W019,Royapettah Central,Central,13.053,80.261,307.3,72.85,6.77,9754.2,10.08,1.78,3.86,22.7,72.2,Commercial,4,50,3,Severe Inundation
W002,Velachery Lowlands,South,12.9815,80.218,60.96,12.72,3.52,3372.6,4.07,0.42,1.95,70.3,22.2,High_Density_Residential,12,140,2,High
W012,Manali Petrochemical Lowland,North-East,13.1706,80.2605,33.48,2.82,3.24,827.4,3.04,0.2,2.08,43.5,64.3,Industrial,11,135,1,Moderate
W017,Saidapet Riverine Basin,Central,13.021,80.223,69.09,17.13,4.29,2318.7,3.96,0.46,2.85,59.9,44.1,High_Density_Residential,11,130,2,High
W003,Madipakkam Lake Basin,South,12.9647,80.1961,276.29,46.59,9.54,14147.7,2.59,0.42,1.81,6.6,83.7,High_Density_Residential,14,160,3,Severe Inundation
W010,Kolathur Urban Catchment,North-West,13.1235,80.2188,174.13,46.21,4.93,5612.2,8.42,1.16,2.85,53.1,48.5,High_Density_Residential,7,85,3,Severe Inundation
W015,St. Thomas Mount Ridge,South-Central,13.004,80.191,237.73,88.87,2.44,8763.0,23.54,3.71,4.81,37.0,60.3,Low_Density_Residential,1,15,1,Moderate
W015,St. Thomas Mount Ridge,South-Central,13.004,80.191,266.17,91.5,2.34,15114.2,24.04,3.54,4.87,10.1,86.9,Low_Density_Residential,1,15,2,High
W002,Velachery Lowlands,South,12.9815,80.218,33.57,1.23,3.13,399.4,3.51,0.66,2.4,21.0,78.1,High_Density_Residential,12,140,0,Low
W002,Velachery Lowlands,South,12.9815,80.218,72.17,20.36,4.45,1763.2,3.05,0.53,2.32,65.7,31.5,High_Density_Residential,12,140,3,Severe Inundation
W012,Manali Petrochemical Lowland,North-East,13.1706,80.2605,66.87,11.73,4.11,2220.3,3.58,0.4,1.87,76.7,24.3,Industrial,11,135,2,High
W010,Kolathur Urban Catchment,North-West,13.1235,80.2188,118.94,34.69,4.05,7728.6,8.49,1.38,3.14,29.4,74.3,High_Density_Residential,7,85,2,High
W003,Madipakkam Lake Basin,South,12.9647,80.1961,6.03,4.83,2.94,949.3,2.49,0.64,1.63,18.1,81.0,High_Density_Residential,14,160,0,Low
W003,Madipakkam Lake Basin,South,12.9647,80.1961,47.68,11.87,4.11,2900.1,1.96,0.29,1.94,12.3,99.8,High_Density_Residential,14,160,2,High
W020,Mudichur Lake Sink,South-West,12.912,80.068,73.86,8.56,4.71,2332.0,1.84,0.27,1.51,7.7,100.0,High_Density_Residential,14,165,2,High
W020,Mudichur Lake Sink,South-West,12.912,80.068,113.16,35.26,5.2,5762.8,2.33,0.25,1.51,66.8,32.7,High_Density_Residential,14,165,3,Severe Inundation
W017,Saidapet Riverine Basin,Central,13.021,80.223,46.32,12.38,3.48,3005.4,3.52,0.41,2.94,27.8,68.0,High_Density_Residential,11,130,1,Moderate
W013,Pallikaranai Marsh Reserve,South-East,12.936,80.214,131.21,41.73,6.13,7102.0,1.57,0.26,1.41,30.9,67.7,Green_Space,15,175,3,Severe Inundation
W015,St. Thomas Mount Ridge,South-Central,13.004,80.191,16.52,5.27,0.4,608.9,24.01,3.48,4.8,29.7,73.9,Low_Density_Residential,1,15,0,Low
W019,Royapettah Central,Central,13.053,80.261,144.66,48.05,4.44,5111.3,9.39,1.43,4.07,21.6,74.8,Commercial,4,50,3,Severe Inundation
W018,Ambattur Industrial Zone,North-West,13.114,80.154,287.93,86.39,6.36,13207.4,10.73,1.51,3.73,61.9,42.1,Industrial,5,60,3,Severe Inundation
W002,Velachery Lowlands,South,12.9815,80.218,142.16,43.69,6.24,5072.3,2.66,0.31,2.04,35.3,69.8,High_Density_Residential,12,140,3,Severe Inundation
W015,St. Thomas Mount Ridge,South-Central,13.004,80.191,70.84,16.22,0.71,2682.5,23.34,3.45,5.11,59.7,34.4,Low_Density_Residential,1,15,0,Low
W019,Royapettah Central,Central,13.053,80.261,262.15,77.24,6.53,8109.3,9.46,1.66,4.15,23.1,77.3,Commercial,4,50,3,Severe Inundation
W007,Mylapore Heritage Sector,East,13.0368,80.2676,68.17,11.57,3.2,1924.6,8.36,1.22,4.5,42.8,55.0,High_Density_Residential,5,55,1,Moderate
W011,Sholinganallur IT Corridor,South-East,12.901,80.2279,9.18,3.3,3.15,373.4,4.36,0.4,3.53,39.2,58.0,Commercial,9,115,0,Low
W020,Mudichur Lake Sink,South-West,12.912,80.068,48.93,8.6,4.07,3057.3,2.87,0.4,1.91,54.2,47.7,High_Density_Residential,14,165,2,High
W016,Koyambedu Market Heights,West,13.069,80.194,82.17,13.41,1.3,1947.8,16.96,2.34,3.53,14.6,78.3,Commercial,3,35,0,Low
W017,Saidapet Riverine Basin,Central,13.021,80.223,31.05,4.86,3.21,166.6,4.55,0.82,2.9,63.5,36.1,High_Density_Residential,11,130,1,Moderate
W005,Adyar Estuary Buffer,Coastal,13.0012,80.2565,26.58,1.43,3.51,141.3,3.45,0.56,2.55,81.5,25.6,Green_Space,9,110,1,Moderate
W002,Velachery Lowlands,South,12.9815,80.218,8.82,4.57,2.88,873.9,3.77,0.21,2.33,5.6,100.0,High_Density_Residential,12,140,0,Low
W015,St. Thomas Mount Ridge,South-Central,13.004,80.191,69.96,19.73,0.68,2568.2,24.91,3.33,4.48,37.8,63.9,Low_Density_Residential,1,15,0,Low
W004,Guindy Ridge Sector,South-Central,13.0067,80.2025,26.39,6.53,0.84,802.0,14.76,2.07,3.79,33.9,61.7,Industrial,4,45,0,Low
W011,Sholinganallur IT Corridor,South-East,12.901,80.2279,108.95,29.77,4.63,3105.8,5.1,0.45,3.38,51.9,48.4,Commercial,9,115,3,Severe Inundation
W003,Madipakkam Lake Basin,South,12.9647,80.1961,198.23,60.77,7.4,8453.2,3.05,0.42,1.57,38.5,60.7,High_Density_Residential,14,160,3,Severe Inundation
W017,Saidapet Riverine Basin,Central,13.021,80.223,6.16,6.48,2.45,646.4,4.11,0.63,2.76,55.2,35.1,High_Density_Residential,11,130,0,Low
W006,Anna Nagar High Ridge,West,13.085,80.2101,17.29,7.58,0.7,850.4,18.47,2.58,5.29,21.3,77.8,Low_Density_Residential,1,20,0,Low
W002,Velachery Lowlands,South,12.9815,80.218,59.42,15.21,3.69,2264.9,3.45,0.34,2.06,35.5,71.8,High_Density_Residential,12,140,2,High
W008,Tambaram Outer Plateau,South-West,12.9249,80.1,31.12,7.04,0.4,887.7,22.0,3.23,3.31,46.8,49.6,Low_Density_Residential,3,40,0,Low
W015,St. Thomas Mount Ridge,South-Central,13.004,80.191,36.71,19.67,0.4,2115.4,24.23,3.58,4.56,47.5,46.1,Low_Density_Residential,1,15,0,Low
W015,St. Thomas Mount Ridge,South-Central,13.004,80.191,14.32,8.7,0.4,548.5,24.0,3.58,4.96,10.4,90.4,Low_Density_Residential,1,15,0,Low
W017,Saidapet Riverine Basin,Central,13.021,80.223,64.56,18.41,4.09,1203.7,3.09,0.37,2.59,39.7,58.4,High_Density_Residential,11,130,2,High
W017,Saidapet Riverine Basin,Central,13.021,80.223,27.98,1.45,3.14,276.9,3.37,0.53,3.09,29.0,74.1,High_Density_Residential,11,130,0,Low
W020,Mudichur Lake Sink,South-West,12.912,80.068,12.17,6.87,3.02,235.3,2.61,0.35,1.63,40.1,60.5,High_Density_Residential,14,165,1,Moderate
W006,Anna Nagar High Ridge,West,13.085,80.2101,208.17,84.6,1.87,8127.7,18.64,2.91,5.24,58.9,38.6,Low_Density_Residential,1,20,2,High
W012,Manali Petrochemical Lowland,North-East,13.1706,80.2605,32.07,4.49,3.58,413.5,3.06,0.38,1.8,7.4,87.3,Industrial,11,135,1,Moderate
W012,Manali Petrochemical Lowland,North-East,13.1706,80.2605,33.28,1.15,3.43,841.7,2.85,0.23,1.99,86.1,7.6,Industrial,11,135,1,Moderate
W010,Kolathur Urban Catchment,North-West,13.1235,80.2188,117.88,26.02,4.26,7038.2,8.8,1.61,2.78,39.0,64.6,High_Density_Residential,7,85,2,High
W013,Pallikaranai Marsh Reserve,South-East,12.936,80.214,10.98,8.66,3.27,454.7,1.69,0.27,1.49,39.3,64.0,Green_Space,15,175,1,Moderate
W014,Porur Lake Fringe,West,13.033,80.158,26.85,3.73,2.54,349.2,6.3,0.65,2.31,17.8,82.8,High_Density_Residential,9,105,0,Low
W011,Sholinganallur IT Corridor,South-East,12.901,80.2279,192.61,70.71,6.82,15547.8,4.37,0.51,3.68,14.4,74.0,Commercial,9,115,3,Severe Inundation
W020,Mudichur Lake Sink,South-West,12.912,80.068,316.2,67.75,10.87,7502.0,1.95,0.23,1.6,24.0,71.9,High_Density_Residential,14,165,3,Severe Inundation
W002,Velachery Lowlands,South,12.9815,80.218,121.28,35.92,5.27,6045.8,3.8,0.51,2.3,63.8,35.1,High_Density_Residential,12,140,3,Severe Inundation
W011,Sholinganallur IT Corridor,South-East,12.901,80.2279,225.65,71.57,7.17,15304.0,4.89,0.46,3.36,14.0,78.6,Commercial,9,115,3,Severe Inundation
W003,Madipakkam Lake Basin,South,12.9647,80.1961,43.59,11.23,3.94,2492.1,2.89,0.65,1.65,32.0,62.3,High_Density_Residential,14,160,2,High
W011,Sholinganallur IT Corridor,South-East,12.901,80.2279,89.54,11.76,4.4,1814.5,4.62,0.35,3.85,56.1,37.0,Commercial,9,115,2,High
W004,Guindy Ridge Sector,South-Central,13.0067,80.2025,315.89,81.72,5.02,16832.2,14.38,2.14,4.26,45.8,48.6,Industrial,4,45,3,Severe Inundation
W018,Ambattur Industrial Zone,North-West,13.114,80.154,18.99,8.69,1.7,767.8,10.48,1.65,3.72,37.4,57.7,Industrial,5,60,0,Low
W013,Pallikaranai Marsh Reserve,South-East,12.936,80.214,89.89,16.8,4.65,3328.0,2.25,0.29,1.71,28.0,69.9,Green_Space,15,175,2,High
W010,Kolathur Urban Catchment,North-West,13.1235,80.2188,80.76,9.54,3.33,1756.3,8.84,1.43,2.71,53.0,54.0,High_Density_Residential,7,85,1,Moderate
W009,Perambur Railway Lowlands,North,13.1114,80.2437,23.8,1.0,2.85,156.8,5.26,0.45,2.19,17.4,76.4,Commercial,10,125,0,Low
W020,Mudichur Lake Sink,South-West,12.912,80.068,67.57,8.46,4.71,1044.6,2.07,0.2,1.81,32.3,74.2,High_Density_Residential,14,165,2,High
W005,Adyar Estuary Buffer,Coastal,13.0012,80.2565,5.01,3.96,2.84,450.0,3.79,0.54,3.34,13.7,87.0,Green_Space,9,110,0,Low
W011,Sholinganallur IT Corridor,South-East,12.901,80.2279,16.25,6.15,2.82,263.8,4.17,0.39,2.98,35.9,66.3,Commercial,9,115,0,Low
W003,Madipakkam Lake Basin,South,12.9647,80.1961,161.46,48.55,6.67,4153.8,2.85,0.34,1.79,34.2,67.8,High_Density_Residential,14,160,3,Severe Inundation
W019,Royapettah Central,Central,13.053,80.261,36.17,8.47,2.19,3208.5,9.28,1.55,4.5,39.7,70.4,Commercial,4,50,0,Low
W005,Adyar Estuary Buffer,Coastal,13.0012,80.2565,86.86,14.78,3.97,1420.5,4.45,0.54,2.59,28.6,79.0,Green_Space,9,110,1,Moderate
W012,Manali Petrochemical Lowland,North-East,13.1706,80.2605,3.9,2.12,2.58,503.7,2.73,0.26,1.94,78.1,28.1,Industrial,11,135,1,Moderate
W010,Kolathur Urban Catchment,North-West,13.1235,80.2188,14.77,8.35,2.16,300.4,8.8,1.24,2.87,66.3,36.2,High_Density_Residential,7,85,0,Low
W013,Pallikaranai Marsh Reserve,South-East,12.936,80.214,5.14,3.28,2.96,193.6,2.17,0.2,1.43,50.6,49.5,Green_Space,15,175,0,Low
W005,Adyar Estuary Buffer,Coastal,13.0012,80.2565,54.67,19.73,3.83,2072.9,3.62,0.47,2.85,56.9,46.1,Green_Space,9,110,1,Moderate
W020,Mudichur Lake Sink,South-West,12.912,80.068,78.01,20.05,4.86,1318.5,2.84,0.36,1.6,64.8,27.6,High_Density_Residential,14,165,3,Severe Inundation
W003,Madipakkam Lake Basin,South,12.9647,80.1961,133.25,39.29,6.02,6970.4,2.62,0.38,1.84,28.3,72.1,High_Density_Residential,14,160,3,Severe Inundation
W010,Kolathur Urban Catchment,North-West,13.1235,80.2188,130.25,39.02,4.08,5262.6,9.27,1.46,2.89,55.1,41.8,High_Density_Residential,7,85,3,Severe Inundation
W018,Ambattur Industrial Zone,North-West,13.114,80.154,53.48,16.48,2.42,2696.7,10.98,2.0,3.87,38.9,62.4,Industrial,5,60,0,Low
W013,Pallikaranai Marsh Reserve,South-East,12.936,80.214,177.71,48.71,7.16,7280.4,2.3,0.2,1.48,27.5,72.8,Green_Space,15,175,3,Severe Inundation
W011,Sholinganallur IT Corridor,South-East,12.901,80.2279,13.72,9.79,3.0,301.6,3.68,0.69,3.8,36.5,65.0,Commercial,9,115,0,Low
W005,Adyar Estuary Buffer,Coastal,13.0012,80.2565,28.76,1.62,2.74,185.1,3.78,0.55,2.42,35.5,67.2,Green_Space,9,110,0,Low
W017,Saidapet Riverine Basin,Central,13.021,80.223,21.09,3.16,3.34,817.6,3.51,0.65,3.18,37.4,60.8,High_Density_Residential,11,130,1,Moderate
W003,Madipakkam Lake Basin,South,12.9647,80.1961,82.3,8.39,4.76,1478.6,2.85,0.2,1.71,14.8,76.7,High_Density_Residential,14,160,2,High
W014,Porur Lake Fringe,West,13.033,80.158,166.04,25.14,5.97,5262.6,5.04,0.55,2.5,77.4,10.0,High_Density_Residential,9,105,3,Severe Inundation
W017,Saidapet Riverine Basin,Central,13.021,80.223,3.78,5.69,2.89,834.9,3.63,0.59,2.64,54.8,52.1,High_Density_Residential,11,130,1,Moderate
W012,Manali Petrochemical Lowland,North-East,13.1706,80.2605,69.74,24.11,4.54,1259.7,2.43,0.22,1.85,20.1,74.5,Industrial,11,135,3,Severe Inundation
W001,T. Nagar Commercial Hub,Central,13.0418,80.2341,7.94,4.82,2.76,779.1,5.43,0.84,3.75,26.3,79.5,Commercial,8,90,0,Low
W012,Manali Petrochemical Lowland,North-East,13.1706,80.2605,13.19,5.62,3.44,674.1,3.47,0.2,2.06,90.2,14.0,Industrial,11,135,1,Moderate
W010,Kolathur Urban Catchment,North-West,13.1235,80.2188,66.81,8.46,2.68,3498.9,9.42,1.39,2.83,18.4,77.4,High_Density_Residential,7,85,0,Low
W006,Anna Nagar High Ridge,West,13.085,80.2101,55.86,24.55,0.49,1115.2,18.67,2.41,5.24,40.5,61.6,Low_Density_Residential,1,20,0,Low
W007,Mylapore Heritage Sector,East,13.0368,80.2676,171.72,22.75,4.88,4654.7,8.71,1.16,4.56,28.7,68.7,High_Density_Residential,5,55,2,High
W011,Sholinganallur IT Corridor,South-East,12.901,80.2279,6.95,6.44,2.41,529.4,4.59,0.31,3.6,34.4,64.3,Commercial,9,115,0,Low
W016,Koyambedu Market Heights,West,13.069,80.194,299.96,56.4,3.64,14259.3,17.37,2.4,3.79,23.2,65.3,Commercial,3,35,3,Severe Inundation
W007,Mylapore Heritage Sector,East,13.0368,80.2676,39.22,18.14,2.6,3142.5,9.25,1.05,4.38,45.6,62.2,High_Density_Residential,5,55,0,Low
W008,Tambaram Outer Plateau,South-West,12.9249,80.1,19.5,2.93,0.4,405.8,22.0,3.17,3.36,7.9,98.6,Low_Density_Residential,3,40,0,Low
W005,Adyar Estuary Buffer,Coastal,13.0012,80.2565,6.05,6.26,2.49,920.6,4.76,0.53,2.85,67.0,29.0,Green_Space,9,110,0,Low
W005,Adyar Estuary Buffer,Coastal,13.0012,80.2565,172.1,31.64,6.56,5573.0,3.77,0.72,2.82,42.1,57.6,Green_Space,9,110,3,Severe Inundation
W003,Madipakkam Lake Basin,South,12.9647,80.1961,82.75,20.48,4.97,858.5,2.33,0.2,1.91,82.3,20.8,High_Density_Residential,14,160,3,Severe Inundation
W010,Kolathur Urban Catchment,North-West,13.1235,80.2188,92.8,46.72,3.53,6849.1,7.74,1.57,3.21,69.2,25.3,High_Density_Residential,7,85,3,Severe Inundation
W004,Guindy Ridge Sector,South-Central,13.0067,80.2025,90.77,26.62,2.01,5459.5,13.88,2.22,4.35,51.1,51.5,Industrial,4,45,0,Low
W017,Saidapet Riverine Basin,Central,13.021,80.223,11.82,6.61,2.79,753.6,3.44,0.51,3.04,22.6,78.7,High_Density_Residential,11,130,0,Low
W018,Ambattur Industrial Zone,North-West,13.114,80.154,15.33,2.8,1.32,888.4,11.01,1.85,3.55,44.1,75.0,Industrial,5,60,0,Low
W017,Saidapet Riverine Basin,Central,13.021,80.223,197.43,58.3,7.3,16247.6,3.84,0.42,2.87,37.7,65.9,High_Density_Residential,11,130,3,Severe Inundation
W002,Velachery Lowlands,South,12.9815,80.218,169.82,26.69,6.6,7943.8,2.86,0.45,2.09,9.6,100.0,High_Density_Residential,12,140,3,Severe Inundation
W011,Sholinganallur IT Corridor,South-East,12.901,80.2279,27.81,4.43,3.17,186.2,4.45,0.25,3.26,42.1,46.4,Commercial,9,115,1,Moderate
W020,Mudichur Lake Sink,South-West,12.912,80.068,29.82,1.46,3.4,253.7,2.73,0.2,1.25,58.9,37.4,High_Density_Residential,14,165,1,Moderate
W005,Adyar Estuary Buffer,Coastal,13.0012,80.2565,145.48,48.12,6.06,5588.6,3.35,0.38,3.03,23.2,78.0,Green_Space,9,110,3,Severe Inundation
W020,Mudichur Lake Sink,South-West,12.912,80.068,59.92,20.08,4.46,2425.2,1.96,0.31,1.64,91.4,8.9,High_Density_Residential,14,165,3,Severe Inundation
W013,Pallikaranai Marsh Reserve,South-East,12.936,80.214,149.35,20.42,6.75,5336.6,2.59,0.2,1.47,18.7,77.0,Green_Space,15,175,3,Severe Inundation
W005,Adyar Estuary Buffer,Coastal,13.0012,80.2565,24.18,4.39,3.16,668.2,4.33,0.71,2.83,85.9,18.2,Green_Space,9,110,0,Low
W006,Anna Nagar High Ridge,West,13.085,80.2101,119.82,40.02,1.45,7688.7,17.7,2.65,5.37,30.8,62.0,Low_Density_Residential,1,20,0,Low
W006,Anna Nagar High Ridge,West,13.085,80.2101,20.6,2.1,0.4,383.7,18.58,2.66,4.78,73.3,27.9,Low_Density_Residential,1,20,0,Low
W020,Mudichur Lake Sink,South-West,12.912,80.068,34.79,2.49,3.8,803.2,1.54,0.45,1.72,25.8,71.3,High_Density_Residential,14,165,1,Moderate
W006,Anna Nagar High Ridge,West,13.085,80.2101,10.29,7.5,0.4,352.4,18.46,2.93,5.3,50.8,47.4,Low_Density_Residential,1,20,0,Low
W015,St. Thomas Mount Ridge,South-Central,13.004,80.191,32.38,1.4,0.4,761.3,24.29,3.46,4.58,50.9,52.3,Low_Density_Residential,1,15,0,Low
W002,Velachery Lowlands,South,12.9815,80.218,52.95,19.29,4.08,2866.3,2.96,0.2,2.02,36.0,69.9,High_Density_Residential,12,140,2,High
W014,Porur Lake Fringe,West,13.033,80.158,94.4,37.91,4.67,6215.9,4.98,0.95,2.17,18.4,85.3,High_Density_Residential,9,105,3,Severe Inundation
W012,Manali Petrochemical Lowland,North-East,13.1706,80.2605,17.28,9.19,2.95,483.9,3.95,0.35,1.9,15.9,80.7,Industrial,11,135,0,Low
W008,Tambaram Outer Plateau,South-West,12.9249,80.1,53.58,14.68,0.69,3129.8,21.7,3.23,3.22,28.0,71.4,Low_Density_Residential,3,40,0,Low
W015,St. Thomas Mount Ridge,South-Central,13.004,80.191,10.96,3.66,0.4,557.3,24.22,3.45,4.81,39.3,58.8,Low_Density_Residential,1,15,0,Low
W020,Mudichur Lake Sink,South-West,12.912,80.068,132.68,45.79,5.94,3834.2,2.56,0.21,1.71,19.9,89.1,High_Density_Residential,14,165,3,Severe Inundation
W010,Kolathur Urban Catchment,North-West,13.1235,80.2188,135.16,40.96,4.33,5263.8,8.51,1.24,2.96,17.2,84.1,High_Density_Residential,7,85,3,Severe Inundation
W015,St. Thomas Mount Ridge,South-Central,13.004,80.191,21.52,7.3,0.4,688.6,23.72,3.66,4.78,33.0,66.7,Low_Density_Residential,1,15,0,Low
W008,Tambaram Outer Plateau,South-West,12.9249,80.1,148.19,20.86,1.49,6573.9,22.11,3.26,3.12,13.3,89.6,Low_Density_Residential,3,40,0,Low
W018,Ambattur Industrial Zone,North-West,13.114,80.154,31.77,7.75,2.03,931.7,10.42,1.65,3.9,72.1,23.6,Industrial,5,60,0,Low
W008,Tambaram Outer Plateau,South-West,12.9249,80.1,116.42,30.02,1.1,3135.7,22.43,3.36,2.62,45.6,51.6,Low_Density_Residential,3,40,0,Low
W010,Kolathur Urban Catchment,North-West,13.1235,80.2188,226.18,55.67,6.25,13130.2,8.4,1.58,2.97,68.4,28.7,High_Density_Residential,7,85,3,Severe Inundation
W016,Koyambedu Market Heights,West,13.069,80.194,8.13,4.75,0.4,516.4,16.72,2.26,4.24,12.0,80.2,Commercial,3,35,0,Low
W007,Mylapore Heritage Sector,East,13.0368,80.2676,79.2,15.54,3.37,2125.8,8.47,1.03,4.58,82.4,18.0,High_Density_Residential,5,55,1,Moderate
W012,Manali Petrochemical Lowland,North-East,13.1706,80.2605,38.1,12.09,3.45,2892.1,3.26,0.35,1.44,41.4,62.7,Industrial,11,135,2,High
W019,Royapettah Central,Central,13.053,80.261,38.32,12.67,2.43,1417.3,9.3,1.55,4.34,16.5,84.0,Commercial,4,50,0,Low
W015,St. Thomas Mount Ridge,South-Central,13.004,80.191,82.28,23.46,0.97,3241.2,24.08,3.45,5.33,44.9,50.7,Low_Density_Residential,1,15,0,Low
W015,St. Thomas Mount Ridge,South-Central,13.004,80.191,160.77,37.46,1.29,7167.9,24.06,3.37,4.99,35.8,53.8,Low_Density_Residential,1,15,0,Low
W010,Kolathur Urban Catchment,North-West,13.1235,80.2188,64.61,18.79,3.04,3384.8,8.39,1.52,2.63,57.4,49.6,High_Density_Residential,7,85,1,Moderate
W013,Pallikaranai Marsh Reserve,South-East,12.936,80.214,335.57,52.38,11.18,11645.7,2.56,0.2,1.0,61.7,43.8,Green_Space,15,175,3,Severe Inundation
W017,Saidapet Riverine Basin,Central,13.021,80.223,46.19,23.36,3.47,2837.2,4.67,0.55,2.67,33.5,67.1,High_Density_Residential,11,130,1,Moderate
W017,Saidapet Riverine Basin,Central,13.021,80.223,252.21,89.92,8.35,10640.4,3.93,0.58,2.76,68.0,26.8,High_Density_Residential,11,130,3,Severe Inundation
W014,Porur Lake Fringe,West,13.033,80.158,25.27,5.53,2.71,110.2,6.16,0.81,2.39,57.9,40.0,High_Density_Residential,9,105,0,Low
W006,Anna Nagar High Ridge,West,13.085,80.2101,149.09,29.97,1.5,5579.1,18.67,3.15,5.12,31.7,67.6,Low_Density_Residential,1,20,0,Low
W007,Mylapore Heritage Sector,East,13.0368,80.2676,2.0,9.09,1.71,173.5,7.5,1.17,4.52,26.0,71.5,High_Density_Residential,5,55,0,Low
W020,Mudichur Lake Sink,South-West,12.912,80.068,26.69,6.41,3.41,427.8,1.51,0.35,1.56,16.1,81.8,High_Density_Residential,14,165,1,Moderate
W005,Adyar Estuary Buffer,Coastal,13.0012,80.2565,27.65,4.56,3.16,830.1,4.03,0.51,2.71,51.2,53.6,Green_Space,9,110,0,Low
W009,Perambur Railway Lowlands,North,13.1114,80.2437,166.88,22.62,6.0,3542.1,5.22,0.56,2.61,49.1,55.5,Commercial,10,125,3,Severe Inundation
W002,Velachery Lowlands,South,12.9815,80.218,133.95,24.26,5.52,7422.5,3.64,0.59,2.27,72.5,27.9,High_Density_Residential,12,140,3,Severe Inundation
W016,Koyambedu Market Heights,West,13.069,80.194,18.01,8.17,0.4,604.2,16.52,2.39,3.88,32.6,63.6,Commercial,3,35,0,Low
W012,Manali Petrochemical Lowland,North-East,13.1706,80.2605,73.93,20.48,4.68,1244.6,3.11,0.52,2.04,8.0,100.0,Industrial,11,135,2,High
W018,Ambattur Industrial Zone,North-West,13.114,80.154,115.44,37.67,3.07,3717.4,11.43,1.74,3.63,62.2,48.6,Industrial,5,60,2,High
W004,Guindy Ridge Sector,South-Central,13.0067,80.2025,24.73,6.59,0.73,496.9,14.17,2.04,4.17,30.9,71.2,Industrial,4,45,0,Low
W017,Saidapet Riverine Basin,Central,13.021,80.223,66.14,11.0,4.28,2146.4,3.72,0.52,3.1,82.2,18.4,High_Density_Residential,11,130,2,High
W004,Guindy Ridge Sector,South-Central,13.0067,80.2025,205.62,72.07,3.79,10870.3,14.35,2.49,4.15,53.9,43.4,Industrial,4,45,3,Severe Inundation
W010,Kolathur Urban Catchment,North-West,13.1235,80.2188,95.31,30.05,3.66,7233.6,8.95,1.5,3.17,35.9,72.1,High_Density_Residential,7,85,2,High
W003,Madipakkam Lake Basin,South,12.9647,80.1961,2.3,2.77,2.76,198.6,2.42,0.44,1.35,15.9,85.1,High_Density_Residential,14,160,0,Low
W006,Anna Nagar High Ridge,West,13.085,80.2101,11.99,7.44,0.4,691.8,18.82,2.79,4.87,43.6,64.5,Low_Density_Residential,1,20,0,Low
W009,Perambur Railway Lowlands,North,13.1114,80.2437,100.0,21.23,4.8,4670.4,4.5,0.68,2.57,55.1,56.9,Commercial,10,125,3,Severe Inundation
W015,St. Thomas Mount Ridge,South-Central,13.004,80.191,6.22,8.38,0.4,470.6,24.18,3.53,4.53,56.6,37.2,Low_Density_Residential,1,15,0,Low
W017,Saidapet Riverine Basin,Central,13.021,80.223,195.37,65.57,7.22,11771.6,3.65,0.47,2.59,18.4,91.5,High_Density_Residential,11,130,3,Severe Inundation
W005,Adyar Estuary Buffer,Coastal,13.0012,80.2565,87.5,14.12,4.28,3184.5,3.85,0.42,2.8,70.2,29.9,Green_Space,9,110,2,High
W014,Porur Lake Fringe,West,13.033,80.158,65.71,20.07,3.66,2736.0,4.98,0.81,2.51,51.8,41.6,High_Density_Residential,9,105,2,High
W003,Madipakkam Lake Basin,South,12.9647,80.1961,19.12,6.6,3.39,478.1,2.92,0.31,1.87,72.9,17.3,High_Density_Residential,14,160,1,Moderate
W008,Tambaram Outer Plateau,South-West,12.9249,80.1,230.53,79.61,2.09,16099.3,22.23,3.25,3.04,42.1,58.2,Low_Density_Residential,3,40,2,High
W015,St. Thomas Mount Ridge,South-Central,13.004,80.191,9.83,7.3,0.4,920.4,23.81,3.52,4.77,12.0,94.1,Low_Density_Residential,1,15,0,Low
W012,Manali Petrochemical Lowland,North-East,13.1706,80.2605,8.18,4.23,2.56,132.3,3.42,0.54,1.84,24.9,66.4,Industrial,11,135,0,Low
W001,T. Nagar Commercial Hub,Central,13.0418,80.2341,33.65,4.39,2.77,574.4,6.03,0.9,3.67,21.6,76.6,Commercial,8,90,0,Low
W014,Porur Lake Fringe,West,13.033,80.158,17.8,7.66,2.6,562.4,4.93,0.68,2.07,31.7,71.4,High_Density_Residential,9,105,0,Low
W002,Velachery Lowlands,South,12.9815,80.218,9.83,6.78,2.65,146.7,3.78,0.27,2.23,66.3,34.9,High_Density_Residential,12,140,0,Low
W013,Pallikaranai Marsh Reserve,South-East,12.936,80.214,46.36,10.54,4.28,2174.8,1.52,0.2,1.57,30.7,75.5,Green_Space,15,175,1,Moderate
W017,Saidapet Riverine Basin,Central,13.021,80.223,32.8,6.74,3.81,124.3,3.36,0.4,2.89,61.3,47.9,High_Density_Residential,11,130,1,Moderate
W012,Manali Petrochemical Lowland,North-East,13.1706,80.2605,42.92,13.93,3.55,2381.9,2.9,0.41,1.97,6.6,91.8,Industrial,11,135,1,Moderate
W008,Tambaram Outer Plateau,South-West,12.9249,80.1,29.09,2.47,0.5,802.2,21.78,3.02,3.4,5.0,95.9,Low_Density_Residential,3,40,0,Low
W013,Pallikaranai Marsh Reserve,South-East,12.936,80.214,167.62,35.84,7.04,3520.9,1.85,0.24,1.64,72.7,23.6,Green_Space,15,175,3,Severe Inundation
W003,Madipakkam Lake Basin,South,12.9647,80.1961,2.04,1.57,2.86,660.9,3.06,0.2,1.86,23.8,82.5,High_Density_Residential,14,160,0,Low
W012,Manali Petrochemical Lowland,North-East,13.1706,80.2605,79.63,23.62,4.76,2421.3,2.72,0.63,1.88,32.9,69.1,Industrial,11,135,3,Severe Inundation
W008,Tambaram Outer Plateau,South-West,12.9249,80.1,153.06,22.62,1.04,6810.2,21.78,3.1,3.03,28.2,79.6,Low_Density_Residential,3,40,0,Low
W001,T. Nagar Commercial Hub,Central,13.0418,80.2341,163.84,32.49,5.85,6652.1,6.11,0.78,3.87,76.3,29.6,Commercial,8,90,3,Severe Inundation
W011,Sholinganallur IT Corridor,South-East,12.901,80.2279,116.81,22.24,5.28,3882.5,4.42,0.45,3.18,22.5,84.3,Commercial,9,115,3,Severe Inundation
W004,Guindy Ridge Sector,South-Central,13.0067,80.2025,24.8,1.19,0.88,235.7,14.61,2.25,4.25,68.3,26.7,Industrial,4,45,0,Low
W011,Sholinganallur IT Corridor,South-East,12.901,80.2279,29.07,8.23,2.96,653.0,4.33,0.49,3.15,7.5,92.8,Commercial,9,115,0,Low
W005,Adyar Estuary Buffer,Coastal,13.0012,80.2565,86.56,21.37,4.43,1537.5,4.22,0.54,2.65,32.6,62.6,Green_Space,9,110,2,High
W005,Adyar Estuary Buffer,Coastal,13.0012,80.2565,22.94,8.95,3.18,509.4,3.78,0.51,3.14,38.2,52.3,Green_Space,9,110,0,Low
W002,Velachery Lowlands,South,12.9815,80.218,141.24,40.08,5.9,6729.6,3.37,0.36,2.02,46.4,46.7,High_Density_Residential,12,140,3,Severe Inundation
W010,Kolathur Urban Catchment,North-West,13.1235,80.2188,17.54,2.69,2.16,569.1,8.73,1.33,3.32,41.2,62.7,High_Density_Residential,7,85,0,Low
W016,Koyambedu Market Heights,West,13.069,80.194,296.92,58.58,3.7,12717.1,16.76,2.4,4.14,37.6,53.9,Commercial,3,35,3,Severe Inundation
W005,Adyar Estuary Buffer,Coastal,13.0012,80.2565,22.89,4.83,3.06,114.5,3.45,0.6,2.91,66.1,37.0,Green_Space,9,110,0,Low
W016,Koyambedu Market Heights,West,13.069,80.194,214.24,86.37,2.43,17008.0,17.11,2.16,3.82,34.4,62.9,Commercial,3,35,3,Severe Inundation
W015,St. Thomas Mount Ridge,South-Central,13.004,80.191,131.13,44.44,1.24,4556.6,24.6,3.29,4.86,60.8,36.8,Low_Density_Residential,1,15,0,Low
W020,Mudichur Lake Sink,South-West,12.912,80.068,121.06,34.25,6.05,5018.8,1.69,0.28,1.52,48.0,43.1,High_Density_Residential,14,165,3,Severe Inundation
W001,T. Nagar Commercial Hub,Central,13.0418,80.2341,16.67,9.1,2.45,422.6,6.27,0.94,3.78,19.5,88.2,Commercial,8,90,0,Low
W003,Madipakkam Lake Basin,South,12.9647,80.1961,61.45,24.05,4.74,862.5,1.97,0.2,1.71,39.0,58.9,High_Density_Residential,14,160,3,Severe Inundation
W001,T. Nagar Commercial Hub,Central,13.0418,80.2341,48.58,17.86,2.75,2745.5,6.52,0.95,3.93,11.8,85.5,Commercial,8,90,1,Moderate
W009,Perambur Railway Lowlands,North,13.1114,80.2437,113.33,45.25,4.85,7765.7,5.04,0.74,2.22,23.9,80.5,Commercial,10,125,3,Severe Inundation
W007,Mylapore Heritage Sector,East,13.0368,80.2676,99.97,46.85,3.59,7202.1,8.74,1.13,4.15,51.8,49.9,High_Density_Residential,5,55,2,High
W005,Adyar Estuary Buffer,Coastal,13.0012,80.2565,42.73,17.09,3.67,1844.9,3.53,0.53,3.14,7.8,86.4,Green_Space,9,110,1,Moderate
W018,Ambattur Industrial Zone,North-West,13.114,80.154,49.76,23.88,2.37,2641.6,11.45,1.68,3.58,36.3,63.6,Industrial,5,60,0,Low
W020,Mudichur Lake Sink,South-West,12.912,80.068,53.49,13.82,3.91,2088.9,2.28,0.36,1.23,35.0,56.4,High_Density_Residential,14,165,2,High
W017,Saidapet Riverine Basin,Central,13.021,80.223,32.21,6.29,3.27,124.9,3.56,0.24,2.62,18.5,85.4,High_Density_Residential,11,130,1,Moderate
W014,Porur Lake Fringe,West,13.033,80.158,115.09,28.29,4.68,7169.4,5.05,0.75,2.59,41.7,60.6,High_Density_Residential,9,105,3,Severe Inundation
W004,Guindy Ridge Sector,South-Central,13.0067,80.2025,15.59,9.09,0.88,912.7,13.97,2.06,4.03,67.6,33.4,Industrial,4,45,0,Low
W010,Kolathur Urban Catchment,North-West,13.1235,80.2188,19.14,3.66,2.36,585.9,8.8,1.67,2.86,21.1,83.0,High_Density_Residential,7,85,0,Low
W008,Tambaram Outer Plateau,South-West,12.9249,80.1,7.11,9.87,0.4,387.8,22.31,3.19,3.59,12.3,80.8,Low_Density_Residential,3,40,0,Low
W010,Kolathur Urban Catchment,North-West,13.1235,80.2188,9.93,6.44,1.97,629.7,8.55,1.24,3.22,30.2,66.5,High_Density_Residential,7,85,0,Low
W004,Guindy Ridge Sector,South-Central,13.0067,80.2025,82.59,9.26,2.33,1811.7,14.04,2.19,4.14,37.5,60.6,Industrial,4,45,0,Low
W002,Velachery Lowlands,South,12.9815,80.218,17.02,2.5,3.06,394.1,2.5,0.49,2.0,72.4,31.5,High_Density_Residential,12,140,1,Moderate
W008,Tambaram Outer Plateau,South-West,12.9249,80.1,23.11,1.85,0.4,658.1,21.56,3.05,3.02,10.7,89.2,Low_Density_Residential,3,40,0,Low
W014,Porur Lake Fringe,West,13.033,80.158,29.15,3.9,2.68,637.1,5.62,0.84,2.2,25.4,72.9,High_Density_Residential,9,105,0,Low
W020,Mudichur Lake Sink,South-West,12.912,80.068,119.93,27.01,6.12,7163.2,1.75,0.27,1.96,41.7,54.6,High_Density_Residential,14,165,3,Severe Inundation
W015,St. Thomas Mount Ridge,South-Central,13.004,80.191,75.53,24.56,0.7,1826.3,24.04,3.58,4.8,44.6,60.6,Low_Density_Residential,1,15,0,Low
W003,Madipakkam Lake Basin,South,12.9647,80.1961,62.85,19.81,4.33,1624.1,2.42,0.26,1.5,6.4,90.4,High_Density_Residential,14,160,2,High
W004,Guindy Ridge Sector,South-Central,13.0067,80.2025,137.94,26.11,2.49,7166.9,14.14,2.0,4.29,36.0,64.7,Industrial,4,45,1,Moderate
W016,Koyambedu Market Heights,West,13.069,80.194,38.4,15.73,0.4,1576.4,17.81,2.27,4.02,35.5,68.1,Commercial,3,35,0,Low
W020,Mudichur Lake Sink,South-West,12.912,80.068,277.38,55.65,9.77,14738.5,1.5,0.21,1.5,35.9,62.8,High_Density_Residential,14,165,3,Severe Inundation
W018,Ambattur Industrial Zone,North-West,13.114,80.154,203.2,49.98,4.85,12102.2,10.86,1.54,3.69,56.9,45.2,Industrial,5,60,3,Severe Inundation
W001,T. Nagar Commercial Hub,Central,13.0418,80.2341,51.34,10.55,3.19,1586.2,6.57,0.98,3.64,28.3,77.5,Commercial,8,90,0,Low
W017,Saidapet Riverine Basin,Central,13.021,80.223,104.82,27.71,5.04,5130.3,4.35,0.53,2.89,7.9,96.8,High_Density_Residential,11,130,3,Severe Inundation
W019,Royapettah Central,Central,13.053,80.261,80.8,23.67,3.27,2127.2,9.56,1.39,4.22,63.4,34.7,Commercial,4,50,1,Moderate
W008,Tambaram Outer Plateau,South-West,12.9249,80.1,39.76,8.06,0.4,3225.7,21.29,3.14,3.15,55.5,52.4,Low_Density_Residential,3,40,0,Low
W005,Adyar Estuary Buffer,Coastal,13.0012,80.2565,68.47,9.2,4.05,975.4,3.58,0.75,3.06,19.8,79.8,Green_Space,9,110,1,Moderate
W010,Kolathur Urban Catchment,North-West,13.1235,80.2188,14.95,7.67,2.09,302.3,8.3,1.23,2.99,55.5,44.7,High_Density_Residential,7,85,0,Low
W014,Porur Lake Fringe,West,13.033,80.158,4.99,8.18,2.35,546.0,5.38,0.78,2.03,23.4,76.5,High_Density_Residential,9,105,0,Low
W001,T. Nagar Commercial Hub,Central,13.0418,80.2341,153.91,26.17,5.39,3579.5,6.28,0.59,4.37,53.7,48.3,Commercial,8,90,3,Severe Inundation
W020,Mudichur Lake Sink,South-West,12.912,80.068,55.24,12.61,4.0,3354.7,2.98,0.23,1.7,45.8,56.5,High_Density_Residential,14,165,2,High
W012,Manali Petrochemical Lowland,North-East,13.1706,80.2605,20.94,4.3,3.18,602.2,3.08,0.78,2.36,17.2,76.2,Industrial,11,135,1,Moderate
W008,Tambaram Outer Plateau,South-West,12.9249,80.1,146.04,34.53,1.47,3882.6,21.64,3.11,3.28,30.7,67.9,Low_Density_Residential,3,40,0,Low
W019,Royapettah Central,Central,13.053,80.261,70.59,15.93,2.59,2539.6,10.01,1.63,4.35,11.2,90.8,Commercial,4,50,0,Low
W014,Porur Lake Fringe,West,13.033,80.158,5.1,4.11,2.58,869.4,5.94,0.76,2.35,47.1,54.7,High_Density_Residential,9,105,0,Low
W006,Anna Nagar High Ridge,West,13.085,80.2101,137.81,34.42,1.28,7034.6,18.97,3.0,5.1,56.2,37.0,Low_Density_Residential,1,20,0,Low
W003,Madipakkam Lake Basin,South,12.9647,80.1961,6.43,8.53,2.95,774.8,2.05,0.47,2.07,53.8,42.7,High_Density_Residential,14,160,1,Moderate
W017,Saidapet Riverine Basin,Central,13.021,80.223,77.07,9.34,4.57,2393.1,3.7,0.83,2.79,44.0,56.3,High_Density_Residential,11,130,2,High
W012,Manali Petrochemical Lowland,North-East,13.1706,80.2605,30.04,8.19,3.07,553.4,3.11,0.28,2.74,22.2,78.7,Industrial,11,135,1,Moderate
W003,Madipakkam Lake Basin,South,12.9647,80.1961,57.86,18.94,4.08,2587.6,1.98,0.3,1.72,18.9,79.6,High_Density_Residential,14,160,2,High
W017,Saidapet Riverine Basin,Central,13.021,80.223,21.93,9.94,3.39,967.7,2.92,0.42,2.94,14.1,88.8,High_Density_Residential,11,130,1,Moderate
W018,Ambattur Industrial Zone,North-West,13.114,80.154,71.68,10.07,2.39,2705.1,10.85,1.54,3.32,21.2,72.2,Industrial,5,60,0,Low
W017,Saidapet Riverine Basin,Central,13.021,80.223,6.75,2.92,2.41,416.4,4.08,0.65,3.28,24.7,75.8,High_Density_Residential,11,130,0,Low
W017,Saidapet Riverine Basin,Central,13.021,80.223,22.7,4.55,2.88,246.6,3.82,0.52,2.11,18.7,75.5,High_Density_Residential,11,130,1,Moderate
W018,Ambattur Industrial Zone,North-West,13.114,80.154,31.84,8.12,1.61,399.8,11.11,1.71,3.54,81.8,15.6,Industrial,5,60,0,Low
W001,T. Nagar Commercial Hub,Central,13.0418,80.2341,145.37,26.82,5.41,7358.8,6.0,0.89,3.86,31.3,61.3,Commercial,8,90,3,Severe Inundation
W013,Pallikaranai Marsh Reserve,South-East,12.936,80.214,237.11,79.76,8.91,14311.0,2.37,0.37,1.01,34.6,60.0,Green_Space,15,175,3,Severe Inundation
W016,Koyambedu Market Heights,West,13.069,80.194,171.47,31.86,2.38,5820.9,16.56,2.45,3.57,14.7,80.8,Commercial,3,35,1,Moderate
W002,Velachery Lowlands,South,12.9815,80.218,54.85,19.27,3.8,2324.3,3.29,0.51,2.12,23.6,83.3,High_Density_Residential,12,140,2,High
W013,Pallikaranai Marsh Reserve,South-East,12.936,80.214,150.89,34.14,6.45,7578.1,2.22,0.2,1.19,30.1,66.1,Green_Space,15,175,3,Severe Inundation
W012,Manali Petrochemical Lowland,North-East,13.1706,80.2605,56.88,14.21,3.86,1565.4,3.53,0.37,2.28,80.3,28.1,Industrial,11,135,2,High
W009,Perambur Railway Lowlands,North,13.1114,80.2437,62.88,19.79,3.96,1998.9,4.54,0.2,2.61,44.4,54.0,Commercial,10,125,2,High
W001,T. Nagar Commercial Hub,Central,13.0418,80.2341,147.63,32.48,5.49,6393.1,5.66,0.54,3.36,13.4,92.0,Commercial,8,90,3,Severe Inundation
W012,Manali Petrochemical Lowland,North-East,13.1706,80.2605,88.09,22.16,4.92,2736.3,2.23,0.2,1.65,41.3,57.3,Industrial,11,135,3,Severe Inundation
W003,Madipakkam Lake Basin,South,12.9647,80.1961,59.64,18.3,4.41,2276.6,2.46,0.4,2.17,21.3,72.1,High_Density_Residential,14,160,2,High
W012,Manali Petrochemical Lowland,North-East,13.1706,80.2605,63.57,10.75,3.76,1093.5,4.12,0.55,1.88,9.9,88.7,Industrial,11,135,2,High
W008,Tambaram Outer Plateau,South-West,12.9249,80.1,131.76,42.69,1.09,5922.5,22.35,3.08,3.15,50.2,53.0,Low_Density_Residential,3,40,0,Low
W004,Guindy Ridge Sector,South-Central,13.0067,80.2025,229.98,92.82,4.01,9061.7,14.62,2.2,4.14,45.1,54.7,Industrial,4,45,3,Severe Inundation
W019,Royapettah Central,Central,13.053,80.261,196.57,51.08,5.48,14868.5,8.92,1.32,4.15,30.8,66.1,Commercial,4,50,3,Severe Inundation
W011,Sholinganallur IT Corridor,South-East,12.901,80.2279,134.18,39.82,5.48,4824.6,3.96,0.81,3.48,66.8,30.4,Commercial,9,115,3,Severe Inundation
W005,Adyar Estuary Buffer,Coastal,13.0012,80.2565,156.25,28.29,6.46,7362.8,3.79,0.44,3.01,71.7,38.7,Green_Space,9,110,3,Severe Inundation
W002,Velachery Lowlands,South,12.9815,80.218,15.54,5.79,3.24,802.1,4.08,0.27,2.3,45.0,49.3,High_Density_Residential,12,140,1,Moderate
W012,Manali Petrochemical Lowland,North-East,13.1706,80.2605,20.66,1.27,3.45,379.5,3.13,0.37,1.56,54.3,44.8,Industrial,11,135,1,Moderate
W018,Ambattur Industrial Zone,North-West,13.114,80.154,158.47,39.83,3.72,5484.4,11.48,1.67,3.83,70.0,30.7,Industrial,5,60,2,High
W011,Sholinganallur IT Corridor,South-East,12.901,80.2279,31.67,2.43,3.16,396.3,4.34,0.68,3.13,27.9,72.3,Commercial,9,115,1,Moderate
W006,Anna Nagar High Ridge,West,13.085,80.2101,167.76,37.09,1.76,7334.7,18.47,3.17,4.76,16.3,86.1,Low_Density_Residential,1,20,0,Low
W015,St. Thomas Mount Ridge,South-Central,13.004,80.191,26.53,3.33,0.4,211.8,23.69,3.62,4.67,28.7,68.0,Low_Density_Residential,1,15,0,Low
W016,Koyambedu Market Heights,West,13.069,80.194,164.36,26.25,2.19,4939.6,16.86,2.53,4.01,48.3,55.7,Commercial,3,35,0,Low
W006,Anna Nagar High Ridge,West,13.085,80.2101,58.03,16.96,0.58,851.6,18.63,2.52,4.68,50.8,52.4,Low_Density_Residential,1,20,0,Low
W005,Adyar Estuary Buffer,Coastal,13.0012,80.2565,119.15,40.03,4.96,4788.0,4.0,0.96,2.94,21.2,75.3,Green_Space,9,110,2,High
W003,Madipakkam Lake Basin,South,12.9647,80.1961,3.76,2.08,3.09,524.2,2.88,0.47,1.68,61.6,43.7,High_Density_Residential,14,160,1,Moderate
W015,St. Thomas Mount Ridge,South-Central,13.004,80.191,151.52,44.01,1.28,3919.3,23.62,3.37,4.78,7.0,89.6,Low_Density_Residential,1,15,0,Low
W002,Velachery Lowlands,South,12.9815,80.218,102.16,29.0,5.1,3280.8,3.11,0.2,2.0,48.5,53.0,High_Density_Residential,12,140,3,Severe Inundation
W010,Kolathur Urban Catchment,North-West,13.1235,80.2188,271.83,52.94,6.52,12934.2,8.25,1.33,2.85,63.6,37.3,High_Density_Residential,7,85,3,Severe Inundation
W007,Mylapore Heritage Sector,East,13.0368,80.2676,3.51,6.69,1.86,436.1,8.85,1.06,4.49,45.4,45.1,High_Density_Residential,5,55,0,Low
W002,Velachery Lowlands,South,12.9815,80.218,35.64,17.66,3.56,1136.8,3.79,0.28,2.23,39.4,58.5,High_Density_Residential,12,140,2,High
W007,Mylapore Heritage Sector,East,13.0368,80.2676,70.94,17.47,3.12,974.3,8.67,1.38,4.44,9.6,85.8,High_Density_Residential,5,55,0,Low
W002,Velachery Lowlands,South,12.9815,80.218,54.76,17.4,4.17,1444.4,2.67,0.55,2.38,66.7,26.6,High_Density_Residential,12,140,2,High
W011,Sholinganallur IT Corridor,South-East,12.901,80.2279,36.13,16.63,3.33,2566.5,4.39,0.43,3.82,22.5,78.9,Commercial,9,115,1,Moderate
W010,Kolathur Urban Catchment,North-West,13.1235,80.2188,25.29,4.23,2.19,271.6,8.17,1.55,3.21,13.4,95.0,High_Density_Residential,7,85,0,Low
W017,Saidapet Riverine Basin,Central,13.021,80.223,108.65,38.67,4.87,5900.2,4.22,0.53,2.62,14.3,84.9,High_Density_Residential,11,130,3,Severe Inundation
W013,Pallikaranai Marsh Reserve,South-East,12.936,80.214,22.75,1.38,3.27,447.9,2.11,0.2,1.57,18.8,82.0,Green_Space,15,175,0,Low
W018,Ambattur Industrial Zone,North-West,13.114,80.154,53.45,20.16,1.83,2253.2,11.47,1.63,3.45,10.8,89.4,Industrial,5,60,0,Low
W016,Koyambedu Market Heights,West,13.069,80.194,265.07,70.75,3.32,10497.8,16.81,2.39,3.66,30.3,72.5,Commercial,3,35,3,Severe Inundation
W009,Perambur Railway Lowlands,North,13.1114,80.2437,217.54,72.06,7.38,13148.9,4.29,0.31,2.3,34.5,57.8,Commercial,10,125,3,Severe Inundation
W002,Velachery Lowlands,South,12.9815,80.218,159.15,29.88,6.6,7621.8,2.57,0.39,1.87,8.1,93.6,High_Density_Residential,12,140,3,Severe Inundation
W007,Mylapore Heritage Sector,East,13.0368,80.2676,72.6,9.92,2.94,2064.3,8.79,1.06,4.49,46.7,42.5,High_Density_Residential,5,55,0,Low
W010,Kolathur Urban Catchment,North-West,13.1235,80.2188,112.25,41.61,3.44,4232.7,8.95,1.44,3.06,29.9,75.2,High_Density_Residential,7,85,2,High
W012,Manali Petrochemical Lowland,North-East,13.1706,80.2605,142.16,29.59,6.01,3990.0,2.9,0.2,1.99,79.9,14.2,Industrial,11,135,3,Severe Inundation
W002,Velachery Lowlands,South,12.9815,80.218,61.12,22.43,4.07,3474.2,3.87,0.58,2.25,32.6,65.1,High_Density_Residential,12,140,2,High
W011,Sholinganallur IT Corridor,South-East,12.901,80.2279,167.04,41.96,5.97,4055.6,5.23,0.56,3.13,49.4,45.5,Commercial,9,115,3,Severe Inundation
W009,Perambur Railway Lowlands,North,13.1114,80.2437,158.44,29.36,5.66,6513.6,5.58,0.2,2.26,56.9,40.0,Commercial,10,125,3,Severe Inundation
W004,Guindy Ridge Sector,South-Central,13.0067,80.2025,110.3,37.94,2.3,3625.1,14.26,2.09,4.26,38.9,57.8,Industrial,4,45,0,Low
W012,Manali Petrochemical Lowland,North-East,13.1706,80.2605,324.24,50.75,10.55,11380.3,2.72,0.27,1.89,47.2,64.2,Industrial,11,135,3,Severe Inundation
W014,Porur Lake Fringe,West,13.033,80.158,38.58,16.38,2.74,3480.4,5.55,0.91,2.3,23.4,81.9,High_Density_Residential,9,105,1,Moderate
W013,Pallikaranai Marsh Reserve,South-East,12.936,80.214,27.04,2.3,3.35,334.4,1.86,0.2,1.53,22.0,86.3,Green_Space,15,175,1,Moderate
W015,St. Thomas Mount Ridge,South-Central,13.004,80.191,121.2,29.91,1.22,4348.6,24.07,3.19,5.15,32.6,74.1,Low_Density_Residential,1,15,0,Low
W013,Pallikaranai Marsh Reserve,South-East,12.936,80.214,30.76,9.07,3.7,685.6,2.22,0.4,1.34,46.5,59.0,Green_Space,15,175,1,Moderate
W011,Sholinganallur IT Corridor,South-East,12.901,80.2279,12.33,1.53,2.98,332.0,4.77,0.5,3.27,16.0,85.6,Commercial,9,115,0,Low
W006,Anna Nagar High Ridge,West,13.085,80.2101,70.21,9.9,0.51,2696.9,18.67,2.86,4.88,12.6,91.0,Low_Density_Residential,1,20,0,Low
W016,Koyambedu Market Heights,West,13.069,80.194,13.33,2.79,0.4,556.4,16.84,2.58,4.36,14.3,87.3,Commercial,3,35,0,Low
W016,Koyambedu Market Heights,West,13.069,80.194,74.54,23.54,1.08,2535.1,17.28,2.54,3.94,8.6,100.0,Commercial,3,35,0,Low
W012,Manali Petrochemical Lowland,North-East,13.1706,80.2605,81.09,16.2,4.3,3233.3,3.85,0.42,2.03,37.0,65.2,Industrial,11,135,3,Severe Inundation
W017,Saidapet Riverine Basin,Central,13.021,80.223,6.27,6.08,2.7,144.0,3.89,0.54,2.54,47.9,57.9,High_Density_Residential,11,130,0,Low
W009,Perambur Railway Lowlands,North,13.1114,80.2437,17.42,7.0,2.88,544.2,5.2,0.58,2.67,66.3,31.0,Commercial,10,125,1,Moderate
W003,Madipakkam Lake Basin,South,12.9647,80.1961,183.66,91.06,7.34,13686.4,2.3,0.51,1.88,40.0,68.7,High_Density_Residential,14,160,3,Severe Inundation
W014,Porur Lake Fringe,West,13.033,80.158,106.73,23.29,4.67,3374.2,5.49,0.35,2.72,37.8,64.1,High_Density_Residential,9,105,3,Severe Inundation
W003,Madipakkam Lake Basin,South,12.9647,80.1961,18.74,1.46,3.11,389.1,2.93,0.36,1.64,51.3,49.1,High_Density_Residential,14,160,1,Moderate
W014,Porur Lake Fringe,West,13.033,80.158,214.28,78.41,7.09,15253.9,5.51,0.96,2.15,35.1,67.0,High_Density_Residential,9,105,3,Severe Inundation
W020,Mudichur Lake Sink,South-West,12.912,80.068,72.5,11.13,4.84,1832.2,1.66,0.21,1.17,46.4,49.9,High_Density_Residential,14,165,3,Severe Inundation
W006,Anna Nagar High Ridge,West,13.085,80.2101,32.99,3.37,0.4,458.4,17.95,2.71,5.22,14.3,76.9,Low_Density_Residential,1,20,0,Low
W018,Ambattur Industrial Zone,North-West,13.114,80.154,12.92,5.46,1.2,151.6,11.11,1.74,3.43,16.8,80.6,Industrial,5,60,0,Low
W010,Kolathur Urban Catchment,North-West,13.1235,80.2188,124.74,29.8,4.1,3632.6,8.51,1.29,2.88,32.4,77.9,High_Density_Residential,7,85,2,High
W011,Sholinganallur IT Corridor,South-East,12.901,80.2279,88.77,21.36,4.33,2890.3,4.58,0.49,3.38,13.0,87.5,Commercial,9,115,2,High
W004,Guindy Ridge Sector,South-Central,13.0067,80.2025,78.29,9.72,2.03,2889.1,13.87,1.96,4.33,27.5,71.0,Industrial,4,45,0,Low
W003,Madipakkam Lake Basin,South,12.9647,80.1961,13.55,3.22,3.36,305.8,2.16,0.21,1.66,50.5,41.2,High_Density_Residential,14,160,1,Moderate
W011,Sholinganallur IT Corridor,South-East,12.901,80.2279,52.8,21.44,3.77,3206.4,4.21,0.58,3.52,36.7,64.4,Commercial,9,115,2,High
W010,Kolathur Urban Catchment,North-West,13.1235,80.2188,15.21,9.2,2.03,896.6,8.64,1.21,2.99,69.5,36.1,High_Density_Residential,7,85,0,Low
W010,Kolathur Urban Catchment,North-West,13.1235,80.2188,152.04,20.66,4.46,7553.5,9.03,1.21,2.97,35.8,63.3,High_Density_Residential,7,85,2,High
W015,St. Thomas Mount Ridge,South-Central,13.004,80.191,81.33,12.33,0.8,3492.3,23.51,3.26,4.92,44.4,57.7,Low_Density_Residential,1,15,0,Low
W020,Mudichur Lake Sink,South-West,12.912,80.068,22.05,6.66,3.83,181.5,1.52,0.26,1.48,40.6,51.9,High_Density_Residential,14,165,2,High
W014,Porur Lake Fringe,West,13.033,80.158,60.26,24.4,3.34,1391.2,6.17,0.81,2.04,67.3,38.4,High_Density_Residential,9,105,2,High
W006,Anna Nagar High Ridge,West,13.085,80.2101,5.39,6.95,0.42,362.1,18.47,2.89,4.97,49.8,45.4,Low_Density_Residential,1,20,0,Low
W015,St. Thomas Mount Ridge,South-Central,13.004,80.191,39.97,24.51,0.4,2507.5,23.66,3.49,4.88,59.0,45.0,Low_Density_Residential,1,15,0,Low
W012,Manali Petrochemical Lowland,North-East,13.1706,80.2605,89.05,17.79,4.56,3428.2,3.53,0.45,1.72,29.7,75.6,Industrial,11,135,3,Severe Inundation
W015,St. Thomas Mount Ridge,South-Central,13.004,80.191,52.69,17.54,0.4,1503.4,23.33,3.35,4.69,58.0,45.9,Low_Density_Residential,1,15,0,Low
W002,Velachery Lowlands,South,12.9815,80.218,24.02,9.32,3.02,926.6,3.34,0.53,1.61,33.4,63.7,High_Density_Residential,12,140,1,Moderate
W012,Manali Petrochemical Lowland,North-East,13.1706,80.2605,43.05,11.33,3.81,1861.3,2.47,0.22,2.13,33.1,64.7,Industrial,11,135,2,High
W020,Mudichur Lake Sink,South-West,12.912,80.068,3.48,9.45,2.94,377.2,2.11,0.36,1.67,54.6,40.5,High_Density_Residential,14,165,1,Moderate
W014,Porur Lake Fringe,West,13.033,80.158,96.65,35.7,4.38,3611.6,5.09,0.57,2.69,46.5,52.5,High_Density_Residential,9,105,3,Severe Inundation
W009,Perambur Railway Lowlands,North,13.1114,80.2437,19.53,9.58,2.66,239.2,5.0,0.51,2.64,54.4,36.8,Commercial,10,125,0,Low
W002,Velachery Lowlands,South,12.9815,80.218,22.41,6.06,3.27,516.3,2.66,0.65,2.36,55.9,48.4,High_Density_Residential,12,140,1,Moderate
W003,Madipakkam Lake Basin,South,12.9647,80.1961,79.71,16.87,4.69,2738.5,2.59,0.35,1.86,40.0,64.8,High_Density_Residential,14,160,3,Severe Inundation
W013,Pallikaranai Marsh Reserve,South-East,12.936,80.214,23.84,8.42,3.25,359.2,2.57,0.2,1.41,43.1,59.3,Green_Space,15,175,1,Moderate
W012,Manali Petrochemical Lowland,North-East,13.1706,80.2605,96.29,34.56,5.03,4618.9,3.19,0.52,2.11,30.5,63.4,Industrial,11,135,3,Severe Inundation
W017,Saidapet Riverine Basin,Central,13.021,80.223,4.19,9.62,2.76,411.5,3.67,0.59,2.67,17.7,83.8,High_Density_Residential,11,130,0,Low
W006,Anna Nagar High Ridge,West,13.085,80.2101,59.24,15.87,0.44,3376.8,18.43,2.63,4.85,80.1,20.0,Low_Density_Residential,1,20,0,Low
W001,T. Nagar Commercial Hub,Central,13.0418,80.2341,14.69,1.95,2.61,913.6,6.32,0.79,3.98,58.4,38.8,Commercial,8,90,0,Low
W005,Adyar Estuary Buffer,Coastal,13.0012,80.2565,29.9,5.43,3.54,844.9,3.56,0.35,2.87,18.8,77.7,Green_Space,9,110,0,Low
W020,Mudichur Lake Sink,South-West,12.912,80.068,123.54,30.75,6.3,7994.1,1.64,0.2,1.62,53.6,42.1,High_Density_Residential,14,165,3,Severe Inundation
W015,St. Thomas Mount Ridge,South-Central,13.004,80.191,85.99,20.08,0.67,3329.5,24.18,3.46,4.64,40.9,52.2,Low_Density_Residential,1,15,0,Low
W002,Velachery Lowlands,South,12.9815,80.218,25.38,5.13,3.35,600.8,3.59,0.38,1.83,56.4,53.4,High_Density_Residential,12,140,1,Moderate
W005,Adyar Estuary Buffer,Coastal,13.0012,80.2565,23.74,8.01,2.85,708.9,4.2,0.6,2.71,26.2,69.6,Green_Space,9,110,0,Low
W003,Madipakkam Lake Basin,South,12.9647,80.1961,27.23,7.93,3.49,835.7,2.39,0.47,1.94,71.1,23.8,High_Density_Residential,14,160,2,High
W008,Tambaram Outer Plateau,South-West,12.9249,80.1,7.44,9.02,0.4,991.8,21.45,3.06,3.31,26.3,83.0,Low_Density_Residential,3,40,0,Low
W012,Manali Petrochemical Lowland,North-East,13.1706,80.2605,80.72,22.21,4.61,2392.4,3.27,0.43,1.72,40.6,54.8,Industrial,11,135,3,Severe Inundation
W012,Manali Petrochemical Lowland,North-East,13.1706,80.2605,174.19,21.58,6.86,3665.9,3.46,0.48,1.96,58.4,43.1,Industrial,11,135,3,Severe Inundation
W013,Pallikaranai Marsh Reserve,South-East,12.936,80.214,307.29,80.04,10.63,8132.7,2.08,0.2,1.21,17.9,77.4,Green_Space,15,175,3,Severe Inundation
W019,Royapettah Central,Central,13.053,80.261,21.76,6.78,2.12,834.8,8.79,1.42,4.55,28.2,71.9,Commercial,4,50,0,Low
W002,Velachery Lowlands,South,12.9815,80.218,14.69,9.26,2.72,590.8,3.49,0.23,1.84,55.7,44.3,High_Density_Residential,12,140,1,Moderate
W020,Mudichur Lake Sink,South-West,12.912,80.068,30.05,8.46,3.62,525.3,2.52,0.56,1.84,16.8,79.3,High_Density_Residential,14,165,1,Moderate
W005,Adyar Estuary Buffer,Coastal,13.0012,80.2565,33.84,7.95,3.07,118.2,3.71,0.74,2.9,8.9,87.9,Green_Space,9,110,0,Low
W015,St. Thomas Mount Ridge,South-Central,13.004,80.191,202.94,45.1,1.74,8307.2,23.18,3.77,5.08,12.8,79.4,Low_Density_Residential,1,15,0,Low
W012,Manali Petrochemical Lowland,North-East,13.1706,80.2605,49.8,16.52,3.8,3399.5,2.76,0.71,1.72,48.5,48.0,Industrial,11,135,2,High
W012,Manali Petrochemical Lowland,North-East,13.1706,80.2605,266.34,82.87,8.97,7574.2,3.27,0.66,1.97,23.7,71.7,Industrial,11,135,3,Severe Inundation
W015,St. Thomas Mount Ridge,South-Central,13.004,80.191,87.85,8.54,0.94,2397.1,24.37,3.63,4.77,42.2,58.4,Low_Density_Residential,1,15,0,Low
W003,Madipakkam Lake Basin,South,12.9647,80.1961,302.66,93.39,9.87,17257.8,3.15,0.55,1.65,47.8,47.8,High_Density_Residential,14,160,3,Severe Inundation
W019,Royapettah Central,Central,13.053,80.261,66.95,22.06,2.57,1644.0,9.7,1.5,4.03,29.9,79.2,Commercial,4,50,0,Low
W005,Adyar Estuary Buffer,Coastal,13.0012,80.2565,178.31,39.8,6.45,6124.1,3.81,0.65,3.06,64.2,33.9,Green_Space,9,110,3,Severe Inundation
W017,Saidapet Riverine Basin,Central,13.021,80.223,41.44,18.58,3.8,2286.9,3.6,0.74,2.42,35.7,71.1,High_Density_Residential,11,130,1,Moderate
W012,Manali Petrochemical Lowland,North-East,13.1706,80.2605,15.58,2.83,3.35,728.2,2.54,0.48,1.92,38.8,61.5,Industrial,11,135,1,Moderate
W013,Pallikaranai Marsh Reserve,South-East,12.936,80.214,89.18,16.8,5.05,1949.4,1.74,0.39,1.74,35.5,65.0,Green_Space,15,175,2,High
W011,Sholinganallur IT Corridor,South-East,12.901,80.2279,114.57,48.16,4.87,3973.7,4.58,0.41,3.79,27.2,66.7,Commercial,9,115,3,Severe Inundation
W009,Perambur Railway Lowlands,North,13.1114,80.2437,77.89,12.19,4.55,1862.1,4.22,0.56,2.26,22.7,77.5,Commercial,10,125,2,High
W008,Tambaram Outer Plateau,South-West,12.9249,80.1,4.6,7.57,0.4,548.2,22.24,3.36,3.29,76.6,15.6,Low_Density_Residential,3,40,0,Low
W004,Guindy Ridge Sector,South-Central,13.0067,80.2025,86.98,9.4,2.41,1095.2,14.16,2.05,4.24,16.2,79.5,Industrial,4,45,0,Low
W001,T. Nagar Commercial Hub,Central,13.0418,80.2341,180.66,83.8,6.13,7828.5,5.64,0.71,4.09,22.5,88.4,Commercial,8,90,3,Severe Inundation
W006,Anna Nagar High Ridge,West,13.085,80.2101,25.36,8.95,0.4,350.2,18.72,2.7,5.27,49.3,53.3,Low_Density_Residential,1,20,0,Low
W016,Koyambedu Market Heights,West,13.069,80.194,25.94,5.01,0.49,778.5,16.75,2.2,4.15,28.7,69.0,Commercial,3,35,0,Low
W017,Saidapet Riverine Basin,Central,13.021,80.223,205.01,81.03,7.62,15113.3,3.37,0.61,3.22,19.4,81.9,High_Density_Residential,11,130,3,Severe Inundation
W013,Pallikaranai Marsh Reserve,South-East,12.936,80.214,65.87,24.14,4.63,2565.5,1.82,0.34,1.37,25.5,72.2,Green_Space,15,175,2,High
W018,Ambattur Industrial Zone,North-West,13.114,80.154,224.21,73.78,5.04,8730.1,10.94,1.57,3.34,56.3,41.2,Industrial,5,60,3,Severe Inundation
W004,Guindy Ridge Sector,South-Central,13.0067,80.2025,4.19,1.12,0.66,298.4,13.73,2.27,3.97,18.7,73.3,Industrial,4,45,0,Low
W009,Perambur Railway Lowlands,North,13.1114,80.2437,48.86,23.35,3.03,2869.2,5.01,0.5,2.53,33.2,59.0,Commercial,10,125,2,High
W009,Perambur Railway Lowlands,North,13.1114,80.2437,158.59,32.35,5.76,5381.3,5.11,0.56,2.63,67.4,34.7,Commercial,10,125,3,Severe Inundation
W015,St. Thomas Mount Ridge,South-Central,13.004,80.191,77.73,17.38,1.02,960.8,23.66,3.73,4.96,40.1,59.9,Low_Density_Residential,1,15,0,Low
W007,Mylapore Heritage Sector,East,13.0368,80.2676,161.8,31.28,4.63,5285.9,8.43,0.89,4.25,14.9,88.3,High_Density_Residential,5,55,3,Severe Inundation
W020,Mudichur Lake Sink,South-West,12.912,80.068,4.63,3.76,2.73,132.4,1.5,0.3,1.48,65.4,39.4,High_Density_Residential,14,165,1,Moderate
W010,Kolathur Urban Catchment,North-West,13.1235,80.2188,153.4,40.62,4.41,3283.4,8.8,1.4,2.87,12.2,81.9,High_Density_Residential,7,85,3,Severe Inundation
W016,Koyambedu Market Heights,West,13.069,80.194,155.54,30.85,1.89,6923.7,17.11,2.24,3.65,50.1,50.9,Commercial,3,35,0,Low
W007,Mylapore Heritage Sector,East,13.0368,80.2676,300.52,84.44,7.23,12097.1,8.8,1.2,4.56,22.0,71.1,High_Density_Residential,5,55,3,Severe Inundation
W004,Guindy Ridge Sector,South-Central,13.0067,80.2025,197.59,87.15,3.26,8429.8,14.65,1.88,3.91,10.5,90.7,Industrial,4,45,3,Severe Inundation
W005,Adyar Estuary Buffer,Coastal,13.0012,80.2565,32.09,4.62,2.97,670.7,3.41,0.33,3.1,31.9,68.4,Green_Space,9,110,0,Low
W003,Madipakkam Lake Basin,South,12.9647,80.1961,26.77,2.56,3.13,157.0,3.53,0.5,1.7,28.0,77.4,High_Density_Residential,14,160,0,Low
W015,St. Thomas Mount Ridge,South-Central,13.004,80.191,20.15,4.48,0.45,965.4,24.77,3.27,4.73,19.3,73.9,Low_Density_Residential,1,15,0,Low
W006,Anna Nagar High Ridge,West,13.085,80.2101,88.52,20.14,0.93,2098.7,18.56,2.92,4.61,30.0,74.5,Low_Density_Residential,1,20,0,Low
W015,St. Thomas Mount Ridge,South-Central,13.004,80.191,38.52,22.26,0.4,1305.1,23.98,3.53,5.08,43.6,60.1,Low_Density_Residential,1,15,0,Low
W003,Madipakkam Lake Basin,South,12.9647,80.1961,252.62,73.26,9.2,16266.7,2.69,0.24,2.01,62.1,29.0,High_Density_Residential,14,160,3,Severe Inundation
W011,Sholinganallur IT Corridor,South-East,12.901,80.2279,302.41,94.28,9.05,11326.9,4.98,0.74,3.57,41.6,63.5,Commercial,9,115,3,Severe Inundation
W012,Manali Petrochemical Lowland,North-East,13.1706,80.2605,84.89,17.27,4.69,2638.5,3.1,0.29,1.85,36.3,54.9,Industrial,11,135,3,Severe Inundation
W003,Madipakkam Lake Basin,South,12.9647,80.1961,36.01,8.88,3.72,843.1,2.91,0.61,1.69,11.2,88.3,High_Density_Residential,14,160,1,Moderate
W018,Ambattur Industrial Zone,North-West,13.114,80.154,75.24,12.88,2.28,3453.4,10.79,2.02,3.88,16.9,80.4,Industrial,5,60,0,Low
W018,Ambattur Industrial Zone,North-West,13.114,80.154,277.15,52.25,6.14,11486.6,11.06,1.87,3.67,41.0,63.4,Industrial,5,60,3,Severe Inundation
W010,Kolathur Urban Catchment,North-West,13.1235,80.2188,113.53,32.48,4.43,3919.9,9.04,1.3,2.73,67.9,23.4,High_Density_Residential,7,85,2,High
W010,Kolathur Urban Catchment,North-West,13.1235,80.2188,7.39,4.63,1.65,914.1,8.46,1.51,3.35,46.4,50.3,High_Density_Residential,7,85,0,Low
W006,Anna Nagar High Ridge,West,13.085,80.2101,235.34,47.24,2.33,10654.7,18.62,2.7,5.25,6.7,98.0,Low_Density_Residential,1,20,1,Moderate
W006,Anna Nagar High Ridge,West,13.085,80.2101,24.24,4.79,0.4,584.0,18.25,2.73,5.0,44.3,58.8,Low_Density_Residential,1,20,0,Low
W012,Manali Petrochemical Lowland,North-East,13.1706,80.2605,20.09,3.83,3.12,571.6,2.87,0.48,1.84,17.1,86.2,Industrial,11,135,1,Moderate
W017,Saidapet Riverine Basin,Central,13.021,80.223,19.9,8.77,2.77,970.4,4.25,0.46,2.69,28.2,77.9,High_Density_Residential,11,130,0,Low
W008,Tambaram Outer Plateau,South-West,12.9249,80.1,68.57,16.38,0.8,3062.4,21.66,3.19,3.15,34.7,59.7,Low_Density_Residential,3,40,0,Low
W004,Guindy Ridge Sector,South-Central,13.0067,80.2025,55.25,9.18,1.37,2395.8,14.13,2.15,3.99,25.6,70.8,Industrial,4,45,0,Low
W007,Mylapore Heritage Sector,East,13.0368,80.2676,31.88,1.48,2.44,175.2,8.48,1.06,4.68,28.7,76.6,High_Density_Residential,5,55,0,Low
W005,Adyar Estuary Buffer,Coastal,13.0012,80.2565,227.4,60.0,7.54,15282.7,4.54,0.63,2.75,6.6,95.0,Green_Space,9,110,3,Severe Inundation
W008,Tambaram Outer Plateau,South-West,12.9249,80.1,106.64,23.13,0.95,3372.4,21.31,3.35,3.15,46.2,48.8,Low_Density_Residential,3,40,0,Low
W016,Koyambedu Market Heights,West,13.069,80.194,251.99,51.84,3.31,14524.0,17.11,2.35,4.25,33.3,66.7,Commercial,3,35,3,Severe Inundation
W001,T. Nagar Commercial Hub,Central,13.0418,80.2341,89.86,8.59,3.73,3072.8,6.25,0.72,3.85,56.4,53.4,Commercial,8,90,2,High
W012,Manali Petrochemical Lowland,North-East,13.1706,80.2605,28.57,3.65,3.19,942.1,3.43,0.3,1.96,26.6,64.1,Industrial,11,135,1,Moderate
W018,Ambattur Industrial Zone,North-West,13.114,80.154,74.07,19.48,2.26,1863.2,11.08,1.8,3.37,25.3,69.5,Industrial,5,60,0,Low
W019,Royapettah Central,Central,13.053,80.261,37.19,11.87,2.2,3234.9,9.62,1.7,4.38,48.8,43.0,Commercial,4,50,0,Low
W012,Manali Petrochemical Lowland,North-East,13.1706,80.2605,106.5,30.03,4.72,6431.9,3.82,0.34,2.13,35.0,72.8,Industrial,11,135,3,Severe Inundation
W015,St. Thomas Mount Ridge,South-Central,13.004,80.191,34.96,3.4,0.78,307.6,23.54,3.53,4.64,22.0,74.4,Low_Density_Residential,1,15,0,Low
W018,Ambattur Industrial Zone,North-West,13.114,80.154,34.02,8.15,1.71,329.0,11.36,1.96,3.52,84.3,26.7,Industrial,5,60,0,Low
W005,Adyar Estuary Buffer,Coastal,13.0012,80.2565,73.8,14.98,4.12,2786.0,3.7,0.65,2.62,6.3,94.6,Green_Space,9,110,1,Moderate
W020,Mudichur Lake Sink,South-West,12.912,80.068,112.09,35.72,5.42,5030.0,2.01,0.37,1.91,68.5,29.3,High_Density_Residential,14,165,3,Severe Inundation
W003,Madipakkam Lake Basin,South,12.9647,80.1961,17.21,3.4,3.14,144.1,2.8,0.2,1.8,33.1,66.6,High_Density_Residential,14,160,1,Moderate
W003,Madipakkam Lake Basin,South,12.9647,80.1961,253.39,71.5,9.13,15950.1,2.81,0.52,1.78,31.0,74.5,High_Density_Residential,14,160,3,Severe Inundation
W010,Kolathur Urban Catchment,North-West,13.1235,80.2188,300.15,80.85,7.23,17629.8,8.9,1.44,3.22,50.7,54.6,High_Density_Residential,7,85,3,Severe Inundation
W013,Pallikaranai Marsh Reserve,South-East,12.936,80.214,172.16,31.37,7.1,4862.7,1.5,0.2,1.43,82.1,10.7,Green_Space,15,175,3,Severe Inundation
W016,Koyambedu Market Heights,West,13.069,80.194,50.28,18.26,0.58,3475.4,17.63,2.5,3.69,62.1,36.2,Commercial,3,35,0,Low
W017,Saidapet Riverine Basin,Central,13.021,80.223,108.3,46.91,5.36,4583.0,4.03,0.46,2.87,18.5,90.3,High_Density_Residential,11,130,3,Severe Inundation
W014,Porur Lake Fringe,West,13.033,80.158,59.66,8.29,3.54,963.2,5.37,0.58,2.47,16.8,86.3,High_Density_Residential,9,105,1,Moderate
W014,Porur Lake Fringe,West,13.033,80.158,89.73,10.42,4.35,3128.0,5.33,0.7,2.52,52.9,44.2,High_Density_Residential,9,105,2,High
W019,Royapettah Central,Central,13.053,80.261,15.67,3.05,1.65,715.0,9.67,1.44,4.26,19.6,84.3,Commercial,4,50,0,Low
W003,Madipakkam Lake Basin,South,12.9647,80.1961,29.38,2.51,3.58,179.7,2.45,0.28,1.65,80.1,23.5,High_Density_Residential,14,160,1,Moderate
W005,Adyar Estuary Buffer,Coastal,13.0012,80.2565,27.57,3.28,3.46,445.0,3.41,0.49,3.1,41.4,52.4,Green_Space,9,110,0,Low
W011,Sholinganallur IT Corridor,South-East,12.901,80.2279,208.26,73.38,7.14,13477.5,4.69,0.48,3.38,59.5,34.5,Commercial,9,115,3,Severe Inundation
W003,Madipakkam Lake Basin,South,12.9647,80.1961,85.91,10.91,4.79,3091.5,2.08,0.26,1.6,13.3,90.8,High_Density_Residential,14,160,3,Severe Inundation
W015,St. Thomas Mount Ridge,South-Central,13.004,80.191,331.68,58.63,2.88,17081.4,23.72,3.57,4.94,29.1,65.3,Low_Density_Residential,1,15,2,High
W015,St. Thomas Mount Ridge,South-Central,13.004,80.191,288.0,49.77,2.38,9463.8,23.88,3.81,4.54,52.4,45.1,Low_Density_Residential,1,15,1,Moderate
W017,Saidapet Riverine Basin,Central,13.021,80.223,205.1,80.9,7.52,13091.6,3.45,0.42,2.78,49.3,36.6,High_Density_Residential,11,130,3,Severe Inundation
W012,Manali Petrochemical Lowland,North-East,13.1706,80.2605,55.08,16.94,4.09,2432.3,3.38,0.39,2.05,11.5,85.8,Industrial,11,135,2,High
W005,Adyar Estuary Buffer,Coastal,13.0012,80.2565,88.36,16.89,4.7,1306.0,4.48,0.52,2.9,11.5,98.4,Green_Space,9,110,1,Moderate
W018,Ambattur Industrial Zone,North-West,13.114,80.154,11.03,6.87,1.51,689.8,11.78,1.8,3.28,52.7,42.1,Industrial,5,60,0,Low
W019,Royapettah Central,Central,13.053,80.261,24.64,1.7,2.08,696.1,9.78,1.38,4.35,34.9,55.4,Commercial,4,50,0,Low
W006,Anna Nagar High Ridge,West,13.085,80.2101,19.87,5.35,0.4,533.8,19.03,2.79,5.06,52.0,48.1,Low_Density_Residential,1,20,0,Low
W005,Adyar Estuary Buffer,Coastal,13.0012,80.2565,33.82,9.04,3.23,684.8,4.03,0.53,3.29,12.3,88.3,Green_Space,9,110,0,Low
W014,Porur Lake Fringe,West,13.033,80.158,42.58,11.8,3.4,3231.9,5.13,0.79,2.18,83.1,14.9,High_Density_Residential,9,105,1,Moderate
W017,Saidapet Riverine Basin,Central,13.021,80.223,44.95,10.43,3.71,1861.4,3.75,0.42,2.85,11.3,85.7,High_Density_Residential,11,130,1,Moderate
W002,Velachery Lowlands,South,12.9815,80.218,26.14,2.94,3.3,502.5,3.76,0.5,1.91,10.3,97.0,High_Density_Residential,12,140,1,Moderate
W004,Guindy Ridge Sector,South-Central,13.0067,80.2025,41.78,15.48,1.55,2992.4,13.97,1.82,4.33,31.3,68.0,Industrial,4,45,0,Low
W017,Saidapet Riverine Basin,Central,13.021,80.223,169.21,46.72,6.29,5272.9,3.85,0.36,2.64,43.0,53.4,High_Density_Residential,11,130,3,Severe Inundation
W005,Adyar Estuary Buffer,Coastal,13.0012,80.2565,286.07,85.76,9.65,14531.8,3.19,0.65,2.52,76.8,25.6,Green_Space,9,110,3,Severe Inundation
W010,Kolathur Urban Catchment,North-West,13.1235,80.2188,10.1,1.24,1.75,107.2,9.07,1.31,3.01,50.6,50.0,High_Density_Residential,7,85,0,Low
W006,Anna Nagar High Ridge,West,13.085,80.2101,117.75,45.62,1.3,5264.1,18.37,2.7,4.93,22.4,81.8,Low_Density_Residential,1,20,0,Low
W006,Anna Nagar High Ridge,West,13.085,80.2101,42.48,9.14,0.41,2927.2,18.15,3.06,5.02,29.3,64.3,Low_Density_Residential,1,20,0,Low
W011,Sholinganallur IT Corridor,South-East,12.901,80.2279,46.53,8.65,3.3,2389.1,4.43,0.29,3.42,30.3,76.3,Commercial,9,115,1,Moderate
W008,Tambaram Outer Plateau,South-West,12.9249,80.1,9.79,5.82,0.4,957.9,21.96,2.92,3.24,21.7,73.8,Low_Density_Residential,3,40,0,Low
W012,Manali Petrochemical Lowland,North-East,13.1706,80.2605,54.34,18.26,4.12,2796.4,2.87,0.59,2.28,30.6,68.5,Industrial,11,135,2,High
W017,Saidapet Riverine Basin,Central,13.021,80.223,43.77,17.81,3.36,2543.4,3.58,0.5,3.05,10.9,88.6,High_Density_Residential,11,130,1,Moderate
W010,Kolathur Urban Catchment,North-West,13.1235,80.2188,54.17,21.9,3.05,1095.0,8.16,1.12,2.83,33.3,66.0,High_Density_Residential,7,85,0,Low
W003,Madipakkam Lake Basin,South,12.9647,80.1961,13.92,3.34,3.15,183.4,2.33,0.31,1.97,52.5,45.0,High_Density_Residential,14,160,1,Moderate
W009,Perambur Railway Lowlands,North,13.1114,80.2437,183.31,55.85,6.49,15690.2,5.04,0.36,2.2,36.9,74.6,Commercial,10,125,3,Severe Inundation
W007,Mylapore Heritage Sector,East,13.0368,80.2676,63.86,24.19,3.06,2149.5,8.84,1.08,4.44,38.3,56.0,High_Density_Residential,5,55,1,Moderate
W018,Ambattur Industrial Zone,North-West,13.114,80.154,136.48,28.86,3.15,6604.4,11.69,1.88,3.14,59.4,46.9,Industrial,5,60,1,Moderate
W009,Perambur Railway Lowlands,North,13.1114,80.2437,40.21,15.71,3.61,2412.1,4.12,0.28,2.46,18.4,84.3,Commercial,10,125,1,Moderate
W005,Adyar Estuary Buffer,Coastal,13.0012,80.2565,215.65,47.97,6.73,8448.4,4.45,0.48,2.94,43.7,58.8,Green_Space,9,110,3,Severe Inundation
W010,Kolathur Urban Catchment,North-West,13.1235,80.2188,9.64,6.45,1.72,552.2,8.17,1.42,2.78,34.6,62.4,High_Density_Residential,7,85,0,Low
W020,Mudichur Lake Sink,South-West,12.912,80.068,8.85,6.46,3.19,759.0,2.07,0.61,1.74,34.3,66.1,High_Density_Residential,14,165,1,Moderate
W018,Ambattur Industrial Zone,North-West,13.114,80.154,74.9,8.19,2.79,3008.2,10.94,1.86,3.69,18.8,83.1,Industrial,5,60,0,Low
W003,Madipakkam Lake Basin,South,12.9647,80.1961,61.36,17.67,4.17,2424.8,2.75,0.6,1.77,19.6,81.4,High_Density_Residential,14,160,2,High
W017,Saidapet Riverine Basin,Central,13.021,80.223,136.61,44.14,5.35,6524.0,3.88,0.26,2.61,78.7,22.5,High_Density_Residential,11,130,3,Severe Inundation
W006,Anna Nagar High Ridge,West,13.085,80.2101,141.51,40.68,1.56,7909.3,19.1,2.68,4.92,42.8,48.8,Low_Density_Residential,1,20,0,Low
W019,Royapettah Central,Central,13.053,80.261,114.28,45.62,3.31,3888.3,10.05,1.28,4.25,29.1,75.2,Commercial,4,50,2,High
W019,Royapettah Central,Central,13.053,80.261,176.23,45.51,4.99,7106.0,8.91,1.48,3.98,30.3,65.6,Commercial,4,50,3,Severe Inundation
W005,Adyar Estuary Buffer,Coastal,13.0012,80.2565,77.16,20.77,4.13,1250.9,4.18,0.47,2.88,60.0,36.2,Green_Space,9,110,1,Moderate
W006,Anna Nagar High Ridge,West,13.085,80.2101,67.08,10.08,0.62,3201.3,19.05,3.05,5.64,25.3,72.5,Low_Density_Residential,1,20,0,Low
W020,Mudichur Lake Sink,South-West,12.912,80.068,132.94,49.32,6.29,4673.4,2.01,0.59,1.3,50.1,48.2,High_Density_Residential,14,165,3,Severe Inundation
W020,Mudichur Lake Sink,South-West,12.912,80.068,89.11,18.21,4.9,2665.9,2.78,0.35,1.39,42.8,45.1,High_Density_Residential,14,165,3,Severe Inundation
W011,Sholinganallur IT Corridor,South-East,12.901,80.2279,114.31,30.47,5.03,7961.4,4.86,0.55,3.12,44.4,50.0,Commercial,9,115,3,Severe Inundation
W019,Royapettah Central,Central,13.053,80.261,11.46,6.42,1.62,975.3,9.96,1.45,3.96,52.7,53.2,Commercial,4,50,0,Low
W002,Velachery Lowlands,South,12.9815,80.218,49.18,11.88,3.76,824.3,3.41,0.46,2.3,16.4,79.9,High_Density_Residential,12,140,1,Moderate
W001,T. Nagar Commercial Hub,Central,13.0418,80.2341,11.49,7.56,2.2,317.3,6.15,0.99,3.8,11.0,91.7,Commercial,8,90,0,Low
W003,Madipakkam Lake Basin,South,12.9647,80.1961,9.88,8.0,3.23,902.1,1.64,0.36,1.71,28.9,69.2,High_Density_Residential,14,160,1,Moderate
W002,Velachery Lowlands,South,12.9815,80.218,118.02,22.66,5.63,6798.8,2.43,0.44,1.92,21.9,83.8,High_Density_Residential,12,140,3,Severe Inundation
W019,Royapettah Central,Central,13.053,80.261,58.03,14.63,2.64,1122.9,9.78,1.61,4.2,36.3,60.1,Commercial,4,50,0,Low
W009,Perambur Railway Lowlands,North,13.1114,80.2437,89.64,20.18,4.32,2276.6,4.56,0.51,2.23,42.5,59.6,Commercial,10,125,3,Severe Inundation
W007,Mylapore Heritage Sector,East,13.0368,80.2676,26.55,2.7,2.07,842.4,7.96,1.02,4.7,81.1,14.1,High_Density_Residential,5,55,0,Low
W019,Royapettah Central,Central,13.053,80.261,34.08,1.54,2.2,871.0,9.26,1.7,4.29,6.6,95.4,Commercial,4,50,0,Low
W014,Porur Lake Fringe,West,13.033,80.158,11.47,7.88,2.61,940.7,5.14,0.7,2.47,46.9,54.5,High_Density_Residential,9,105,0,Low
W020,Mudichur Lake Sink,South-West,12.912,80.068,7.67,8.78,3.18,574.3,1.84,0.52,1.7,55.2,47.4,High_Density_Residential,14,165,1,Moderate
W001,T. Nagar Commercial Hub,Central,13.0418,80.2341,104.24,27.22,4.29,7555.9,6.55,0.71,3.69,43.5,47.5,Commercial,8,90,3,Severe Inundation
W016,Koyambedu Market Heights,West,13.069,80.194,44.39,8.38,0.72,2342.3,17.58,2.43,4.41,40.0,55.6,Commercial,3,35,0,Low
W018,Ambattur Industrial Zone,North-West,13.114,80.154,112.07,33.69,2.71,5458.1,12.19,1.71,3.48,61.4,35.6,Industrial,5,60,1,Moderate
W010,Kolathur Urban Catchment,North-West,13.1235,80.2188,71.94,18.97,2.98,3130.8,9.04,1.22,2.74,27.5,71.4,High_Density_Residential,7,85,0,Low
W010,Kolathur Urban Catchment,North-West,13.1235,80.2188,260.66,81.26,6.83,16182.1,8.55,1.3,2.67,67.7,36.1,High_Density_Residential,7,85,3,Severe Inundation
W016,Koyambedu Market Heights,West,13.069,80.194,304.92,78.32,3.49,11614.9,16.85,2.29,3.95,7.3,92.1,Commercial,3,35,3,Severe Inundation
W008,Tambaram Outer Plateau,South-West,12.9249,80.1,308.24,55.29,2.36,11608.7,21.66,3.07,3.25,74.0,12.7,Low_Density_Residential,3,40,2,High
W013,Pallikaranai Marsh Reserve,South-East,12.936,80.214,23.09,4.88,3.47,470.0,2.66,0.43,1.67,12.5,80.0,Green_Space,15,175,0,Low
W010,Kolathur Urban Catchment,North-West,13.1235,80.2188,111.38,33.84,3.91,3971.6,8.73,1.52,3.11,21.8,83.7,High_Density_Residential,7,85,2,High
W015,St. Thomas Mount Ridge,South-Central,13.004,80.191,306.07,87.42,2.8,8569.7,24.08,3.6,4.84,64.8,29.7,Low_Density_Residential,1,15,2,High
W003,Madipakkam Lake Basin,South,12.9647,80.1961,324.17,89.68,10.58,15782.6,2.92,0.5,1.54,24.9,82.4,High_Density_Residential,14,160,3,Severe Inundation
W002,Velachery Lowlands,South,12.9815,80.218,63.3,13.1,4.21,2538.4,3.54,0.43,2.02,32.7,61.9,High_Density_Residential,12,140,2,High
W006,Anna Nagar High Ridge,West,13.085,80.2101,39.3,11.37,0.51,1705.8,18.38,2.72,5.05,31.0,70.3,Low_Density_Residential,1,20,0,Low
W015,St. Thomas Mount Ridge,South-Central,13.004,80.191,33.98,7.06,0.4,138.3,23.83,3.49,4.47,58.2,40.5,Low_Density_Residential,1,15,0,Low
W014,Porur Lake Fringe,West,13.033,80.158,62.77,22.27,3.68,1201.4,5.77,0.39,2.56,22.3,79.1,High_Density_Residential,9,105,2,High
W016,Koyambedu Market Heights,West,13.069,80.194,119.11,21.11,1.18,4150.2,17.51,2.29,4.1,15.7,68.2,Commercial,3,35,0,Low
W015,St. Thomas Mount Ridge,South-Central,13.004,80.191,54.34,23.08,0.61,960.1,23.58,3.51,4.63,16.6,80.9,Low_Density_Residential,1,15,0,Low
W007,Mylapore Heritage Sector,East,13.0368,80.2676,24.01,8.76,2.03,686.8,8.21,1.23,4.38,20.7,81.2,High_Density_Residential,5,55,0,Low
W011,Sholinganallur IT Corridor,South-East,12.901,80.2279,336.48,60.98,10.6,11197.2,4.4,0.42,3.7,68.4,27.2,Commercial,9,115,3,Severe Inundation
W020,Mudichur Lake Sink,South-West,12.912,80.068,131.49,23.48,6.13,3910.5,3.03,0.2,1.8,13.4,86.1,High_Density_Residential,14,165,3,Severe Inundation
W005,Adyar Estuary Buffer,Coastal,13.0012,80.2565,281.94,67.0,9.46,15021.9,3.58,0.65,3.4,26.2,74.0,Green_Space,9,110,3,Severe Inundation
W011,Sholinganallur IT Corridor,South-East,12.901,80.2279,92.45,42.0,4.67,6919.1,4.71,0.66,3.49,45.9,46.8,Commercial,9,115,3,Severe Inundation
W011,Sholinganallur IT Corridor,South-East,12.901,80.2279,36.03,20.31,3.34,2887.8,4.8,0.64,3.45,40.6,65.9,Commercial,9,115,1,Moderate
W012,Manali Petrochemical Lowland,North-East,13.1706,80.2605,18.91,6.2,3.29,320.1,3.13,0.42,2.22,5.0,88.1,Industrial,11,135,1,Moderate
W013,Pallikaranai Marsh Reserve,South-East,12.936,80.214,44.98,12.77,4.12,2215.3,2.72,0.2,1.51,10.2,82.5,Green_Space,15,175,1,Moderate
W005,Adyar Estuary Buffer,Coastal,13.0012,80.2565,15.86,9.64,3.1,386.9,4.02,0.39,3.17,57.6,50.3,Green_Space,9,110,0,Low
W012,Manali Petrochemical Lowland,North-East,13.1706,80.2605,14.48,4.98,2.87,877.6,2.47,0.59,1.59,37.2,60.5,Industrial,11,135,1,Moderate
W017,Saidapet Riverine Basin,Central,13.021,80.223,174.19,41.85,6.14,4507.8,4.25,0.32,3.14,49.3,52.7,High_Density_Residential,11,130,3,Severe Inundation
W018,Ambattur Industrial Zone,North-West,13.114,80.154,31.79,2.47,1.82,384.2,10.86,2.03,4.18,17.6,76.3,Industrial,5,60,0,Low
W004,Guindy Ridge Sector,South-Central,13.0067,80.2025,87.05,12.44,2.14,2493.9,13.88,1.87,3.97,18.3,79.7,Industrial,4,45,0,Low
W011,Sholinganallur IT Corridor,South-East,12.901,80.2279,6.33,6.83,2.8,735.9,3.94,0.84,3.36,66.1,35.9,Commercial,9,115,0,Low
W008,Tambaram Outer Plateau,South-West,12.9249,80.1,7.03,3.88,0.4,653.9,22.22,3.21,3.22,28.2,76.3,Low_Density_Residential,3,40,0,Low
W015,St. Thomas Mount Ridge,South-Central,13.004,80.191,228.81,58.47,2.07,8739.1,23.5,3.38,4.62,39.7,60.9,Low_Density_Residential,1,15,0,Low
W004,Guindy Ridge Sector,South-Central,13.0067,80.2025,82.96,21.63,1.71,1546.7,14.32,1.89,4.35,27.8,76.6,Industrial,4,45,0,Low
W009,Perambur Railway Lowlands,North,13.1114,80.2437,67.86,8.01,4.08,1497.3,4.34,0.47,2.66,17.5,83.0,Commercial,10,125,1,Moderate
W015,St. Thomas Mount Ridge,South-Central,13.004,80.191,54.62,23.48,0.4,1820.2,23.53,3.97,4.91,26.9,85.8,Low_Density_Residential,1,15,0,Low
W008,Tambaram Outer Plateau,South-West,12.9249,80.1,28.28,1.21,0.4,312.3,21.66,3.09,3.27,61.2,40.5,Low_Density_Residential,3,40,0,Low
W005,Adyar Estuary Buffer,Coastal,13.0012,80.2565,26.81,4.35,2.94,989.9,4.32,0.62,2.81,37.1,63.4,Green_Space,9,110,0,Low
W004,Guindy Ridge Sector,South-Central,13.0067,80.2025,153.24,43.8,3.17,7588.1,14.04,2.08,4.33,24.2,84.6,Industrial,4,45,2,High
W002,Velachery Lowlands,South,12.9815,80.218,26.71,4.95,3.43,254.5,3.31,0.32,1.84,57.2,50.6,High_Density_Residential,12,140,1,Moderate
W010,Kolathur Urban Catchment,North-West,13.1235,80.2188,108.11,28.72,3.78,3486.2,8.56,1.14,2.91,58.2,44.5,High_Density_Residential,7,85,2,High
W013,Pallikaranai Marsh Reserve,South-East,12.936,80.214,30.29,9.9,3.68,409.0,2.4,0.39,1.07,33.2,63.9,Green_Space,15,175,1,Moderate
W020,Mudichur Lake Sink,South-West,12.912,80.068,158.43,45.64,6.78,6719.2,2.27,0.35,1.75,33.2,68.0,High_Density_Residential,14,165,3,Severe Inundation
W014,Porur Lake Fringe,West,13.033,80.158,251.38,91.83,7.92,12361.1,5.32,0.64,2.44,24.6,73.0,High_Density_Residential,9,105,3,Severe Inundation
W008,Tambaram Outer Plateau,South-West,12.9249,80.1,192.61,81.24,1.59,14435.9,21.82,3.02,3.23,33.0,68.7,Low_Density_Residential,3,40,1,Moderate
W006,Anna Nagar High Ridge,West,13.085,80.2101,120.62,36.29,1.35,5763.5,18.96,2.97,5.03,51.1,54.0,Low_Density_Residential,1,20,0,Low
W011,Sholinganallur IT Corridor,South-East,12.901,80.2279,24.53,4.66,2.85,629.0,4.69,0.31,3.73,24.5,76.5,Commercial,9,115,0,Low
W019,Royapettah Central,Central,13.053,80.261,86.33,19.49,2.87,876.7,9.58,1.44,4.35,33.2,65.1,Commercial,4,50,1,Moderate
W011,Sholinganallur IT Corridor,South-East,12.901,80.2279,104.56,25.91,5.04,3906.0,3.87,0.58,3.57,29.3,66.8,Commercial,9,115,3,Severe Inundation
W007,Mylapore Heritage Sector,East,13.0368,80.2676,29.86,9.09,2.21,351.3,7.9,1.04,4.52,14.0,87.7,High_Density_Residential,5,55,0,Low
W006,Anna Nagar High Ridge,West,13.085,80.2101,3.63,1.89,0.4,391.6,18.59,2.8,4.89,16.9,83.4,Low_Density_Residential,1,20,0,Low
W016,Koyambedu Market Heights,West,13.069,80.194,167.39,31.24,2.33,7964.2,16.5,2.67,4.28,64.7,35.9,Commercial,3,35,1,Moderate
W017,Saidapet Riverine Basin,Central,13.021,80.223,178.95,46.53,6.54,7321.7,4.06,0.43,2.69,35.0,63.9,High_Density_Residential,11,130,3,Severe Inundation
W015,St. Thomas Mount Ridge,South-Central,13.004,80.191,44.16,12.52,0.55,1161.6,24.66,3.25,4.91,38.3,65.5,Low_Density_Residential,1,15,0,Low
W016,Koyambedu Market Heights,West,13.069,80.194,93.65,20.44,1.23,3997.8,16.73,2.1,3.92,64.8,33.3,Commercial,3,35,0,Low
W010,Kolathur Urban Catchment,North-West,13.1235,80.2188,147.71,40.99,4.85,5361.7,8.73,1.52,2.8,50.4,59.6,High_Density_Residential,7,85,3,Severe Inundation
W016,Koyambedu Market Heights,West,13.069,80.194,22.81,9.04,0.4,404.0,16.93,2.37,4.36,33.7,73.1,Commercial,3,35,0,Low
W001,T. Nagar Commercial Hub,Central,13.0418,80.2341,25.38,9.92,2.77,451.0,5.93,0.91,3.5,37.0,57.1,Commercial,8,90,0,Low
W003,Madipakkam Lake Basin,South,12.9647,80.1961,14.19,5.72,3.22,605.8,2.92,0.63,1.64,18.2,71.5,High_Density_Residential,14,160,1,Moderate
W013,Pallikaranai Marsh Reserve,South-East,12.936,80.214,54.07,24.9,4.34,1765.2,2.34,0.24,1.5,50.2,50.8,Green_Space,15,175,2,High
W017,Saidapet Riverine Basin,Central,13.021,80.223,90.94,46.08,4.95,3600.7,3.56,0.74,2.82,86.6,11.8,High_Density_Residential,11,130,3,Severe Inundation
W015,St. Thomas Mount Ridge,South-Central,13.004,80.191,68.97,13.02,0.63,3373.1,23.46,3.51,5.07,8.7,94.0,Low_Density_Residential,1,15,0,Low
W008,Tambaram Outer Plateau,South-West,12.9249,80.1,322.16,85.35,3.07,9698.4,21.92,3.02,3.14,21.2,71.3,Low_Density_Residential,3,40,3,Severe Inundation
W007,Mylapore Heritage Sector,East,13.0368,80.2676,256.03,71.64,6.75,9794.9,7.83,1.21,4.74,57.4,45.0,High_Density_Residential,5,55,3,Severe Inundation
W019,Royapettah Central,Central,13.053,80.261,24.05,5.57,2.12,914.3,9.35,1.33,4.29,9.6,86.8,Commercial,4,50,0,Low
W012,Manali Petrochemical Lowland,North-East,13.1706,80.2605,43.34,15.3,3.86,2694.6,3.44,0.55,2.09,17.4,84.4,Industrial,11,135,2,High
W002,Velachery Lowlands,South,12.9815,80.218,54.83,15.31,3.95,1674.0,3.42,0.43,1.91,19.8,80.4,High_Density_Residential,12,140,2,High
W002,Velachery Lowlands,South,12.9815,80.218,5.49,6.28,2.89,211.5,3.37,0.32,2.01,40.0,60.3,High_Density_Residential,12,140,1,Moderate
W010,Kolathur Urban Catchment,North-West,13.1235,80.2188,20.8,6.75,2.3,401.8,8.7,1.42,3.01,59.8,42.1,High_Density_Residential,7,85,0,Low
W016,Koyambedu Market Heights,West,13.069,80.194,11.98,5.47,0.4,630.0,16.53,2.51,4.35,13.6,85.0,Commercial,3,35,0,Low
W020,Mudichur Lake Sink,South-West,12.912,80.068,4.53,6.23,2.9,906.3,3.05,0.47,1.44,11.6,83.5,High_Density_Residential,14,165,0,Low
W016,Koyambedu Market Heights,West,13.069,80.194,113.16,28.49,1.85,7994.8,16.48,2.13,3.7,36.3,63.1,Commercial,3,35,0,Low
W010,Kolathur Urban Catchment,North-West,13.1235,80.2188,10.08,6.89,1.7,361.0,8.84,1.77,2.89,21.2,80.7,High_Density_Residential,7,85,0,Low
W018,Ambattur Industrial Zone,North-West,13.114,80.154,191.9,69.52,4.49,15196.9,11.03,1.97,3.6,21.5,63.4,Industrial,5,60,3,Severe Inundation
W001,T. Nagar Commercial Hub,Central,13.0418,80.2341,13.92,2.64,2.56,761.9,6.39,0.62,3.64,6.9,96.0,Commercial,8,90,0,Low
W004,Guindy Ridge Sector,South-Central,13.0067,80.2025,83.24,22.09,1.96,2236.0,14.24,1.99,4.43,5.0,94.6,Industrial,4,45,0,Low
W014,Porur Lake Fringe,West,13.033,80.158,57.45,20.97,3.13,1137.3,5.6,0.5,2.23,36.3,67.5,High_Density_Residential,9,105,1,Moderate
W005,Adyar Estuary Buffer,Coastal,13.0012,80.2565,14.73,2.43,3.0,195.7,4.21,0.61,2.77,31.0,74.7,Green_Space,9,110,0,Low
W009,Perambur Railway Lowlands,North,13.1114,80.2437,20.89,3.7,2.58,805.4,4.94,0.21,2.18,39.5,65.2,Commercial,10,125,0,Low
W012,Manali Petrochemical Lowland,North-East,13.1706,80.2605,186.96,65.86,7.61,13732.0,2.88,0.41,1.76,73.7,27.4,Industrial,11,135,3,Severe Inundation
W013,Pallikaranai Marsh Reserve,South-East,12.936,80.214,164.66,40.0,6.83,4497.6,2.22,0.31,1.53,37.3,63.5,Green_Space,15,175,3,Severe Inundation
W012,Manali Petrochemical Lowland,North-East,13.1706,80.2605,24.37,7.41,3.4,707.8,2.94,0.48,1.9,15.2,91.4,Industrial,11,135,1,Moderate
W002,Velachery Lowlands,South,12.9815,80.218,72.79,23.69,4.06,2781.4,3.18,0.48,2.0,44.6,59.1,High_Density_Residential,12,140,2,High
W013,Pallikaranai Marsh Reserve,South-East,12.936,80.214,85.43,15.2,4.7,3107.9,1.5,0.23,1.38,21.6,71.3,Green_Space,15,175,2,High
W002,Velachery Lowlands,South,12.9815,80.218,178.83,31.31,6.8,5313.2,3.06,0.23,2.01,35.5,67.2,High_Density_Residential,12,140,3,Severe Inundation
W019,Royapettah Central,Central,13.053,80.261,42.38,10.12,2.13,926.5,9.4,1.45,4.6,13.6,86.7,Commercial,4,50,0,Low
W018,Ambattur Industrial Zone,North-West,13.114,80.154,14.46,7.38,1.23,936.4,11.58,1.91,3.9,54.9,48.6,Industrial,5,60,0,Low
W007,Mylapore Heritage Sector,East,13.0368,80.2676,28.45,8.33,2.36,310.7,8.16,1.29,4.5,13.6,88.0,High_Density_Residential,5,55,0,Low
W012,Manali Petrochemical Lowland,North-East,13.1706,80.2605,105.84,29.12,5.35,4212.4,2.73,0.47,1.85,63.9,32.0,Industrial,11,135,3,Severe Inundation
W018,Ambattur Industrial Zone,North-West,13.114,80.154,20.69,4.45,1.48,141.8,11.62,1.94,3.77,57.8,45.7,Industrial,5,60,0,Low
W010,Kolathur Urban Catchment,North-West,13.1235,80.2188,89.61,22.51,3.56,3374.7,8.44,1.33,3.29,43.0,60.9,High_Density_Residential,7,85,1,Moderate
W003,Madipakkam Lake Basin,South,12.9647,80.1961,78.38,8.49,4.95,2765.8,2.5,0.4,1.56,17.8,98.0,High_Density_Residential,14,160,2,High
W013,Pallikaranai Marsh Reserve,South-East,12.936,80.214,246.0,73.35,8.66,16795.3,2.47,0.2,1.51,89.5,10.5,Green_Space,15,175,3,Severe Inundation
W017,Saidapet Riverine Basin,Central,13.021,80.223,107.58,48.18,5.62,6972.2,3.63,0.68,2.87,52.3,54.2,High_Density_Residential,11,130,3,Severe Inundation
W015,St. Thomas Mount Ridge,South-Central,13.004,80.191,97.81,38.21,0.9,5415.7,23.95,3.54,5.01,55.5,38.1,Low_Density_Residential,1,15,0,Low
W018,Ambattur Industrial Zone,North-West,13.114,80.154,201.09,64.57,4.4,12019.2,10.71,2.06,3.57,23.6,74.2,Industrial,5,60,3,Severe Inundation
W009,Perambur Railway Lowlands,North,13.1114,80.2437,69.31,18.69,3.74,800.3,4.76,0.55,2.31,54.8,51.7,Commercial,10,125,2,High
W020,Mudichur Lake Sink,South-West,12.912,80.068,15.92,9.31,3.09,885.1,2.8,0.58,1.58,17.3,81.8,High_Density_Residential,14,165,1,Moderate
W020,Mudichur Lake Sink,South-West,12.912,80.068,26.79,2.5,3.61,534.3,1.79,0.41,1.7,12.6,91.3,High_Density_Residential,14,165,1,Moderate
W004,Guindy Ridge Sector,South-Central,13.0067,80.2025,89.81,10.67,1.8,2714.1,14.55,2.15,4.34,31.0,65.5,Industrial,4,45,0,Low
W005,Adyar Estuary Buffer,Coastal,13.0012,80.2565,21.71,8.61,3.23,446.9,4.03,0.64,2.85,54.9,49.7,Green_Space,9,110,0,Low
W004,Guindy Ridge Sector,South-Central,13.0067,80.2025,4.44,8.22,0.45,603.2,14.63,2.2,4.16,20.0,77.1,Industrial,4,45,0,Low
W013,Pallikaranai Marsh Reserve,South-East,12.936,80.214,141.74,32.14,6.27,5460.6,1.5,0.24,1.5,42.6,49.9,Green_Space,15,175,3,Severe Inundation
W012,Manali Petrochemical Lowland,North-East,13.1706,80.2605,191.78,77.15,7.02,9331.6,3.48,0.35,1.67,48.3,59.8,Industrial,11,135,3,Severe Inundation
W011,Sholinganallur IT Corridor,South-East,12.901,80.2279,2.61,5.41,2.6,503.5,3.86,0.51,3.39,35.4,57.4,Commercial,9,115,0,Low
W018,Ambattur Industrial Zone,North-West,13.114,80.154,67.07,12.51,2.2,986.0,11.4,2.02,3.47,56.3,41.1,Industrial,5,60,0,Low
W012,Manali Petrochemical Lowland,North-East,13.1706,80.2605,151.0,30.46,5.44,7382.0,3.88,0.42,2.0,33.0,69.8,Industrial,11,135,3,Severe Inundation
W005,Adyar Estuary Buffer,Coastal,13.0012,80.2565,15.98,1.77,2.83,638.1,4.13,0.56,2.77,73.0,32.0,Green_Space,9,110,0,Low
W007,Mylapore Heritage Sector,East,13.0368,80.2676,53.89,22.32,2.55,2918.4,8.5,1.2,4.58,6.9,97.6,High_Density_Residential,5,55,0,Low
W020,Mudichur Lake Sink,South-West,12.912,80.068,22.79,4.71,3.6,554.6,1.87,0.41,1.28,22.1,86.7,High_Density_Residential,14,165,1,Moderate
W017,Saidapet Riverine Basin,Central,13.021,80.223,170.03,33.21,6.48,4712.6,3.68,0.39,2.92,65.2,30.6,High_Density_Residential,11,130,3,Severe Inundation
W013,Pallikaranai Marsh Reserve,South-East,12.936,80.214,21.05,2.35,3.21,111.1,1.87,0.2,1.26,65.4,33.5,Green_Space,15,175,1,Moderate
W017,Saidapet Riverine Basin,Central,13.021,80.223,30.37,7.2,3.42,887.7,3.76,0.36,2.58,34.4,72.6,High_Density_Residential,11,130,1,Moderate
W002,Velachery Lowlands,South,12.9815,80.218,7.21,6.64,2.6,614.6,3.26,0.38,1.72,9.8,92.3,High_Density_Residential,12,140,0,Low
W002,Velachery Lowlands,South,12.9815,80.218,25.05,4.13,3.2,491.7,3.51,0.28,2.16,60.5,48.0,High_Density_Residential,12,140,1,Moderate
W002,Velachery Lowlands,South,12.9815,80.218,21.56,6.01,3.07,856.8,3.5,0.45,2.16,41.6,53.4,High_Density_Residential,12,140,1,Moderate
W005,Adyar Estuary Buffer,Coastal,13.0012,80.2565,24.43,7.14,3.31,640.6,3.39,0.6,3.08,54.8,46.7,Green_Space,9,110,0,Low
W011,Sholinganallur IT Corridor,South-East,12.901,80.2279,19.3,7.17,3.11,296.7,4.36,0.52,3.34,13.9,78.7,Commercial,9,115,0,Low
W016,Koyambedu Market Heights,West,13.069,80.194,20.95,2.4,0.79,533.6,16.54,2.02,3.87,37.0,70.6,Commercial,3,35,0,Low
W017,Saidapet Riverine Basin,Central,13.021,80.223,306.41,87.84,9.87,16857.9,3.56,0.66,2.73,8.2,84.7,High_Density_Residential,11,130,3,Severe Inundation
W015,St. Thomas Mount Ridge,South-Central,13.004,80.191,92.18,23.87,0.76,7228.3,23.77,3.74,4.9,70.7,28.9,Low_Density_Residential,1,15,0,Low
W005,Adyar Estuary Buffer,Coastal,13.0012,80.2565,31.52,1.9,2.79,654.9,4.53,0.51,2.65,52.2,42.9,Green_Space,9,110,0,Low
W020,Mudichur Lake Sink,South-West,12.912,80.068,76.16,22.73,4.95,2816.2,1.85,0.49,1.64,18.2,82.2,High_Density_Residential,14,165,3,Severe Inundation
W017,Saidapet Riverine Basin,Central,13.021,80.223,28.22,8.68,3.34,667.9,3.86,0.52,2.83,33.9,62.6,High_Density_Residential,11,130,1,Moderate
W005,Adyar Estuary Buffer,Coastal,13.0012,80.2565,14.08,3.46,2.75,278.5,4.21,0.55,2.88,50.8,51.6,Green_Space,9,110,0,Low
W011,Sholinganallur IT Corridor,South-East,12.901,80.2279,5.52,7.14,2.14,222.8,4.69,0.5,3.62,44.4,50.0,Commercial,9,115,0,Low
W020,Mudichur Lake Sink,South-West,12.912,80.068,60.75,15.35,4.43,2990.0,2.12,0.28,1.54,70.0,25.8,High_Density_Residential,14,165,2,High
W011,Sholinganallur IT Corridor,South-East,12.901,80.2279,3.22,7.19,2.51,993.5,5.03,0.54,3.42,22.1,83.6,Commercial,9,115,0,Low
W006,Anna Nagar High Ridge,West,13.085,80.2101,30.94,1.89,0.43,260.4,18.25,2.68,5.08,62.6,39.5,Low_Density_Residential,1,20,0,Low
W013,Pallikaranai Marsh Reserve,South-East,12.936,80.214,14.12,3.37,2.91,235.0,2.4,0.2,1.51,30.6,65.8,Green_Space,15,175,0,Low
W020,Mudichur Lake Sink,South-West,12.912,80.068,55.62,15.33,3.89,843.3,2.88,0.3,1.46,54.3,39.4,High_Density_Residential,14,165,2,High
W010,Kolathur Urban Catchment,North-West,13.1235,80.2188,165.89,25.8,5.03,3619.7,8.36,1.58,2.77,71.6,33.4,High_Density_Residential,7,85,3,Severe Inundation
W019,Royapettah Central,Central,13.053,80.261,26.32,7.67,1.74,857.9,9.18,1.47,4.28,10.9,83.6,Commercial,4,50,0,Low
W011,Sholinganallur IT Corridor,South-East,12.901,80.2279,100.03,34.66,4.42,6512.5,4.39,0.5,3.45,31.7,63.1,Commercial,9,115,3,Severe Inundation
W017,Saidapet Riverine Basin,Central,13.021,80.223,233.2,71.86,8.51,13471.5,3.76,0.2,2.69,54.3,46.7,High_Density_Residential,11,130,3,Severe Inundation
W017,Saidapet Riverine Basin,Central,13.021,80.223,159.48,46.22,6.23,4961.1,4.41,0.41,2.51,21.9,83.3,High_Density_Residential,11,130,3,Severe Inundation
W018,Ambattur Industrial Zone,North-West,13.114,80.154,42.2,24.9,2.19,1568.0,10.65,1.66,3.6,22.8,75.9,Industrial,5,60,0,Low
W016,Koyambedu Market Heights,West,13.069,80.194,27.86,1.33,0.6,540.6,16.83,2.69,4.18,47.8,52.2,Commercial,3,35,0,Low
W019,Royapettah Central,Central,13.053,80.261,123.74,38.7,3.8,7987.3,9.47,1.64,4.43,51.1,47.0,Commercial,4,50,2,High
W010,Kolathur Urban Catchment,North-West,13.1235,80.2188,9.38,3.23,1.74,584.6,8.79,1.28,3.21,48.5,51.8,High_Density_Residential,7,85,0,Low
W016,Koyambedu Market Heights,West,13.069,80.194,59.53,23.9,1.0,2579.8,16.88,2.45,4.09,72.1,34.0,Commercial,3,35,0,Low
W001,T. Nagar Commercial Hub,Central,13.0418,80.2341,108.21,36.36,4.37,5167.7,6.49,0.64,3.94,78.2,21.9,Commercial,8,90,3,Severe Inundation
W012,Manali Petrochemical Lowland,North-East,13.1706,80.2605,65.52,9.63,4.08,1618.1,3.23,0.29,1.88,7.5,91.8,Industrial,11,135,2,High
W011,Sholinganallur IT Corridor,South-East,12.901,80.2279,30.84,9.88,3.49,835.0,4.28,0.59,3.53,15.9,82.8,Commercial,9,115,1,Moderate
W004,Guindy Ridge Sector,South-Central,13.0067,80.2025,18.46,4.88,0.85,735.3,14.6,2.14,4.09,50.5,44.8,Industrial,4,45,0,Low
W014,Porur Lake Fringe,West,13.033,80.158,60.77,18.69,3.75,2630.5,4.9,0.83,2.46,34.0,71.7,High_Density_Residential,9,105,2,High
W019,Royapettah Central,Central,13.053,80.261,18.28,6.68,2.12,704.0,9.76,1.56,4.34,28.8,68.5,Commercial,4,50,0,Low
W010,Kolathur Urban Catchment,North-West,13.1235,80.2188,152.12,39.74,4.85,4104.2,8.23,1.1,2.61,65.6,34.1,High_Density_Residential,7,85,3,Severe Inundation
W001,T. Nagar Commercial Hub,Central,13.0418,80.2341,11.67,3.29,2.42,802.9,6.14,0.6,3.96,29.1,70.6,Commercial,8,90,0,Low
W020,Mudichur Lake Sink,South-West,12.912,80.068,60.33,19.22,4.2,2893.7,2.15,0.46,1.36,30.3,71.1,High_Density_Residential,14,165,2,High
W016,Koyambedu Market Heights,West,13.069,80.194,60.42,11.33,0.94,2873.2,16.36,2.21,4.01,8.8,89.0,Commercial,3,35,0,Low
W009,Perambur Railway Lowlands,North,13.1114,80.2437,39.93,20.08,3.11,1853.2,4.35,0.2,2.45,66.2,31.3,Commercial,10,125,2,High
W019,Royapettah Central,Central,13.053,80.261,71.93,17.68,2.89,2572.6,9.47,1.35,4.17,33.2,56.6,Commercial,4,50,1,Moderate
W019,Royapettah Central,Central,13.053,80.261,94.95,25.91,3.32,5446.0,9.69,1.37,3.86,54.8,44.2,Commercial,4,50,1,Moderate
W008,Tambaram Outer Plateau,South-West,12.9249,80.1,325.35,68.3,3.06,8992.7,21.83,3.03,3.34,56.6,37.6,Low_Density_Residential,3,40,3,Severe Inundation
W002,Velachery Lowlands,South,12.9815,80.218,57.28,18.8,3.72,2079.5,3.89,0.38,1.75,52.3,42.2,High_Density_Residential,12,140,2,High
W019,Royapettah Central,Central,13.053,80.261,159.58,23.73,4.29,6254.0,9.58,1.62,4.16,21.2,70.2,Commercial,4,50,2,High
W016,Koyambedu Market Heights,West,13.069,80.194,7.3,8.8,0.4,211.2,16.17,2.24,3.98,43.7,50.8,Commercial,3,35,0,Low
W006,Anna Nagar High Ridge,West,13.085,80.2101,22.28,3.07,0.4,531.4,18.71,2.82,5.13,62.0,42.4,Low_Density_Residential,1,20,0,Low
W017,Saidapet Riverine Basin,Central,13.021,80.223,30.25,7.93,3.17,631.4,4.26,0.51,2.64,8.3,97.8,High_Density_Residential,11,130,1,Moderate
W020,Mudichur Lake Sink,South-West,12.912,80.068,154.43,39.2,6.9,4139.6,1.84,0.37,1.73,34.4,67.8,High_Density_Residential,14,165,3,Severe Inundation
W013,Pallikaranai Marsh Reserve,South-East,12.936,80.214,110.91,33.32,5.48,6103.3,2.05,0.2,1.24,28.3,75.2,Green_Space,15,175,3,Severe Inundation
W005,Adyar Estuary Buffer,Coastal,13.0012,80.2565,13.93,8.11,2.8,765.0,4.48,0.43,2.73,17.8,78.8,Green_Space,9,110,0,Low
W008,Tambaram Outer Plateau,South-West,12.9249,80.1,22.36,6.39,0.4,627.6,21.79,3.37,3.27,33.6,62.3,Low_Density_Residential,3,40,0,Low
W002,Velachery Lowlands,South,12.9815,80.218,42.02,22.82,3.5,1023.8,3.17,0.31,2.2,63.3,36.6,High_Density_Residential,12,140,2,High
W019,Royapettah Central,Central,13.053,80.261,86.12,19.64,3.28,2477.9,10.02,1.55,4.51,43.6,54.5,Commercial,4,50,1,Moderate
W004,Guindy Ridge Sector,South-Central,13.0067,80.2025,28.61,6.92,0.92,400.7,14.64,1.94,4.44,24.4,82.8,Industrial,4,45,0,Low
W007,Mylapore Heritage Sector,East,13.0368,80.2676,33.46,7.24,2.01,626.9,8.34,1.1,4.33,32.3,64.0,High_Density_Residential,5,55,0,Low
W001,T. Nagar Commercial Hub,Central,13.0418,80.2341,20.51,9.28,2.6,922.8,6.23,0.97,3.72,14.7,85.8,Commercial,8,90,0,Low
W015,St. Thomas Mount Ridge,South-Central,13.004,80.191,31.92,5.7,0.4,914.0,24.4,3.35,4.69,21.8,79.2,Low_Density_Residential,1,15,0,Low
W011,Sholinganallur IT Corridor,South-East,12.901,80.2279,13.05,3.39,2.55,809.9,4.64,0.71,3.52,9.6,93.3,Commercial,9,115,0,Low
W014,Porur Lake Fringe,West,13.033,80.158,64.94,11.32,3.54,2515.2,5.88,0.62,2.26,9.2,95.8,High_Density_Residential,9,105,1,Moderate
W005,Adyar Estuary Buffer,Coastal,13.0012,80.2565,102.04,33.67,5.06,7735.4,3.94,0.64,3.15,38.8,61.8,Green_Space,9,110,2,High
W014,Porur Lake Fringe,West,13.033,80.158,156.5,38.65,5.95,4932.7,4.4,1.02,2.4,14.0,81.2,High_Density_Residential,9,105,3,Severe Inundation
W007,Mylapore Heritage Sector,East,13.0368,80.2676,28.41,4.75,1.79,924.9,8.41,1.16,4.6,26.6,71.9,High_Density_Residential,5,55,0,Low
W014,Porur Lake Fringe,West,13.033,80.158,68.07,12.52,3.47,2872.3,5.55,0.56,2.65,28.5,72.8,High_Density_Residential,9,105,1,Moderate
W017,Saidapet Riverine Basin,Central,13.021,80.223,48.12,9.21,3.67,1246.5,4.01,0.49,2.99,19.6,71.9,High_Density_Residential,11,130,1,Moderate
W020,Mudichur Lake Sink,South-West,12.912,80.068,72.98,11.54,4.31,2741.8,2.91,0.51,1.79,61.8,37.5,High_Density_Residential,14,165,2,High
W016,Koyambedu Market Heights,West,13.069,80.194,302.17,87.59,3.9,12809.3,16.22,2.42,3.96,77.0,20.1,Commercial,3,35,3,Severe Inundation
W002,Velachery Lowlands,South,12.9815,80.218,32.67,6.92,3.77,202.9,3.02,0.3,2.14,54.9,48.9,High_Density_Residential,12,140,1,Moderate
W005,Adyar Estuary Buffer,Coastal,13.0012,80.2565,59.57,9.91,3.86,2525.8,4.27,0.48,3.32,30.5,73.6,Green_Space,9,110,1,Moderate
W017,Saidapet Riverine Basin,Central,13.021,80.223,78.49,14.93,4.33,1975.1,4.47,0.57,2.75,56.8,39.8,High_Density_Residential,11,130,2,High
W007,Mylapore Heritage Sector,East,13.0368,80.2676,118.74,21.24,4.19,3869.3,8.2,1.12,4.48,21.1,77.9,High_Density_Residential,5,55,2,High
W018,Ambattur Industrial Zone,North-West,13.114,80.154,56.8,17.28,2.05,2377.5,11.51,1.7,3.75,48.8,53.8,Industrial,5,60,0,Low
W011,Sholinganallur IT Corridor,South-East,12.901,80.2279,83.96,21.36,4.31,875.6,4.52,0.39,3.02,20.0,74.1,Commercial,9,115,2,High
W016,Koyambedu Market Heights,West,13.069,80.194,30.34,8.3,0.45,810.3,16.71,2.63,3.93,78.0,26.0,Commercial,3,35,0,Low
W017,Saidapet Riverine Basin,Central,13.021,80.223,73.81,16.71,4.32,3282.6,3.91,0.41,2.69,55.9,50.3,High_Density_Residential,11,130,2,High
W013,Pallikaranai Marsh Reserve,South-East,12.936,80.214,7.21,3.45,3.29,190.8,1.57,0.2,1.41,26.1,66.0,Green_Space,15,175,1,Moderate
W011,Sholinganallur IT Corridor,South-East,12.901,80.2279,49.51,12.34,3.76,2980.5,4.45,0.2,3.63,31.9,75.5,Commercial,9,115,1,Moderate
W006,Anna Nagar High Ridge,West,13.085,80.2101,11.75,4.66,0.4,580.1,19.23,2.78,5.0,39.5,58.6,Low_Density_Residential,1,20,0,Low
W015,St. Thomas Mount Ridge,South-Central,13.004,80.191,19.94,1.71,0.4,578.4,23.64,3.27,4.89,37.7,59.4,Low_Density_Residential,1,15,0,Low
W018,Ambattur Industrial Zone,North-West,13.114,80.154,8.19,1.11,1.57,256.6,11.28,2.0,3.17,14.6,76.9,Industrial,5,60,0,Low
W011,Sholinganallur IT Corridor,South-East,12.901,80.2279,58.24,18.75,3.96,2345.7,4.38,0.49,3.1,40.6,59.0,Commercial,9,115,2,High
W018,Ambattur Industrial Zone,North-West,13.114,80.154,10.7,9.58,1.29,314.6,11.45,1.93,3.64,53.9,40.3,Industrial,5,60,0,Low
W012,Manali Petrochemical Lowland,North-East,13.1706,80.2605,27.35,2.56,3.79,443.6,2.51,0.28,1.89,35.5,75.6,Industrial,11,135,1,Moderate
W009,Perambur Railway Lowlands,North,13.1114,80.2437,269.46,45.28,8.28,16641.5,4.81,0.22,2.28,9.0,95.1,Commercial,10,125,3,Severe Inundation
W020,Mudichur Lake Sink,South-West,12.912,80.068,154.36,36.2,7.1,4916.9,1.63,0.2,1.78,12.6,85.8,High_Density_Residential,14,165,3,Severe Inundation
W016,Koyambedu Market Heights,West,13.069,80.194,221.38,81.08,2.95,8136.9,16.6,2.45,3.67,26.1,69.4,Commercial,3,35,3,Severe Inundation
W007,Mylapore Heritage Sector,East,13.0368,80.2676,299.35,59.12,7.42,13805.3,8.69,1.35,4.52,11.3,83.7,High_Density_Residential,5,55,3,Severe Inundation
W008,Tambaram Outer Plateau,South-West,12.9249,80.1,113.97,46.58,1.25,4885.2,22.32,3.19,3.17,33.6,67.8,Low_Density_Residential,3,40,0,Low
W009,Perambur Railway Lowlands,North,13.1114,80.2437,24.85,6.31,2.94,828.7,4.51,0.59,2.54,51.4,44.9,Commercial,10,125,1,Moderate
W018,Ambattur Industrial Zone,North-West,13.114,80.154,75.29,24.85,2.27,1502.3,11.01,1.63,3.7,41.0,58.3,Industrial,5,60,0,Low
W010,Kolathur Urban Catchment,North-West,13.1235,80.2188,9.08,8.01,1.62,668.5,9.0,1.51,2.81,47.6,43.5,High_Density_Residential,7,85,0,Low
W008,Tambaram Outer Plateau,South-West,12.9249,80.1,275.99,91.34,1.95,10177.8,21.78,3.22,3.21,17.8,80.4,Low_Density_Residential,3,40,2,High
W010,Kolathur Urban Catchment,North-West,13.1235,80.2188,18.9,1.88,2.12,234.1,8.82,1.2,3.06,21.8,78.5,High_Density_Residential,7,85,0,Low
W010,Kolathur Urban Catchment,North-West,13.1235,80.2188,22.66,8.4,2.0,425.9,9.05,1.25,2.94,62.4,29.9,High_Density_Residential,7,85,0,Low
W007,Mylapore Heritage Sector,East,13.0368,80.2676,183.91,76.55,5.23,16276.3,8.25,1.08,4.61,47.0,56.7,High_Density_Residential,5,55,3,Severe Inundation
W016,Koyambedu Market Heights,West,13.069,80.194,24.28,2.07,0.4,723.0,16.47,2.46,4.1,61.0,40.8,Commercial,3,35,0,Low
W011,Sholinganallur IT Corridor,South-East,12.901,80.2279,123.67,24.38,5.05,3764.2,4.52,0.71,3.28,35.2,64.4,Commercial,9,115,3,Severe Inundation
W016,Koyambedu Market Heights,West,13.069,80.194,76.18,13.81,0.93,2857.0,17.35,2.74,3.6,30.9,72.4,Commercial,3,35,0,Low
W012,Manali Petrochemical Lowland,North-East,13.1706,80.2605,85.41,24.15,4.57,811.9,3.31,0.54,1.87,58.5,31.0,Industrial,11,135,3,Severe Inundation
W018,Ambattur Industrial Zone,North-West,13.114,80.154,171.36,28.47,3.96,7824.9,11.77,1.94,3.63,39.9,59.3,Industrial,5,60,2,High
W009,Perambur Railway Lowlands,North,13.1114,80.2437,42.61,17.28,3.73,3482.6,4.77,0.52,2.16,28.5,72.0,Commercial,10,125,1,Moderate
W010,Kolathur Urban Catchment,North-West,13.1235,80.2188,17.02,7.72,2.08,902.5,8.89,1.64,3.26,79.6,9.0,High_Density_Residential,7,85,0,Low
W004,Guindy Ridge Sector,South-Central,13.0067,80.2025,78.15,9.96,1.79,2211.8,14.46,2.08,4.25,77.8,16.4,Industrial,4,45,0,Low
W019,Royapettah Central,Central,13.053,80.261,48.5,13.63,2.11,2145.5,10.22,1.62,3.93,12.9,89.3,Commercial,4,50,0,Low
W018,Ambattur Industrial Zone,North-West,13.114,80.154,103.03,22.2,2.97,3057.6,11.22,1.79,3.63,7.3,92.7,Industrial,5,60,1,Moderate
W013,Pallikaranai Marsh Reserve,South-East,12.936,80.214,79.18,12.54,5.28,1260.2,1.5,0.2,1.68,33.5,72.1,Green_Space,15,175,2,High
W013,Pallikaranai Marsh Reserve,South-East,12.936,80.214,231.46,52.61,8.82,17865.6,2.32,0.2,1.4,52.7,51.6,Green_Space,15,175,3,Severe Inundation
W012,Manali Petrochemical Lowland,North-East,13.1706,80.2605,122.05,25.49,5.7,4052.7,3.03,0.78,2.17,43.8,53.0,Industrial,11,135,3,Severe Inundation
W005,Adyar Estuary Buffer,Coastal,13.0012,80.2565,62.53,16.78,4.52,1407.4,3.57,0.21,2.9,17.8,79.4,Green_Space,9,110,1,Moderate
W010,Kolathur Urban Catchment,North-West,13.1235,80.2188,89.09,20.3,3.5,1608.8,8.61,1.19,3.28,49.6,37.1,High_Density_Residential,7,85,1,Moderate
W002,Velachery Lowlands,South,12.9815,80.218,177.97,44.59,6.98,6885.8,3.43,0.33,1.97,89.2,5.0,High_Density_Residential,12,140,3,Severe Inundation
W010,Kolathur Urban Catchment,North-West,13.1235,80.2188,216.46,88.61,5.17,10470.6,9.43,1.4,2.94,45.6,59.4,High_Density_Residential,7,85,3,Severe Inundation
W003,Madipakkam Lake Basin,South,12.9647,80.1961,80.04,23.06,4.78,2484.8,1.94,0.3,1.82,36.1,58.9,High_Density_Residential,14,160,3,Severe Inundation
W012,Manali Petrochemical Lowland,North-East,13.1706,80.2605,18.85,4.04,3.11,416.6,3.55,0.52,1.81,59.0,33.5,Industrial,11,135,1,Moderate
W015,St. Thomas Mount Ridge,South-Central,13.004,80.191,142.14,47.37,1.57,7432.0,23.9,3.61,4.89,14.5,88.1,Low_Density_Residential,1,15,0,Low
W009,Perambur Railway Lowlands,North,13.1114,80.2437,139.54,36.72,5.68,6762.6,4.59,0.44,2.45,56.1,42.1,Commercial,10,125,3,Severe Inundation
W016,Koyambedu Market Heights,West,13.069,80.194,35.72,8.87,0.95,2605.5,17.07,2.63,3.98,45.5,48.1,Commercial,3,35,0,Low
W007,Mylapore Heritage Sector,East,13.0368,80.2676,142.98,24.49,4.2,4240.8,8.66,1.16,4.66,35.2,70.5,High_Density_Residential,5,55,2,High
W007,Mylapore Heritage Sector,East,13.0368,80.2676,6.69,5.38,2.02,851.0,7.98,1.26,4.5,25.2,76.7,High_Density_Residential,5,55,0,Low
W018,Ambattur Industrial Zone,North-West,13.114,80.154,220.52,46.19,4.85,12880.9,10.96,1.59,3.4,7.2,93.9,Industrial,5,60,3,Severe Inundation
W009,Perambur Railway Lowlands,North,13.1114,80.2437,7.39,6.2,2.32,293.4,4.43,0.61,2.38,41.3,61.5,Commercial,10,125,0,Low
W018,Ambattur Industrial Zone,North-West,13.114,80.154,74.05,12.36,2.73,1677.2,10.83,1.77,3.64,19.9,79.9,Industrial,5,60,0,Low
W009,Perambur Railway Lowlands,North,13.1114,80.2437,143.48,31.06,5.59,3867.7,5.16,0.34,2.56,63.4,29.1,Commercial,10,125,3,Severe Inundation
W005,Adyar Estuary Buffer,Coastal,13.0012,80.2565,18.71,3.5,3.05,982.0,3.43,0.85,2.81,17.8,91.9,Green_Space,9,110,0,Low
W004,Guindy Ridge Sector,South-Central,13.0067,80.2025,208.13,64.71,3.94,14976.8,14.02,2.09,4.02,39.7,58.5,Industrial,4,45,3,Severe Inundation
W020,Mudichur Lake Sink,South-West,12.912,80.068,121.99,24.38,6.22,7819.4,2.18,0.2,1.59,28.2,70.5,High_Density_Residential,14,165,3,Severe Inundation
W019,Royapettah Central,Central,13.053,80.261,141.59,34.67,4.07,4279.3,9.39,1.83,4.24,43.5,72.5,Commercial,4,50,2,High
W008,Tambaram Outer Plateau,South-West,12.9249,80.1,8.04,1.88,0.4,318.2,21.35,3.07,3.37,64.2,33.4,Low_Density_Residential,3,40,0,Low
W008,Tambaram Outer Plateau,South-West,12.9249,80.1,121.01,37.6,1.04,7963.2,22.35,3.26,3.23,79.8,17.3,Low_Density_Residential,3,40,0,Low
W002,Velachery Lowlands,South,12.9815,80.218,10.08,7.12,2.38,905.9,3.84,0.63,2.17,54.5,38.9,High_Density_Residential,12,140,0,Low
W017,Saidapet Riverine Basin,Central,13.021,80.223,134.95,47.99,5.59,4063.7,3.4,0.29,2.5,51.4,46.2,High_Density_Residential,11,130,3,Severe Inundation
W008,Tambaram Outer Plateau,South-West,12.9249,80.1,29.32,4.82,0.4,566.4,22.12,3.22,3.35,21.3,82.6,Low_Density_Residential,3,40,0,Low
W008,Tambaram Outer Plateau,South-West,12.9249,80.1,108.25,37.51,0.63,6786.8,22.17,3.23,2.98,27.8,71.4,Low_Density_Residential,3,40,0,Low
W002,Velachery Lowlands,South,12.9815,80.218,14.59,5.77,2.95,187.7,3.55,0.36,1.71,17.2,81.0,High_Density_Residential,12,140,0,Low
W004,Guindy Ridge Sector,South-Central,13.0067,80.2025,221.38,69.63,4.04,17490.6,13.51,2.27,4.41,56.5,37.0,Industrial,4,45,3,Severe Inundation
W014,Porur Lake Fringe,West,13.033,80.158,88.87,15.2,4.05,1327.7,5.4,0.89,2.45,48.4,49.1,High_Density_Residential,9,105,2,High
W011,Sholinganallur IT Corridor,South-East,12.901,80.2279,89.23,23.11,4.41,2630.8,3.99,0.37,3.34,30.0,66.4,Commercial,9,115,3,Severe Inundation
W016,Koyambedu Market Heights,West,13.069,80.194,97.96,38.64,1.81,7370.7,16.58,2.42,4.12,56.0,46.7,Commercial,3,35,0,Low
W004,Guindy Ridge Sector,South-Central,13.0067,80.2025,17.6,9.09,1.06,773.7,13.91,1.8,4.4,80.5,23.2,Industrial,4,45,0,Low
W005,Adyar Estuary Buffer,Coastal,13.0012,80.2565,40.28,24.2,3.47,3145.4,4.3,0.38,2.98,18.6,77.1,Green_Space,9,110,1,Moderate
W001,T. Nagar Commercial Hub,Central,13.0418,80.2341,21.16,7.53,2.71,355.5,6.08,0.68,3.74,70.9,26.9,Commercial,8,90,0,Low
W018,Ambattur Industrial Zone,North-West,13.114,80.154,19.94,1.81,1.47,518.1,11.09,1.72,3.53,69.7,27.1,Industrial,5,60,0,Low
W006,Anna Nagar High Ridge,West,13.085,80.2101,282.0,62.53,2.58,14781.3,18.51,2.97,5.25,36.1,66.5,Low_Density_Residential,1,20,2,High
W014,Porur Lake Fringe,West,13.033,80.158,79.25,12.53,4.23,987.3,5.15,0.67,2.46,71.6,33.3,High_Density_Residential,9,105,2,High
W016,Koyambedu Market Heights,West,13.069,80.194,220.85,62.67,3.12,8999.8,16.38,2.29,3.95,48.2,56.1,Commercial,3,35,3,Severe Inundation
W016,Koyambedu Market Heights,West,13.069,80.194,160.2,44.92,2.33,4342.0,16.33,2.28,3.93,70.1,23.4,Commercial,3,35,1,Moderate
W007,Mylapore Heritage Sector,East,13.0368,80.2676,105.67,23.18,3.24,4198.1,8.9,1.27,4.47,23.6,85.9,High_Density_Residential,5,55,1,Moderate
W010,Kolathur Urban Catchment,North-West,13.1235,80.2188,39.88,18.89,2.29,2871.3,8.29,1.55,2.89,61.6,31.2,High_Density_Residential,7,85,0,Low
W011,Sholinganallur IT Corridor,South-East,12.901,80.2279,25.84,6.99,3.05,166.0,4.55,0.58,3.28,47.6,50.0,Commercial,9,115,1,Moderate
W010,Kolathur Urban Catchment,North-West,13.1235,80.2188,171.8,24.85,4.91,7077.8,8.87,1.1,2.88,56.0,40.9,High_Density_Residential,7,85,3,Severe Inundation
W002,Velachery Lowlands,South,12.9815,80.218,44.25,15.51,3.65,1030.2,2.87,0.36,2.11,44.4,59.8,High_Density_Residential,12,140,2,High
W003,Madipakkam Lake Basin,South,12.9647,80.1961,6.35,5.5,2.54,305.9,3.26,0.2,1.78,51.4,57.3,High_Density_Residential,14,160,0,Low
W019,Royapettah Central,Central,13.053,80.261,160.7,37.8,4.52,4256.6,9.53,1.51,4.37,55.9,50.6,Commercial,4,50,3,Severe Inundation
W008,Tambaram Outer Plateau,South-West,12.9249,80.1,86.12,18.5,0.62,1377.8,21.62,3.36,3.3,12.4,91.9,Low_Density_Residential,3,40,0,Low
W018,Ambattur Industrial Zone,North-West,13.114,80.154,58.33,24.5,2.18,2133.4,11.46,1.75,3.49,31.4,60.9,Industrial,5,60,0,Low
W002,Velachery Lowlands,South,12.9815,80.218,88.15,9.89,4.61,1084.2,3.16,0.36,2.2,19.1,76.5,High_Density_Residential,12,140,2,High
W006,Anna Nagar High Ridge,West,13.085,80.2101,27.66,6.85,0.67,245.7,18.84,2.67,5.12,45.6,57.0,Low_Density_Residential,1,20,0,Low
W014,Porur Lake Fringe,West,13.033,80.158,133.66,26.81,4.78,7411.0,6.46,0.82,2.46,42.2,58.4,High_Density_Residential,9,105,3,Severe Inundation
W006,Anna Nagar High Ridge,West,13.085,80.2101,49.04,24.13,0.4,2471.8,18.27,2.6,4.85,64.3,34.2,Low_Density_Residential,1,20,0,Low
W002,Velachery Lowlands,South,12.9815,80.218,195.09,55.65,7.36,10352.0,3.76,0.5,2.0,45.3,51.0,High_Density_Residential,12,140,3,Severe Inundation
W013,Pallikaranai Marsh Reserve,South-East,12.936,80.214,46.77,18.33,4.28,3187.4,1.52,0.52,1.64,32.6,63.3,Green_Space,15,175,2,High
W016,Koyambedu Market Heights,West,13.069,80.194,193.74,53.43,2.69,12538.2,16.66,2.54,4.06,60.8,35.7,Commercial,3,35,2,High
W006,Anna Nagar High Ridge,West,13.085,80.2101,102.26,21.58,1.11,6877.2,18.58,2.85,5.0,53.9,48.7,Low_Density_Residential,1,20,0,Low
W010,Kolathur Urban Catchment,North-West,13.1235,80.2188,74.92,22.28,3.29,3129.8,8.61,1.32,3.32,21.8,79.4,High_Density_Residential,7,85,1,Moderate
W002,Velachery Lowlands,South,12.9815,80.218,117.68,29.86,5.12,4098.4,3.43,0.51,2.26,82.5,26.1,High_Density_Residential,12,140,3,Severe Inundation
W001,T. Nagar Commercial Hub,Central,13.0418,80.2341,49.35,21.76,3.12,3277.8,5.97,0.94,3.51,20.3,80.3,Commercial,8,90,1,Moderate
W010,Kolathur Urban Catchment,North-West,13.1235,80.2188,54.74,22.4,2.45,2754.3,8.91,1.12,3.22,44.3,63.6,High_Density_Residential,7,85,0,Low
W019,Royapettah Central,Central,13.053,80.261,22.26,5.23,1.94,907.3,9.78,1.5,4.41,69.9,32.3,Commercial,4,50,0,Low
W020,Mudichur Lake Sink,South-West,12.912,80.068,69.98,20.46,4.5,861.8,2.04,0.2,1.6,55.0,47.8,High_Density_Residential,14,165,3,Severe Inundation
W004,Guindy Ridge Sector,South-Central,13.0067,80.2025,77.08,22.68,1.63,1477.9,14.58,2.34,4.22,49.0,47.1,Industrial,4,45,0,Low
W011,Sholinganallur IT Corridor,South-East,12.901,80.2279,119.09,27.17,5.17,6242.8,3.8,0.33,3.67,38.5,59.8,Commercial,9,115,3,Severe Inundation
W010,Kolathur Urban Catchment,North-West,13.1235,80.2188,83.27,20.03,3.44,2841.9,8.53,1.45,3.1,40.9,59.6,High_Density_Residential,7,85,1,Moderate
W015,St. Thomas Mount Ridge,South-Central,13.004,80.191,16.93,7.01,0.4,889.4,24.43,3.45,4.58,37.9,60.2,Low_Density_Residential,1,15,0,Low
W018,Ambattur Industrial Zone,North-West,13.114,80.154,33.42,7.71,1.53,411.9,11.11,1.95,3.63,49.2,54.4,Industrial,5,60,0,Low
W017,Saidapet Riverine Basin,Central,13.021,80.223,190.82,74.19,6.82,12418.1,3.89,0.2,2.96,20.0,73.9,High_Density_Residential,11,130,3,Severe Inundation
W016,Koyambedu Market Heights,West,13.069,80.194,37.41,10.16,0.86,3131.1,16.73,2.34,4.27,50.7,51.5,Commercial,3,35,0,Low
W005,Adyar Estuary Buffer,Coastal,13.0012,80.2565,71.92,24.44,4.2,3205.1,4.28,0.73,3.07,46.0,55.4,Green_Space,9,110,2,High
W017,Saidapet Riverine Basin,Central,13.021,80.223,23.94,5.09,2.67,686.3,4.27,0.62,3.08,89.7,6.6,High_Density_Residential,11,130,1,Moderate
W015,St. Thomas Mount Ridge,South-Central,13.004,80.191,52.3,21.31,0.4,2141.9,24.11,3.59,4.67,38.1,66.7,Low_Density_Residential,1,15,0,Low
W009,Perambur Railway Lowlands,North,13.1114,80.2437,153.77,37.39,5.96,3547.0,5.07,0.65,2.33,70.8,27.7,Commercial,10,125,3,Severe Inundation
W007,Mylapore Heritage Sector,East,13.0368,80.2676,2.07,9.97,1.84,289.6,8.21,1.29,4.09,53.5,50.8,High_Density_Residential,5,55,0,Low
W004,Guindy Ridge Sector,South-Central,13.0067,80.2025,166.13,37.92,3.21,5384.8,14.17,1.98,4.01,61.4,38.0,Industrial,4,45,2,High
W011,Sholinganallur IT Corridor,South-East,12.901,80.2279,73.02,24.65,4.23,1449.9,4.62,0.42,3.3,14.3,76.6,Commercial,9,115,2,High
W006,Anna Nagar High Ridge,West,13.085,80.2101,51.12,24.11,0.4,1858.3,19.04,2.84,4.69,61.1,44.6,Low_Density_Residential,1,20,0,Low
W015,St. Thomas Mount Ridge,South-Central,13.004,80.191,87.63,21.52,0.55,1733.1,24.03,3.48,4.81,46.1,61.2,Low_Density_Residential,1,15,0,Low
W009,Perambur Railway Lowlands,North,13.1114,80.2437,209.54,85.34,7.54,7691.0,3.97,0.5,2.5,9.6,86.0,Commercial,10,125,3,Severe Inundation
W006,Anna Nagar High Ridge,West,13.085,80.2101,67.43,16.95,0.57,1157.9,19.37,2.74,5.14,22.3,68.5,Low_Density_Residential,1,20,0,Low
W001,T. Nagar Commercial Hub,Central,13.0418,80.2341,162.21,46.53,5.78,6790.1,6.11,0.73,3.99,49.2,49.1,Commercial,8,90,3,Severe Inundation
W011,Sholinganallur IT Corridor,South-East,12.901,80.2279,37.34,14.44,3.28,2980.7,4.32,0.56,2.88,34.6,64.4,Commercial,9,115,1,Moderate
W010,Kolathur Urban Catchment,North-West,13.1235,80.2188,150.14,42.37,4.33,6372.8,9.26,1.23,2.66,40.4,61.9,High_Density_Residential,7,85,3,Severe Inundation
W019,Royapettah Central,Central,13.053,80.261,135.26,34.24,4.31,4509.9,8.63,1.26,4.45,66.4,26.6,Commercial,4,50,3,Severe Inundation
W007,Mylapore Heritage Sector,East,13.0368,80.2676,6.28,6.65,1.86,558.9,9.13,1.03,4.39,29.4,71.3,High_Density_Residential,5,55,0,Low
W006,Anna Nagar High Ridge,West,13.085,80.2101,5.73,4.12,0.4,409.4,18.53,2.72,5.27,54.8,47.7,Low_Density_Residential,1,20,0,Low
W020,Mudichur Lake Sink,South-West,12.912,80.068,2.78,9.83,3.36,369.8,1.5,0.39,1.27,42.5,54.0,High_Density_Residential,14,165,1,Moderate
W013,Pallikaranai Marsh Reserve,South-East,12.936,80.214,44.82,13.19,4.1,2525.8,1.72,0.36,1.5,53.2,55.9,Green_Space,15,175,2,High
W014,Porur Lake Fringe,West,13.033,80.158,165.41,24.22,5.85,4574.1,5.35,0.88,2.32,25.7,61.5,High_Density_Residential,9,105,3,Severe Inundation
W017,Saidapet Riverine Basin,Central,13.021,80.223,19.42,6.83,2.61,395.8,3.9,0.51,2.85,68.0,37.0,High_Density_Residential,11,130,1,Moderate
W011,Sholinganallur IT Corridor,South-East,12.901,80.2279,13.07,8.96,2.65,566.6,4.71,0.62,3.49,52.4,39.5,Commercial,9,115,0,Low
W003,Madipakkam Lake Basin,South,12.9647,80.1961,113.05,44.99,5.28,5248.4,3.16,0.2,1.7,9.7,88.1,High_Density_Residential,14,160,3,Severe Inundation
W013,Pallikaranai Marsh Reserve,South-East,12.936,80.214,47.15,15.23,4.4,1424.5,2.35,0.2,1.51,16.7,87.0,Green_Space,15,175,1,Moderate
W004,Guindy Ridge Sector,South-Central,13.0067,80.2025,2.92,5.73,0.99,403.4,13.89,2.0,4.03,32.1,68.9,Industrial,4,45,0,Low
W006,Anna Nagar High Ridge,West,13.085,80.2101,157.34,23.26,1.78,7724.5,18.3,3.1,4.9,43.8,48.8,Low_Density_Residential,1,20,0,Low
W005,Adyar Estuary Buffer,Coastal,13.0012,80.2565,29.61,8.61,3.0,671.5,4.38,0.7,3.33,61.3,40.8,Green_Space,9,110,0,Low
W016,Koyambedu Market Heights,West,13.069,80.194,81.55,13.32,0.7,2212.7,17.57,2.39,4.06,5.0,97.5,Commercial,3,35,0,Low
W011,Sholinganallur IT Corridor,South-East,12.901,80.2279,282.99,51.37,9.04,12305.2,3.98,0.71,3.6,21.4,81.0,Commercial,9,115,3,Severe Inundation
W008,Tambaram Outer Plateau,South-West,12.9249,80.1,79.2,12.35,0.96,2672.7,21.83,3.19,2.93,5.3,87.0,Low_Density_Residential,3,40,0,Low
W001,T. Nagar Commercial Hub,Central,13.0418,80.2341,7.98,8.63,2.35,246.4,5.85,1.07,3.49,68.6,34.8,Commercial,8,90,0,Low
W009,Perambur Railway Lowlands,North,13.1114,80.2437,58.04,20.94,3.43,2943.4,4.9,0.43,2.42,39.4,66.9,Commercial,10,125,2,High
W013,Pallikaranai Marsh Reserve,South-East,12.936,80.214,144.48,40.35,6.08,7328.2,1.81,0.2,1.14,55.4,41.4,Green_Space,15,175,3,Severe Inundation
W008,Tambaram Outer Plateau,South-West,12.9249,80.1,33.96,8.0,0.4,753.5,21.96,3.28,3.19,53.7,58.0,Low_Density_Residential,3,40,0,Low
W015,St. Thomas Mount Ridge,South-Central,13.004,80.191,7.97,6.52,0.4,692.4,24.02,3.43,4.6,29.6,72.3,Low_Density_Residential,1,15,0,Low
W009,Perambur Railway Lowlands,North,13.1114,80.2437,34.5,8.42,3.57,671.0,4.09,0.56,2.17,56.7,49.7,Commercial,10,125,1,Moderate
W011,Sholinganallur IT Corridor,South-East,12.901,80.2279,26.22,9.49,3.23,398.7,4.22,0.47,3.51,60.2,29.6,Commercial,9,115,1,Moderate
W010,Kolathur Urban Catchment,North-West,13.1235,80.2188,125.88,39.66,4.1,6076.8,8.51,1.37,3.25,36.5,55.6,High_Density_Residential,7,85,3,Severe Inundation
W019,Royapettah Central,Central,13.053,80.261,5.73,3.87,1.5,111.4,9.77,1.4,4.23,42.2,61.8,Commercial,4,50,0,Low
W019,Royapettah Central,Central,13.053,80.261,9.4,9.36,1.77,614.8,8.86,1.44,3.93,24.7,72.8,Commercial,4,50,0,Low
W001,T. Nagar Commercial Hub,Central,13.0418,80.2341,138.84,31.95,5.02,6688.8,6.22,0.73,3.99,22.9,78.8,Commercial,8,90,3,Severe Inundation
W009,Perambur Railway Lowlands,North,13.1114,80.2437,32.23,9.23,2.75,524.2,4.7,0.71,2.55,35.8,68.8,Commercial,10,125,0,Low
W012,Manali Petrochemical Lowland,North-East,13.1706,80.2605,29.97,4.3,3.5,623.5,3.98,0.27,2.12,40.8,62.7,Industrial,11,135,1,Moderate
W008,Tambaram Outer Plateau,South-West,12.9249,80.1,87.8,11.39,0.91,1732.9,22.27,3.3,3.63,56.7,51.9,Low_Density_Residential,3,40,0,Low
W002,Velachery Lowlands,South,12.9815,80.218,43.11,9.81,3.65,3296.1,2.54,0.34,2.25,26.5,78.7,High_Density_Residential,12,140,2,High
W004,Guindy Ridge Sector,South-Central,13.0067,80.2025,132.7,28.1,2.99,6318.4,13.7,2.01,4.1,20.2,69.9,Industrial,4,45,1,Moderate
W015,St. Thomas Mount Ridge,South-Central,13.004,80.191,38.19,19.75,0.4,2912.2,23.53,3.44,4.65,76.9,7.7,Low_Density_Residential,1,15,0,Low
W010,Kolathur Urban Catchment,North-West,13.1235,80.2188,48.85,11.65,2.43,2998.7,9.2,1.51,2.87,32.3,68.2,High_Density_Residential,7,85,0,Low
W006,Anna Nagar High Ridge,West,13.085,80.2101,318.71,91.99,2.96,12583.2,19.2,2.66,4.68,41.8,54.1,Low_Density_Residential,1,20,3,Severe Inundation
W013,Pallikaranai Marsh Reserve,South-East,12.936,80.214,39.85,9.62,3.48,3099.0,2.4,0.2,1.39,42.4,61.1,Green_Space,15,175,1,Moderate
W017,Saidapet Riverine Basin,Central,13.021,80.223,18.0,7.43,2.98,487.0,3.93,0.64,2.98,47.6,63.8,High_Density_Residential,11,130,1,Moderate
W010,Kolathur Urban Catchment,North-West,13.1235,80.2188,43.01,17.41,2.13,3439.1,9.07,1.52,3.11,45.6,53.1,High_Density_Residential,7,85,0,Low
W004,Guindy Ridge Sector,South-Central,13.0067,80.2025,16.88,3.38,1.05,405.8,14.09,2.2,4.45,53.9,46.2,Industrial,4,45,0,Low
W010,Kolathur Urban Catchment,North-West,13.1235,80.2188,57.3,10.48,2.33,1224.8,9.0,1.47,3.1,31.8,73.5,High_Density_Residential,7,85,0,Low
W012,Manali Petrochemical Lowland,North-East,13.1706,80.2605,25.98,6.92,3.75,237.0,2.85,0.44,2.18,45.9,59.5,Industrial,11,135,1,Moderate
W020,Mudichur Lake Sink,South-West,12.912,80.068,198.6,83.9,7.59,13571.4,2.76,0.36,1.4,10.4,99.1,High_Density_Residential,14,165,3,Severe Inundation
W008,Tambaram Outer Plateau,South-West,12.9249,80.1,280.22,94.28,2.18,7825.4,21.71,3.42,3.25,47.0,52.0,Low_Density_Residential,3,40,2,High
W008,Tambaram Outer Plateau,South-West,12.9249,80.1,14.82,7.78,0.4,695.1,21.14,3.48,3.12,31.0,75.1,Low_Density_Residential,3,40,0,Low
W005,Adyar Estuary Buffer,Coastal,13.0012,80.2565,39.18,21.73,3.6,1582.2,4.23,0.76,3.01,6.1,93.3,Green_Space,9,110,1,Moderate
W016,Koyambedu Market Heights,West,13.069,80.194,109.84,20.87,1.35,5866.7,16.88,2.81,3.85,26.8,73.2,Commercial,3,35,0,Low
W005,Adyar Estuary Buffer,Coastal,13.0012,80.2565,85.37,18.39,4.36,1594.9,4.17,0.6,2.85,50.0,53.0,Green_Space,9,110,2,High
W015,St. Thomas Mount Ridge,South-Central,13.004,80.191,57.79,23.67,0.66,3430.1,23.9,3.41,5.06,73.5,26.9,Low_Density_Residential,1,15,0,Low
W020,Mudichur Lake Sink,South-West,12.912,80.068,29.47,4.11,3.38,743.2,3.05,0.6,1.51,74.3,8.0,High_Density_Residential,14,165,1,Moderate
W012,Manali Petrochemical Lowland,North-East,13.1706,80.2605,140.82,46.65,6.35,5570.9,2.82,0.35,2.07,19.5,83.1,Industrial,11,135,3,Severe Inundation
W014,Porur Lake Fringe,West,13.033,80.158,46.89,22.4,3.0,1722.5,5.77,0.67,2.5,61.2,31.1,High_Density_Residential,9,105,1,Moderate
W018,Ambattur Industrial Zone,North-West,13.114,80.154,34.36,6.54,1.91,478.6,10.83,1.8,3.21,16.6,82.7,Industrial,5,60,0,Low
W016,Koyambedu Market Heights,West,13.069,80.194,7.59,1.86,0.4,260.7,17.42,2.32,3.87,6.4,92.7,Commercial,3,35,0,Low
W018,Ambattur Industrial Zone,North-West,13.114,80.154,31.8,1.46,1.76,637.5,10.94,1.82,3.79,72.5,23.4,Industrial,5,60,0,Low
W007,Mylapore Heritage Sector,East,13.0368,80.2676,33.8,4.97,2.53,111.8,8.76,1.24,4.6,25.8,78.3,High_Density_Residential,5,55,0,Low
W008,Tambaram Outer Plateau,South-West,12.9249,80.1,35.29,16.11,0.41,2558.2,21.61,3.27,2.99,69.2,28.2,Low_Density_Residential,3,40,0,Low
W020,Mudichur Lake Sink,South-West,12.912,80.068,21.65,6.82,3.3,482.1,2.63,0.43,1.42,73.9,29.8,High_Density_Residential,14,165,1,Moderate
W003,Madipakkam Lake Basin,South,12.9647,80.1961,8.73,6.02,3.02,414.6,2.1,0.58,1.59,44.0,48.4,High_Density_Residential,14,160,1,Moderate
W017,Saidapet Riverine Basin,Central,13.021,80.223,86.87,10.25,4.44,2957.6,4.42,0.89,2.82,75.1,21.9,High_Density_Residential,11,130,2,High
W015,St. Thomas Mount Ridge,South-Central,13.004,80.191,66.44,11.29,0.75,1421.0,24.32,3.64,4.59,20.8,82.0,Low_Density_Residential,1,15,0,Low
W017,Saidapet Riverine Basin,Central,13.021,80.223,74.48,21.62,4.26,2833.9,3.68,0.52,2.54,50.7,53.1,High_Density_Residential,11,130,2,High
W012,Manali Petrochemical Lowland,North-East,13.1706,80.2605,40.66,13.28,3.83,1005.4,2.49,0.43,1.7,44.5,60.0,Industrial,11,135,2,High
W003,Madipakkam Lake Basin,South,12.9647,80.1961,53.47,21.94,4.15,1660.6,2.62,0.2,1.74,32.6,71.3,High_Density_Residential,14,160,2,High
W019,Royapettah Central,Central,13.053,80.261,258.28,51.4,6.27,8144.1,9.27,1.46,3.98,46.1,47.3,Commercial,4,50,3,Severe Inundation
W004,Guindy Ridge Sector,South-Central,13.0067,80.2025,295.01,70.69,4.92,13583.4,14.09,2.11,4.14,28.2,73.6,Industrial,4,45,3,Severe Inundation
W002,Velachery Lowlands,South,12.9815,80.218,66.68,15.41,4.42,2061.4,2.92,0.5,1.98,51.4,46.5,High_Density_Residential,12,140,2,High
W018,Ambattur Industrial Zone,North-West,13.114,80.154,26.85,8.16,1.89,470.3,10.89,1.89,3.22,21.5,88.7,Industrial,5,60,0,Low
W017,Saidapet Riverine Basin,Central,13.021,80.223,266.75,58.03,8.37,8124.5,3.78,0.65,3.11,34.9,63.9,High_Density_Residential,11,130,3,Severe Inundation
W007,Mylapore Heritage Sector,East,13.0368,80.2676,33.17,3.3,2.26,847.5,8.34,1.26,4.66,52.8,63.0,High_Density_Residential,5,55,0,Low
W019,Royapettah Central,Central,13.053,80.261,158.32,40.87,4.44,7227.1,9.65,1.28,4.56,37.5,53.2,Commercial,4,50,3,Severe Inundation
W018,Ambattur Industrial Zone,North-West,13.114,80.154,307.09,85.07,6.51,12048.1,11.28,1.73,3.39,28.7,74.1,Industrial,5,60,3,Severe Inundation
W005,Adyar Estuary Buffer,Coastal,13.0012,80.2565,9.78,7.91,2.53,116.8,4.16,0.83,2.89,67.1,29.8,Green_Space,9,110,0,Low
W006,Anna Nagar High Ridge,West,13.085,80.2101,65.51,23.43,0.69,1174.3,18.57,2.78,4.54,42.2,55.4,Low_Density_Residential,1,20,0,Low
W011,Sholinganallur IT Corridor,South-East,12.901,80.2279,57.54,17.76,3.57,3286.3,4.47,0.52,2.96,46.5,48.3,Commercial,9,115,2,High
W017,Saidapet Riverine Basin,Central,13.021,80.223,69.68,20.23,4.33,2542.5,3.66,0.39,2.72,43.0,57.8,High_Density_Residential,11,130,2,High
W015,St. Thomas Mount Ridge,South-Central,13.004,80.191,280.94,67.46,2.61,16189.1,23.84,3.29,4.92,35.3,53.3,Low_Density_Residential,1,15,2,High
W004,Guindy Ridge Sector,South-Central,13.0067,80.2025,67.1,24.5,1.49,3008.5,14.37,2.17,4.46,35.3,68.6,Industrial,4,45,0,Low
W007,Mylapore Heritage Sector,East,13.0368,80.2676,29.76,7.12,2.49,505.7,8.28,1.28,4.77,66.0,32.1,High_Density_Residential,5,55,0,Low
W019,Royapettah Central,Central,13.053,80.261,47.57,23.69,2.68,1658.1,8.44,1.33,4.11,55.9,39.8,Commercial,4,50,1,Moderate
W016,Koyambedu Market Heights,West,13.069,80.194,77.27,19.92,1.34,1478.5,16.25,2.48,4.04,48.3,55.8,Commercial,3,35,0,Low
W003,Madipakkam Lake Basin,South,12.9647,80.1961,199.64,68.68,7.77,13142.8,2.63,0.6,1.71,9.8,93.7,High_Density_Residential,14,160,3,Severe Inundation
W017,Saidapet Riverine Basin,Central,13.021,80.223,79.67,8.04,4.78,2406.3,4.15,0.6,2.4,15.5,81.7,High_Density_Residential,11,130,2,High
W015,St. Thomas Mount Ridge,South-Central,13.004,80.191,133.51,29.7,1.45,5439.7,23.8,3.34,4.72,88.9,6.5,Low_Density_Residential,1,15,0,Low
W002,Velachery Lowlands,South,12.9815,80.218,14.45,3.42,3.25,667.4,2.97,0.46,2.15,61.8,29.7,High_Density_Residential,12,140,1,Moderate
W015,St. Thomas Mount Ridge,South-Central,13.004,80.191,4.5,2.07,0.4,923.3,24.06,3.55,4.5,40.4,52.0,Low_Density_Residential,1,15,0,Low
W005,Adyar Estuary Buffer,Coastal,13.0012,80.2565,26.65,5.12,3.29,169.1,4.6,0.66,2.96,70.8,34.1,Green_Space,9,110,0,Low
W017,Saidapet Riverine Basin,Central,13.021,80.223,44.46,13.71,3.16,2671.4,4.43,0.22,2.7,16.8,78.3,High_Density_Residential,11,130,1,Moderate
W014,Porur Lake Fringe,West,13.033,80.158,130.82,43.89,5.17,6198.7,4.68,0.61,2.24,46.5,48.8,High_Density_Residential,9,105,3,Severe Inundation
W015,St. Thomas Mount Ridge,South-Central,13.004,80.191,41.65,23.88,0.43,3080.9,24.29,3.23,4.57,33.1,72.8,Low_Density_Residential,1,15,0,Low
W019,Royapettah Central,Central,13.053,80.261,132.23,35.02,3.43,4455.1,9.9,1.68,4.12,33.1,71.9,Commercial,4,50,2,High
W002,Velachery Lowlands,South,12.9815,80.218,299.69,53.69,9.95,11609.5,2.95,0.45,1.93,37.1,55.8,High_Density_Residential,12,140,3,Severe Inundation
W018,Ambattur Industrial Zone,North-West,13.114,80.154,9.43,7.57,1.39,770.8,11.12,1.9,3.43,14.6,84.2,Industrial,5,60,0,Low
W015,St. Thomas Mount Ridge,South-Central,13.004,80.191,47.44,13.07,0.4,1072.6,23.75,3.82,5.13,37.6,68.4,Low_Density_Residential,1,15,0,Low
W010,Kolathur Urban Catchment,North-West,13.1235,80.2188,52.77,23.71,2.46,1988.2,8.52,1.66,3.02,44.4,58.3,High_Density_Residential,7,85,0,Low
W001,T. Nagar Commercial Hub,Central,13.0418,80.2341,128.86,20.74,4.93,6641.5,6.29,0.79,3.59,80.4,20.2,Commercial,8,90,3,Severe Inundation
W013,Pallikaranai Marsh Reserve,South-East,12.936,80.214,40.15,18.01,3.94,1658.8,2.16,0.27,1.82,48.0,60.3,Green_Space,15,175,1,Moderate
W009,Perambur Railway Lowlands,North,13.1114,80.2437,49.74,22.82,3.45,1235.0,4.57,0.4,2.09,70.1,26.6,Commercial,10,125,2,High
W001,T. Nagar Commercial Hub,Central,13.0418,80.2341,27.35,2.83,2.9,442.1,6.25,0.82,3.76,51.2,42.6,Commercial,8,90,0,Low
W007,Mylapore Heritage Sector,East,13.0368,80.2676,160.73,22.72,4.64,5907.7,8.74,1.05,4.81,59.9,39.0,High_Density_Residential,5,55,3,Severe Inundation
W019,Royapettah Central,Central,13.053,80.261,110.71,44.11,3.41,5399.4,10.13,1.38,4.42,60.7,50.3,Commercial,4,50,2,High
W003,Madipakkam Lake Basin,South,12.9647,80.1961,62.16,23.71,4.32,2241.5,3.08,0.2,2.03,5.0,93.3,High_Density_Residential,14,160,2,High
W002,Velachery Lowlands,South,12.9815,80.218,4.31,6.36,2.7,325.1,3.2,0.58,2.1,64.1,38.2,High_Density_Residential,12,140,1,Moderate
W014,Porur Lake Fringe,West,13.033,80.158,9.48,9.68,2.49,489.4,5.71,0.53,2.44,61.6,27.9,High_Density_Residential,9,105,0,Low
W012,Manali Petrochemical Lowland,North-East,13.1706,80.2605,11.59,9.79,3.12,969.1,2.94,0.32,1.84,25.2,75.1,Industrial,11,135,1,Moderate
W003,Madipakkam Lake Basin,South,12.9647,80.1961,70.59,11.96,4.29,1516.2,2.89,0.45,1.94,68.6,25.2,High_Density_Residential,14,160,3,Severe Inundation
W018,Ambattur Industrial Zone,North-West,13.114,80.154,2.3,7.12,1.03,203.4,11.29,1.68,3.44,32.9,74.7,Industrial,5,60,0,Low
W002,Velachery Lowlands,South,12.9815,80.218,39.29,19.33,3.82,2119.0,2.75,0.29,2.18,73.0,35.0,High_Density_Residential,12,140,2,High
W003,Madipakkam Lake Basin,South,12.9647,80.1961,131.54,21.01,5.86,4172.5,2.69,0.29,1.89,38.8,53.0,High_Density_Residential,14,160,3,Severe Inundation
W016,Koyambedu Market Heights,West,13.069,80.194,20.42,1.88,0.44,746.2,16.65,2.65,3.98,49.6,53.2,Commercial,3,35,0,Low
W002,Velachery Lowlands,South,12.9815,80.218,32.91,8.15,3.28,684.6,2.99,0.55,1.69,79.9,25.9,High_Density_Residential,12,140,1,Moderate
W010,Kolathur Urban Catchment,North-West,13.1235,80.2188,85.27,19.06,3.09,1372.1,8.64,1.24,2.84,26.8,85.9,High_Density_Residential,7,85,1,Moderate
W014,Porur Lake Fringe,West,13.033,80.158,69.69,22.36,3.83,3194.1,5.37,0.73,2.47,60.1,34.1,High_Density_Residential,9,105,2,High
W006,Anna Nagar High Ridge,West,13.085,80.2101,74.77,8.29,0.71,2531.4,18.21,2.97,5.05,17.9,88.1,Low_Density_Residential,1,20,0,Low
W005,Adyar Estuary Buffer,Coastal,13.0012,80.2565,66.83,15.38,4.01,1806.6,3.2,0.55,2.94,16.3,84.4,Green_Space,9,110,1,Moderate
W014,Porur Lake Fringe,West,13.033,80.158,217.61,67.92,7.09,11544.6,6.12,0.52,2.13,25.0,76.7,High_Density_Residential,9,105,3,Severe Inundation
W012,Manali Petrochemical Lowland,North-East,13.1706,80.2605,133.72,27.27,6.01,6369.5,2.89,0.66,2.11,11.4,92.1,Industrial,11,135,3,Severe Inundation
W013,Pallikaranai Marsh Reserve,South-East,12.936,80.214,143.74,38.43,6.31,6019.3,2.22,0.2,1.32,43.3,49.0,Green_Space,15,175,3,Severe Inundation
W015,St. Thomas Mount Ridge,South-Central,13.004,80.191,17.37,3.23,0.4,103.9,23.98,3.47,4.87,59.4,39.6,Low_Density_Residential,1,15,0,Low
W013,Pallikaranai Marsh Reserve,South-East,12.936,80.214,50.89,13.43,4.51,810.5,2.01,0.28,1.61,34.2,71.4,Green_Space,15,175,2,High
W013,Pallikaranai Marsh Reserve,South-East,12.936,80.214,102.4,36.28,5.08,6418.2,2.88,0.25,1.15,25.0,66.9,Green_Space,15,175,3,Severe Inundation
W003,Madipakkam Lake Basin,South,12.9647,80.1961,22.53,4.78,3.36,985.9,2.75,0.39,1.84,27.6,74.4,High_Density_Residential,14,160,1,Moderate
W018,Ambattur Industrial Zone,North-West,13.114,80.154,132.22,21.68,3.46,3225.1,11.64,1.75,3.29,67.0,25.0,Industrial,5,60,2,High
W005,Adyar Estuary Buffer,Coastal,13.0012,80.2565,26.85,1.12,3.4,922.8,4.11,0.59,3.08,61.3,38.4,Green_Space,9,110,0,Low
W012,Manali Petrochemical Lowland,North-East,13.1706,80.2605,107.26,31.01,5.26,7442.5,3.22,0.54,2.03,63.2,36.9,Industrial,11,135,3,Severe Inundation
W004,Guindy Ridge Sector,South-Central,13.0067,80.2025,198.8,65.63,3.07,10984.7,15.11,2.14,4.17,36.5,65.2,Industrial,4,45,3,Severe Inundation
W006,Anna Nagar High Ridge,West,13.085,80.2101,282.85,58.06,2.61,12958.6,18.51,2.87,4.75,39.5,57.0,Low_Density_Residential,1,20,2,High
W018,Ambattur Industrial Zone,North-West,13.114,80.154,32.75,2.78,1.75,771.0,11.54,1.89,3.47,36.2,67.7,Industrial,5,60,0,Low
W013,Pallikaranai Marsh Reserve,South-East,12.936,80.214,34.74,8.83,4.15,569.0,1.73,0.27,1.53,40.4,59.8,Green_Space,15,175,1,Moderate
W017,Saidapet Riverine Basin,Central,13.021,80.223,142.39,46.81,5.72,4887.1,3.92,0.69,3.44,42.7,58.3,High_Density_Residential,11,130,3,Severe Inundation
W005,Adyar Estuary Buffer,Coastal,13.0012,80.2565,26.65,7.64,3.2,320.5,4.8,0.66,2.94,70.9,28.5,Green_Space,9,110,0,Low
W008,Tambaram Outer Plateau,South-West,12.9249,80.1,9.99,4.47,0.4,934.8,21.88,3.1,3.33,13.5,82.4,Low_Density_Residential,3,40,0,Low
W001,T. Nagar Commercial Hub,Central,13.0418,80.2341,131.35,37.83,5.12,5978.9,5.36,0.89,3.79,32.9,60.3,Commercial,8,90,3,Severe Inundation
W001,T. Nagar Commercial Hub,Central,13.0418,80.2341,33.46,2.76,2.96,694.6,5.84,0.78,3.89,27.5,70.4,Commercial,8,90,0,Low
W010,Kolathur Urban Catchment,North-West,13.1235,80.2188,7.17,6.69,2.06,504.3,8.54,1.31,2.65,47.0,52.6,High_Density_Residential,7,85,0,Low
W015,St. Thomas Mount Ridge,South-Central,13.004,80.191,53.93,17.83,0.66,2767.8,23.87,3.34,5.01,16.2,87.5,Low_Density_Residential,1,15,0,Low
W018,Ambattur Industrial Zone,North-West,13.114,80.154,7.99,5.42,1.06,954.8,11.08,1.95,3.62,32.4,60.7,Industrial,5,60,0,Low
W014,Porur Lake Fringe,West,13.033,80.158,11.05,9.7,2.37,902.7,5.86,0.65,2.69,50.0,50.9,High_Density_Residential,9,105,0,Low
W018,Ambattur Industrial Zone,North-West,13.114,80.154,81.53,13.48,2.53,907.2,11.38,1.79,3.26,41.8,62.6,Industrial,5,60,0,Low
W013,Pallikaranai Marsh Reserve,South-East,12.936,80.214,10.49,8.57,3.23,696.9,1.5,0.2,1.41,18.5,83.2,Green_Space,15,175,1,Moderate
W008,Tambaram Outer Plateau,South-West,12.9249,80.1,23.61,2.28,0.4,453.3,21.76,3.21,3.27,25.7,64.9,Low_Density_Residential,3,40,0,Low
W008,Tambaram Outer Plateau,South-West,12.9249,80.1,49.11,21.13,0.4,2163.9,22.09,3.09,2.94,58.9,49.5,Low_Density_Residential,3,40,0,Low
W015,St. Thomas Mount Ridge,South-Central,13.004,80.191,148.23,40.67,1.13,6042.2,23.76,3.44,4.8,30.2,66.5,Low_Density_Residential,1,15,0,Low
W012,Manali Petrochemical Lowland,North-East,13.1706,80.2605,168.79,47.31,6.74,6200.1,2.95,0.2,1.68,55.8,46.9,Industrial,11,135,3,Severe Inundation
W005,Adyar Estuary Buffer,Coastal,13.0012,80.2565,68.0,19.08,3.92,991.5,3.8,0.38,2.87,36.3,66.3,Green_Space,9,110,1,Moderate
W009,Perambur Railway Lowlands,North,13.1114,80.2437,15.59,8.14,2.72,672.0,4.16,0.44,2.42,43.0,55.1,Commercial,10,125,0,Low
W007,Mylapore Heritage Sector,East,13.0368,80.2676,6.49,3.15,1.74,880.7,8.68,1.08,4.28,44.7,60.5,High_Density_Residential,5,55,0,Low
W004,Guindy Ridge Sector,South-Central,13.0067,80.2025,75.19,19.09,1.69,2030.0,14.43,2.08,3.6,44.8,56.1,Industrial,4,45,0,Low
W002,Velachery Lowlands,South,12.9815,80.218,92.17,43.3,4.98,4058.2,2.88,0.45,2.35,44.3,54.5,High_Density_Residential,12,140,3,Severe Inundation
W014,Porur Lake Fringe,West,13.033,80.158,5.6,6.96,2.51,323.8,4.68,0.6,2.38,45.0,52.3,High_Density_Residential,9,105,0,Low
W020,Mudichur Lake Sink,South-West,12.912,80.068,27.54,9.87,3.29,591.7,2.7,0.42,1.66,10.7,97.5,High_Density_Residential,14,165,1,Moderate
W001,T. Nagar Commercial Hub,Central,13.0418,80.2341,18.93,2.3,2.5,585.2,5.9,0.91,3.78,39.7,66.1,Commercial,8,90,0,Low
W008,Tambaram Outer Plateau,South-West,12.9249,80.1,38.9,13.64,0.4,3016.6,21.63,3.22,3.58,14.0,86.6,Low_Density_Residential,3,40,0,Low
W007,Mylapore Heritage Sector,East,13.0368,80.2676,114.26,33.03,3.92,5437.1,8.27,1.16,4.33,47.8,42.5,High_Density_Residential,5,55,2,High
W003,Madipakkam Lake Basin,South,12.9647,80.1961,268.5,84.37,9.01,17204.5,2.4,0.2,1.85,38.8,56.8,High_Density_Residential,14,160,3,Severe Inundation
W004,Guindy Ridge Sector,South-Central,13.0067,80.2025,124.26,33.52,2.07,7214.8,14.27,1.98,4.34,66.9,42.1,Industrial,4,45,1,Moderate
W020,Mudichur Lake Sink,South-West,12.912,80.068,110.06,21.92,5.37,7746.3,2.51,0.2,1.47,55.0,43.3,High_Density_Residential,14,165,3,Severe Inundation
W002,Velachery Lowlands,South,12.9815,80.218,51.48,13.3,4.11,2902.7,2.61,0.57,2.09,28.6,72.9,High_Density_Residential,12,140,2,High
W015,St. Thomas Mount Ridge,South-Central,13.004,80.191,170.26,22.76,1.64,7826.1,23.72,3.21,4.54,82.3,26.5,Low_Density_Residential,1,15,0,Low
W020,Mudichur Lake Sink,South-West,12.912,80.068,17.27,2.97,3.17,795.5,2.26,0.25,1.54,14.1,92.3,High_Density_Residential,14,165,1,Moderate
W002,Velachery Lowlands,South,12.9815,80.218,143.02,30.97,6.31,4215.7,2.87,0.35,1.94,20.0,79.6,High_Density_Residential,12,140,3,Severe Inundation
W008,Tambaram Outer Plateau,South-West,12.9249,80.1,335.42,56.4,3.12,10853.1,22.1,3.26,3.44,20.6,79.1,Low_Density_Residential,3,40,2,High
W002,Velachery Lowlands,South,12.9815,80.218,163.3,48.93,6.42,6090.4,3.48,0.24,1.93,74.8,29.4,High_Density_Residential,12,140,3,Severe Inundation
W013,Pallikaranai Marsh Reserve,South-East,12.936,80.214,50.25,22.32,4.24,3496.6,1.5,0.31,1.56,24.7,71.1,Green_Space,15,175,2,High
W015,St. Thomas Mount Ridge,South-Central,13.004,80.191,21.37,1.15,0.4,467.9,24.41,3.53,4.67,22.7,75.1,Low_Density_Residential,1,15,0,Low
W008,Tambaram Outer Plateau,South-West,12.9249,80.1,41.97,21.4,0.4,2222.1,22.05,3.29,3.13,24.3,64.4,Low_Density_Residential,3,40,0,Low
W018,Ambattur Industrial Zone,North-West,13.114,80.154,49.79,16.46,2.17,2487.0,11.27,1.75,3.46,45.9,52.0,Industrial,5,60,0,Low
W007,Mylapore Heritage Sector,East,13.0368,80.2676,39.56,8.06,2.52,3393.5,8.5,1.21,4.73,33.3,65.8,High_Density_Residential,5,55,0,Low
W002,Velachery Lowlands,South,12.9815,80.218,23.26,8.26,3.51,758.5,2.66,0.49,2.07,22.5,83.3,High_Density_Residential,12,140,1,Moderate
W005,Adyar Estuary Buffer,Coastal,13.0012,80.2565,77.69,21.7,4.44,1556.3,3.68,0.62,2.93,56.9,48.1,Green_Space,9,110,2,High
W017,Saidapet Riverine Basin,Central,13.021,80.223,124.05,47.07,5.38,3184.6,3.72,0.36,2.73,31.1,71.9,High_Density_Residential,11,130,3,Severe Inundation
W010,Kolathur Urban Catchment,North-West,13.1235,80.2188,129.44,34.31,3.85,6239.6,9.22,1.29,3.31,20.8,82.6,High_Density_Residential,7,85,2,High
W008,Tambaram Outer Plateau,South-West,12.9249,80.1,63.25,24.13,0.4,3444.0,22.18,3.22,3.43,22.6,76.5,Low_Density_Residential,3,40,0,Low
W019,Royapettah Central,Central,13.053,80.261,2.26,9.74,1.69,841.9,9.95,1.56,4.49,6.3,84.9,Commercial,4,50,0,Low
W011,Sholinganallur IT Corridor,South-East,12.901,80.2279,37.94,24.86,3.08,1944.9,4.57,0.55,3.56,35.5,59.1,Commercial,9,115,1,Moderate
W019,Royapettah Central,Central,13.053,80.261,26.25,7.11,1.87,533.3,9.56,1.56,4.52,31.0,68.7,Commercial,4,50,0,Low
W020,Mudichur Lake Sink,South-West,12.912,80.068,67.94,12.52,4.54,1348.9,2.51,0.2,1.49,15.3,89.2,High_Density_Residential,14,165,2,High
W011,Sholinganallur IT Corridor,South-East,12.901,80.2279,82.25,16.57,4.61,1361.6,3.9,0.62,3.53,27.4,75.6,Commercial,9,115,2,High
W008,Tambaram Outer Plateau,South-West,12.9249,80.1,186.54,94.26,1.52,16184.4,22.31,3.36,3.19,56.7,50.5,Low_Density_Residential,3,40,1,Moderate
W010,Kolathur Urban Catchment,North-West,13.1235,80.2188,218.98,73.97,5.72,12558.0,8.57,1.6,2.9,63.3,38.2,High_Density_Residential,7,85,3,Severe Inundation
W005,Adyar Estuary Buffer,Coastal,13.0012,80.2565,43.09,14.87,3.35,2838.9,4.98,0.51,2.87,19.2,80.3,Green_Space,9,110,0,Low
W017,Saidapet Riverine Basin,Central,13.021,80.223,84.89,10.01,4.36,906.0,3.42,0.73,2.5,30.5,70.6,High_Density_Residential,11,130,2,High
W008,Tambaram Outer Plateau,South-West,12.9249,80.1,66.46,19.72,0.74,3162.3,21.85,3.25,3.36,48.5,51.6,Low_Density_Residential,3,40,0,Low
W014,Porur Lake Fringe,West,13.033,80.158,87.93,23.33,4.26,2953.5,5.45,0.61,2.28,31.8,66.3,High_Density_Residential,9,105,2,High
W010,Kolathur Urban Catchment,North-West,13.1235,80.2188,248.26,62.5,6.38,12206.1,8.57,1.08,2.72,90.2,9.7,High_Density_Residential,7,85,3,Severe Inundation
W009,Perambur Railway Lowlands,North,13.1114,80.2437,155.88,29.92,5.89,5936.6,4.23,0.68,2.44,30.4,64.4,Commercial,10,125,3,Severe Inundation
W002,Velachery Lowlands,South,12.9815,80.218,3.14,3.41,3.09,271.1,2.33,0.69,1.99,32.9,67.0,High_Density_Residential,12,140,0,Low
W018,Ambattur Industrial Zone,North-West,13.114,80.154,57.56,17.0,2.06,1426.9,11.27,1.65,3.83,67.8,28.1,Industrial,5,60,0,Low
W019,Royapettah Central,Central,13.053,80.261,58.04,9.47,2.49,2408.7,9.68,1.52,4.02,6.4,89.4,Commercial,4,50,0,Low
W006,Anna Nagar High Ridge,West,13.085,80.2101,156.87,21.48,1.43,4006.1,18.79,2.56,5.55,30.3,58.6,Low_Density_Residential,1,20,0,Low
W014,Porur Lake Fringe,West,13.033,80.158,10.76,5.86,2.24,499.7,4.91,0.65,2.76,25.0,72.2,High_Density_Residential,9,105,0,Low
W018,Ambattur Industrial Zone,North-West,13.114,80.154,31.27,1.81,1.66,953.7,11.29,1.84,3.44,36.8,61.9,Industrial,5,60,0,Low
W016,Koyambedu Market Heights,West,13.069,80.194,29.96,5.63,0.47,681.8,17.27,2.25,3.82,53.5,42.3,Commercial,3,35,0,Low
W002,Velachery Lowlands,South,12.9815,80.218,43.28,11.7,3.71,1573.3,3.5,0.37,2.43,5.0,98.0,High_Density_Residential,12,140,1,Moderate
W012,Manali Petrochemical Lowland,North-East,13.1706,80.2605,80.48,14.96,4.45,1034.2,2.73,0.32,2.06,25.8,78.7,Industrial,11,135,2,High
W013,Pallikaranai Marsh Reserve,South-East,12.936,80.214,13.27,2.52,3.27,915.9,1.84,0.2,1.66,55.7,48.8,Green_Space,15,175,1,Moderate
W017,Saidapet Riverine Basin,Central,13.021,80.223,12.33,1.93,2.74,603.9,3.56,0.43,2.76,32.8,69.0,High_Density_Residential,11,130,0,Low
W011,Sholinganallur IT Corridor,South-East,12.901,80.2279,195.86,86.06,6.31,12809.8,5.4,0.88,3.29,16.4,77.6,Commercial,9,115,3,Severe Inundation
W014,Porur Lake Fringe,West,13.033,80.158,4.7,1.81,2.36,250.0,5.48,0.48,2.29,10.8,89.7,High_Density_Residential,9,105,0,Low
W014,Porur Lake Fringe,West,13.033,80.158,84.3,24.02,4.33,2762.4,5.44,0.37,2.03,64.6,40.5,High_Density_Residential,9,105,2,High
W005,Adyar Estuary Buffer,Coastal,13.0012,80.2565,79.01,21.66,4.42,961.6,4.78,0.48,2.68,5.1,95.1,Green_Space,9,110,1,Moderate
W010,Kolathur Urban Catchment,North-West,13.1235,80.2188,43.04,20.85,2.57,1807.1,8.72,1.51,2.75,54.7,44.6,High_Density_Residential,7,85,0,Low
W013,Pallikaranai Marsh Reserve,South-East,12.936,80.214,84.32,21.52,5.11,877.0,1.95,0.35,1.4,34.2,66.2,Green_Space,15,175,2,High
W006,Anna Nagar High Ridge,West,13.085,80.2101,59.58,8.03,1.0,3008.2,17.35,2.75,4.82,10.8,91.9,Low_Density_Residential,1,20,0,Low
W018,Ambattur Industrial Zone,North-West,13.114,80.154,59.41,17.33,2.16,2408.4,11.02,1.81,3.47,40.1,63.6,Industrial,5,60,0,Low
W016,Koyambedu Market Heights,West,13.069,80.194,11.95,5.57,0.4,374.5,16.95,2.35,3.83,80.9,25.1,Commercial,3,35,0,Low
W008,Tambaram Outer Plateau,South-West,12.9249,80.1,7.76,9.0,0.4,546.1,21.94,3.32,3.44,37.7,55.7,Low_Density_Residential,3,40,0,Low
W008,Tambaram Outer Plateau,South-West,12.9249,80.1,78.0,19.22,0.94,1977.0,21.63,3.06,3.15,70.3,17.7,Low_Density_Residential,3,40,0,Low
W010,Kolathur Urban Catchment,North-West,13.1235,80.2188,80.7,19.47,3.42,3328.4,8.12,1.34,2.97,22.1,79.8,High_Density_Residential,7,85,1,Moderate
W005,Adyar Estuary Buffer,Coastal,13.0012,80.2565,36.55,14.79,3.34,2918.9,3.41,0.67,3.0,15.0,82.2,Green_Space,9,110,0,Low
W015,St. Thomas Mount Ridge,South-Central,13.004,80.191,25.43,3.15,0.4,287.4,24.31,3.6,4.4,49.3,55.0,Low_Density_Residential,1,15,0,Low
W002,Velachery Lowlands,South,12.9815,80.218,169.26,22.83,6.53,5700.7,2.96,0.55,2.13,50.6,42.6,High_Density_Residential,12,140,3,Severe Inundation
W018,Ambattur Industrial Zone,North-West,13.114,80.154,2.21,8.7,1.25,207.5,11.04,1.7,3.92,19.0,81.4,Industrial,5,60,0,Low
W014,Porur Lake Fringe,West,13.033,80.158,2.23,7.91,2.33,260.6,5.49,0.67,2.6,41.8,62.1,High_Density_Residential,9,105,0,Low
W014,Porur Lake Fringe,West,13.033,80.158,61.36,24.93,3.41,1711.4,6.04,0.72,2.41,67.5,33.2,High_Density_Residential,9,105,2,High
W018,Ambattur Industrial Zone,North-West,13.114,80.154,89.49,9.17,2.86,2681.2,10.48,1.7,3.73,32.1,70.5,Industrial,5,60,0,Low
W017,Saidapet Riverine Basin,Central,13.021,80.223,315.48,67.24,10.24,14478.0,3.1,0.54,2.5,11.4,82.4,High_Density_Residential,11,130,3,Severe Inundation
W005,Adyar Estuary Buffer,Coastal,13.0012,80.2565,339.2,60.84,10.37,12842.4,4.61,0.91,2.84,23.2,79.4,Green_Space,9,110,3,Severe Inundation
W013,Pallikaranai Marsh Reserve,South-East,12.936,80.214,4.31,6.59,2.92,632.3,1.73,0.2,1.78,91.3,7.1,Green_Space,15,175,1,Moderate
W008,Tambaram Outer Plateau,South-West,12.9249,80.1,82.78,22.28,0.52,1641.1,21.02,3.14,3.12,41.4,50.5,Low_Density_Residential,3,40,0,Low
W009,Perambur Railway Lowlands,North,13.1114,80.2437,45.94,17.76,3.55,1901.1,5.17,0.46,2.36,85.2,19.1,Commercial,10,125,2,High
W007,Mylapore Heritage Sector,East,13.0368,80.2676,178.94,31.21,5.06,5527.7,8.62,1.34,4.14,8.3,94.7,High_Density_Residential,5,55,3,Severe Inundation
W011,Sholinganallur IT Corridor,South-East,12.901,80.2279,278.89,84.43,9.4,13807.2,3.8,0.41,3.18,28.5,67.8,Commercial,9,115,3,Severe Inundation
W003,Madipakkam Lake Basin,South,12.9647,80.1961,14.84,9.28,2.86,609.8,2.35,0.35,1.74,10.8,86.7,High_Density_Residential,14,160,1,Moderate
W015,St. Thomas Mount Ridge,South-Central,13.004,80.191,104.07,28.24,0.93,5552.2,24.44,3.4,4.78,79.3,14.4,Low_Density_Residential,1,15,0,Low
W012,Manali Petrochemical Lowland,North-East,13.1706,80.2605,27.55,3.28,3.41,733.3,2.26,0.76,1.93,70.8,23.7,Industrial,11,135,1,Moderate
W003,Madipakkam Lake Basin,South,12.9647,80.1961,301.86,45.19,10.54,9848.3,2.41,0.2,1.55,24.0,79.2,High_Density_Residential,14,160,3,Severe Inundation
W018,Ambattur Industrial Zone,North-West,13.114,80.154,60.26,20.93,2.19,1357.2,11.14,1.61,3.41,51.3,45.2,Industrial,5,60,0,Low
W007,Mylapore Heritage Sector,East,13.0368,80.2676,45.95,24.05,2.72,1842.0,8.49,1.35,4.84,39.4,55.8,High_Density_Residential,5,55,0,Low
W002,Velachery Lowlands,South,12.9815,80.218,13.34,5.96,2.98,147.2,3.6,0.33,2.22,38.2,60.8,High_Density_Residential,12,140,1,Moderate
W009,Perambur Railway Lowlands,North,13.1114,80.2437,82.66,21.24,4.59,3373.7,4.86,0.3,2.35,58.9,46.6,Commercial,10,125,3,Severe Inundation
W013,Pallikaranai Marsh Reserve,South-East,12.936,80.214,151.58,21.96,6.46,3197.5,1.97,0.23,1.55,49.6,49.2,Green_Space,15,175,3,Severe Inundation
W020,Mudichur Lake Sink,South-West,12.912,80.068,40.91,8.97,3.68,1817.9,1.98,0.51,2.01,42.7,57.3,High_Density_Residential,14,165,2,High
W020,Mudichur Lake Sink,South-West,12.912,80.068,273.06,50.17,9.67,13520.1,2.22,0.5,1.66,47.6,51.2,High_Density_Residential,14,165,3,Severe Inundation
W002,Velachery Lowlands,South,12.9815,80.218,33.67,7.26,3.33,459.2,3.12,0.26,1.95,45.8,57.6,High_Density_Residential,12,140,1,Moderate
W003,Madipakkam Lake Basin,South,12.9647,80.1961,240.27,59.64,8.56,10011.8,2.92,0.2,1.7,35.9,56.6,High_Density_Residential,14,160,3,Severe Inundation
W007,Mylapore Heritage Sector,East,13.0368,80.2676,11.92,8.0,1.78,494.9,8.18,1.05,4.46,6.5,87.0,High_Density_Residential,5,55,0,Low
W019,Royapettah Central,Central,13.053,80.261,181.85,63.25,4.96,15489.4,9.27,1.75,4.01,34.7,68.4,Commercial,4,50,3,Severe Inundation
W018,Ambattur Industrial Zone,North-West,13.114,80.154,242.65,88.24,5.06,12187.6,11.61,1.85,3.63,18.9,78.1,Industrial,5,60,3,Severe Inundation
W007,Mylapore Heritage Sector,East,13.0368,80.2676,199.41,78.7,5.48,16888.7,8.32,1.13,4.35,17.2,86.6,High_Density_Residential,5,55,3,Severe Inundation
W016,Koyambedu Market Heights,West,13.069,80.194,79.23,9.68,1.12,1544.1,16.71,2.28,3.66,41.7,58.5,Commercial,3,35,0,Low
W007,Mylapore Heritage Sector,East,13.0368,80.2676,334.91,90.26,7.66,11280.9,9.29,1.35,4.21,40.1,70.6,High_Density_Residential,5,55,3,Severe Inundation
W011,Sholinganallur IT Corridor,South-East,12.901,80.2279,131.93,37.78,4.98,3202.7,4.9,0.85,3.73,58.9,37.1,Commercial,9,115,3,Severe Inundation
W010,Kolathur Urban Catchment,North-West,13.1235,80.2188,39.63,14.21,2.59,1221.8,9.17,1.79,3.18,44.7,53.1,High_Density_Residential,7,85,0,Low
W001,T. Nagar Commercial Hub,Central,13.0418,80.2341,10.11,6.32,2.4,510.8,5.8,1.12,3.66,37.7,63.3,Commercial,8,90,0,Low
W007,Mylapore Heritage Sector,East,13.0368,80.2676,20.46,6.36,2.18,928.1,9.17,1.07,4.34,28.5,74.3,High_Density_Residential,5,55,0,Low
W007,Mylapore Heritage Sector,East,13.0368,80.2676,12.71,5.68,1.88,824.0,8.87,0.91,4.53,40.2,65.0,High_Density_Residential,5,55,0,Low
W004,Guindy Ridge Sector,South-Central,13.0067,80.2025,71.37,14.01,1.98,1186.9,13.7,2.42,4.14,24.3,79.3,Industrial,4,45,0,Low
W016,Koyambedu Market Heights,West,13.069,80.194,147.39,41.11,2.16,7604.5,16.89,2.46,4.38,17.8,78.3,Commercial,3,35,0,Low
W008,Tambaram Outer Plateau,South-West,12.9249,80.1,86.22,20.02,0.54,1684.1,21.62,3.26,3.14,15.0,76.5,Low_Density_Residential,3,40,0,Low
W020,Mudichur Lake Sink,South-West,12.912,80.068,78.79,24.89,4.8,2734.8,2.35,0.37,1.78,33.9,54.7,High_Density_Residential,14,165,3,Severe Inundation
W007,Mylapore Heritage Sector,East,13.0368,80.2676,19.94,2.08,1.9,411.5,8.59,1.29,4.33,29.4,63.9,High_Density_Residential,5,55,0,Low
W013,Pallikaranai Marsh Reserve,South-East,12.936,80.214,18.69,4.52,3.43,675.4,1.65,0.2,1.63,21.3,83.4,Green_Space,15,175,0,Low
W008,Tambaram Outer Plateau,South-West,12.9249,80.1,70.01,22.95,0.41,2300.8,22.03,3.27,3.37,58.7,50.2,Low_Density_Residential,3,40,0,Low
W018,Ambattur Industrial Zone,North-West,13.114,80.154,122.45,44.13,3.52,6690.5,11.14,1.89,3.51,24.7,81.0,Industrial,5,60,2,High
W011,Sholinganallur IT Corridor,South-East,12.901,80.2279,75.59,18.65,3.72,1475.8,5.43,0.33,3.2,37.1,61.4,Commercial,9,115,2,High
W010,Kolathur Urban Catchment,North-West,13.1235,80.2188,31.25,8.84,2.16,978.3,8.96,1.12,3.08,20.8,81.4,High_Density_Residential,7,85,0,Low
W013,Pallikaranai Marsh Reserve,South-East,12.936,80.214,68.15,23.85,4.53,1257.4,2.24,0.2,1.15,16.4,75.7,Green_Space,15,175,2,High
W015,St. Thomas Mount Ridge,South-Central,13.004,80.191,4.21,5.96,0.4,484.9,24.22,3.63,4.73,75.9,23.6,Low_Density_Residential,1,15,0,Low
W018,Ambattur Industrial Zone,North-West,13.114,80.154,10.87,3.93,1.37,964.7,11.39,1.76,3.63,61.5,33.5,Industrial,5,60,0,Low
W012,Manali Petrochemical Lowland,North-East,13.1706,80.2605,104.7,23.66,4.66,7197.3,3.66,0.28,1.93,28.8,61.2,Industrial,11,135,3,Severe Inundation
W010,Kolathur Urban Catchment,North-West,13.1235,80.2188,173.76,22.59,4.9,7001.3,9.26,1.4,3.19,62.4,39.2,High_Density_Residential,7,85,3,Severe Inundation
W009,Perambur Railway Lowlands,North,13.1114,80.2437,95.26,23.58,4.63,4585.6,5.32,0.48,2.71,11.5,80.8,Commercial,10,125,3,Severe Inundation
W012,Manali Petrochemical Lowland,North-East,13.1706,80.2605,53.67,15.14,4.02,1046.3,2.75,0.2,2.03,12.2,88.9,Industrial,11,135,2,High
W017,Saidapet Riverine Basin,Central,13.021,80.223,142.31,31.24,5.88,7213.7,4.3,0.61,2.82,48.7,51.6,High_Density_Residential,11,130,3,Severe Inundation
W016,Koyambedu Market Heights,West,13.069,80.194,33.11,7.15,0.77,612.3,16.54,2.49,4.05,43.7,55.3,Commercial,3,35,0,Low
W015,St. Thomas Mount Ridge,South-Central,13.004,80.191,71.45,9.26,0.59,1573.7,23.75,3.66,4.64,26.8,73.1,Low_Density_Residential,1,15,0,Low
W004,Guindy Ridge Sector,South-Central,13.0067,80.2025,36.96,22.94,1.34,2967.1,15.36,2.26,4.42,19.4,88.7,Industrial,4,45,0,Low
W016,Koyambedu Market Heights,West,13.069,80.194,26.72,6.39,0.44,168.5,16.93,2.57,3.45,71.8,29.0,Commercial,3,35,0,Low
W011,Sholinganallur IT Corridor,South-East,12.901,80.2279,6.03,7.6,2.69,337.1,4.41,0.62,3.53,32.5,65.5,Commercial,9,115,0,Low
W007,Mylapore Heritage Sector,East,13.0368,80.2676,27.07,5.2,2.17,639.2,8.67,1.09,4.92,43.5,62.2,High_Density_Residential,5,55,0,Low
W012,Manali Petrochemical Lowland,North-East,13.1706,80.2605,242.49,72.83,8.69,14840.3,3.28,0.2,2.21,45.9,54.2,Industrial,11,135,3,Severe Inundation
W011,Sholinganallur IT Corridor,South-East,12.901,80.2279,103.8,33.78,4.9,3554.8,4.72,0.41,3.8,42.0,64.6,Commercial,9,115,3,Severe Inundation
W014,Porur Lake Fringe,West,13.033,80.158,8.01,9.41,2.58,248.0,5.29,0.58,2.29,34.3,68.7,High_Density_Residential,9,105,0,Low
W002,Velachery Lowlands,South,12.9815,80.218,4.16,7.97,2.87,297.1,3.6,0.63,2.6,9.1,92.1,High_Density_Residential,12,140,0,Low
W019,Royapettah Central,Central,13.053,80.261,217.68,58.14,5.51,17805.1,9.54,1.43,4.3,72.0,26.9,Commercial,4,50,3,Severe Inundation
W008,Tambaram Outer Plateau,South-West,12.9249,80.1,38.15,9.49,0.4,1831.3,21.68,3.19,3.13,51.2,46.0,Low_Density_Residential,3,40,0,Low
W005,Adyar Estuary Buffer,Coastal,13.0012,80.2565,15.64,7.59,2.64,734.7,4.04,0.62,2.89,35.1,69.3,Green_Space,9,110,0,Low
W001,T. Nagar Commercial Hub,Central,13.0418,80.2341,319.4,65.71,8.79,15461.4,6.32,0.56,3.92,52.2,47.8,Commercial,8,90,3,Severe Inundation
W009,Perambur Railway Lowlands,North,13.1114,80.2437,8.46,6.93,2.01,863.5,5.42,0.66,2.43,31.4,69.3,Commercial,10,125,0,Low
W018,Ambattur Industrial Zone,North-West,13.114,80.154,28.88,1.27,1.76,271.3,10.76,1.86,3.54,40.3,65.0,Industrial,5,60,0,Low
W019,Royapettah Central,Central,13.053,80.261,26.18,8.07,2.26,744.9,9.34,1.46,3.93,33.3,68.1,Commercial,4,50,0,Low
W019,Royapettah Central,Central,13.053,80.261,144.87,22.09,4.08,6799.7,9.01,1.63,4.19,46.5,52.3,Commercial,4,50,2,High
W014,Porur Lake Fringe,West,13.033,80.158,4.56,9.24,2.11,370.3,6.02,0.75,2.16,64.3,32.0,High_Density_Residential,9,105,0,Low
W010,Kolathur Urban Catchment,North-West,13.1235,80.2188,33.53,1.77,2.52,794.1,8.52,1.41,2.78,46.3,49.6,High_Density_Residential,7,85,0,Low
W005,Adyar Estuary Buffer,Coastal,13.0012,80.2565,190.72,48.99,7.03,17127.2,3.56,0.77,3.05,80.6,18.8,Green_Space,9,110,3,Severe Inundation
W007,Mylapore Heritage Sector,East,13.0368,80.2676,31.14,6.04,1.97,363.7,8.9,1.29,4.61,53.3,41.7,High_Density_Residential,5,55,0,Low
W011,Sholinganallur IT Corridor,South-East,12.901,80.2279,319.16,75.42,9.35,16255.6,5.09,0.48,3.71,49.3,49.2,Commercial,9,115,3,Severe Inundation
W008,Tambaram Outer Plateau,South-West,12.9249,80.1,20.17,7.15,0.4,382.7,21.2,3.29,3.51,37.9,61.5,Low_Density_Residential,3,40,0,Low
W013,Pallikaranai Marsh Reserve,South-East,12.936,80.214,27.33,5.71,3.54,224.5,2.08,0.2,1.99,32.5,63.2,Green_Space,15,175,1,Moderate
W019,Royapettah Central,Central,13.053,80.261,153.1,26.38,4.67,5226.1,9.02,1.54,4.54,33.5,71.1,Commercial,4,50,2,High
W008,Tambaram Outer Plateau,South-West,12.9249,80.1,165.52,43.06,1.26,6192.9,22.14,3.18,3.33,25.6,75.6,Low_Density_Residential,3,40,0,Low
W016,Koyambedu Market Heights,West,13.069,80.194,85.22,19.32,0.93,1159.2,17.7,2.45,4.05,53.2,53.6,Commercial,3,35,0,Low
W018,Ambattur Industrial Zone,North-West,13.114,80.154,79.73,18.58,2.92,2563.9,11.57,1.92,3.46,52.1,54.2,Industrial,5,60,0,Low
W011,Sholinganallur IT Corridor,South-East,12.901,80.2279,118.67,31.21,4.97,4958.0,4.34,0.73,3.74,38.1,59.7,Commercial,9,115,3,Severe Inundation
W009,Perambur Railway Lowlands,North,13.1114,80.2437,14.78,6.07,2.54,498.3,4.82,0.89,2.31,23.3,81.1,Commercial,10,125,0,Low
W016,Koyambedu Market Heights,West,13.069,80.194,25.46,6.45,0.4,142.2,18.29,2.52,3.82,50.7,45.5,Commercial,3,35,0,Low
W016,Koyambedu Market Heights,West,13.069,80.194,16.17,3.14,0.69,453.1,16.31,2.23,3.92,46.4,48.0,Commercial,3,35,0,Low
W015,St. Thomas Mount Ridge,South-Central,13.004,80.191,286.79,63.41,2.94,11860.5,23.68,3.56,4.7,49.8,57.7,Low_Density_Residential,1,15,1,Moderate
W006,Anna Nagar High Ridge,West,13.085,80.2101,4.73,4.62,0.4,898.8,18.58,2.97,4.83,50.0,56.3,Low_Density_Residential,1,20,0,Low
W012,Manali Petrochemical Lowland,North-East,13.1706,80.2605,45.41,21.46,3.63,1970.8,3.05,0.4,2.04,10.1,94.8,Industrial,11,135,2,High
W006,Anna Nagar High Ridge,West,13.085,80.2101,14.68,9.07,0.4,631.3,18.39,2.7,5.32,73.2,22.3,Low_Density_Residential,1,20,0,Low
W005,Adyar Estuary Buffer,Coastal,13.0012,80.2565,12.3,4.82,2.89,146.4,4.09,0.51,3.03,59.2,48.8,Green_Space,9,110,0,Low
W018,Ambattur Industrial Zone,North-West,13.114,80.154,248.49,82.87,5.08,15135.2,11.91,1.9,3.59,18.2,74.9,Industrial,5,60,3,Severe Inundation
W016,Koyambedu Market Heights,West,13.069,80.194,10.62,1.88,0.4,454.9,16.64,2.67,3.77,29.4,71.7,Commercial,3,35,0,Low
W006,Anna Nagar High Ridge,West,13.085,80.2101,35.12,15.05,0.51,2194.1,18.59,2.64,4.94,5.2,99.3,Low_Density_Residential,1,20,0,Low
W018,Ambattur Industrial Zone,North-West,13.114,80.154,331.08,94.28,6.98,7660.1,10.83,1.94,3.56,74.0,22.9,Industrial,5,60,3,Severe Inundation
W002,Velachery Lowlands,South,12.9815,80.218,34.63,9.16,3.22,596.9,3.63,0.53,2.33,69.5,32.0,High_Density_Residential,12,140,1,Moderate
W017,Saidapet Riverine Basin,Central,13.021,80.223,63.17,12.33,4.1,2028.4,3.94,0.47,2.74,31.5,66.6,High_Density_Residential,11,130,2,High
W002,Velachery Lowlands,South,12.9815,80.218,26.03,7.44,3.23,974.3,3.36,0.37,2.21,82.9,18.4,High_Density_Residential,12,140,1,Moderate
W003,Madipakkam Lake Basin,South,12.9647,80.1961,175.14,49.02,7.02,7134.8,2.34,0.34,1.59,79.0,23.0,High_Density_Residential,14,160,3,Severe Inundation
W002,Velachery Lowlands,South,12.9815,80.218,71.55,24.74,4.18,1873.3,3.84,0.76,2.03,58.8,50.6,High_Density_Residential,12,140,2,High
W001,T. Nagar Commercial Hub,Central,13.0418,80.2341,55.7,17.55,3.28,3064.8,6.4,0.91,3.56,64.9,35.7,Commercial,8,90,1,Moderate
W014,Porur Lake Fringe,West,13.033,80.158,178.88,20.94,6.1,5319.4,5.91,0.74,2.55,19.4,78.4,High_Density_Residential,9,105,3,Severe Inundation
W005,Adyar Estuary Buffer,Coastal,13.0012,80.2565,99.08,38.94,5.04,6386.7,4.38,0.61,2.98,69.5,31.1,Green_Space,9,110,2,High
W008,Tambaram Outer Plateau,South-West,12.9249,80.1,46.45,8.69,0.54,1174.9,22.23,3.15,3.51,40.4,63.7,Low_Density_Residential,3,40,0,Low
W003,Madipakkam Lake Basin,South,12.9647,80.1961,21.94,2.85,3.49,503.7,1.5,0.35,1.65,18.4,79.6,High_Density_Residential,14,160,1,Moderate
W005,Adyar Estuary Buffer,Coastal,13.0012,80.2565,9.05,3.08,2.52,370.6,3.95,0.5,2.75,51.8,48.5,Green_Space,9,110,0,Low
W001,T. Nagar Commercial Hub,Central,13.0418,80.2341,143.32,46.33,5.24,7332.0,6.13,0.72,3.64,49.8,62.9,Commercial,8,90,3,Severe Inundation
W007,Mylapore Heritage Sector,East,13.0368,80.2676,40.68,22.55,2.08,3130.5,9.4,1.12,4.45,58.9,52.8,High_Density_Residential,5,55,0,Low
W017,Saidapet Riverine Basin,Central,13.021,80.223,71.1,19.36,3.93,1969.1,3.25,0.65,2.78,19.3,70.5,High_Density_Residential,11,130,2,High
W015,St. Thomas Mount Ridge,South-Central,13.004,80.191,269.11,89.45,2.24,13485.9,23.97,3.65,4.68,23.1,79.8,Low_Density_Residential,1,15,2,High
W012,Manali Petrochemical Lowland,North-East,13.1706,80.2605,121.5,34.5,5.12,7163.8,3.94,0.47,2.08,72.0,21.3,Industrial,11,135,3,Severe Inundation
W002,Velachery Lowlands,South,12.9815,80.218,96.38,38.17,5.1,5389.4,3.58,0.32,2.2,53.8,52.8,High_Density_Residential,12,140,3,Severe Inundation
W020,Mudichur Lake Sink,South-West,12.912,80.068,16.28,4.88,3.38,132.5,1.72,0.2,1.25,84.1,13.6,High_Density_Residential,14,165,1,Moderate
W020,Mudichur Lake Sink,South-West,12.912,80.068,127.06,47.2,6.12,6076.5,2.18,0.2,1.44,54.6,52.1,High_Density_Residential,14,165,3,Severe Inundation
W016,Koyambedu Market Heights,West,13.069,80.194,57.85,18.99,0.45,1187.8,17.18,2.56,4.0,52.2,50.1,Commercial,3,35,0,Low
W016,Koyambedu Market Heights,West,13.069,80.194,87.79,21.18,1.25,2244.5,16.28,2.54,4.08,31.2,57.0,Commercial,3,35,0,Low
W001,T. Nagar Commercial Hub,Central,13.0418,80.2341,18.94,3.86,2.64,486.5,6.49,1.01,3.76,32.6,65.5,Commercial,8,90,0,Low
W001,T. Nagar Commercial Hub,Central,13.0418,80.2341,8.0,7.42,1.89,104.4,6.31,0.92,3.89,23.7,75.3,Commercial,8,90,0,Low
W018,Ambattur Industrial Zone,North-West,13.114,80.154,27.95,7.48,1.51,548.3,11.91,1.74,3.15,31.5,64.5,Industrial,5,60,0,Low
W018,Ambattur Industrial Zone,North-West,13.114,80.154,19.39,2.57,1.61,900.9,11.02,1.95,3.8,39.0,55.4,Industrial,5,60,0,Low
W014,Porur Lake Fringe,West,13.033,80.158,45.95,8.51,3.1,1652.2,5.35,0.88,2.3,22.6,77.4,High_Density_Residential,9,105,1,Moderate
W001,T. Nagar Commercial Hub,Central,13.0418,80.2341,73.92,14.65,4.07,3444.0,5.59,0.68,3.93,12.8,83.5,Commercial,8,90,1,Moderate
W001,T. Nagar Commercial Hub,Central,13.0418,80.2341,42.86,23.66,3.03,3413.9,6.63,0.9,3.85,46.3,47.2,Commercial,8,90,1,Moderate
W017,Saidapet Riverine Basin,Central,13.021,80.223,3.17,7.85,2.46,397.9,3.95,0.61,2.56,52.9,48.0,High_Density_Residential,11,130,0,Low
W009,Perambur Railway Lowlands,North,13.1114,80.2437,30.68,4.15,3.09,475.0,4.3,0.58,2.07,10.5,86.9,Commercial,10,125,0,Low
W018,Ambattur Industrial Zone,North-West,13.114,80.154,3.23,2.57,1.51,326.5,10.87,1.84,3.78,32.1,80.6,Industrial,5,60,0,Low
W010,Kolathur Urban Catchment,North-West,13.1235,80.2188,150.13,48.72,4.26,7739.8,9.45,1.33,3.01,45.2,47.8,High_Density_Residential,7,85,3,Severe Inundation
W001,T. Nagar Commercial Hub,Central,13.0418,80.2341,209.71,85.7,6.32,13231.5,6.73,0.71,3.6,45.4,54.6,Commercial,8,90,3,Severe Inundation
W017,Saidapet Riverine Basin,Central,13.021,80.223,243.84,61.81,8.73,10366.4,3.54,0.76,2.92,31.2,64.1,High_Density_Residential,11,130,3,Severe Inundation
W014,Porur Lake Fringe,West,13.033,80.158,11.55,2.16,2.53,779.4,5.38,0.48,2.54,41.2,59.5,High_Density_Residential,9,105,0,Low
W006,Anna Nagar High Ridge,West,13.085,80.2101,108.57,26.48,1.41,7641.1,17.94,2.75,5.14,59.0,40.4,Low_Density_Residential,1,20,0,Low
W004,Guindy Ridge Sector,South-Central,13.0067,80.2025,269.39,46.73,4.59,11310.3,14.3,2.1,4.24,13.9,92.0,Industrial,4,45,3,Severe Inundation
W004,Guindy Ridge Sector,South-Central,13.0067,80.2025,33.4,5.78,1.21,956.8,14.36,2.01,3.95,46.7,63.5,Industrial,4,45,0,Low
W017,Saidapet Riverine Basin,Central,13.021,80.223,28.73,2.56,3.3,711.5,3.7,0.6,2.78,29.6,62.5,High_Density_Residential,11,130,1,Moderate
W005,Adyar Estuary Buffer,Coastal,13.0012,80.2565,50.25,15.65,3.82,1838.6,3.79,0.63,2.62,34.6,65.7,Green_Space,9,110,1,Moderate
W008,Tambaram Outer Plateau,South-West,12.9249,80.1,137.77,35.04,1.19,3900.2,21.67,3.36,3.14,33.7,61.0,Low_Density_Residential,3,40,0,Low
W007,Mylapore Heritage Sector,East,13.0368,80.2676,104.02,46.41,3.66,5845.3,8.06,1.23,4.57,15.1,81.3,High_Density_Residential,5,55,2,High
W020,Mudichur Lake Sink,South-West,12.912,80.068,86.99,22.64,4.84,3135.5,2.62,0.2,1.46,9.0,90.3,High_Density_Residential,14,165,3,Severe Inundation
W017,Saidapet Riverine Basin,Central,13.021,80.223,194.3,50.96,7.19,14843.9,4.4,0.47,3.1,36.8,60.4,High_Density_Residential,11,130,3,Severe Inundation
W009,Perambur Railway Lowlands,North,13.1114,80.2437,257.97,77.61,8.31,16761.4,4.88,0.47,2.42,35.9,69.9,Commercial,10,125,3,Severe Inundation
W012,Manali Petrochemical Lowland,North-East,13.1706,80.2605,34.06,9.79,3.66,398.4,2.76,0.34,2.05,19.1,86.0,Industrial,11,135,1,Moderate
W009,Perambur Railway Lowlands,North,13.1114,80.2437,56.65,16.22,3.68,2502.1,4.74,0.56,2.36,8.6,84.5,Commercial,10,125,2,High
W013,Pallikaranai Marsh Reserve,South-East,12.936,80.214,67.06,15.26,4.7,2516.9,2.05,0.29,1.76,25.4,75.8,Green_Space,15,175,2,High
W003,Madipakkam Lake Basin,South,12.9647,80.1961,82.17,20.18,4.75,3474.1,2.01,0.31,1.36,72.0,24.5,High_Density_Residential,14,160,3,Severe Inundation
W012,Manali Petrochemical Lowland,North-East,13.1706,80.2605,28.81,6.08,3.28,553.2,3.14,0.44,2.16,39.6,61.9,Industrial,11,135,1,Moderate
W013,Pallikaranai Marsh Reserve,South-East,12.936,80.214,60.19,17.62,4.33,2344.6,2.41,0.2,1.41,22.3,78.1,Green_Space,15,175,2,High
W015,St. Thomas Mount Ridge,South-Central,13.004,80.191,25.48,2.89,0.4,815.0,24.52,3.47,4.82,38.4,58.9,Low_Density_Residential,1,15,0,Low
W019,Royapettah Central,Central,13.053,80.261,15.55,5.73,1.82,816.8,9.43,1.51,3.67,56.6,49.8,Commercial,4,50,0,Low
W008,Tambaram Outer Plateau,South-West,12.9249,80.1,8.35,2.14,0.4,105.9,21.8,3.01,3.18,43.7,44.8,Low_Density_Residential,3,40,0,Low
W008,Tambaram Outer Plateau,South-West,12.9249,80.1,30.64,3.2,0.4,749.6,21.89,2.96,3.14,52.3,53.2,Low_Density_Residential,3,40,0,Low
W010,Kolathur Urban Catchment,North-West,13.1235,80.2188,136.5,33.82,4.3,3282.6,9.23,1.3,3.14,77.4,15.1,High_Density_Residential,7,85,3,Severe Inundation
W003,Madipakkam Lake Basin,South,12.9647,80.1961,45.31,19.88,3.99,3132.2,2.8,0.35,1.95,78.2,21.0,High_Density_Residential,14,160,2,High
W002,Velachery Lowlands,South,12.9815,80.218,141.33,21.14,5.88,6179.2,3.53,0.2,2.05,44.6,56.2,High_Density_Residential,12,140,3,Severe Inundation
W003,Madipakkam Lake Basin,South,12.9647,80.1961,6.8,5.37,2.89,937.4,2.49,0.2,1.6,45.2,51.1,High_Density_Residential,14,160,1,Moderate
W013,Pallikaranai Marsh Reserve,South-East,12.936,80.214,86.8,10.65,4.66,1848.8,2.22,0.25,1.4,43.6,58.5,Green_Space,15,175,2,High
W013,Pallikaranai Marsh Reserve,South-East,12.936,80.214,240.18,56.49,8.85,16625.9,1.54,0.29,1.52,76.8,17.8,Green_Space,15,175,3,Severe Inundation
W013,Pallikaranai Marsh Reserve,South-East,12.936,80.214,95.95,25.78,4.85,7463.2,1.67,0.2,1.44,54.2,45.4,Green_Space,15,175,3,Severe Inundation
W018,Ambattur Industrial Zone,North-West,13.114,80.154,49.06,21.33,1.94,2943.1,11.78,1.93,3.52,48.1,48.2,Industrial,5,60,0,Low
W016,Koyambedu Market Heights,West,13.069,80.194,39.97,24.23,0.73,1624.7,16.98,2.59,3.85,59.9,42.6,Commercial,3,35,0,Low
W002,Velachery Lowlands,South,12.9815,80.218,39.25,20.83,3.82,1013.4,3.06,0.47,2.04,59.7,35.3,High_Density_Residential,12,140,2,High
W001,T. Nagar Commercial Hub,Central,13.0418,80.2341,33.18,9.74,2.74,932.4,6.61,0.57,3.68,83.5,19.6,Commercial,8,90,1,Moderate
W006,Anna Nagar High Ridge,West,13.085,80.2101,13.43,1.32,0.4,399.1,18.46,2.68,4.84,29.4,66.8,Low_Density_Residential,1,20,0,Low
W003,Madipakkam Lake Basin,South,12.9647,80.1961,3.14,1.74,3.03,198.6,2.61,0.27,1.9,47.2,49.7,High_Density_Residential,14,160,1,Moderate
W016,Koyambedu Market Heights,West,13.069,80.194,2.94,5.15,0.4,613.5,16.46,2.52,3.73,70.9,30.1,Commercial,3,35,0,Low
W014,Porur Lake Fringe,West,13.033,80.158,194.97,74.56,6.48,12662.5,5.74,0.99,2.23,26.3,71.0,High_Density_Residential,9,105,3,Severe Inundation
W011,Sholinganallur IT Corridor,South-East,12.901,80.2279,135.21,33.89,5.83,4158.1,3.64,0.5,3.53,46.7,43.5,Commercial,9,115,3,Severe Inundation
W019,Royapettah Central,Central,13.053,80.261,141.51,28.91,4.66,3607.0,9.18,1.44,4.07,38.6,65.3,Commercial,4,50,2,High
W004,Guindy Ridge Sector,South-Central,13.0067,80.2025,233.65,80.32,4.34,17569.7,13.87,2.16,4.34,37.0,54.9,Industrial,4,45,3,Severe Inundation
W017,Saidapet Riverine Basin,Central,13.021,80.223,87.51,24.17,4.72,2310.4,3.78,0.31,2.63,61.5,43.0,High_Density_Residential,11,130,3,Severe Inundation
W002,Velachery Lowlands,South,12.9815,80.218,39.87,20.59,3.42,1392.8,3.26,0.39,2.16,52.8,44.9,High_Density_Residential,12,140,2,High
W008,Tambaram Outer Plateau,South-West,12.9249,80.1,103.62,39.86,0.87,7313.6,21.7,3.12,3.15,30.9,71.2,Low_Density_Residential,3,40,0,Low
W007,Mylapore Heritage Sector,East,13.0368,80.2676,18.1,1.49,1.96,998.6,8.88,1.26,4.69,16.6,85.9,High_Density_Residential,5,55,0,Low
W019,Royapettah Central,Central,13.053,80.261,20.08,5.02,2.42,393.2,9.27,1.51,4.51,75.5,21.9,Commercial,4,50,0,Low
W016,Koyambedu Market Heights,West,13.069,80.194,129.1,44.56,1.75,4476.9,17.21,2.42,3.96,50.8,46.8,Commercial,3,35,0,Low
W009,Perambur Railway Lowlands,North,13.1114,80.2437,21.11,2.3,2.69,289.9,4.54,0.51,2.1,40.0,56.6,Commercial,10,125,0,Low
W002,Velachery Lowlands,South,12.9815,80.218,264.63,73.77,8.48,17439.8,3.36,0.58,1.97,86.6,17.0,High_Density_Residential,12,140,3,Severe Inundation
W003,Madipakkam Lake Basin,South,12.9647,80.1961,17.29,1.01,3.27,599.0,2.11,0.43,1.93,22.4,85.4,High_Density_Residential,14,160,0,Low
W009,Perambur Railway Lowlands,North,13.1114,80.2437,77.44,10.17,3.68,3418.5,5.28,0.45,2.49,45.5,55.8,Commercial,10,125,2,High
W018,Ambattur Industrial Zone,North-West,13.114,80.154,14.97,4.03,1.73,518.6,10.25,1.75,3.62,29.0,67.1,Industrial,5,60,0,Low
W019,Royapettah Central,Central,13.053,80.261,3.34,1.82,1.57,712.1,9.77,1.48,4.51,19.7,83.3,Commercial,4,50,0,Low
W002,Velachery Lowlands,South,12.9815,80.218,31.0,7.28,3.64,301.2,2.79,0.6,1.92,81.3,25.7,High_Density_Residential,12,140,1,Moderate
W006,Anna Nagar High Ridge,West,13.085,80.2101,79.52,15.98,0.79,1112.0,18.28,2.55,4.77,37.8,62.7,Low_Density_Residential,1,20,0,Low
W011,Sholinganallur IT Corridor,South-East,12.901,80.2279,37.49,10.41,3.08,2391.3,5.25,0.27,3.01,72.0,29.2,Commercial,9,115,1,Moderate
W001,T. Nagar Commercial Hub,Central,13.0418,80.2341,85.85,19.94,3.57,3313.8,6.47,0.41,3.93,24.3,76.7,Commercial,8,90,2,High
W007,Mylapore Heritage Sector,East,13.0368,80.2676,88.77,22.45,3.03,2681.2,9.11,1.43,4.86,9.6,90.4,High_Density_Residential,5,55,0,Low
W019,Royapettah Central,Central,13.053,80.261,76.87,20.94,2.89,1927.1,9.34,1.53,4.13,5.3,85.5,Commercial,4,50,1,Moderate
W005,Adyar Estuary Buffer,Coastal,13.0012,80.2565,85.59,16.43,4.43,1944.1,3.82,0.62,2.67,38.9,55.3,Green_Space,9,110,1,Moderate
W013,Pallikaranai Marsh Reserve,South-East,12.936,80.214,124.6,26.65,5.64,4454.8,2.8,0.2,1.51,12.8,91.8,Green_Space,15,175,3,Severe Inundation
W003,Madipakkam Lake Basin,South,12.9647,80.1961,212.29,59.5,7.96,14849.7,2.62,0.2,2.02,28.3,69.9,High_Density_Residential,14,160,3,Severe Inundation
W010,Kolathur Urban Catchment,North-West,13.1235,80.2188,11.77,4.25,2.07,319.9,8.47,1.38,2.87,53.9,44.2,High_Density_Residential,7,85,0,Low
W006,Anna Nagar High Ridge,West,13.085,80.2101,72.89,14.61,0.4,1243.0,18.77,2.97,5.12,45.8,56.6,Low_Density_Residential,1,20,0,Low
W019,Royapettah Central,Central,13.053,80.261,29.81,8.47,1.76,453.0,10.21,1.68,4.2,22.4,79.2,Commercial,4,50,0,Low
W008,Tambaram Outer Plateau,South-West,12.9249,80.1,86.99,12.16,0.9,1091.5,22.81,3.08,3.25,49.4,49.8,Low_Density_Residential,3,40,0,Low
W019,Royapettah Central,Central,13.053,80.261,63.35,14.36,2.34,1079.5,9.36,1.37,4.24,67.2,34.6,Commercial,4,50,0,Low
W013,Pallikaranai Marsh Reserve,South-East,12.936,80.214,23.6,7.26,3.09,353.4,2.43,0.2,1.31,9.0,90.6,Green_Space,15,175,0,Low
W018,Ambattur Industrial Zone,North-West,13.114,80.154,29.84,7.64,2.16,896.1,11.02,1.58,3.64,75.5,27.3,Industrial,5,60,0,Low
W011,Sholinganallur IT Corridor,South-East,12.901,80.2279,26.31,3.07,2.88,636.9,4.93,0.34,2.97,15.6,84.3,Commercial,9,115,0,Low
W013,Pallikaranai Marsh Reserve,South-East,12.936,80.214,20.04,5.31,3.41,903.8,2.01,0.2,1.31,82.8,16.6,Green_Space,15,175,1,Moderate
W005,Adyar Estuary Buffer,Coastal,13.0012,80.2565,7.86,9.34,2.81,782.3,4.27,0.99,2.63,21.5,86.6,Green_Space,9,110,0,Low
W003,Madipakkam Lake Basin,South,12.9647,80.1961,21.37,9.82,3.21,977.2,2.73,0.24,2.24,5.0,95.8,High_Density_Residential,14,160,1,Moderate
W017,Saidapet Riverine Basin,Central,13.021,80.223,80.11,10.36,4.63,1612.0,3.48,0.51,2.89,35.7,70.3,High_Density_Residential,11,130,2,High
W012,Manali Petrochemical Lowland,North-East,13.1706,80.2605,22.35,1.45,3.17,226.8,3.06,0.59,1.82,43.5,52.4,Industrial,11,135,1,Moderate
W002,Velachery Lowlands,South,12.9815,80.218,85.61,20.72,4.98,3073.9,3.1,0.33,2.03,43.9,56.0,High_Density_Residential,12,140,3,Severe Inundation
W004,Guindy Ridge Sector,South-Central,13.0067,80.2025,46.68,16.2,1.35,1880.3,14.65,2.0,3.85,41.6,64.1,Industrial,4,45,0,Low
W014,Porur Lake Fringe,West,13.033,80.158,27.37,5.51,2.93,810.0,5.51,0.82,2.4,49.3,45.2,High_Density_Residential,9,105,1,Moderate
W008,Tambaram Outer Plateau,South-West,12.9249,80.1,52.54,9.53,0.4,925.6,21.88,2.91,3.17,59.5,46.1,Low_Density_Residential,3,40,0,Low
W003,Madipakkam Lake Basin,South,12.9647,80.1961,41.06,10.15,3.71,1283.5,3.68,0.2,1.76,44.3,55.3,High_Density_Residential,14,160,1,Moderate
W011,Sholinganallur IT Corridor,South-East,12.901,80.2279,74.6,10.8,3.97,2839.5,4.57,0.63,3.2,24.8,77.4,Commercial,9,115,2,High
W020,Mudichur Lake Sink,South-West,12.912,80.068,4.76,3.46,2.86,687.0,2.27,0.37,1.14,55.5,38.3,High_Density_Residential,14,165,1,Moderate
W020,Mudichur Lake Sink,South-West,12.912,80.068,158.65,26.84,6.52,6068.3,2.54,0.42,1.67,61.8,34.0,High_Density_Residential,14,165,3,Severe Inundation
W020,Mudichur Lake Sink,South-West,12.912,80.068,73.1,16.38,4.6,1633.1,1.67,0.24,1.49,49.9,47.1,High_Density_Residential,14,165,3,Severe Inundation
W013,Pallikaranai Marsh Reserve,South-East,12.936,80.214,176.02,24.47,7.16,5852.6,2.11,0.2,1.6,45.2,58.0,Green_Space,15,175,3,Severe Inundation
W011,Sholinganallur IT Corridor,South-East,12.901,80.2279,211.11,70.22,7.09,15410.2,4.78,0.4,3.18,58.0,39.1,Commercial,9,115,3,Severe Inundation
W001,T. Nagar Commercial Hub,Central,13.0418,80.2341,46.46,22.93,2.79,2082.7,6.52,0.76,3.9,49.2,51.7,Commercial,8,90,1,Moderate
W009,Perambur Railway Lowlands,North,13.1114,80.2437,137.75,32.87,5.81,7069.0,4.26,0.53,2.46,59.3,32.1,Commercial,10,125,3,Severe Inundation
W015,St. Thomas Mount Ridge,South-Central,13.004,80.191,321.65,82.98,2.69,11709.9,23.89,3.71,4.82,41.6,47.8,Low_Density_Residential,1,15,2,High
W016,Koyambedu Market Heights,West,13.069,80.194,93.65,45.73,1.2,3138.3,16.91,2.46,4.28,57.0,50.2,Commercial,3,35,0,Low
W008,Tambaram Outer Plateau,South-West,12.9249,80.1,331.84,82.64,2.75,10165.0,21.89,3.23,3.04,63.2,37.4,Low_Density_Residential,3,40,3,Severe Inundation
W012,Manali Petrochemical Lowland,North-East,13.1706,80.2605,21.68,6.46,3.08,530.2,3.47,0.54,1.99,45.6,52.4,Industrial,11,135,1,Moderate
W018,Ambattur Industrial Zone,North-West,13.114,80.154,70.8,19.11,2.28,1488.2,10.61,1.7,3.58,70.0,35.0,Industrial,5,60,0,Low
W013,Pallikaranai Marsh Reserve,South-East,12.936,80.214,53.61,22.47,4.32,2135.8,1.84,0.31,1.78,30.3,76.2,Green_Space,15,175,2,High
W014,Porur Lake Fringe,West,13.033,80.158,39.27,13.37,2.86,3018.3,5.54,0.64,2.44,21.5,78.3,High_Density_Residential,9,105,1,Moderate
W006,Anna Nagar High Ridge,West,13.085,80.2101,205.26,80.77,1.85,10414.9,18.45,2.65,5.16,26.7,72.4,Low_Density_Residential,1,20,1,Moderate
W019,Royapettah Central,Central,13.053,80.261,25.81,6.32,2.13,956.6,9.48,1.36,4.4,57.3,44.1,Commercial,4,50,0,Low
W013,Pallikaranai Marsh Reserve,South-East,12.936,80.214,99.37,26.11,4.99,3190.5,2.49,0.3,1.66,37.8,61.4,Green_Space,15,175,2,High
W003,Madipakkam Lake Basin,South,12.9647,80.1961,89.88,21.18,4.86,3169.0,2.46,0.2,1.79,41.9,60.7,High_Density_Residential,14,160,3,Severe Inundation
W020,Mudichur Lake Sink,South-West,12.912,80.068,226.87,75.88,8.41,14786.8,1.59,0.36,1.53,59.8,45.4,High_Density_Residential,14,165,3,Severe Inundation
W010,Kolathur Urban Catchment,North-West,13.1235,80.2188,75.0,17.1,2.82,3240.0,8.82,1.4,3.08,27.3,76.8,High_Density_Residential,7,85,1,Moderate
W008,Tambaram Outer Plateau,South-West,12.9249,80.1,241.12,60.65,2.02,17086.1,21.89,3.2,2.91,19.0,76.0,Low_Density_Residential,3,40,1,Moderate
W003,Madipakkam Lake Basin,South,12.9647,80.1961,308.28,94.02,10.46,15346.5,2.67,0.49,1.78,34.9,69.3,High_Density_Residential,14,160,3,Severe Inundation
W003,Madipakkam Lake Basin,South,12.9647,80.1961,45.13,12.36,3.77,894.4,2.31,0.33,2.07,23.3,70.4,High_Density_Residential,14,160,2,High
W009,Perambur Railway Lowlands,North,13.1114,80.2437,34.27,1.69,2.94,554.7,4.26,0.61,2.37,13.4,90.0,Commercial,10,125,0,Low
W005,Adyar Estuary Buffer,Coastal,13.0012,80.2565,7.46,9.04,2.38,642.5,4.72,0.69,2.86,18.9,77.4,Green_Space,9,110,0,Low
W013,Pallikaranai Marsh Reserve,South-East,12.936,80.214,55.13,15.8,4.14,1659.2,2.65,0.2,1.62,24.4,78.2,Green_Space,15,175,2,High
W005,Adyar Estuary Buffer,Coastal,13.0012,80.2565,6.09,9.37,2.65,248.0,3.68,0.53,2.55,53.7,41.6,Green_Space,9,110,0,Low
W013,Pallikaranai Marsh Reserve,South-East,12.936,80.214,81.78,8.9,4.96,1030.1,2.8,0.26,1.62,81.9,18.4,Green_Space,15,175,2,High
W011,Sholinganallur IT Corridor,South-East,12.901,80.2279,38.18,20.67,3.24,2154.9,4.66,0.55,3.52,65.5,31.8,Commercial,9,115,2,High
W012,Manali Petrochemical Lowland,North-East,13.1706,80.2605,8.29,6.62,2.91,534.5,3.27,0.29,2.29,47.0,47.8,Industrial,11,135,1,Moderate
W004,Guindy Ridge Sector,South-Central,13.0067,80.2025,305.95,76.34,4.56,17043.8,14.43,2.02,3.94,50.8,47.6,Industrial,4,45,3,Severe Inundation
W003,Madipakkam Lake Basin,South,12.9647,80.1961,3.51,2.64,2.85,722.5,2.96,0.35,1.62,48.5,60.1,High_Density_Residential,14,160,1,Moderate
W001,T. Nagar Commercial Hub,Central,13.0418,80.2341,228.62,64.84,7.02,12348.8,5.74,0.91,4.06,52.1,47.8,Commercial,8,90,3,Severe Inundation
W010,Kolathur Urban Catchment,North-West,13.1235,80.2188,27.67,3.97,2.59,938.1,8.74,1.24,3.04,5.0,90.6,High_Density_Residential,7,85,0,Low
W015,St. Thomas Mount Ridge,South-Central,13.004,80.191,250.89,62.6,2.23,12653.1,24.25,3.24,4.52,33.8,62.0,Low_Density_Residential,1,15,1,Moderate
W012,Manali Petrochemical Lowland,North-East,13.1706,80.2605,25.32,4.32,3.31,821.8,2.67,0.35,2.03,45.0,54.6,Industrial,11,135,1,Moderate
W009,Perambur Railway Lowlands,North,13.1114,80.2437,270.89,48.61,8.51,14882.2,5.24,0.86,2.68,12.2,89.8,Commercial,10,125,3,Severe Inundation
W004,Guindy Ridge Sector,South-Central,13.0067,80.2025,19.48,4.23,1.01,349.6,14.61,2.4,4.4,46.4,61.9,Industrial,4,45,0,Low
W005,Adyar Estuary Buffer,Coastal,13.0012,80.2565,115.55,23.06,5.09,4026.0,3.9,0.52,3.11,64.7,32.6,Green_Space,9,110,2,High
W003,Madipakkam Lake Basin,South,12.9647,80.1961,9.91,1.92,3.43,410.3,2.72,0.34,1.59,64.3,38.7,High_Density_Residential,14,160,1,Moderate
W006,Anna Nagar High Ridge,West,13.085,80.2101,58.23,24.86,0.4,3403.9,18.63,2.71,4.91,24.7,80.3,Low_Density_Residential,1,20,0,Low
W014,Porur Lake Fringe,West,13.033,80.158,103.78,39.14,4.21,6868.3,6.23,0.67,2.41,8.2,84.0,High_Density_Residential,9,105,3,Severe Inundation
W015,St. Thomas Mount Ridge,South-Central,13.004,80.191,323.8,92.48,2.87,8614.7,24.15,3.31,5.05,10.7,90.7,Low_Density_Residential,1,15,2,High
W018,Ambattur Industrial Zone,North-West,13.114,80.154,87.64,18.22,2.84,2500.0,11.2,1.8,3.46,11.8,84.9,Industrial,5,60,0,Low
W018,Ambattur Industrial Zone,North-West,13.114,80.154,109.86,32.5,3.16,3080.3,11.04,1.84,3.4,21.9,72.2,Industrial,5,60,1,Moderate
W017,Saidapet Riverine Basin,Central,13.021,80.223,17.87,9.36,3.28,777.0,3.68,0.54,2.74,19.6,84.2,High_Density_Residential,11,130,0,Low
W014,Porur Lake Fringe,West,13.033,80.158,208.29,50.97,6.91,9523.1,5.31,0.76,2.36,27.2,78.1,High_Density_Residential,9,105,3,Severe Inundation
W004,Guindy Ridge Sector,South-Central,13.0067,80.2025,12.45,2.57,0.89,535.0,14.15,2.11,4.11,42.0,54.9,Industrial,4,45,0,Low
W001,T. Nagar Commercial Hub,Central,13.0418,80.2341,36.62,12.53,2.93,2768.0,6.54,0.38,3.8,79.4,18.1,Commercial,8,90,1,Moderate
W003,Madipakkam Lake Basin,South,12.9647,80.1961,46.0,21.29,3.9,2082.7,1.67,0.39,1.97,29.8,69.4,High_Density_Residential,14,160,2,High
W012,Manali Petrochemical Lowland,North-East,13.1706,80.2605,145.77,29.19,6.1,4489.6,3.22,0.3,2.19,66.8,31.6,Industrial,11,135,3,Severe Inundation
W018,Ambattur Industrial Zone,North-West,13.114,80.154,111.92,45.81,2.93,5694.1,11.84,1.79,3.59,35.9,67.0,Industrial,5,60,2,High
W003,Madipakkam Lake Basin,South,12.9647,80.1961,11.62,7.98,3.3,215.7,2.5,0.37,1.32,10.7,87.4,High_Density_Residential,14,160,1,Moderate
W020,Mudichur Lake Sink,South-West,12.912,80.068,46.36,21.51,3.8,3182.0,1.88,0.2,1.57,20.2,81.3,High_Density_Residential,14,165,2,High
W020,Mudichur Lake Sink,South-West,12.912,80.068,8.23,9.61,2.98,605.2,3.08,0.5,1.64,49.6,49.3,High_Density_Residential,14,165,1,Moderate
W011,Sholinganallur IT Corridor,South-East,12.901,80.2279,43.19,23.37,3.24,1120.0,5.12,0.26,3.04,61.4,36.8,Commercial,9,115,2,High
W013,Pallikaranai Marsh Reserve,South-East,12.936,80.214,76.46,22.92,4.72,2943.0,1.91,0.25,1.51,7.4,88.8,Green_Space,15,175,2,High
W001,T. Nagar Commercial Hub,Central,13.0418,80.2341,84.91,24.14,4.15,3445.4,5.69,0.97,3.82,58.7,34.5,Commercial,8,90,2,High
W010,Kolathur Urban Catchment,North-West,13.1235,80.2188,46.96,23.75,2.35,2888.8,9.1,1.52,2.98,27.2,77.4,High_Density_Residential,7,85,0,Low
W014,Porur Lake Fringe,West,13.033,80.158,231.96,70.58,7.31,15175.6,5.07,0.6,2.37,79.2,15.4,High_Density_Residential,9,105,3,Severe Inundation
W013,Pallikaranai Marsh Reserve,South-East,12.936,80.214,159.7,41.81,7.11,7485.6,2.04,0.3,1.25,27.3,74.4,Green_Space,15,175,3,Severe Inundation
W003,Madipakkam Lake Basin,South,12.9647,80.1961,205.75,80.6,7.57,14656.8,3.35,0.31,1.88,45.4,48.0,High_Density_Residential,14,160,3,Severe Inundation
W018,Ambattur Industrial Zone,North-West,13.114,80.154,32.59,6.33,1.78,337.6,12.25,1.63,3.32,33.9,64.3,Industrial,5,60,0,Low
W008,Tambaram Outer Plateau,South-West,12.9249,80.1,60.06,23.36,0.4,894.9,22.34,3.39,3.3,54.0,40.0,Low_Density_Residential,3,40,0,Low
W019,Royapettah Central,Central,13.053,80.261,78.21,19.33,2.61,1658.8,9.64,1.44,3.98,49.4,53.0,Commercial,4,50,1,Moderate
W017,Saidapet Riverine Basin,Central,13.021,80.223,131.28,20.14,5.32,4076.0,4.11,0.54,3.03,25.9,73.3,High_Density_Residential,11,130,3,Severe Inundation
W006,Anna Nagar High Ridge,West,13.085,80.2101,310.8,86.89,3.19,10511.7,18.68,2.55,4.81,5.0,94.9,Low_Density_Residential,1,20,3,Severe Inundation
W013,Pallikaranai Marsh Reserve,South-East,12.936,80.214,61.05,18.47,4.45,1423.6,1.78,0.23,1.56,40.3,64.8,Green_Space,15,175,2,High
W006,Anna Nagar High Ridge,West,13.085,80.2101,64.16,13.38,0.9,2576.8,18.07,2.69,4.94,17.1,91.5,Low_Density_Residential,1,20,0,Low
W005,Adyar Estuary Buffer,Coastal,13.0012,80.2565,169.13,38.51,6.44,5127.0,4.19,0.56,2.6,14.1,85.9,Green_Space,9,110,3,Severe Inundation
W009,Perambur Railway Lowlands,North,13.1114,80.2437,333.75,85.68,10.17,16755.1,4.78,0.5,2.57,29.6,66.7,Commercial,10,125,3,Severe Inundation
W010,Kolathur Urban Catchment,North-West,13.1235,80.2188,111.04,27.34,3.66,6219.7,8.96,1.61,3.09,30.4,66.7,High_Density_Residential,7,85,2,High
W009,Perambur Railway Lowlands,North,13.1114,80.2437,19.09,1.38,2.89,474.4,4.44,0.46,2.44,39.3,59.4,Commercial,10,125,0,Low
W016,Koyambedu Market Heights,West,13.069,80.194,102.42,38.59,1.22,7712.0,17.02,2.41,3.97,22.8,79.3,Commercial,3,35,0,Low
W005,Adyar Estuary Buffer,Coastal,13.0012,80.2565,163.99,26.84,6.01,3436.2,4.3,0.97,2.67,43.0,57.7,Green_Space,9,110,3,Severe Inundation
W003,Madipakkam Lake Basin,South,12.9647,80.1961,101.4,37.54,5.0,4969.6,2.84,0.28,1.97,26.1,65.1,High_Density_Residential,14,160,3,Severe Inundation
W006,Anna Nagar High Ridge,West,13.085,80.2101,26.13,6.63,0.4,626.4,18.98,2.9,4.66,39.6,58.5,Low_Density_Residential,1,20,0,Low
W014,Porur Lake Fringe,West,13.033,80.158,27.83,1.46,3.02,694.2,5.58,0.8,2.55,78.8,23.0,High_Density_Residential,9,105,0,Low
W009,Perambur Railway Lowlands,North,13.1114,80.2437,168.83,32.86,5.85,4864.5,5.22,0.6,2.4,8.8,90.2,Commercial,10,125,3,Severe Inundation
W014,Porur Lake Fringe,West,13.033,80.158,26.14,7.16,2.78,640.1,5.7,0.7,2.33,20.2,85.1,High_Density_Residential,9,105,0,Low
W010,Kolathur Urban Catchment,North-West,13.1235,80.2188,77.13,21.68,3.45,2661.7,9.13,1.56,3.18,71.5,32.7,High_Density_Residential,7,85,1,Moderate
W016,Koyambedu Market Heights,West,13.069,80.194,308.31,75.95,3.88,13458.8,16.22,2.39,3.87,86.7,6.3,Commercial,3,35,3,Severe Inundation
W003,Madipakkam Lake Basin,South,12.9647,80.1961,26.1,9.0,3.31,402.5,2.16,0.35,1.77,84.2,19.4,High_Density_Residential,14,160,2,High
W012,Manali Petrochemical Lowland,North-East,13.1706,80.2605,6.1,9.42,2.64,288.1,2.86,0.42,2.1,48.6,50.0,Industrial,11,135,1,Moderate
W009,Perambur Railway Lowlands,North,13.1114,80.2437,244.13,53.07,8.16,8218.0,4.26,0.54,2.78,27.4,63.3,Commercial,10,125,3,Severe Inundation
W008,Tambaram Outer Plateau,South-West,12.9249,80.1,40.51,10.3,0.45,2178.6,21.74,3.02,3.51,26.8,72.7,Low_Density_Residential,3,40,0,Low
W016,Koyambedu Market Heights,West,13.069,80.194,26.41,7.35,0.5,479.0,16.73,2.3,4.05,16.1,84.8,Commercial,3,35,0,Low
W020,Mudichur Lake Sink,South-West,12.912,80.068,14.27,4.82,3.28,964.2,2.7,0.59,1.62,27.2,71.8,High_Density_Residential,14,165,1,Moderate
W020,Mudichur Lake Sink,South-West,12.912,80.068,51.9,15.65,4.35,1364.0,2.65,0.29,1.33,27.9,63.2,High_Density_Residential,14,165,2,High
W007,Mylapore Heritage Sector,East,13.0368,80.2676,128.51,38.36,4.61,6069.7,8.39,1.37,4.69,39.9,59.9,High_Density_Residential,5,55,3,Severe Inundation
W015,St. Thomas Mount Ridge,South-Central,13.004,80.191,16.96,4.61,0.4,804.7,24.47,3.52,4.88,20.9,75.3,Low_Density_Residential,1,15,0,Low
W004,Guindy Ridge Sector,South-Central,13.0067,80.2025,95.58,21.42,1.78,4771.6,14.48,2.19,4.47,35.4,64.8,Industrial,4,45,0,Low
W005,Adyar Estuary Buffer,Coastal,13.0012,80.2565,176.79,28.37,6.44,4035.5,4.37,0.53,3.11,50.5,51.6,Green_Space,9,110,3,Severe Inundation
W010,Kolathur Urban Catchment,North-West,13.1235,80.2188,135.12,30.49,4.27,6531.7,8.46,1.15,2.93,62.6,35.9,High_Density_Residential,7,85,3,Severe Inundation
W001,T. Nagar Commercial Hub,Central,13.0418,80.2341,9.27,1.73,2.25,123.6,6.06,0.84,3.61,36.7,62.5,Commercial,8,90,0,Low
W013,Pallikaranai Marsh Reserve,South-East,12.936,80.214,55.94,10.65,4.21,2834.6,2.43,0.2,1.27,55.9,46.9,Green_Space,15,175,2,High
W011,Sholinganallur IT Corridor,South-East,12.901,80.2279,152.33,31.53,6.04,6839.0,4.62,0.49,3.43,45.0,52.7,Commercial,9,115,3,Severe Inundation
W020,Mudichur Lake Sink,South-West,12.912,80.068,39.73,17.4,3.29,1126.7,2.42,0.4,1.53,9.4,98.9,High_Density_Residential,14,165,1,Moderate
W013,Pallikaranai Marsh Reserve,South-East,12.936,80.214,27.47,5.22,3.39,849.2,1.79,0.31,1.77,48.2,48.9,Green_Space,15,175,1,Moderate
W011,Sholinganallur IT Corridor,South-East,12.901,80.2279,268.46,76.6,8.28,14358.8,4.41,0.39,3.19,5.0,97.2,Commercial,9,115,3,Severe Inundation
W015,St. Thomas Mount Ridge,South-Central,13.004,80.191,22.44,6.75,0.61,985.0,24.2,3.53,4.7,19.9,81.4,Low_Density_Residential,1,15,0,Low
W011,Sholinganallur IT Corridor,South-East,12.901,80.2279,30.04,7.22,2.98,466.8,4.86,0.3,3.45,52.7,44.6,Commercial,9,115,1,Moderate
W014,Porur Lake Fringe,West,13.033,80.158,88.23,19.81,3.88,925.9,5.18,0.81,2.62,53.0,54.7,High_Density_Residential,9,105,2,High
W020,Mudichur Lake Sink,South-West,12.912,80.068,18.78,2.36,3.28,704.3,1.5,0.35,1.34,14.8,75.0,High_Density_Residential,14,165,1,Moderate
W005,Adyar Estuary Buffer,Coastal,13.0012,80.2565,68.05,11.7,3.9,2612.3,4.08,0.38,2.87,19.6,78.9,Green_Space,9,110,1,Moderate
W010,Kolathur Urban Catchment,North-West,13.1235,80.2188,70.44,20.39,3.1,809.5,8.93,1.27,2.64,67.4,36.2,High_Density_Residential,7,85,1,Moderate
W011,Sholinganallur IT Corridor,South-East,12.901,80.2279,61.62,15.91,3.55,3326.7,4.22,0.57,3.37,39.3,65.4,Commercial,9,115,1,Moderate
W020,Mudichur Lake Sink,South-West,12.912,80.068,3.19,1.86,2.94,354.8,2.6,0.23,1.45,32.0,59.3,High_Density_Residential,14,165,1,Moderate
W007,Mylapore Heritage Sector,East,13.0368,80.2676,34.99,7.86,2.63,404.8,8.43,1.08,4.34,18.8,79.3,High_Density_Residential,5,55,0,Low
W016,Koyambedu Market Heights,West,13.069,80.194,78.8,18.68,1.09,1057.6,17.2,2.42,3.99,53.7,47.3,Commercial,3,35,0,Low
W011,Sholinganallur IT Corridor,South-East,12.901,80.2279,21.06,4.86,3.11,274.0,4.26,0.42,3.09,5.0,100.0,Commercial,9,115,0,Low
W006,Anna Nagar High Ridge,West,13.085,80.2101,26.92,8.61,0.53,968.5,17.53,3.08,5.07,82.8,18.1,Low_Density_Residential,1,20,0,Low
W013,Pallikaranai Marsh Reserve,South-East,12.936,80.214,122.55,23.24,5.98,7665.5,2.32,0.2,1.24,47.1,53.9,Green_Space,15,175,3,Severe Inundation
W011,Sholinganallur IT Corridor,South-East,12.901,80.2279,28.51,5.5,3.16,350.8,4.01,0.48,3.57,54.3,44.0,Commercial,9,115,1,Moderate
W010,Kolathur Urban Catchment,North-West,13.1235,80.2188,127.41,38.89,4.12,3608.9,8.84,1.15,2.68,31.3,72.9,High_Density_Residential,7,85,2,High
W016,Koyambedu Market Heights,West,13.069,80.194,50.3,21.84,0.7,2485.5,17.38,2.38,4.03,25.5,79.2,Commercial,3,35,0,Low
W019,Royapettah Central,Central,13.053,80.261,14.21,6.41,1.95,624.9,9.18,1.3,3.95,51.0,52.5,Commercial,4,50,0,Low
W008,Tambaram Outer Plateau,South-West,12.9249,80.1,81.73,18.69,0.81,2498.1,21.78,3.2,3.25,53.4,39.2,Low_Density_Residential,3,40,0,Low
W011,Sholinganallur IT Corridor,South-East,12.901,80.2279,62.24,21.64,3.66,3321.5,4.96,0.41,3.2,31.8,68.8,Commercial,9,115,2,High
W013,Pallikaranai Marsh Reserve,South-East,12.936,80.214,175.99,29.21,7.07,4291.1,2.03,0.52,1.3,56.4,43.9,Green_Space,15,175,3,Severe Inundation
W009,Perambur Railway Lowlands,North,13.1114,80.2437,132.33,36.99,5.08,3932.9,5.01,0.56,2.66,49.9,49.5,Commercial,10,125,3,Severe Inundation
W013,Pallikaranai Marsh Reserve,South-East,12.936,80.214,53.76,13.32,4.38,1964.7,1.5,0.2,1.5,42.7,52.9,Green_Space,15,175,2,High
W012,Manali Petrochemical Lowland,North-East,13.1706,80.2605,163.17,48.05,6.65,6060.6,3.08,0.76,2.04,33.9,71.1,Industrial,11,135,3,Severe Inundation
W004,Guindy Ridge Sector,South-Central,13.0067,80.2025,95.1,41.76,2.01,5037.7,14.21,2.17,3.79,74.9,27.2,Industrial,4,45,1,Moderate
W019,Royapettah Central,Central,13.053,80.261,11.73,8.07,1.89,941.7,9.44,1.31,4.06,39.9,63.1,Commercial,4,50,0,Low
W007,Mylapore Heritage Sector,East,13.0368,80.2676,9.19,5.55,1.74,227.1,8.46,0.98,4.63,38.8,68.3,High_Density_Residential,5,55,0,Low
W019,Royapettah Central,Central,13.053,80.261,181.26,79.62,5.01,12828.2,9.46,1.46,4.11,63.2,34.9,Commercial,4,50,3,Severe Inundation
W018,Ambattur Industrial Zone,North-West,13.114,80.154,166.0,38.75,4.14,4365.7,11.02,1.57,3.6,47.2,50.5,Industrial,5,60,3,Severe Inundation
W006,Anna Nagar High Ridge,West,13.085,80.2101,49.1,8.23,0.4,3226.0,18.68,2.86,5.22,25.3,78.6,Low_Density_Residential,1,20,0,Low
W018,Ambattur Industrial Zone,North-West,13.114,80.154,29.54,6.39,2.05,319.1,10.43,1.83,3.24,28.7,81.1,Industrial,5,60,0,Low
W001,T. Nagar Commercial Hub,Central,13.0418,80.2341,42.05,23.63,3.3,1275.1,5.88,0.67,3.65,70.1,24.2,Commercial,8,90,2,High
W015,St. Thomas Mount Ridge,South-Central,13.004,80.191,114.2,43.76,0.87,4792.1,24.26,3.26,4.76,51.1,46.9,Low_Density_Residential,1,15,0,Low
W007,Mylapore Heritage Sector,East,13.0368,80.2676,16.93,6.23,1.87,838.2,8.49,1.31,4.58,61.2,37.7,High_Density_Residential,5,55,0,Low
W015,St. Thomas Mount Ridge,South-Central,13.004,80.191,24.06,2.68,0.4,931.2,23.83,3.65,4.7,19.8,85.2,Low_Density_Residential,1,15,0,Low
W010,Kolathur Urban Catchment,North-West,13.1235,80.2188,44.91,19.63,2.43,3285.7,8.61,1.36,2.77,13.3,82.3,High_Density_Residential,7,85,0,Low
W003,Madipakkam Lake Basin,South,12.9647,80.1961,14.45,6.92,3.18,522.4,2.46,0.4,2.02,17.0,82.0,High_Density_Residential,14,160,1,Moderate
W014,Porur Lake Fringe,West,13.033,80.158,179.06,37.32,5.88,5399.4,5.13,0.79,2.78,21.9,76.6,High_Density_Residential,9,105,3,Severe Inundation
W016,Koyambedu Market Heights,West,13.069,80.194,123.06,38.86,1.88,7251.2,17.04,2.18,4.19,48.9,46.5,Commercial,3,35,1,Moderate
W005,Adyar Estuary Buffer,Coastal,13.0012,80.2565,53.24,8.16,3.62,1257.8,4.12,0.61,2.96,46.4,52.3,Green_Space,9,110,1,Moderate
W010,Kolathur Urban Catchment,North-West,13.1235,80.2188,16.38,9.04,1.86,688.9,8.74,1.06,2.66,56.2,40.3,High_Density_Residential,7,85,0,Low
W008,Tambaram Outer Plateau,South-West,12.9249,80.1,74.6,9.37,0.76,917.4,22.26,3.34,2.85,37.2,61.4,Low_Density_Residential,3,40,0,Low
W009,Perambur Railway Lowlands,North,13.1114,80.2437,137.94,40.45,5.29,4464.3,4.61,0.44,2.53,28.0,66.5,Commercial,10,125,3,Severe Inundation
W005,Adyar Estuary Buffer,Coastal,13.0012,80.2565,97.74,25.31,4.98,3746.1,4.16,0.65,2.98,29.8,73.1,Green_Space,9,110,2,High
W014,Porur Lake Fringe,West,13.033,80.158,312.66,54.89,9.3,10016.5,5.44,0.69,2.4,21.3,79.8,High_Density_Residential,9,105,3,Severe Inundation
W013,Pallikaranai Marsh Reserve,South-East,12.936,80.214,20.95,4.1,3.54,449.1,2.08,0.34,1.49,76.7,19.7,Green_Space,15,175,1,Moderate
W003,Madipakkam Lake Basin,South,12.9647,80.1961,9.42,1.75,3.24,571.3,2.65,0.21,1.83,21.9,79.2,High_Density_Residential,14,160,1,Moderate
W015,St. Thomas Mount Ridge,South-Central,13.004,80.191,33.04,8.09,0.42,762.0,24.11,3.56,4.72,13.3,88.6,Low_Density_Residential,1,15,0,Low
W020,Mudichur Lake Sink,South-West,12.912,80.068,25.28,6.64,3.35,348.6,1.9,0.2,1.93,60.4,44.7,High_Density_Residential,14,165,1,Moderate
W016,Koyambedu Market Heights,West,13.069,80.194,12.38,8.6,0.65,808.3,16.61,2.37,4.06,18.5,86.9,Commercial,3,35,0,Low
W019,Royapettah Central,Central,13.053,80.261,46.21,23.72,2.97,853.9,8.67,1.64,3.99,5.0,94.9,Commercial,4,50,0,Low
W013,Pallikaranai Marsh Reserve,South-East,12.936,80.214,50.12,17.38,4.01,2193.5,2.52,0.2,1.34,37.7,66.3,Green_Space,15,175,2,High
W018,Ambattur Industrial Zone,North-West,13.114,80.154,14.16,1.75,1.76,753.5,11.08,1.97,3.32,26.9,65.8,Industrial,5,60,0,Low
W017,Saidapet Riverine Basin,Central,13.021,80.223,85.92,8.46,4.74,2636.8,4.07,0.53,2.49,53.5,42.5,High_Density_Residential,11,130,2,High
W014,Porur Lake Fringe,West,13.033,80.158,11.24,7.52,2.41,928.6,5.72,0.78,2.27,20.4,87.4,High_Density_Residential,9,105,0,Low
W018,Ambattur Industrial Zone,North-West,13.114,80.154,15.1,9.71,1.61,251.7,11.71,1.72,3.75,88.4,20.7,Industrial,5,60,0,Low
W002,Velachery Lowlands,South,12.9815,80.218,279.28,87.84,9.06,8776.5,3.09,0.46,2.23,54.1,40.1,High_Density_Residential,12,140,3,Severe Inundation
W012,Manali Petrochemical Lowland,North-East,13.1706,80.2605,134.11,48.52,5.51,7083.4,3.26,0.3,2.1,39.5,49.1,Industrial,11,135,3,Severe Inundation
W018,Ambattur Industrial Zone,North-West,13.114,80.154,166.35,22.16,4.2,4394.9,10.4,1.81,3.77,69.1,28.0,Industrial,5,60,2,High
W020,Mudichur Lake Sink,South-West,12.912,80.068,123.83,40.62,5.74,5570.5,2.2,0.2,1.54,61.5,45.5,High_Density_Residential,14,165,3,Severe Inundation
W003,Madipakkam Lake Basin,South,12.9647,80.1961,39.47,18.78,3.57,2067.0,2.92,0.21,2.14,36.9,63.3,High_Density_Residential,14,160,2,High
W004,Guindy Ridge Sector,South-Central,13.0067,80.2025,36.33,13.92,1.64,2090.7,14.2,2.11,4.28,8.7,86.7,Industrial,4,45,0,Low
W008,Tambaram Outer Plateau,South-West,12.9249,80.1,20.6,3.89,0.4,851.3,22.11,3.27,3.38,69.7,27.8,Low_Density_Residential,3,40,0,Low
W012,Manali Petrochemical Lowland,North-East,13.1706,80.2605,148.18,25.76,6.31,4424.9,2.95,0.2,1.9,33.9,67.9,Industrial,11,135,3,Severe Inundation
W006,Anna Nagar High Ridge,West,13.085,80.2101,115.65,42.37,0.77,6870.3,18.12,2.77,4.84,12.0,86.6,Low_Density_Residential,1,20,0,Low
W020,Mudichur Lake Sink,South-West,12.912,80.068,171.36,42.98,6.91,4178.7,2.61,0.33,1.58,40.4,60.0,High_Density_Residential,14,165,3,Severe Inundation
W002,Velachery Lowlands,South,12.9815,80.218,60.49,15.82,4.12,2294.6,2.69,0.2,1.96,48.1,52.2,High_Density_Residential,12,140,2,High
W019,Royapettah Central,Central,13.053,80.261,135.73,23.8,4.15,5711.0,9.49,1.46,4.17,41.2,61.0,Commercial,4,50,2,High
W013,Pallikaranai Marsh Reserve,South-East,12.936,80.214,28.85,5.4,3.39,610.9,2.6,0.2,1.63,57.6,40.2,Green_Space,15,175,1,Moderate
W011,Sholinganallur IT Corridor,South-East,12.901,80.2279,90.82,22.81,4.35,6046.4,4.75,0.2,3.77,40.6,57.6,Commercial,9,115,3,Severe Inundation
W014,Porur Lake Fringe,West,13.033,80.158,126.54,38.74,5.11,3481.7,5.29,0.66,2.36,23.8,80.2,High_Density_Residential,9,105,3,Severe Inundation
W004,Guindy Ridge Sector,South-Central,13.0067,80.2025,96.58,41.52,1.97,4619.0,14.37,1.91,4.26,7.2,91.3,Industrial,4,45,0,Low
W001,T. Nagar Commercial Hub,Central,13.0418,80.2341,24.67,1.16,2.45,824.0,6.83,0.7,3.97,17.8,88.5,Commercial,8,90,0,Low
W004,Guindy Ridge Sector,South-Central,13.0067,80.2025,69.35,14.77,1.81,911.6,14.66,2.22,4.36,14.1,88.7,Industrial,4,45,0,Low
W009,Perambur Railway Lowlands,North,13.1114,80.2437,5.35,7.86,2.53,188.8,5.12,0.2,2.61,62.6,43.1,Commercial,10,125,0,Low
W008,Tambaram Outer Plateau,South-West,12.9249,80.1,45.36,10.64,0.4,838.6,21.93,3.02,2.87,39.5,68.6,Low_Density_Residential,3,40,0,Low
W017,Saidapet Riverine Basin,Central,13.021,80.223,99.35,45.85,5.01,5528.4,3.92,0.87,2.75,20.1,78.5,High_Density_Residential,11,130,3,Severe Inundation
W017,Saidapet Riverine Basin,Central,13.021,80.223,18.24,4.71,2.87,798.4,4.08,0.65,2.51,45.9,50.8,High_Density_Residential,11,130,0,Low
W018,Ambattur Industrial Zone,North-West,13.114,80.154,174.34,45.47,4.05,4992.8,11.3,1.69,3.72,46.2,52.3,Industrial,5,60,3,Severe Inundation
W019,Royapettah Central,Central,13.053,80.261,2.63,4.38,1.46,734.8,10.03,1.76,4.17,29.5,71.8,Commercial,4,50,0,Low
W019,Royapettah Central,Central,13.053,80.261,261.67,58.98,5.9,11540.8,10.13,1.4,4.12,56.2,48.4,Commercial,4,50,3,Severe Inundation
W008,Tambaram Outer Plateau,South-West,12.9249,80.1,322.42,85.88,2.74,9152.1,21.95,3.48,3.56,44.4,55.2,Low_Density_Residential,3,40,3,Severe Inundation
W015,St. Thomas Mount Ridge,South-Central,13.004,80.191,23.22,9.62,0.53,662.1,23.85,3.37,4.78,35.7,64.6,Low_Density_Residential,1,15,0,Low
W012,Manali Petrochemical Lowland,North-East,13.1706,80.2605,240.83,81.29,8.63,11810.7,3.01,0.4,1.77,24.3,81.0,Industrial,11,135,3,Severe Inundation
W013,Pallikaranai Marsh Reserve,South-East,12.936,80.214,7.23,4.03,3.35,954.3,1.5,0.36,1.46,93.7,5.0,Green_Space,15,175,1,Moderate
W015,St. Thomas Mount Ridge,South-Central,13.004,80.191,15.92,3.62,0.4,182.1,24.1,3.59,4.88,69.8,33.0,Low_Density_Residential,1,15,0,Low
W019,Royapettah Central,Central,13.053,80.261,28.81,2.3,2.16,831.6,9.52,1.73,3.89,8.6,85.2,Commercial,4,50,0,Low
W017,Saidapet Riverine Basin,Central,13.021,80.223,267.76,91.19,8.71,16077.9,3.86,0.45,2.42,26.8,71.9,High_Density_Residential,11,130,3,Severe Inundation
W005,Adyar Estuary Buffer,Coastal,13.0012,80.2565,13.84,3.87,3.09,855.7,4.13,0.53,2.9,17.0,84.2,Green_Space,9,110,0,Low
W012,Manali Petrochemical Lowland,North-East,13.1706,80.2605,19.57,6.52,3.08,903.0,3.14,0.36,2.1,49.5,43.3,Industrial,11,135,1,Moderate
W001,T. Nagar Commercial Hub,Central,13.0418,80.2341,94.15,26.09,4.06,7723.3,6.19,0.89,3.98,18.7,75.1,Commercial,8,90,2,High
W016,Koyambedu Market Heights,West,13.069,80.194,315.24,46.15,3.69,13600.4,16.88,2.16,4.17,59.3,37.2,Commercial,3,35,3,Severe Inundation
W004,Guindy Ridge Sector,South-Central,13.0067,80.2025,98.54,26.89,1.99,6234.9,14.31,1.83,4.1,36.4,64.8,Industrial,4,45,0,Low
W010,Kolathur Urban Catchment,North-West,13.1235,80.2188,2.83,1.45,1.37,631.3,9.23,1.63,2.86,66.8,41.6,High_Density_Residential,7,85,0,Low
W014,Porur Lake Fringe,West,13.033,80.158,83.78,23.6,4.03,1979.3,5.78,0.51,2.35,37.8,61.7,High_Density_Residential,9,105,2,High
W003,Madipakkam Lake Basin,South,12.9647,80.1961,116.47,47.73,5.66,7517.5,2.4,0.33,1.63,20.1,77.6,High_Density_Residential,14,160,3,Severe Inundation
W004,Guindy Ridge Sector,South-Central,13.0067,80.2025,104.36,26.44,2.33,7516.7,14.2,2.01,4.28,15.5,91.4,Industrial,4,45,0,Low
W005,Adyar Estuary Buffer,Coastal,13.0012,80.2565,27.67,9.5,2.96,908.2,3.79,0.43,2.77,32.0,65.1,Green_Space,9,110,0,Low
W012,Manali Petrochemical Lowland,North-East,13.1706,80.2605,16.66,7.09,2.88,799.8,3.32,0.49,2.04,17.0,85.3,Industrial,11,135,1,Moderate
W010,Kolathur Urban Catchment,North-West,13.1235,80.2188,307.7,87.64,7.47,14211.0,8.59,1.56,2.8,65.8,40.8,High_Density_Residential,7,85,3,Severe Inundation
W011,Sholinganallur IT Corridor,South-East,12.901,80.2279,33.67,9.55,3.47,103.7,4.36,0.48,3.4,81.2,20.9,Commercial,9,115,1,Moderate
W015,St. Thomas Mount Ridge,South-Central,13.004,80.191,7.77,1.09,0.4,652.0,24.38,3.6,4.66,23.3,73.3,Low_Density_Residential,1,15,0,Low
W007,Mylapore Heritage Sector,East,13.0368,80.2676,33.59,1.95,2.29,549.0,9.06,1.41,4.33,51.4,45.1,High_Density_Residential,5,55,0,Low
W017,Saidapet Riverine Basin,Central,13.021,80.223,9.15,3.65,2.47,358.8,3.51,0.64,2.85,61.0,34.9,High_Density_Residential,11,130,0,Low
W016,Koyambedu Market Heights,West,13.069,80.194,28.86,3.97,0.66,862.7,16.8,2.31,3.85,24.6,79.1,Commercial,3,35,0,Low
W012,Manali Petrochemical Lowland,North-East,13.1706,80.2605,20.89,5.06,3.09,837.7,3.19,0.53,2.18,34.9,65.6,Industrial,11,135,1,Moderate
W016,Koyambedu Market Heights,West,13.069,80.194,6.52,3.56,0.62,956.5,16.24,2.21,4.18,16.2,86.1,Commercial,3,35,0,Low
W004,Guindy Ridge Sector,South-Central,13.0067,80.2025,48.44,8.2,1.74,3154.3,13.73,2.35,4.52,24.1,86.4,Industrial,4,45,0,Low
W015,St. Thomas Mount Ridge,South-Central,13.004,80.191,79.3,17.51,0.71,3320.9,23.36,3.65,4.47,64.3,38.6,Low_Density_Residential,1,15,0,Low
W015,St. Thomas Mount Ridge,South-Central,13.004,80.191,80.16,14.7,0.77,2626.6,22.96,3.54,4.88,44.1,62.8,Low_Density_Residential,1,15,0,Low
W011,Sholinganallur IT Corridor,South-East,12.901,80.2279,163.66,47.24,6.09,7938.4,4.63,0.29,3.4,59.7,37.1,Commercial,9,115,3,Severe Inundation
W003,Madipakkam Lake Basin,South,12.9647,80.1961,115.52,39.37,5.75,3507.4,2.48,0.36,1.92,55.0,45.3,High_Density_Residential,14,160,3,Severe Inundation
W010,Kolathur Urban Catchment,North-West,13.1235,80.2188,27.75,4.74,2.34,404.7,8.38,1.16,3.21,25.6,69.5,High_Density_Residential,7,85,0,Low
W002,Velachery Lowlands,South,12.9815,80.218,63.33,24.69,4.18,2176.9,3.16,0.41,2.17,20.1,83.5,High_Density_Residential,12,140,2,High
W004,Guindy Ridge Sector,South-Central,13.0067,80.2025,104.23,25.87,1.66,4645.4,14.89,1.96,4.38,25.8,75.4,Industrial,4,45,0,Low
W001,T. Nagar Commercial Hub,Central,13.0418,80.2341,6.64,8.1,2.6,306.2,5.47,1.06,4.09,46.5,60.3,Commercial,8,90,0,Low
W011,Sholinganallur IT Corridor,South-East,12.901,80.2279,88.36,8.26,4.36,3495.5,4.86,0.58,3.63,8.9,93.7,Commercial,9,115,2,High
W004,Guindy Ridge Sector,South-Central,13.0067,80.2025,54.41,23.21,1.33,2644.3,13.97,2.08,4.4,82.9,26.2,Industrial,4,45,0,Low
W006,Anna Nagar High Ridge,West,13.085,80.2101,4.67,4.82,0.4,149.4,18.51,2.8,4.86,65.5,35.9,Low_Density_Residential,1,20,0,Low
W008,Tambaram Outer Plateau,South-West,12.9249,80.1,28.53,1.56,0.4,195.8,21.71,2.92,3.39,35.3,62.0,Low_Density_Residential,3,40,0,Low
W017,Saidapet Riverine Basin,Central,13.021,80.223,48.67,18.17,3.85,2458.1,3.57,0.6,2.94,63.6,40.1,High_Density_Residential,11,130,2,High
W006,Anna Nagar High Ridge,West,13.085,80.2101,145.22,35.58,1.25,5079.8,18.61,2.95,4.71,31.3,67.7,Low_Density_Residential,1,20,0,Low
W018,Ambattur Industrial Zone,North-West,13.114,80.154,9.99,2.4,1.46,514.0,11.69,1.68,3.83,10.4,86.8,Industrial,5,60,0,Low
W006,Anna Nagar High Ridge,West,13.085,80.2101,21.01,1.68,0.4,566.4,18.4,2.7,5.14,46.4,58.4,Low_Density_Residential,1,20,0,Low
W011,Sholinganallur IT Corridor,South-East,12.901,80.2279,214.22,77.71,7.55,17019.2,3.72,0.44,3.25,53.2,44.2,Commercial,9,115,3,Severe Inundation
W018,Ambattur Industrial Zone,North-West,13.114,80.154,138.44,41.71,3.76,6239.5,11.01,1.65,3.69,43.2,60.1,Industrial,5,60,2,High
W014,Porur Lake Fringe,West,13.033,80.158,6.66,8.58,2.49,745.2,5.35,0.75,2.49,32.5,68.1,High_Density_Residential,9,105,0,Low
W015,St. Thomas Mount Ridge,South-Central,13.004,80.191,103.83,26.72,0.75,6482.7,23.69,3.42,4.75,5.4,87.8,Low_Density_Residential,1,15,0,Low
W008,Tambaram Outer Plateau,South-West,12.9249,80.1,36.85,23.75,0.4,1402.9,22.4,3.31,3.19,66.1,30.1,Low_Density_Residential,3,40,0,Low
W013,Pallikaranai Marsh Reserve,South-East,12.936,80.214,47.94,24.15,3.69,1775.7,2.24,0.21,1.28,23.8,88.0,Green_Space,15,175,2,High
W006,Anna Nagar High Ridge,West,13.085,80.2101,76.92,23.97,0.41,2966.0,18.68,2.86,4.87,12.4,77.1,Low_Density_Residential,1,20,0,Low
W006,Anna Nagar High Ridge,West,13.085,80.2101,23.64,9.49,0.4,109.7,18.87,2.64,4.88,46.7,47.5,Low_Density_Residential,1,20,0,Low
W014,Porur Lake Fringe,West,13.033,80.158,35.5,12.07,3.14,1796.5,5.55,0.68,2.34,9.8,89.1,High_Density_Residential,9,105,0,Low
W013,Pallikaranai Marsh Reserve,South-East,12.936,80.214,58.65,19.51,4.23,801.9,2.15,0.2,1.64,13.3,93.1,Green_Space,15,175,2,High
W001,T. Nagar Commercial Hub,Central,13.0418,80.2341,267.39,59.7,8.05,8649.9,5.71,0.94,3.87,37.4,60.6,Commercial,8,90,3,Severe Inundation
W020,Mudichur Lake Sink,South-West,12.912,80.068,64.36,20.84,4.47,2768.2,1.98,0.32,1.5,34.9,60.8,High_Density_Residential,14,165,3,Severe Inundation
W007,Mylapore Heritage Sector,East,13.0368,80.2676,107.4,41.67,3.79,4468.4,8.84,1.11,4.36,62.2,32.4,High_Density_Residential,5,55,2,High
W015,St. Thomas Mount Ridge,South-Central,13.004,80.191,114.37,28.58,1.19,5852.1,23.8,3.33,4.68,40.1,58.6,Low_Density_Residential,1,15,0,Low
W019,Royapettah Central,Central,13.053,80.261,79.34,15.97,3.24,968.6,9.42,1.6,4.01,54.3,41.3,Commercial,4,50,1,Moderate
W014,Porur Lake Fringe,West,13.033,80.158,149.43,20.21,5.21,7274.6,6.0,0.54,2.46,24.2,80.0,High_Density_Residential,9,105,3,Severe Inundation
W013,Pallikaranai Marsh Reserve,South-East,12.936,80.214,82.32,13.59,4.68,1307.2,1.51,0.2,1.54,48.1,55.2,Green_Space,15,175,2,High
W001,T. Nagar Commercial Hub,Central,13.0418,80.2341,20.82,1.74,2.93,438.5,6.06,0.57,3.73,31.0,68.4,Commercial,8,90,0,Low
W007,Mylapore Heritage Sector,East,13.0368,80.2676,51.84,22.19,2.55,2131.2,8.42,1.18,4.65,68.8,36.6,High_Density_Residential,5,55,0,Low
W007,Mylapore Heritage Sector,East,13.0368,80.2676,12.45,8.94,1.87,313.1,8.59,1.04,5.05,5.0,98.3,High_Density_Residential,5,55,0,Low
W009,Perambur Railway Lowlands,North,13.1114,80.2437,12.56,8.1,2.7,421.9,4.12,0.32,2.37,83.4,16.6,Commercial,10,125,1,Moderate
W003,Madipakkam Lake Basin,South,12.9647,80.1961,50.15,24.83,4.16,1874.6,2.25,0.4,1.5,10.9,83.7,High_Density_Residential,14,160,2,High
W019,Royapettah Central,Central,13.053,80.261,104.65,40.35,3.43,7656.7,9.42,1.48,3.8,5.0,96.6,Commercial,4,50,2,High
W004,Guindy Ridge Sector,South-Central,13.0067,80.2025,117.76,36.54,2.28,3001.6,13.74,2.05,4.16,43.9,58.1,Industrial,4,45,1,Moderate
W018,Ambattur Industrial Zone,North-West,13.114,80.154,298.84,81.39,6.44,10281.1,10.45,1.81,3.55,19.5,78.1,Industrial,5,60,3,Severe Inundation
W006,Anna Nagar High Ridge,West,13.085,80.2101,273.9,75.51,2.7,16906.5,18.67,2.85,5.29,68.1,26.7,Low_Density_Residential,1,20,3,Severe Inundation
W012,Manali Petrochemical Lowland,North-East,13.1706,80.2605,103.33,47.23,5.29,4506.0,3.03,0.39,1.98,41.5,64.1,Industrial,11,135,3,Severe Inundation
W011,Sholinganallur IT Corridor,South-East,12.901,80.2279,207.16,61.46,7.16,13664.6,4.71,0.37,3.23,21.3,75.5,Commercial,9,115,3,Severe Inundation
W007,Mylapore Heritage Sector,East,13.0368,80.2676,59.87,14.6,2.85,1639.3,8.2,1.13,4.6,26.3,72.4,High_Density_Residential,5,55,0,Low
W015,St. Thomas Mount Ridge,South-Central,13.004,80.191,78.88,23.73,0.86,2234.4,23.4,3.5,4.58,46.7,46.5,Low_Density_Residential,1,15,0,Low
W004,Guindy Ridge Sector,South-Central,13.0067,80.2025,142.6,39.95,3.01,7314.6,14.08,2.16,4.27,58.2,44.3,Industrial,4,45,1,Moderate
W009,Perambur Railway Lowlands,North,13.1114,80.2437,14.5,2.29,2.65,343.6,5.48,0.37,2.52,16.7,74.0,Commercial,10,125,0,Low
W016,Koyambedu Market Heights,West,13.069,80.194,29.38,1.22,0.66,756.9,16.42,2.2,3.81,47.2,49.6,Commercial,3,35,0,Low
W017,Saidapet Riverine Basin,Central,13.021,80.223,73.47,14.23,4.63,2508.0,3.53,0.58,2.64,58.0,38.0,High_Density_Residential,11,130,2,High
W011,Sholinganallur IT Corridor,South-East,12.901,80.2279,7.96,2.15,2.52,545.5,4.89,0.43,3.26,30.6,73.6,Commercial,9,115,0,Low
W020,Mudichur Lake Sink,South-West,12.912,80.068,6.31,9.35,3.39,719.9,1.84,0.29,1.86,53.0,47.2,High_Density_Residential,14,165,1,Moderate
W013,Pallikaranai Marsh Reserve,South-East,12.936,80.214,103.82,44.28,5.53,6805.4,1.93,0.2,1.34,55.5,43.0,Green_Space,15,175,3,Severe Inundation
W020,Mudichur Lake Sink,South-West,12.912,80.068,22.89,9.29,3.47,546.8,2.12,0.39,1.81,54.7,40.5,High_Density_Residential,14,165,2,High
W013,Pallikaranai Marsh Reserve,South-East,12.936,80.214,14.07,8.08,3.01,656.4,1.94,0.2,1.17,24.7,76.3,Green_Space,15,175,0,Low
W019,Royapettah Central,Central,13.053,80.261,45.53,11.78,2.51,1319.9,9.0,1.43,4.36,38.7,55.3,Commercial,4,50,0,Low
W004,Guindy Ridge Sector,South-Central,13.0067,80.2025,22.87,6.62,1.19,241.0,13.98,2.07,4.1,43.0,64.6,Industrial,4,45,0,Low
W012,Manali Petrochemical Lowland,North-East,13.1706,80.2605,257.8,93.08,8.9,12959.0,3.02,0.24,2.41,32.8,63.9,Industrial,11,135,3,Severe Inundation
W012,Manali Petrochemical Lowland,North-East,13.1706,80.2605,79.53,22.09,5.21,1241.1,2.14,0.6,1.88,49.5,45.2,Industrial,11,135,3,Severe Inundation
W015,St. Thomas Mount Ridge,South-Central,13.004,80.191,166.13,46.13,1.37,3102.6,24.13,3.55,4.48,74.3,25.6,Low_Density_Residential,1,15,0,Low
W020,Mudichur Lake Sink,South-West,12.912,80.068,158.92,37.37,6.94,4101.6,1.8,0.23,1.79,51.6,60.2,High_Density_Residential,14,165,3,Severe Inundation
W006,Anna Nagar High Ridge,West,13.085,80.2101,64.2,24.8,0.49,1689.1,18.39,2.58,4.68,71.9,25.7,Low_Density_Residential,1,20,0,Low
W010,Kolathur Urban Catchment,North-West,13.1235,80.2188,31.07,5.94,2.18,867.2,8.81,1.45,3.04,35.1,66.6,High_Density_Residential,7,85,0,Low
W020,Mudichur Lake Sink,South-West,12.912,80.068,22.29,7.05,3.27,972.7,2.26,0.44,1.4,83.4,12.2,High_Density_Residential,14,165,1,Moderate
W019,Royapettah Central,Central,13.053,80.261,82.87,10.9,2.86,1830.0,10.22,1.35,4.13,34.6,63.7,Commercial,4,50,0,Low
W003,Madipakkam Lake Basin,South,12.9647,80.1961,110.91,32.59,5.65,4590.8,2.17,0.2,1.16,32.7,73.9,High_Density_Residential,14,160,3,Severe Inundation
W005,Adyar Estuary Buffer,Coastal,13.0012,80.2565,17.56,2.66,2.72,716.7,4.6,0.48,2.52,11.7,88.4,Green_Space,9,110,0,Low
W011,Sholinganallur IT Corridor,South-East,12.901,80.2279,63.16,9.54,3.94,1893.5,4.57,0.29,3.02,85.8,11.2,Commercial,9,115,2,High
W004,Guindy Ridge Sector,South-Central,13.0067,80.2025,147.61,38.14,2.94,7540.3,13.85,2.3,4.15,12.1,77.7,Industrial,4,45,1,Moderate
W008,Tambaram Outer Plateau,South-West,12.9249,80.1,10.18,2.21,0.4,131.0,22.02,3.17,3.13,77.8,18.9,Low_Density_Residential,3,40,0,Low
W010,Kolathur Urban Catchment,North-West,13.1235,80.2188,90.01,42.99,3.19,7495.5,8.85,1.31,3.25,19.2,85.7,High_Density_Residential,7,85,2,High
W004,Guindy Ridge Sector,South-Central,13.0067,80.2025,105.19,48.71,1.84,4699.9,14.59,2.22,3.88,37.1,54.0,Industrial,4,45,1,Moderate
W006,Anna Nagar High Ridge,West,13.085,80.2101,13.99,6.46,0.4,796.3,18.52,3.03,5.14,19.4,75.2,Low_Density_Residential,1,20,0,Low
W012,Manali Petrochemical Lowland,North-East,13.1706,80.2605,32.43,2.9,3.96,440.2,2.22,0.2,1.78,21.3,76.6,Industrial,11,135,1,Moderate
W005,Adyar Estuary Buffer,Coastal,13.0012,80.2565,137.68,25.3,5.58,4310.4,4.38,0.78,3.07,67.5,29.4,Green_Space,9,110,2,High
W017,Saidapet Riverine Basin,Central,13.021,80.223,141.9,23.27,5.86,5933.0,4.14,0.54,2.85,23.1,82.4,High_Density_Residential,11,130,3,Severe Inundation
W013,Pallikaranai Marsh Reserve,South-East,12.936,80.214,103.0,38.94,5.4,3865.7,2.41,0.2,1.42,66.6,35.1,Green_Space,15,175,3,Severe Inundation
W014,Porur Lake Fringe,West,13.033,80.158,87.69,20.38,4.15,2321.9,5.92,0.75,2.36,25.5,80.9,High_Density_Residential,9,105,2,High
W020,Mudichur Lake Sink,South-West,12.912,80.068,60.0,8.27,4.53,834.8,1.94,0.33,1.28,56.2,57.5,High_Density_Residential,14,165,2,High
W005,Adyar Estuary Buffer,Coastal,13.0012,80.2565,15.45,5.68,2.31,480.7,4.5,0.71,2.93,9.6,85.2,Green_Space,9,110,0,Low
W019,Royapettah Central,Central,13.053,80.261,128.01,41.57,3.69,5147.4,9.38,1.34,4.36,18.1,65.9,Commercial,4,50,2,High
W013,Pallikaranai Marsh Reserve,South-East,12.936,80.214,50.27,11.16,4.16,3156.8,1.88,0.38,1.62,73.4,36.3,Green_Space,15,175,2,High
W014,Porur Lake Fringe,West,13.033,80.158,73.64,8.56,3.79,910.3,5.61,0.76,2.44,82.9,5.0,High_Density_Residential,9,105,2,High
W006,Anna Nagar High Ridge,West,13.085,80.2101,157.74,46.02,1.79,6278.7,18.26,2.84,5.06,76.3,23.5,Low_Density_Residential,1,20,0,Low
W016,Koyambedu Market Heights,West,13.069,80.194,6.15,3.31,0.4,100.8,17.11,2.18,4.2,44.6,51.2,Commercial,3,35,0,Low
W018,Ambattur Industrial Zone,North-West,13.114,80.154,78.31,22.88,2.69,3399.7,11.42,1.99,3.42,31.9,72.5,Industrial,5,60,0,Low
W006,Anna Nagar High Ridge,West,13.085,80.2101,174.49,45.99,1.76,3644.5,18.35,2.87,4.87,74.4,16.7,Low_Density_Residential,1,20,0,Low
W018,Ambattur Industrial Zone,North-West,13.114,80.154,121.21,39.83,3.28,7742.5,10.64,1.89,4.02,7.6,89.6,Industrial,5,60,1,Moderate
W006,Anna Nagar High Ridge,West,13.085,80.2101,9.3,4.16,0.4,642.1,17.96,2.95,4.73,18.7,88.8,Low_Density_Residential,1,20,0,Low
W016,Koyambedu Market Heights,West,13.069,80.194,111.38,30.58,1.7,3019.1,17.2,2.28,4.53,39.5,57.2,Commercial,3,35,0,Low
W010,Kolathur Urban Catchment,North-West,13.1235,80.2188,96.43,39.68,3.84,3565.1,9.0,1.48,2.99,28.0,73.0,High_Density_Residential,7,85,2,High
W005,Adyar Estuary Buffer,Coastal,13.0012,80.2565,35.23,13.02,3.1,3143.4,3.36,0.35,2.85,27.5,75.1,Green_Space,9,110,1,Moderate
W006,Anna Nagar High Ridge,West,13.085,80.2101,30.63,1.79,0.52,503.8,18.59,2.56,5.27,33.5,64.9,Low_Density_Residential,1,20,0,Low
W011,Sholinganallur IT Corridor,South-East,12.901,80.2279,6.32,5.45,2.78,758.9,4.26,0.8,3.2,70.2,32.7,Commercial,9,115,0,Low
W015,St. Thomas Mount Ridge,South-Central,13.004,80.191,3.82,7.91,0.4,468.9,23.85,3.46,4.65,44.2,65.2,Low_Density_Residential,1,15,0,Low
W020,Mudichur Lake Sink,South-West,12.912,80.068,40.73,20.42,3.61,2945.5,1.97,0.24,1.74,52.3,42.2,High_Density_Residential,14,165,2,High
W002,Velachery Lowlands,South,12.9815,80.218,68.77,11.4,3.97,1191.4,3.96,0.45,2.4,26.1,74.9,High_Density_Residential,12,140,2,High
W012,Manali Petrochemical Lowland,North-East,13.1706,80.2605,26.39,4.79,3.4,893.0,3.2,0.66,1.93,41.0,48.3,Industrial,11,135,1,Moderate
W001,T. Nagar Commercial Hub,Central,13.0418,80.2341,86.28,16.26,4.1,893.2,5.49,0.92,3.95,66.3,35.8,Commercial,8,90,2,High
W016,Koyambedu Market Heights,West,13.069,80.194,9.03,6.7,0.4,141.6,16.68,2.31,4.34,62.2,45.3,Commercial,3,35,0,Low
W005,Adyar Estuary Buffer,Coastal,13.0012,80.2565,73.12,11.53,4.31,2632.1,3.96,0.43,3.24,65.3,33.4,Green_Space,9,110,1,Moderate
W007,Mylapore Heritage Sector,East,13.0368,80.2676,176.92,35.97,5.51,4647.9,8.43,1.28,4.59,61.7,30.1,High_Density_Residential,5,55,3,Severe Inundation
W013,Pallikaranai Marsh Reserve,South-East,12.936,80.214,126.48,34.57,5.97,3138.4,1.54,0.2,1.0,11.6,93.9,Green_Space,15,175,3,Severe Inundation
W018,Ambattur Industrial Zone,North-West,13.114,80.154,22.26,8.8,1.27,136.9,12.25,1.78,3.73,56.7,39.4,Industrial,5,60,0,Low
W017,Saidapet Riverine Basin,Central,13.021,80.223,71.55,13.84,4.39,2498.3,3.46,0.35,3.17,17.3,76.0,High_Density_Residential,11,130,2,High
W016,Koyambedu Market Heights,West,13.069,80.194,81.21,8.77,1.46,2439.1,16.24,2.45,3.81,70.6,35.0,Commercial,3,35,0,Low
W014,Porur Lake Fringe,West,13.033,80.158,5.1,9.55,2.69,194.9,5.29,0.56,2.4,39.9,56.3,High_Density_Residential,9,105,0,Low
W016,Koyambedu Market Heights,West,13.069,80.194,12.1,6.9,0.4,544.8,16.47,2.51,4.12,24.9,75.6,Commercial,3,35,0,Low
W014,Porur Lake Fringe,West,13.033,80.158,25.95,7.27,3.03,777.4,5.6,0.77,2.59,61.9,49.7,High_Density_Residential,9,105,0,Low
W015,St. Thomas Mount Ridge,South-Central,13.004,80.191,77.94,13.8,1.07,2988.7,24.13,3.41,4.58,35.4,60.6,Low_Density_Residential,1,15,0,Low
W016,Koyambedu Market Heights,West,13.069,80.194,304.63,63.22,3.84,13837.5,16.45,2.38,4.04,42.1,65.8,Commercial,3,35,3,Severe Inundation
W006,Anna Nagar High Ridge,West,13.085,80.2101,172.88,20.01,1.83,6138.8,18.68,2.71,4.81,13.6,95.6,Low_Density_Residential,1,20,0,Low
W003,Madipakkam Lake Basin,South,12.9647,80.1961,96.28,28.17,4.99,6851.1,1.96,0.29,2.0,36.7,65.0,High_Density_Residential,14,160,3,Severe Inundation
W019,Royapettah Central,Central,13.053,80.261,11.24,5.28,1.72,419.1,9.79,1.72,4.03,64.3,41.9,Commercial,4,50,0,Low
W001,T. Nagar Commercial Hub,Central,13.0418,80.2341,73.69,16.3,3.79,2452.6,5.92,0.77,3.73,20.4,75.2,Commercial,8,90,1,Moderate
W008,Tambaram Outer Plateau,South-West,12.9249,80.1,41.8,8.3,0.4,3281.7,21.7,3.16,3.37,51.4,46.7,Low_Density_Residential,3,40,0,Low
W010,Kolathur Urban Catchment,North-West,13.1235,80.2188,80.21,19.71,3.0,1288.2,8.96,1.13,3.11,54.7,49.3,High_Density_Residential,7,85,1,Moderate
W002,Velachery Lowlands,South,12.9815,80.218,123.43,23.17,5.76,6271.6,2.72,0.53,2.14,16.3,86.5,High_Density_Residential,12,140,3,Severe Inundation
W009,Perambur Railway Lowlands,North,13.1114,80.2437,113.3,44.13,4.97,5066.7,4.5,0.42,2.38,46.2,53.4,Commercial,10,125,3,Severe Inundation
W008,Tambaram Outer Plateau,South-West,12.9249,80.1,163.74,34.14,1.26,6054.2,21.66,3.24,3.03,30.8,68.0,Low_Density_Residential,3,40,0,Low
W018,Ambattur Industrial Zone,North-West,13.114,80.154,28.02,8.75,1.75,323.3,11.35,1.71,3.39,52.9,43.6,Industrial,5,60,0,Low
W010,Kolathur Urban Catchment,North-West,13.1235,80.2188,159.05,37.45,4.78,3319.3,8.52,1.16,2.61,22.9,82.5,High_Density_Residential,7,85,3,Severe Inundation
W006,Anna Nagar High Ridge,West,13.085,80.2101,99.35,45.43,0.99,6403.5,19.25,2.73,4.97,11.9,86.4,Low_Density_Residential,1,20,0,Low
W015,St. Thomas Mount Ridge,South-Central,13.004,80.191,42.23,11.8,0.69,2158.1,23.58,3.4,4.77,53.9,49.5,Low_Density_Residential,1,15,0,Low
W019,Royapettah Central,Central,13.053,80.261,165.82,46.97,3.92,5340.0,10.74,1.57,4.2,70.2,27.3,Commercial,4,50,3,Severe Inundation
W016,Koyambedu Market Heights,West,13.069,80.194,62.5,17.37,1.25,2137.0,16.98,2.53,3.86,26.3,74.5,Commercial,3,35,0,Low
W018,Ambattur Industrial Zone,North-West,13.114,80.154,30.47,8.13,1.31,833.5,10.97,1.82,3.9,46.6,49.5,Industrial,5,60,0,Low
W017,Saidapet Riverine Basin,Central,13.021,80.223,15.25,7.81,2.86,840.4,4.23,0.52,2.76,72.7,26.9,High_Density_Residential,11,130,1,Moderate
W004,Guindy Ridge Sector,South-Central,13.0067,80.2025,8.0,3.23,1.07,126.3,13.81,2.27,3.84,50.9,49.7,Industrial,4,45,0,Low
W019,Royapettah Central,Central,13.053,80.261,162.3,47.7,4.37,5485.9,9.74,1.4,4.38,12.1,89.3,Commercial,4,50,3,Severe Inundation
W004,Guindy Ridge Sector,South-Central,13.0067,80.2025,269.5,74.77,4.57,13154.1,14.24,2.06,3.82,34.4,57.4,Industrial,4,45,3,Severe Inundation
W009,Perambur Railway Lowlands,North,13.1114,80.2437,29.09,5.04,3.03,615.7,5.7,0.71,2.57,83.8,13.5,Commercial,10,125,1,Moderate
W018,Ambattur Industrial Zone,North-West,13.114,80.154,114.72,47.61,2.96,4402.8,11.2,1.82,3.42,50.6,61.1,Industrial,5,60,2,High
W012,Manali Petrochemical Lowland,North-East,13.1706,80.2605,20.45,4.31,3.3,931.8,3.12,0.53,2.11,72.3,17.3,Industrial,11,135,1,Moderate
W018,Ambattur Industrial Zone,North-West,13.114,80.154,137.04,48.79,3.59,4789.1,11.51,1.88,3.72,33.7,55.5,Industrial,5,60,2,High
W002,Velachery Lowlands,South,12.9815,80.218,99.66,23.98,5.07,5020.5,3.72,0.41,2.31,22.7,77.2,High_Density_Residential,12,140,3,Severe Inundation
W015,St. Thomas Mount Ridge,South-Central,13.004,80.191,81.87,11.01,0.76,900.0,23.37,3.45,4.97,54.9,47.2,Low_Density_Residential,1,15,0,Low
W018,Ambattur Industrial Zone,North-West,13.114,80.154,25.71,7.12,1.29,479.1,11.69,1.82,3.37,75.6,21.2,Industrial,5,60,0,Low
W007,Mylapore Heritage Sector,East,13.0368,80.2676,19.57,5.95,1.9,985.7,9.17,1.35,4.71,31.5,63.5,High_Density_Residential,5,55,0,Low
W014,Porur Lake Fringe,West,13.033,80.158,26.46,5.8,3.34,459.4,4.88,0.75,2.73,16.8,83.1,High_Density_Residential,9,105,0,Low
W004,Guindy Ridge Sector,South-Central,13.0067,80.2025,26.31,4.77,0.73,635.2,14.31,1.98,4.06,7.8,93.6,Industrial,4,45,0,Low
W008,Tambaram Outer Plateau,South-West,12.9249,80.1,28.37,6.47,0.64,385.4,22.53,3.08,3.41,59.5,38.8,Low_Density_Residential,3,40,0,Low
W010,Kolathur Urban Catchment,North-West,13.1235,80.2188,50.08,22.97,2.64,2585.3,8.69,1.55,2.89,13.7,100.0,High_Density_Residential,7,85,0,Low
W002,Velachery Lowlands,South,12.9815,80.218,15.89,7.39,3.07,799.0,3.82,0.26,2.41,30.5,59.8,High_Density_Residential,12,140,1,Moderate
W015,St. Thomas Mount Ridge,South-Central,13.004,80.191,9.0,7.83,0.4,177.7,24.05,3.5,4.81,10.3,88.9,Low_Density_Residential,1,15,0,Low
W009,Perambur Railway Lowlands,North,13.1114,80.2437,150.15,48.81,5.8,7323.4,4.91,0.63,2.58,65.7,28.4,Commercial,10,125,3,Severe Inundation
W012,Manali Petrochemical Lowland,North-East,13.1706,80.2605,187.27,68.51,7.19,15587.4,3.12,0.2,1.75,39.6,52.2,Industrial,11,135,3,Severe Inundation
W003,Madipakkam Lake Basin,South,12.9647,80.1961,83.58,10.74,4.64,1381.3,2.33,0.32,1.58,83.1,17.2,High_Density_Residential,14,160,3,Severe Inundation
W015,St. Thomas Mount Ridge,South-Central,13.004,80.191,38.88,20.12,0.46,2377.1,23.8,3.43,4.68,85.9,5.8,Low_Density_Residential,1,15,0,Low
W004,Guindy Ridge Sector,South-Central,13.0067,80.2025,21.89,4.52,0.93,112.7,13.32,2.13,4.24,49.9,52.6,Industrial,4,45,0,Low
W008,Tambaram Outer Plateau,South-West,12.9249,80.1,48.17,9.96,0.4,1361.9,21.39,3.27,3.4,37.4,63.5,Low_Density_Residential,3,40,0,Low
W007,Mylapore Heritage Sector,East,13.0368,80.2676,129.02,30.57,4.34,4389.7,8.59,1.18,4.29,8.2,91.4,High_Density_Residential,5,55,2,High
W019,Royapettah Central,Central,13.053,80.261,6.23,7.36,1.65,330.3,9.91,1.75,4.19,33.3,67.7,Commercial,4,50,0,Low
W012,Manali Petrochemical Lowland,North-East,13.1706,80.2605,215.33,87.02,7.97,11950.2,2.83,0.6,2.15,33.6,68.9,Industrial,11,135,3,Severe Inundation
W020,Mudichur Lake Sink,South-West,12.912,80.068,30.26,2.55,3.86,521.4,2.42,0.26,1.62,34.7,61.0,High_Density_Residential,14,165,1,Moderate
W014,Porur Lake Fringe,West,13.033,80.158,307.37,57.71,8.41,13589.9,6.1,0.53,2.45,5.0,96.0,High_Density_Residential,9,105,3,Severe Inundation
W006,Anna Nagar High Ridge,West,13.085,80.2101,175.91,24.79,2.09,7506.8,17.86,2.78,5.35,41.1,59.9,Low_Density_Residential,1,20,0,Low
W020,Mudichur Lake Sink,South-West,12.912,80.068,61.39,19.46,4.4,1301.6,2.31,0.44,1.75,52.9,43.8,High_Density_Residential,14,165,2,High
W005,Adyar Estuary Buffer,Coastal,13.0012,80.2565,16.96,3.46,2.69,766.7,4.54,0.46,2.84,38.3,60.1,Green_Space,9,110,0,Low
W007,Mylapore Heritage Sector,East,13.0368,80.2676,40.26,10.65,2.55,3085.4,8.44,1.35,4.2,7.6,98.1,High_Density_Residential,5,55,0,Low
W007,Mylapore Heritage Sector,East,13.0368,80.2676,16.31,3.01,2.03,543.2,8.63,1.19,4.56,33.7,63.5,High_Density_Residential,5,55,0,Low
W002,Velachery Lowlands,South,12.9815,80.218,5.04,9.65,2.74,251.9,3.85,0.42,1.67,5.0,100.0,High_Density_Residential,12,140,0,Low
W019,Royapettah Central,Central,13.053,80.261,69.99,11.14,2.99,3126.1,9.38,1.16,4.04,24.5,81.5,Commercial,4,50,0,Low
W012,Manali Petrochemical Lowland,North-East,13.1706,80.2605,5.77,1.7,2.87,122.4,3.08,0.28,2.04,38.7,55.8,Industrial,11,135,0,Low
W018,Ambattur Industrial Zone,North-West,13.114,80.154,48.09,20.3,1.94,2541.1,11.82,1.7,3.64,39.8,42.9,Industrial,5,60,0,Low
W009,Perambur Railway Lowlands,North,13.1114,80.2437,2.25,4.8,2.08,460.8,5.55,0.31,2.89,11.4,78.7,Commercial,10,125,0,Low
W020,Mudichur Lake Sink,South-West,12.912,80.068,87.68,15.77,5.24,2742.5,2.14,0.25,1.66,70.6,35.2,High_Density_Residential,14,165,3,Severe Inundation
W018,Ambattur Industrial Zone,North-West,13.114,80.154,5.41,6.49,1.24,672.5,10.83,1.74,3.72,32.1,73.7,Industrial,5,60,0,Low
W006,Anna Nagar High Ridge,West,13.085,80.2101,134.85,49.98,1.84,5310.4,18.92,2.98,5.43,73.7,25.3,Low_Density_Residential,1,20,0,Low
W011,Sholinganallur IT Corridor,South-East,12.901,80.2279,147.9,49.18,5.81,3199.7,4.12,0.67,3.65,22.6,76.7,Commercial,9,115,3,Severe Inundation
W010,Kolathur Urban Catchment,North-West,13.1235,80.2188,21.28,6.47,1.93,617.4,9.21,1.56,3.18,60.8,36.5,High_Density_Residential,7,85,0,Low
W010,Kolathur Urban Catchment,North-West,13.1235,80.2188,30.75,7.55,2.35,514.2,9.04,1.45,2.98,64.2,34.7,High_Density_Residential,7,85,0,Low
W019,Royapettah Central,Central,13.053,80.261,17.0,3.83,1.94,846.7,9.58,1.51,4.29,5.0,95.9,Commercial,4,50,0,Low
W009,Perambur Railway Lowlands,North,13.1114,80.2437,106.9,42.11,4.76,7392.9,4.78,0.53,2.63,28.2,73.2,Commercial,10,125,3,Severe Inundation
W017,Saidapet Riverine Basin,Central,13.021,80.223,40.73,12.19,3.3,2298.3,3.97,0.36,2.61,31.8,71.0,High_Density_Residential,11,130,1,Moderate
W004,Guindy Ridge Sector,South-Central,13.0067,80.2025,24.09,2.9,1.13,634.2,14.73,2.28,4.39,39.9,58.6,Industrial,4,45,0,Low
W005,Adyar Estuary Buffer,Coastal,13.0012,80.2565,68.16,21.86,4.06,1613.4,4.17,0.65,2.81,30.5,73.8,Green_Space,9,110,1,Moderate
W014,Porur Lake Fringe,West,13.033,80.158,27.33,3.94,2.89,158.3,5.71,0.46,2.26,80.0,30.2,High_Density_Residential,9,105,1,Moderate
W002,Velachery Lowlands,South,12.9815,80.218,18.75,2.87,2.89,909.2,3.7,0.55,2.09,69.5,23.8,High_Density_Residential,12,140,1,Moderate
W009,Perambur Railway Lowlands,North,13.1114,80.2437,158.0,21.52,6.23,5460.9,4.4,0.56,2.71,41.8,65.3,Commercial,10,125,3,Severe Inundation
W005,Adyar Estuary Buffer,Coastal,13.0012,80.2565,123.73,27.41,5.3,6506.1,3.54,0.9,2.9,25.3,79.8,Green_Space,9,110,2,High
W005,Adyar Estuary Buffer,Coastal,13.0012,80.2565,38.0,17.53,3.52,2549.5,4.22,0.8,3.01,53.8,48.6,Green_Space,9,110,1,Moderate
W008,Tambaram Outer Plateau,South-West,12.9249,80.1,2.67,3.66,0.4,613.2,22.14,3.25,3.18,56.2,48.7,Low_Density_Residential,3,40,0,Low
W005,Adyar Estuary Buffer,Coastal,13.0012,80.2565,3.82,3.17,2.77,133.8,4.42,0.59,2.96,14.7,93.9,Green_Space,9,110,0,Low
W011,Sholinganallur IT Corridor,South-East,12.901,80.2279,128.98,44.88,4.89,3557.3,4.37,0.2,3.19,21.5,72.5,Commercial,9,115,3,Severe Inundation
W008,Tambaram Outer Plateau,South-West,12.9249,80.1,126.13,42.82,1.22,5626.5,22.57,3.17,3.26,44.7,46.0,Low_Density_Residential,3,40,0,Low
W013,Pallikaranai Marsh Reserve,South-East,12.936,80.214,89.33,11.65,5.06,1454.8,1.65,0.31,1.46,53.8,44.3,Green_Space,15,175,2,High
W016,Koyambedu Market Heights,West,13.069,80.194,35.04,11.23,0.97,1274.3,16.52,2.32,4.2,31.7,71.2,Commercial,3,35,0,Low
W005,Adyar Estuary Buffer,Coastal,13.0012,80.2565,11.07,1.84,2.42,853.6,4.45,0.58,3.02,5.0,89.0,Green_Space,9,110,0,Low
W019,Royapettah Central,Central,13.053,80.261,65.06,23.11,2.68,3218.8,9.32,1.5,4.49,62.0,44.9,Commercial,4,50,1,Moderate
W009,Perambur Railway Lowlands,North,13.1114,80.2437,37.12,20.55,3.75,2733.9,3.81,0.63,2.56,33.6,66.4,Commercial,10,125,2,High
W014,Porur Lake Fringe,West,13.033,80.158,38.83,15.27,3.34,2558.0,5.75,0.75,2.29,71.7,26.3,High_Density_Residential,9,105,1,Moderate
W013,Pallikaranai Marsh Reserve,South-East,12.936,80.214,9.19,7.42,2.95,242.6,1.97,0.2,1.44,8.6,99.5,Green_Space,15,175,0,Low
W015,St. Thomas Mount Ridge,South-Central,13.004,80.191,66.13,17.87,0.4,2551.5,24.06,3.41,5.05,41.4,56.2,Low_Density_Residential,1,15,0,Low
W003,Madipakkam Lake Basin,South,12.9647,80.1961,94.55,33.92,5.54,7688.9,1.77,0.46,1.23,7.0,90.9,High_Density_Residential,14,160,3,Severe Inundation
W003,Madipakkam Lake Basin,South,12.9647,80.1961,247.77,92.77,8.62,12627.2,3.21,0.21,1.99,52.7,56.6,High_Density_Residential,14,160,3,Severe Inundation
W013,Pallikaranai Marsh Reserve,South-East,12.936,80.214,82.89,15.2,4.8,2375.3,2.03,0.2,1.46,41.2,58.5,Green_Space,15,175,2,High
W017,Saidapet Riverine Basin,Central,13.021,80.223,49.73,16.71,3.92,2409.4,3.07,0.29,2.64,35.7,61.4,High_Density_Residential,11,130,2,High
W009,Perambur Railway Lowlands,North,13.1114,80.2437,67.34,20.63,4.17,2769.5,5.22,0.4,2.2,49.9,49.1,Commercial,10,125,2,High
W012,Manali Petrochemical Lowland,North-East,13.1706,80.2605,166.22,46.58,6.69,3072.8,3.01,0.62,1.99,11.8,78.7,Industrial,11,135,3,Severe Inundation
W015,St. Thomas Mount Ridge,South-Central,13.004,80.191,22.15,6.2,0.4,565.1,24.48,3.52,5.07,9.4,91.2,Low_Density_Residential,1,15,0,Low
W016,Koyambedu Market Heights,West,13.069,80.194,16.5,9.35,0.42,814.8,16.55,2.58,4.28,72.0,28.9,Commercial,3,35,0,Low
W011,Sholinganallur IT Corridor,South-East,12.901,80.2279,273.28,48.19,8.66,7814.4,3.89,0.63,3.62,69.5,34.1,Commercial,9,115,3,Severe Inundation
W019,Royapettah Central,Central,13.053,80.261,26.68,9.33,1.87,649.0,9.79,1.56,3.89,61.0,35.1,Commercial,4,50,0,Low
W001,T. Nagar Commercial Hub,Central,13.0418,80.2341,73.8,8.13,3.62,2016.2,5.49,0.79,3.88,32.4,68.7,Commercial,8,90,1,Moderate
W003,Madipakkam Lake Basin,South,12.9647,80.1961,260.69,69.68,8.73,17909.8,2.96,0.38,2.2,58.1,41.4,High_Density_Residential,14,160,3,Severe Inundation
W015,St. Thomas Mount Ridge,South-Central,13.004,80.191,106.0,35.11,0.56,5194.3,23.84,3.81,4.45,44.7,46.8,Low_Density_Residential,1,15,0,Low
W012,Manali Petrochemical Lowland,North-East,13.1706,80.2605,4.9,2.24,2.92,537.7,3.42,0.5,2.07,12.4,89.0,Industrial,11,135,0,Low
W003,Madipakkam Lake Basin,South,12.9647,80.1961,13.02,8.95,3.07,578.9,1.84,0.23,1.87,23.9,78.7,High_Density_Residential,14,160,1,Moderate
W018,Ambattur Industrial Zone,North-West,13.114,80.154,280.6,70.34,6.09,14015.5,11.61,1.94,3.75,30.3,69.7,Industrial,5,60,3,Severe Inundation
W013,Pallikaranai Marsh Reserve,South-East,12.936,80.214,175.7,47.48,7.1,6224.0,2.78,0.2,1.7,44.6,58.3,Green_Space,15,175,3,Severe Inundation
W007,Mylapore Heritage Sector,East,13.0368,80.2676,39.43,12.66,2.35,2047.5,8.54,1.29,4.52,32.4,66.0,High_Density_Residential,5,55,0,Low
W014,Porur Lake Fringe,West,13.033,80.158,10.98,1.61,1.97,496.2,5.0,0.81,2.13,23.7,79.6,High_Density_Residential,9,105,0,Low
W007,Mylapore Heritage Sector,East,13.0368,80.2676,31.72,9.41,1.92,694.5,8.88,0.98,4.39,69.5,29.2,High_Density_Residential,5,55,0,Low
W016,Koyambedu Market Heights,West,13.069,80.194,2.42,4.65,0.56,309.3,16.35,2.28,4.1,73.8,27.4,Commercial,3,35,0,Low
W009,Perambur Railway Lowlands,North,13.1114,80.2437,3.56,5.18,2.39,194.5,4.38,0.31,2.63,68.2,21.5,Commercial,10,125,0,Low
W011,Sholinganallur IT Corridor,South-East,12.901,80.2279,95.23,21.19,4.38,4675.0,4.27,0.55,3.38,68.6,28.5,Commercial,9,115,3,Severe Inundation
W010,Kolathur Urban Catchment,North-West,13.1235,80.2188,87.51,19.19,3.54,3057.2,8.81,1.46,3.31,44.5,58.1,High_Density_Residential,7,85,1,Moderate
W011,Sholinganallur IT Corridor,South-East,12.901,80.2279,62.41,18.79,3.85,876.6,4.17,0.38,3.54,60.2,40.3,Commercial,9,115,2,High
W018,Ambattur Industrial Zone,North-West,13.114,80.154,29.05,8.08,1.57,853.8,11.04,1.54,3.39,59.5,31.8,Industrial,5,60,0,Low
W019,Royapettah Central,Central,13.053,80.261,130.96,40.84,3.73,3066.0,9.51,1.47,4.05,65.4,31.4,Commercial,4,50,2,High
W005,Adyar Estuary Buffer,Coastal,13.0012,80.2565,33.77,3.23,3.3,996.1,4.17,0.74,3.21,5.0,94.6,Green_Space,9,110,0,Low
W019,Royapettah Central,Central,13.053,80.261,12.14,8.8,1.97,444.9,9.75,1.51,4.52,73.3,24.7,Commercial,4,50,0,Low
W016,Koyambedu Market Heights,West,13.069,80.194,14.57,2.34,0.4,860.6,16.89,2.48,3.78,23.0,77.3,Commercial,3,35,0,Low
W011,Sholinganallur IT Corridor,South-East,12.901,80.2279,23.7,1.94,3.08,570.8,4.76,0.2,3.26,47.5,56.6,Commercial,9,115,0,Low
W002,Velachery Lowlands,South,12.9815,80.218,118.29,43.16,5.37,7696.6,3.98,0.47,2.22,22.8,78.1,High_Density_Residential,12,140,3,Severe Inundation
W002,Velachery Lowlands,South,12.9815,80.218,3.15,5.87,2.65,856.6,3.27,0.43,2.35,27.6,79.7,High_Density_Residential,12,140,0,Low
W004,Guindy Ridge Sector,South-Central,13.0067,80.2025,144.3,25.01,2.71,7372.1,14.52,1.97,4.35,16.2,84.7,Industrial,4,45,1,Moderate
W015,St. Thomas Mount Ridge,South-Central,13.004,80.191,30.4,5.33,0.43,350.3,24.22,3.61,4.74,37.0,65.1,Low_Density_Residential,1,15,0,Low
W001,T. Nagar Commercial Hub,Central,13.0418,80.2341,118.93,39.44,4.29,5696.6,6.41,0.89,3.5,48.2,56.5,Commercial,8,90,3,Severe Inundation
W004,Guindy Ridge Sector,South-Central,13.0067,80.2025,71.09,21.79,1.43,2743.6,14.57,2.32,4.41,33.9,65.7,Industrial,4,45,0,Low
W006,Anna Nagar High Ridge,West,13.085,80.2101,132.34,26.38,1.62,7264.9,18.25,2.84,4.93,25.5,70.9,Low_Density_Residential,1,20,0,Low
W015,St. Thomas Mount Ridge,South-Central,13.004,80.191,75.77,10.59,0.61,2406.5,24.29,3.57,4.98,15.5,85.6,Low_Density_Residential,1,15,0,Low
W015,St. Thomas Mount Ridge,South-Central,13.004,80.191,63.88,8.21,0.54,3354.1,23.28,3.71,4.77,26.6,66.7,Low_Density_Residential,1,15,0,Low
W001,T. Nagar Commercial Hub,Central,13.0418,80.2341,140.62,26.07,5.23,7331.2,6.36,0.97,3.91,36.6,58.2,Commercial,8,90,3,Severe Inundation
W014,Porur Lake Fringe,West,13.033,80.158,160.23,39.69,5.76,7023.6,5.92,0.68,2.39,11.5,88.8,High_Density_Residential,9,105,3,Severe Inundation
W007,Mylapore Heritage Sector,East,13.0368,80.2676,24.95,8.61,1.85,500.8,8.79,1.11,4.6,44.5,48.3,High_Density_Residential,5,55,0,Low
W005,Adyar Estuary Buffer,Coastal,13.0012,80.2565,31.43,9.98,3.07,415.4,4.06,0.61,2.98,19.8,71.5,Green_Space,9,110,0,Low
W010,Kolathur Urban Catchment,North-West,13.1235,80.2188,122.5,22.02,3.94,3827.5,8.73,1.24,3.0,39.8,54.2,High_Density_Residential,7,85,2,High
W006,Anna Nagar High Ridge,West,13.085,80.2101,46.94,10.72,0.69,1457.6,18.43,2.75,5.15,67.5,33.8,Low_Density_Residential,1,20,0,Low
W009,Perambur Railway Lowlands,North,13.1114,80.2437,81.9,14.89,3.97,2785.2,5.26,0.61,2.42,81.3,15.8,Commercial,10,125,2,High
W003,Madipakkam Lake Basin,South,12.9647,80.1961,83.1,16.77,4.58,2560.1,2.92,0.27,1.95,35.7,63.8,High_Density_Residential,14,160,3,Severe Inundation
W012,Manali Petrochemical Lowland,North-East,13.1706,80.2605,41.07,19.58,3.71,3231.5,3.07,0.51,1.96,25.6,68.9,Industrial,11,135,2,High
W009,Perambur Railway Lowlands,North,13.1114,80.2437,33.5,4.79,3.0,683.3,4.6,0.92,2.06,52.7,45.3,Commercial,10,125,0,Low
W003,Madipakkam Lake Basin,South,12.9647,80.1961,91.61,31.81,4.53,5782.5,3.36,0.39,1.71,53.6,37.4,High_Density_Residential,14,160,3,Severe Inundation
W012,Manali Petrochemical Lowland,North-East,13.1706,80.2605,5.66,9.45,3.12,920.1,2.7,0.52,2.09,6.2,84.9,Industrial,11,135,1,Moderate
W006,Anna Nagar High Ridge,West,13.085,80.2101,156.51,40.89,1.74,4873.4,18.17,3.05,5.15,46.1,53.7,Low_Density_Residential,1,20,0,Low
W002,Velachery Lowlands,South,12.9815,80.218,16.77,7.45,3.23,479.1,3.45,0.49,2.15,74.8,20.3,High_Density_Residential,12,140,1,Moderate
W013,Pallikaranai Marsh Reserve,South-East,12.936,80.214,45.48,19.67,4.03,2190.8,2.36,0.2,1.65,9.2,87.3,Green_Space,15,175,1,Moderate
W010,Kolathur Urban Catchment,North-West,13.1235,80.2188,151.8,26.27,4.56,7193.7,8.53,1.34,3.13,27.3,69.3,High_Density_Residential,7,85,3,Severe Inundation
W008,Tambaram Outer Plateau,South-West,12.9249,80.1,24.08,7.54,0.4,963.8,22.12,3.25,3.33,47.4,55.6,Low_Density_Residential,3,40,0,Low
W014,Porur Lake Fringe,West,13.033,80.158,25.39,8.33,2.66,809.9,5.82,0.72,2.25,22.7,72.1,High_Density_Residential,9,105,0,Low
W003,Madipakkam Lake Basin,South,12.9647,80.1961,6.36,2.83,2.76,203.7,2.66,0.2,1.5,31.5,56.6,High_Density_Residential,14,160,1,Moderate
W004,Guindy Ridge Sector,South-Central,13.0067,80.2025,143.73,22.34,2.48,4563.5,14.19,2.16,3.91,67.6,32.0,Industrial,4,45,1,Moderate
W001,T. Nagar Commercial Hub,Central,13.0418,80.2341,53.61,17.6,2.67,2066.7,6.82,0.9,3.73,65.6,33.1,Commercial,8,90,1,Moderate
W007,Mylapore Heritage Sector,East,13.0368,80.2676,46.41,22.76,2.63,2333.3,8.32,1.42,4.68,18.7,82.4,High_Density_Residential,5,55,0,Low
W016,Koyambedu Market Heights,West,13.069,80.194,29.43,4.08,0.63,517.5,16.6,2.42,4.2,30.1,69.8,Commercial,3,35,0,Low
W003,Madipakkam Lake Basin,South,12.9647,80.1961,163.11,23.61,6.78,7841.5,2.65,0.57,1.49,12.0,95.4,High_Density_Residential,14,160,3,Severe Inundation
W005,Adyar Estuary Buffer,Coastal,13.0012,80.2565,185.04,51.12,6.65,7547.4,4.23,0.2,2.82,61.2,44.5,Green_Space,9,110,3,Severe Inundation
W019,Royapettah Central,Central,13.053,80.261,64.72,11.55,2.41,2488.4,9.92,1.49,4.08,25.0,67.2,Commercial,4,50,0,Low
W008,Tambaram Outer Plateau,South-West,12.9249,80.1,152.43,33.9,1.25,4322.4,22.09,2.95,3.17,51.2,50.4,Low_Density_Residential,3,40,0,Low
W017,Saidapet Riverine Basin,Central,13.021,80.223,285.45,57.48,9.35,13102.1,3.75,0.31,2.75,40.4,58.3,High_Density_Residential,11,130,3,Severe Inundation
W015,St. Thomas Mount Ridge,South-Central,13.004,80.191,35.31,23.21,0.4,2237.2,24.69,3.6,4.81,12.9,90.1,Low_Density_Residential,1,15,0,Low
W001,T. Nagar Commercial Hub,Central,13.0418,80.2341,4.62,4.8,2.52,299.2,6.46,0.82,3.58,31.6,72.2,Commercial,8,90,0,Low
W001,T. Nagar Commercial Hub,Central,13.0418,80.2341,41.97,20.64,3.18,1734.3,5.58,0.86,4.05,37.0,66.1,Commercial,8,90,1,Moderate
W011,Sholinganallur IT Corridor,South-East,12.901,80.2279,50.13,13.89,3.24,2205.7,4.81,0.8,2.88,30.7,70.5,Commercial,9,115,1,Moderate
W004,Guindy Ridge Sector,South-Central,13.0067,80.2025,154.96,46.17,2.97,4138.8,14.65,2.4,4.2,16.4,82.1,Industrial,4,45,1,Moderate
W014,Porur Lake Fringe,West,13.033,80.158,119.89,45.94,4.94,7568.0,5.34,0.52,1.92,15.5,84.5,High_Density_Residential,9,105,3,Severe Inundation
W005,Adyar Estuary Buffer,Coastal,13.0012,80.2565,77.46,8.22,4.13,2824.9,4.13,0.66,2.94,90.5,9.7,Green_Space,9,110,1,Moderate
W016,Koyambedu Market Heights,West,13.069,80.194,198.86,70.86,2.5,16497.0,16.87,2.21,4.01,45.7,49.8,Commercial,3,35,3,Severe Inundation
W003,Madipakkam Lake Basin,South,12.9647,80.1961,10.24,8.45,2.97,628.5,2.67,0.2,1.58,81.5,15.1,High_Density_Residential,14,160,1,Moderate
W008,Tambaram Outer Plateau,South-West,12.9249,80.1,57.74,8.7,0.69,3029.8,22.11,3.09,3.11,6.2,91.7,Low_Density_Residential,3,40,0,Low
W013,Pallikaranai Marsh Reserve,South-East,12.936,80.214,13.07,8.55,2.97,259.1,2.23,0.2,1.23,73.9,32.9,Green_Space,15,175,1,Moderate
W003,Madipakkam Lake Basin,South,12.9647,80.1961,82.76,23.86,4.89,2737.8,2.27,0.3,1.42,47.8,51.8,High_Density_Residential,14,160,3,Severe Inundation
W004,Guindy Ridge Sector,South-Central,13.0067,80.2025,7.59,7.89,1.2,455.7,13.54,2.01,4.45,19.8,83.9,Industrial,4,45,0,Low
W004,Guindy Ridge Sector,South-Central,13.0067,80.2025,21.56,5.14,0.76,485.2,14.55,1.85,4.22,73.4,23.7,Industrial,4,45,0,Low
W011,Sholinganallur IT Corridor,South-East,12.901,80.2279,11.1,9.28,3.17,173.3,4.51,0.53,2.98,65.2,38.2,Commercial,9,115,1,Moderate
W012,Manali Petrochemical Lowland,North-East,13.1706,80.2605,65.21,15.8,4.46,1873.3,3.23,0.52,2.24,48.2,48.6,Industrial,11,135,2,High
W010,Kolathur Urban Catchment,North-West,13.1235,80.2188,89.09,24.85,3.16,2957.9,8.34,1.79,2.94,62.5,32.3,High_Density_Residential,7,85,1,Moderate
W005,Adyar Estuary Buffer,Coastal,13.0012,80.2565,39.81,24.3,3.51,2828.4,4.14,0.41,3.05,27.1,68.1,Green_Space,9,110,1,Moderate
W013,Pallikaranai Marsh Reserve,South-East,12.936,80.214,40.78,20.83,3.65,1085.2,2.17,0.2,1.52,26.8,73.6,Green_Space,15,175,1,Moderate
W005,Adyar Estuary Buffer,Coastal,13.0012,80.2565,80.15,12.92,4.45,3061.9,4.09,0.53,2.73,22.7,74.1,Green_Space,9,110,1,Moderate
W005,Adyar Estuary Buffer,Coastal,13.0012,80.2565,29.63,8.29,3.01,905.6,4.21,1.01,3.02,17.6,85.8,Green_Space,9,110,0,Low
W003,Madipakkam Lake Basin,South,12.9647,80.1961,21.02,7.31,3.37,743.2,2.13,0.46,1.74,53.4,48.8,High_Density_Residential,14,160,1,Moderate
W017,Saidapet Riverine Basin,Central,13.021,80.223,18.1,9.64,2.7,632.7,3.71,0.63,3.21,69.9,20.0,High_Density_Residential,11,130,1,Moderate
W019,Royapettah Central,Central,13.053,80.261,5.12,9.81,1.36,753.4,9.67,1.47,4.19,53.7,50.7,Commercial,4,50,0,Low
W001,T. Nagar Commercial Hub,Central,13.0418,80.2341,79.67,9.62,3.72,2693.4,5.87,0.74,3.98,68.0,33.8,Commercial,8,90,2,High
W020,Mudichur Lake Sink,South-West,12.912,80.068,13.0,9.81,2.98,208.8,1.92,0.32,1.48,71.9,26.8,High_Density_Residential,14,165,1,Moderate
W006,Anna Nagar High Ridge,West,13.085,80.2101,88.37,18.28,1.35,1683.2,18.39,2.84,5.13,33.9,64.1,Low_Density_Residential,1,20,0,Low
W015,St. Thomas Mount Ridge,South-Central,13.004,80.191,308.58,82.97,2.97,7728.7,23.54,3.57,4.78,74.4,32.2,Low_Density_Residential,1,15,2,High
W012,Manali Petrochemical Lowland,North-East,13.1706,80.2605,96.37,41.16,5.51,3678.7,2.92,0.28,2.21,24.0,69.3,Industrial,11,135,3,Severe Inundation
W007,Mylapore Heritage Sector,East,13.0368,80.2676,5.22,4.92,1.32,685.8,9.02,1.29,4.57,69.7,40.1,High_Density_Residential,5,55,0,Low
W005,Adyar Estuary Buffer,Coastal,13.0012,80.2565,36.6,17.84,3.23,1426.4,3.58,0.44,3.07,7.5,91.7,Green_Space,9,110,0,Low
W014,Porur Lake Fringe,West,13.033,80.158,144.36,23.78,5.29,7799.3,5.0,1.08,2.75,23.3,78.7,High_Density_Residential,9,105,3,Severe Inundation
W020,Mudichur Lake Sink,South-West,12.912,80.068,25.01,6.08,3.52,969.7,1.86,0.49,1.39,14.4,88.0,High_Density_Residential,14,165,1,Moderate
W015,St. Thomas Mount Ridge,South-Central,13.004,80.191,2.26,1.29,0.4,668.4,23.92,3.48,4.66,35.5,66.2,Low_Density_Residential,1,15,0,Low
W007,Mylapore Heritage Sector,East,13.0368,80.2676,87.56,12.48,3.27,1048.1,7.97,1.23,4.36,20.3,79.9,High_Density_Residential,5,55,1,Moderate
W003,Madipakkam Lake Basin,South,12.9647,80.1961,284.95,51.42,10.07,16828.0,2.02,0.28,1.99,66.9,35.7,High_Density_Residential,14,160,3,Severe Inundation
W004,Guindy Ridge Sector,South-Central,13.0067,80.2025,7.99,2.36,0.95,630.8,13.76,2.12,4.13,25.7,65.4,Industrial,4,45,0,Low
W005,Adyar Estuary Buffer,Coastal,13.0012,80.2565,123.44,27.47,5.2,6038.5,4.2,0.85,2.97,82.2,27.0,Green_Space,9,110,3,Severe Inundation
W004,Guindy Ridge Sector,South-Central,13.0067,80.2025,94.73,47.37,2.31,4355.8,13.97,2.12,4.16,41.4,51.4,Industrial,4,45,1,Moderate
W019,Royapettah Central,Central,13.053,80.261,81.73,9.79,3.02,2213.7,9.27,1.41,4.33,27.9,75.1,Commercial,4,50,0,Low
W013,Pallikaranai Marsh Reserve,South-East,12.936,80.214,26.88,8.67,3.76,644.5,2.32,0.31,1.51,46.9,52.2,Green_Space,15,175,1,Moderate
W012,Manali Petrochemical Lowland,North-East,13.1706,80.2605,60.84,12.52,4.39,2394.1,2.72,0.52,1.93,46.8,60.6,Industrial,11,135,2,High
W014,Porur Lake Fringe,West,13.033,80.158,261.28,81.13,7.79,12297.3,5.34,0.65,2.47,41.3,65.0,High_Density_Residential,9,105,3,Severe Inundation
W011,Sholinganallur IT Corridor,South-East,12.901,80.2279,53.89,13.83,3.7,2541.0,5.19,0.56,3.45,20.3,77.8,Commercial,9,115,1,Moderate
W005,Adyar Estuary Buffer,Coastal,13.0012,80.2565,24.63,7.75,2.92,410.9,5.06,0.46,3.06,17.3,83.3,Green_Space,9,110,0,Low
W008,Tambaram Outer Plateau,South-West,12.9249,80.1,74.32,12.45,0.96,1397.9,21.84,3.37,3.12,72.6,32.0,Low_Density_Residential,3,40,0,Low
W009,Perambur Railway Lowlands,North,13.1114,80.2437,78.03,12.88,4.33,3111.9,4.07,0.35,2.26,64.2,33.6,Commercial,10,125,2,High
W003,Madipakkam Lake Basin,South,12.9647,80.1961,93.97,43.44,5.27,4013.2,2.76,0.5,1.76,33.0,70.9,High_Density_Residential,14,160,3,Severe Inundation
W008,Tambaram Outer Plateau,South-West,12.9249,80.1,105.92,31.13,1.32,7568.5,22.35,3.32,3.38,39.0,68.0,Low_Density_Residential,3,40,0,Low
W018,Ambattur Industrial Zone,North-West,13.114,80.154,15.54,9.09,1.29,958.1,10.99,1.86,3.66,25.4,62.9,Industrial,5,60,0,Low
W020,Mudichur Lake Sink,South-West,12.912,80.068,67.81,12.32,5.04,1890.1,1.7,0.38,1.29,62.4,31.0,High_Density_Residential,14,165,3,Severe Inundation
W020,Mudichur Lake Sink,South-West,12.912,80.068,32.54,7.3,3.79,251.9,1.99,0.24,1.51,63.9,35.6,High_Density_Residential,14,165,2,High
W020,Mudichur Lake Sink,South-West,12.912,80.068,156.03,38.39,6.52,4761.1,2.34,0.2,1.51,70.5,27.2,High_Density_Residential,14,165,3,Severe Inundation
W010,Kolathur Urban Catchment,North-West,13.1235,80.2188,65.48,9.58,2.28,2369.4,9.59,1.4,2.83,35.0,66.0,High_Density_Residential,7,85,0,Low
W001,T. Nagar Commercial Hub,Central,13.0418,80.2341,204.49,47.15,6.29,13097.9,6.63,0.62,4.15,23.5,83.9,Commercial,8,90,3,Severe Inundation
W010,Kolathur Urban Catchment,North-West,13.1235,80.2188,319.9,45.08,7.56,9796.4,8.64,1.2,3.28,52.5,59.1,High_Density_Residential,7,85,3,Severe Inundation
W007,Mylapore Heritage Sector,East,13.0368,80.2676,108.01,40.51,3.49,3535.2,9.36,1.1,4.29,27.5,72.7,High_Density_Residential,5,55,2,High
W017,Saidapet Riverine Basin,Central,13.021,80.223,167.48,23.02,6.75,3737.4,2.88,0.48,2.74,60.2,37.7,High_Density_Residential,11,130,3,Severe Inundation
W020,Mudichur Lake Sink,South-West,12.912,80.068,105.21,42.1,5.49,6932.9,3.07,0.21,1.64,26.5,73.5,High_Density_Residential,14,165,3,Severe Inundation
W017,Saidapet Riverine Basin,Central,13.021,80.223,162.8,41.87,6.78,5432.0,3.63,0.24,3.0,67.7,34.0,High_Density_Residential,11,130,3,Severe Inundation
W007,Mylapore Heritage Sector,East,13.0368,80.2676,15.29,8.94,2.12,647.5,8.08,1.31,4.31,73.3,19.5,High_Density_Residential,5,55,0,Low
W013,Pallikaranai Marsh Reserve,South-East,12.936,80.214,5.58,6.39,3.18,457.2,1.97,0.34,1.51,80.4,26.8,Green_Space,15,175,1,Moderate
W010,Kolathur Urban Catchment,North-West,13.1235,80.2188,64.08,22.06,2.86,1917.1,8.95,1.18,3.06,46.9,54.2,High_Density_Residential,7,85,1,Moderate
W002,Velachery Lowlands,South,12.9815,80.218,151.16,43.33,6.56,5359.2,3.14,0.33,1.76,61.4,38.6,High_Density_Residential,12,140,3,Severe Inundation
W008,Tambaram Outer Plateau,South-West,12.9249,80.1,65.45,18.47,0.72,2159.0,21.78,3.16,3.44,27.6,70.7,Low_Density_Residential,3,40,0,Low
W016,Koyambedu Market Heights,West,13.069,80.194,34.52,5.87,0.42,271.5,16.87,2.37,3.99,39.3,54.2,Commercial,3,35,0,Low
W013,Pallikaranai Marsh Reserve,South-East,12.936,80.214,44.71,13.22,4.29,1528.6,2.0,0.2,1.61,48.3,50.2,Green_Space,15,175,2,High
W004,Guindy Ridge Sector,South-Central,13.0067,80.2025,12.34,4.24,1.15,406.6,13.55,2.13,3.96,49.6,46.4,Industrial,4,45,0,Low
W008,Tambaram Outer Plateau,South-West,12.9249,80.1,231.82,51.89,2.0,10462.0,21.97,3.27,3.6,61.2,41.4,Low_Density_Residential,3,40,1,Moderate
W016,Koyambedu Market Heights,West,13.069,80.194,307.62,68.28,3.96,15327.5,17.32,2.44,4.01,5.3,100.0,Commercial,3,35,3,Severe Inundation
W020,Mudichur Lake Sink,South-West,12.912,80.068,225.79,70.15,8.49,13826.1,2.58,0.24,1.43,41.8,57.9,High_Density_Residential,14,165,3,Severe Inundation
W003,Madipakkam Lake Basin,South,12.9647,80.1961,40.4,22.49,3.76,2240.4,2.11,0.34,1.87,45.0,61.4,High_Density_Residential,14,160,2,High
W017,Saidapet Riverine Basin,Central,13.021,80.223,179.39,30.53,6.34,3623.2,4.4,0.56,2.93,34.4,69.6,High_Density_Residential,11,130,3,Severe Inundation
W001,T. Nagar Commercial Hub,Central,13.0418,80.2341,125.52,24.72,4.69,6567.4,6.25,0.8,3.8,56.5,28.5,Commercial,8,90,3,Severe Inundation
W012,Manali Petrochemical Lowland,North-East,13.1706,80.2605,83.35,16.59,4.49,3340.8,2.82,0.29,2.19,53.0,42.5,Industrial,11,135,3,Severe Inundation
W011,Sholinganallur IT Corridor,South-East,12.901,80.2279,4.06,9.12,2.61,143.4,3.88,0.51,3.44,5.0,94.7,Commercial,9,115,0,Low
W005,Adyar Estuary Buffer,Coastal,13.0012,80.2565,42.93,16.08,3.29,1619.0,4.68,0.37,2.82,53.5,54.8,Green_Space,9,110,1,Moderate
W013,Pallikaranai Marsh Reserve,South-East,12.936,80.214,173.88,27.71,7.16,6490.4,1.6,0.39,1.31,55.4,48.5,Green_Space,15,175,3,Severe Inundation
W019,Royapettah Central,Central,13.053,80.261,14.76,8.82,1.61,990.4,10.3,1.42,4.44,50.5,47.4,Commercial,4,50,0,Low
W014,Porur Lake Fringe,West,13.033,80.158,25.92,5.2,3.3,590.8,5.3,0.53,2.41,41.9,60.6,High_Density_Residential,9,105,0,Low
W012,Manali Petrochemical Lowland,North-East,13.1706,80.2605,51.69,15.41,3.83,2628.6,3.33,0.79,2.17,38.0,61.8,Industrial,11,135,2,High
W018,Ambattur Industrial Zone,North-West,13.114,80.154,15.63,3.36,1.77,594.5,11.59,1.67,3.67,79.8,16.4,Industrial,5,60,0,Low
W006,Anna Nagar High Ridge,West,13.085,80.2101,15.17,10.0,0.4,334.9,18.2,2.72,4.9,5.8,94.1,Low_Density_Residential,1,20,0,Low
W016,Koyambedu Market Heights,West,13.069,80.194,129.09,43.68,1.73,6168.7,16.26,2.31,3.72,23.2,81.7,Commercial,3,35,0,Low
W003,Madipakkam Lake Basin,South,12.9647,80.1961,66.44,24.79,4.37,3404.3,2.7,0.2,1.63,12.5,94.5,High_Density_Residential,14,160,2,High
W001,T. Nagar Commercial Hub,Central,13.0418,80.2341,274.39,78.01,8.65,7704.4,5.25,0.64,3.93,63.4,40.9,Commercial,8,90,3,Severe Inundation
W019,Royapettah Central,Central,13.053,80.261,2.61,1.42,1.25,963.0,10.17,1.68,4.38,37.7,64.1,Commercial,4,50,0,Low
W003,Madipakkam Lake Basin,South,12.9647,80.1961,20.09,1.09,3.52,988.0,2.58,0.2,1.87,26.3,73.0,High_Density_Residential,14,160,1,Moderate
W001,T. Nagar Commercial Hub,Central,13.0418,80.2341,72.59,24.72,4.01,2274.4,5.9,0.7,3.64,54.7,53.6,Commercial,8,90,2,High
W009,Perambur Railway Lowlands,North,13.1114,80.2437,54.56,24.75,3.44,909.8,5.23,0.33,2.62,17.3,89.2,Commercial,10,125,1,Moderate
W007,Mylapore Heritage Sector,East,13.0368,80.2676,38.72,19.2,2.6,1138.2,8.88,1.4,4.33,47.1,55.2,High_Density_Residential,5,55,0,Low
W002,Velachery Lowlands,South,12.9815,80.218,65.0,24.24,4.16,844.7,3.2,0.39,2.17,35.7,54.5,High_Density_Residential,12,140,2,High
W002,Velachery Lowlands,South,12.9815,80.218,118.96,22.14,5.35,4007.3,3.59,0.52,2.29,25.3,78.2,High_Density_Residential,12,140,3,Severe Inundation
W013,Pallikaranai Marsh Reserve,South-East,12.936,80.214,75.4,17.92,4.71,863.1,2.08,0.2,1.76,14.3,87.9,Green_Space,15,175,2,High
W017,Saidapet Riverine Basin,Central,13.021,80.223,199.32,65.01,7.27,10388.1,3.56,0.51,2.92,12.0,94.5,High_Density_Residential,11,130,3,Severe Inundation
W010,Kolathur Urban Catchment,North-West,13.1235,80.2188,50.43,14.21,2.5,845.5,8.73,1.29,2.92,35.6,57.7,High_Density_Residential,7,85,0,Low
W017,Saidapet Riverine Basin,Central,13.021,80.223,33.03,5.63,3.45,767.7,4.13,0.34,2.69,53.8,52.3,High_Density_Residential,11,130,1,Moderate
W014,Porur Lake Fringe,West,13.033,80.158,284.45,70.92,8.5,7602.1,5.28,0.72,2.46,30.8,68.9,High_Density_Residential,9,105,3,Severe Inundation
W014,Porur Lake Fringe,West,13.033,80.158,117.74,49.48,4.79,6235.2,5.92,0.88,2.62,14.0,87.9,High_Density_Residential,9,105,3,Severe Inundation
W013,Pallikaranai Marsh Reserve,South-East,12.936,80.214,116.07,40.67,5.61,3529.0,2.0,0.25,1.85,11.5,84.7,Green_Space,15,175,3,Severe Inundation
W003,Madipakkam Lake Basin,South,12.9647,80.1961,20.58,7.01,3.24,446.3,2.47,0.2,1.81,51.6,49.6,High_Density_Residential,14,160,1,Moderate
W018,Ambattur Industrial Zone,North-West,13.114,80.154,142.24,46.89,3.26,3734.3,12.08,1.63,3.37,55.4,43.6,Industrial,5,60,2,High
W018,Ambattur Industrial Zone,North-West,13.114,80.154,46.0,17.68,1.89,1740.6,11.3,1.71,3.84,19.1,83.4,Industrial,5,60,0,Low
W020,Mudichur Lake Sink,South-West,12.912,80.068,28.61,5.92,3.25,609.7,3.03,0.63,1.78,39.4,57.6,High_Density_Residential,14,165,1,Moderate
W005,Adyar Estuary Buffer,Coastal,13.0012,80.2565,54.19,11.24,3.79,2976.2,4.11,0.63,2.88,76.8,32.9,Green_Space,9,110,1,Moderate
W009,Perambur Railway Lowlands,North,13.1114,80.2437,73.26,11.27,4.2,1756.3,4.29,0.45,2.86,43.6,63.9,Commercial,10,125,2,High
W003,Madipakkam Lake Basin,South,12.9647,80.1961,160.87,33.42,6.93,6749.8,2.11,0.47,1.87,38.7,61.4,High_Density_Residential,14,160,3,Severe Inundation
W010,Kolathur Urban Catchment,North-West,13.1235,80.2188,184.71,88.06,4.96,12499.6,8.9,1.55,2.84,44.4,53.3,High_Density_Residential,7,85,3,Severe Inundation
W003,Madipakkam Lake Basin,South,12.9647,80.1961,42.9,22.18,4.04,2153.0,2.08,0.35,1.92,53.5,56.0,High_Density_Residential,14,160,2,High
W017,Saidapet Riverine Basin,Central,13.021,80.223,97.44,39.7,4.52,5383.6,3.89,0.88,2.79,37.7,61.7,High_Density_Residential,11,130,3,Severe Inundation
W007,Mylapore Heritage Sector,East,13.0368,80.2676,181.58,63.34,4.98,14569.3,8.58,1.02,4.25,31.8,63.3,High_Density_Residential,5,55,3,Severe Inundation
W005,Adyar Estuary Buffer,Coastal,13.0012,80.2565,23.16,7.68,2.94,559.6,4.58,0.66,2.94,37.9,60.4,Green_Space,9,110,0,Low
W018,Ambattur Industrial Zone,North-West,13.114,80.154,179.49,27.3,4.54,5371.7,11.23,1.91,3.45,33.0,65.3,Industrial,5,60,2,High
W011,Sholinganallur IT Corridor,South-East,12.901,80.2279,30.42,1.33,2.88,849.9,4.33,0.52,3.5,71.0,23.4,Commercial,9,115,0,Low
W013,Pallikaranai Marsh Reserve,South-East,12.936,80.214,24.39,3.36,3.41,518.4,2.22,0.29,1.65,52.7,49.2,Green_Space,15,175,1,Moderate
W019,Royapettah Central,Central,13.053,80.261,81.65,8.77,2.97,1935.5,10.1,1.15,3.88,17.6,84.2,Commercial,4,50,0,Low
W003,Madipakkam Lake Basin,South,12.9647,80.1961,168.31,27.54,7.0,4664.3,2.18,0.32,1.68,77.8,18.3,High_Density_Residential,14,160,3,Severe Inundation
W010,Kolathur Urban Catchment,North-West,13.1235,80.2188,59.86,20.36,2.54,2778.1,9.55,1.63,2.76,81.7,19.9,High_Density_Residential,7,85,1,Moderate
W014,Porur Lake Fringe,West,13.033,80.158,27.05,7.01,2.71,272.4,5.86,0.88,2.46,35.3,67.3,High_Density_Residential,9,105,0,Low
W008,Tambaram Outer Plateau,South-West,12.9249,80.1,33.44,9.13,0.4,159.5,23.04,3.49,3.3,37.5,61.3,Low_Density_Residential,3,40,0,Low
W002,Velachery Lowlands,South,12.9815,80.218,22.66,3.96,3.38,462.2,2.85,0.21,2.13,43.5,46.8,High_Density_Residential,12,140,1,Moderate
W008,Tambaram Outer Plateau,South-West,12.9249,80.1,14.11,9.35,0.4,830.1,22.22,2.9,3.22,13.9,95.8,Low_Density_Residential,3,40,0,Low
W003,Madipakkam Lake Basin,South,12.9647,80.1961,88.75,12.0,4.58,3283.2,2.71,0.33,1.92,15.6,84.6,High_Density_Residential,14,160,2,High
W014,Porur Lake Fringe,West,13.033,80.158,286.22,77.47,8.45,11128.7,5.31,0.71,2.62,18.4,78.6,High_Density_Residential,9,105,3,Severe Inundation
W004,Guindy Ridge Sector,South-Central,13.0067,80.2025,88.8,11.64,2.11,2473.2,13.39,2.28,4.02,67.7,33.7,Industrial,4,45,0,Low
W015,St. Thomas Mount Ridge,South-Central,13.004,80.191,34.84,7.93,0.4,610.9,24.13,3.53,4.94,48.1,53.9,Low_Density_Residential,1,15,0,Low
W020,Mudichur Lake Sink,South-West,12.912,80.068,78.92,8.42,4.46,3030.9,2.68,0.2,1.64,70.2,34.1,High_Density_Residential,14,165,3,Severe Inundation
W020,Mudichur Lake Sink,South-West,12.912,80.068,59.71,21.12,4.34,2139.7,2.81,0.49,1.48,46.5,58.4,High_Density_Residential,14,165,2,High
W002,Velachery Lowlands,South,12.9815,80.218,28.09,7.46,3.39,292.6,3.57,0.31,1.95,49.0,49.8,High_Density_Residential,12,140,1,Moderate
W010,Kolathur Urban Catchment,North-West,13.1235,80.2188,244.7,67.62,6.43,15722.6,8.46,1.7,3.33,5.1,100.0,High_Density_Residential,7,85,3,Severe Inundation
W006,Anna Nagar High Ridge,West,13.085,80.2101,7.23,6.46,0.4,142.3,18.3,2.62,5.17,43.2,40.8,Low_Density_Residential,1,20,0,Low
W004,Guindy Ridge Sector,South-Central,13.0067,80.2025,11.46,1.28,0.72,818.0,13.8,1.99,4.41,24.9,64.1,Industrial,4,45,0,Low
W001,T. Nagar Commercial Hub,Central,13.0418,80.2341,133.96,25.66,4.67,3584.9,6.32,0.9,3.88,13.6,75.9,Commercial,8,90,3,Severe Inundation
W005,Adyar Estuary Buffer,Coastal,13.0012,80.2565,173.29,47.43,6.76,5758.1,4.71,0.5,2.87,42.8,58.8,Green_Space,9,110,3,Severe Inundation
W001,T. Nagar Commercial Hub,Central,13.0418,80.2341,72.43,12.87,3.2,1474.2,6.79,0.9,4.16,44.2,50.9,Commercial,8,90,1,Moderate
W006,Anna Nagar High Ridge,West,13.085,80.2101,121.24,43.53,1.64,4515.5,18.35,2.96,5.27,41.4,57.3,Low_Density_Residential,1,20,0,Low
W016,Koyambedu Market Heights,West,13.069,80.194,80.92,22.12,0.82,864.8,17.04,2.34,4.1,32.6,59.9,Commercial,3,35,0,Low
W012,Manali Petrochemical Lowland,North-East,13.1706,80.2605,47.3,23.16,3.86,3049.0,3.09,0.28,2.16,36.1,68.9,Industrial,11,135,2,High
W017,Saidapet Riverine Basin,Central,13.021,80.223,4.89,7.59,2.49,312.7,4.0,0.48,2.42,12.0,83.2,High_Density_Residential,11,130,0,Low
W017,Saidapet Riverine Basin,Central,13.021,80.223,5.08,3.35,2.73,204.2,2.82,0.32,2.86,69.2,32.3,High_Density_Residential,11,130,0,Low
W009,Perambur Railway Lowlands,North,13.1114,80.2437,5.43,6.14,2.31,577.3,4.94,0.34,2.23,11.6,86.9,Commercial,10,125,0,Low
W006,Anna Nagar High Ridge,West,13.085,80.2101,69.62,14.09,0.4,3072.3,18.64,2.86,5.29,37.5,62.4,Low_Density_Residential,1,20,0,Low
W012,Manali Petrochemical Lowland,North-East,13.1706,80.2605,118.18,45.8,5.48,5197.3,3.96,0.39,2.21,63.8,27.6,Industrial,11,135,3,Severe Inundation
W005,Adyar Estuary Buffer,Coastal,13.0012,80.2565,66.46,14.07,3.78,1318.6,4.62,0.62,2.91,58.2,44.1,Green_Space,9,110,1,Moderate
W009,Perambur Railway Lowlands,North,13.1114,80.2437,141.58,46.67,5.51,3469.8,4.65,0.68,2.85,53.2,43.3,Commercial,10,125,3,Severe Inundation
W004,Guindy Ridge Sector,South-Central,13.0067,80.2025,82.81,18.15,2.21,3031.4,13.44,2.12,4.03,71.8,17.7,Industrial,4,45,0,Low
W001,T. Nagar Commercial Hub,Central,13.0418,80.2341,43.22,22.42,2.83,3345.5,6.33,0.86,3.63,50.1,47.3,Commercial,8,90,1,Moderate
W011,Sholinganallur IT Corridor,South-East,12.901,80.2279,251.89,72.64,8.15,15787.6,4.83,0.41,3.36,32.2,66.2,Commercial,9,115,3,Severe Inundation
W014,Porur Lake Fringe,West,13.033,80.158,89.07,20.99,4.16,1105.6,4.62,0.55,2.05,66.5,34.7,High_Density_Residential,9,105,2,High
W009,Perambur Railway Lowlands,North,13.1114,80.2437,93.34,38.15,4.76,6167.2,4.53,0.63,2.25,67.8,33.9,Commercial,10,125,3,Severe Inundation
W017,Saidapet Riverine Basin,Central,13.021,80.223,22.58,5.58,2.83,332.9,4.08,0.87,2.69,28.7,74.5,High_Density_Residential,11,130,0,Low
W003,Madipakkam Lake Basin,South,12.9647,80.1961,8.05,3.41,2.86,898.1,3.12,0.43,2.01,37.5,64.0,High_Density_Residential,14,160,0,Low
W009,Perambur Railway Lowlands,North,13.1114,80.2437,38.71,16.14,3.12,1392.1,4.88,0.63,2.59,47.1,50.1,Commercial,10,125,1,Moderate
W019,Royapettah Central,Central,13.053,80.261,44.72,23.53,2.74,3174.2,9.9,1.54,4.27,61.7,43.3,Commercial,4,50,0,Low
W003,Madipakkam Lake Basin,South,12.9647,80.1961,24.24,1.45,2.92,397.8,2.58,0.3,1.88,65.0,33.0,High_Density_Residential,14,160,1,Moderate
W016,Koyambedu Market Heights,West,13.069,80.194,44.62,12.08,0.4,2191.9,16.57,2.34,4.35,37.7,64.0,Commercial,3,35,0,Low
W015,St. Thomas Mount Ridge,South-Central,13.004,80.191,43.77,23.82,0.66,1965.2,23.87,3.65,4.79,56.6,45.3,Low_Density_Residential,1,15,0,Low
W017,Saidapet Riverine Basin,Central,13.021,80.223,63.16,18.8,3.99,2587.0,3.32,0.44,2.69,35.0,66.0,High_Density_Residential,11,130,2,High
W012,Manali Petrochemical Lowland,North-East,13.1706,80.2605,155.81,34.92,6.54,3019.0,3.01,0.55,1.69,55.1,50.2,Industrial,11,135,3,Severe Inundation
W002,Velachery Lowlands,South,12.9815,80.218,45.06,13.04,3.6,3476.7,3.75,0.3,2.42,18.6,74.0,High_Density_Residential,12,140,1,Moderate
W016,Koyambedu Market Heights,West,13.069,80.194,309.91,87.83,4.1,10792.0,16.88,2.09,4.25,45.4,59.0,Commercial,3,35,3,Severe Inundation
W019,Royapettah Central,Central,13.053,80.261,43.92,15.43,2.18,3296.0,9.29,1.58,3.94,90.8,11.9,Commercial,4,50,0,Low
W006,Anna Nagar High Ridge,West,13.085,80.2101,44.51,12.21,1.1,1141.1,18.1,2.79,4.9,63.6,41.0,Low_Density_Residential,1,20,0,Low
W012,Manali Petrochemical Lowland,North-East,13.1706,80.2605,120.12,36.54,5.9,3826.4,2.41,0.25,1.94,19.3,76.5,Industrial,11,135,3,Severe Inundation
W006,Anna Nagar High Ridge,West,13.085,80.2101,21.32,6.41,0.4,149.3,18.36,2.74,4.78,12.1,93.5,Low_Density_Residential,1,20,0,Low
W009,Perambur Railway Lowlands,North,13.1114,80.2437,46.08,13.62,3.59,2974.0,4.17,0.43,2.28,23.0,86.9,Commercial,10,125,1,Moderate
W004,Guindy Ridge Sector,South-Central,13.0067,80.2025,24.82,4.51,1.12,522.5,14.35,1.97,4.22,20.4,68.1,Industrial,4,45,0,Low
W019,Royapettah Central,Central,13.053,80.261,306.83,82.88,7.57,9643.3,8.96,1.72,4.45,14.0,89.9,Commercial,4,50,3,Severe Inundation
W004,Guindy Ridge Sector,South-Central,13.0067,80.2025,22.34,9.95,1.28,438.5,14.19,2.27,4.19,27.5,72.0,Industrial,4,45,0,Low
W008,Tambaram Outer Plateau,South-West,12.9249,80.1,30.1,3.82,0.4,401.3,22.39,3.46,3.43,33.8,59.5,Low_Density_Residential,3,40,0,Low
W017,Saidapet Riverine Basin,Central,13.021,80.223,10.45,9.18,3.1,569.3,3.81,0.71,2.77,48.0,57.3,High_Density_Residential,11,130,0,Low
W001,T. Nagar Commercial Hub,Central,13.0418,80.2341,63.35,10.3,3.3,3413.5,6.19,0.72,3.67,52.4,52.4,Commercial,8,90,1,Moderate
W002,Velachery Lowlands,South,12.9815,80.218,87.21,14.62,4.89,809.0,3.22,0.35,1.93,39.6,58.8,High_Density_Residential,12,140,3,Severe Inundation
W001,T. Nagar Commercial Hub,Central,13.0418,80.2341,65.34,18.16,3.35,1561.5,6.66,0.95,4.04,9.8,83.9,Commercial,8,90,1,Moderate
W008,Tambaram Outer Plateau,South-West,12.9249,80.1,9.92,1.27,0.4,722.0,22.07,3.3,3.14,46.6,51.7,Low_Density_Residential,3,40,0,Low
W002,Velachery Lowlands,South,12.9815,80.218,62.44,16.03,4.22,1577.4,3.54,0.26,2.17,15.1,77.2,High_Density_Residential,12,140,2,High
W016,Koyambedu Market Heights,West,13.069,80.194,50.68,17.13,0.9,2969.8,16.95,2.49,3.99,24.6,77.6,Commercial,3,35,0,Low
W012,Manali Petrochemical Lowland,North-East,13.1706,80.2605,96.55,42.92,5.27,5122.3,2.7,0.46,1.99,26.5,72.8,Industrial,11,135,3,Severe Inundation
W013,Pallikaranai Marsh Reserve,South-East,12.936,80.214,6.64,9.75,2.98,763.6,2.6,0.2,1.52,11.3,98.6,Green_Space,15,175,0,Low
W005,Adyar Estuary Buffer,Coastal,13.0012,80.2565,85.15,10.83,4.22,865.2,4.5,0.28,2.63,32.1,67.7,Green_Space,9,110,1,Moderate
W006,Anna Nagar High Ridge,West,13.085,80.2101,63.62,20.48,0.44,3020.8,18.96,2.89,5.54,79.5,24.9,Low_Density_Residential,1,20,0,Low
W002,Velachery Lowlands,South,12.9815,80.218,136.39,47.79,5.84,7453.2,3.62,0.31,2.2,68.4,33.1,High_Density_Residential,12,140,3,Severe Inundation
W018,Ambattur Industrial Zone,North-West,13.114,80.154,15.74,3.68,1.42,887.9,12.29,1.84,3.89,27.3,72.1,Industrial,5,60,0,Low
W014,Porur Lake Fringe,West,13.033,80.158,44.98,12.41,3.19,2379.8,5.91,0.66,2.42,5.0,93.2,High_Density_Residential,9,105,0,Low
W008,Tambaram Outer Plateau,South-West,12.9249,80.1,40.39,23.06,0.4,1829.9,21.25,3.19,2.83,37.5,57.8,Low_Density_Residential,3,40,0,Low
W011,Sholinganallur IT Corridor,South-East,12.901,80.2279,128.49,31.11,5.49,7725.5,4.51,0.45,3.4,56.2,48.8,Commercial,9,115,3,Severe Inundation
W008,Tambaram Outer Plateau,South-West,12.9249,80.1,29.23,7.46,0.41,699.4,21.35,3.01,3.29,40.2,61.5,Low_Density_Residential,3,40,0,Low
W014,Porur Lake Fringe,West,13.033,80.158,117.38,35.66,5.15,4498.5,4.98,0.55,2.2,13.7,89.5,High_Density_Residential,9,105,3,Severe Inundation
W011,Sholinganallur IT Corridor,South-East,12.901,80.2279,66.31,11.4,4.24,2457.0,4.29,0.43,3.27,58.1,43.5,Commercial,9,115,2,High
W009,Perambur Railway Lowlands,North,13.1114,80.2437,24.99,4.34,2.88,915.5,4.72,0.61,2.66,18.4,82.0,Commercial,10,125,0,Low
W003,Madipakkam Lake Basin,South,12.9647,80.1961,58.48,16.04,3.92,2157.3,3.02,0.45,1.66,64.2,37.9,High_Density_Residential,14,160,2,High
W019,Royapettah Central,Central,13.053,80.261,69.53,23.09,3.0,1891.0,9.83,1.49,4.23,58.6,41.1,Commercial,4,50,1,Moderate
W012,Manali Petrochemical Lowland,North-East,13.1706,80.2605,61.79,22.4,4.13,1541.5,3.76,0.2,1.9,42.4,66.5,Industrial,11,135,2,High
W004,Guindy Ridge Sector,South-Central,13.0067,80.2025,38.7,11.33,0.9,1267.9,15.01,2.12,4.34,37.5,62.2,Industrial,4,45,0,Low
W017,Saidapet Riverine Basin,Central,13.021,80.223,122.87,38.14,5.23,7730.9,3.66,0.76,2.72,32.8,63.7,High_Density_Residential,11,130,3,Severe Inundation
W002,Velachery Lowlands,South,12.9815,80.218,6.36,2.04,2.8,611.0,3.31,0.49,2.15,59.7,37.0,High_Density_Residential,12,140,0,Low
W006,Anna Nagar High Ridge,West,13.085,80.2101,105.24,35.45,0.83,6186.4,18.37,2.83,5.27,30.2,75.9,Low_Density_Residential,1,20,0,Low
W008,Tambaram Outer Plateau,South-West,12.9249,80.1,129.47,36.22,1.34,4413.6,21.18,2.94,3.24,44.4,53.9,Low_Density_Residential,3,40,0,Low
W017,Saidapet Riverine Basin,Central,13.021,80.223,73.59,14.61,4.39,1753.9,3.86,0.38,2.7,74.6,19.5,High_Density_Residential,11,130,2,High
W002,Velachery Lowlands,South,12.9815,80.218,176.56,22.2,6.74,7464.8,3.56,0.46,2.14,41.0,59.7,High_Density_Residential,12,140,3,Severe Inundation
W013,Pallikaranai Marsh Reserve,South-East,12.936,80.214,87.9,23.17,4.76,2166.0,1.5,0.47,1.83,76.5,22.7,Green_Space,15,175,3,Severe Inundation
W003,Madipakkam Lake Basin,South,12.9647,80.1961,78.77,22.43,4.73,3010.5,2.37,0.27,1.74,54.2,46.4,High_Density_Residential,14,160,3,Severe Inundation
W015,St. Thomas Mount Ridge,South-Central,13.004,80.191,144.09,44.8,1.28,4326.3,24.08,3.44,4.76,80.3,19.0,Low_Density_Residential,1,15,0,Low
W010,Kolathur Urban Catchment,North-West,13.1235,80.2188,8.12,8.95,1.69,204.3,9.53,1.64,2.91,38.6,56.7,High_Density_Residential,7,85,0,Low
W010,Kolathur Urban Catchment,North-West,13.1235,80.2188,21.67,3.51,1.84,903.8,9.02,1.55,3.06,15.0,80.2,High_Density_Residential,7,85,0,Low
W011,Sholinganallur IT Corridor,South-East,12.901,80.2279,144.45,26.69,5.68,7750.9,5.08,0.51,3.41,46.0,52.9,Commercial,9,115,3,Severe Inundation
W003,Madipakkam Lake Basin,South,12.9647,80.1961,132.0,36.84,5.86,7620.3,2.42,0.22,1.46,33.6,66.6,High_Density_Residential,14,160,3,Severe Inundation
W018,Ambattur Industrial Zone,North-West,13.114,80.154,72.5,19.36,2.02,2214.7,11.17,2.06,3.34,20.4,84.5,Industrial,5,60,0,Low
W015,St. Thomas Mount Ridge,South-Central,13.004,80.191,76.36,18.99,0.58,3161.7,23.74,3.56,4.75,27.4,67.0,Low_Density_Residential,1,15,0,Low
W001,T. Nagar Commercial Hub,Central,13.0418,80.2341,264.72,80.41,7.66,14288.7,6.44,0.76,3.73,58.4,35.7,Commercial,8,90,3,Severe Inundation
W012,Manali Petrochemical Lowland,North-East,13.1706,80.2605,22.18,8.48,3.34,520.6,2.82,0.28,1.89,61.1,36.2,Industrial,11,135,1,Moderate
W007,Mylapore Heritage Sector,East,13.0368,80.2676,30.4,8.16,2.62,678.7,8.3,1.68,4.49,41.8,66.5,High_Density_Residential,5,55,0,Low
W010,Kolathur Urban Catchment,North-West,13.1235,80.2188,57.43,9.08,2.54,1313.3,8.84,1.42,2.74,6.5,91.6,High_Density_Residential,7,85,0,Low
W019,Royapettah Central,Central,13.053,80.261,130.89,43.29,3.69,7128.9,9.89,1.29,3.98,85.0,11.3,Commercial,4,50,3,Severe Inundation
W010,Kolathur Urban Catchment,North-West,13.1235,80.2188,22.79,1.16,2.41,711.9,8.88,1.31,2.9,24.0,74.5,High_Density_Residential,7,85,0,Low
W020,Mudichur Lake Sink,South-West,12.912,80.068,25.29,6.25,3.46,967.0,1.5,0.2,1.73,64.9,38.8,High_Density_Residential,14,165,2,High
W008,Tambaram Outer Plateau,South-West,12.9249,80.1,38.56,24.67,0.56,1818.8,21.85,3.32,3.28,10.6,91.2,Low_Density_Residential,3,40,0,Low
W015,St. Thomas Mount Ridge,South-Central,13.004,80.191,76.44,21.55,0.64,3355.2,24.24,3.55,4.45,37.8,60.4,Low_Density_Residential,1,15,0,Low
W012,Manali Petrochemical Lowland,North-East,13.1706,80.2605,4.06,9.65,2.83,872.5,3.17,0.32,1.86,71.2,23.8,Industrial,11,135,1,Moderate
W019,Royapettah Central,Central,13.053,80.261,70.57,10.22,2.73,1493.8,9.84,1.56,4.46,18.1,85.2,Commercial,4,50,0,Low
W016,Koyambedu Market Heights,West,13.069,80.194,168.54,29.19,2.59,3966.4,17.08,2.23,3.82,75.0,23.2,Commercial,3,35,1,Moderate
W007,Mylapore Heritage Sector,East,13.0368,80.2676,37.62,18.83,2.19,1062.5,8.73,1.45,4.49,12.8,98.5,High_Density_Residential,5,55,0,Low
W018,Ambattur Industrial Zone,North-West,13.114,80.154,54.55,10.37,2.17,2501.9,11.29,1.82,3.28,82.7,15.6,Industrial,5,60,0,Low
W008,Tambaram Outer Plateau,South-West,12.9249,80.1,18.81,8.62,0.4,389.1,22.03,3.04,3.33,82.7,24.5,Low_Density_Residential,3,40,0,Low
W005,Adyar Estuary Buffer,Coastal,13.0012,80.2565,50.11,13.18,3.91,1037.8,3.77,0.46,3.56,10.0,93.8,Green_Space,9,110,1,Moderate
W001,T. Nagar Commercial Hub,Central,13.0418,80.2341,36.4,14.49,2.87,2687.4,5.18,0.68,4.03,73.7,26.8,Commercial,8,90,1,Moderate
W014,Porur Lake Fringe,West,13.033,80.158,92.44,32.22,4.32,4715.0,6.27,0.51,2.49,45.7,56.1,High_Density_Residential,9,105,3,Severe Inundation
W001,T. Nagar Commercial Hub,Central,13.0418,80.2341,146.66,41.48,5.81,6848.6,5.42,0.77,4.02,51.7,41.2,Commercial,8,90,3,Severe Inundation
W008,Tambaram Outer Plateau,South-West,12.9249,80.1,142.07,31.08,1.59,3072.0,21.7,3.07,3.19,37.1,55.2,Low_Density_Residential,3,40,0,Low
W018,Ambattur Industrial Zone,North-West,13.114,80.154,14.6,4.35,1.52,362.5,10.6,1.99,3.83,23.9,76.1,Industrial,5,60,0,Low
W012,Manali Petrochemical Lowland,North-East,13.1706,80.2605,101.0,37.53,4.87,3427.1,3.43,0.28,1.94,54.6,43.6,Industrial,11,135,3,Severe Inundation
W001,T. Nagar Commercial Hub,Central,13.0418,80.2341,13.99,1.93,2.2,521.6,5.95,1.05,3.64,22.8,71.8,Commercial,8,90,0,Low
W011,Sholinganallur IT Corridor,South-East,12.901,80.2279,43.65,14.56,3.33,2987.4,4.78,0.35,3.53,40.6,57.6,Commercial,9,115,1,Moderate
W001,T. Nagar Commercial Hub,Central,13.0418,80.2341,51.23,10.4,3.07,3403.3,6.84,0.78,3.96,28.5,66.0,Commercial,8,90,1,Moderate
W013,Pallikaranai Marsh Reserve,South-East,12.936,80.214,37.3,9.54,3.7,2290.2,2.42,0.26,1.44,17.8,74.9,Green_Space,15,175,1,Moderate
W010,Kolathur Urban Catchment,North-West,13.1235,80.2188,24.06,3.11,2.14,641.9,7.91,1.21,2.95,72.9,28.0,High_Density_Residential,7,85,0,Low
W004,Guindy Ridge Sector,South-Central,13.0067,80.2025,80.16,19.33,1.74,2291.0,14.38,1.86,4.01,74.9,20.4,Industrial,4,45,0,Low
W007,Mylapore Heritage Sector,East,13.0368,80.2676,103.17,43.09,3.77,4803.8,8.71,1.28,4.24,54.1,40.4,High_Density_Residential,5,55,2,High
W017,Saidapet Riverine Basin,Central,13.021,80.223,81.58,16.93,4.36,1389.3,4.47,0.35,2.69,13.9,78.3,High_Density_Residential,11,130,2,High
W008,Tambaram Outer Plateau,South-West,12.9249,80.1,37.64,11.65,0.4,1382.0,21.88,3.42,3.12,60.2,47.4,Low_Density_Residential,3,40,0,Low
W014,Porur Lake Fringe,West,13.033,80.158,106.84,32.46,4.5,7244.3,5.4,1.0,2.55,34.0,64.6,High_Density_Residential,9,105,3,Severe Inundation
W016,Koyambedu Market Heights,West,13.069,80.194,137.85,43.09,1.69,6915.5,17.11,2.3,3.96,44.0,61.9,Commercial,3,35,0,Low
W002,Velachery Lowlands,South,12.9815,80.218,97.82,38.52,5.32,4676.1,3.38,0.51,1.38,56.7,45.8,High_Density_Residential,12,140,3,Severe Inundation
W005,Adyar Estuary Buffer,Coastal,13.0012,80.2565,236.31,79.42,7.88,9256.2,4.59,0.69,3.12,23.4,67.2,Green_Space,9,110,3,Severe Inundation
W009,Perambur Railway Lowlands,North,13.1114,80.2437,68.18,19.04,3.34,2353.9,5.2,0.65,2.65,16.7,92.7,Commercial,10,125,1,Moderate
W003,Madipakkam Lake Basin,South,12.9647,80.1961,172.15,26.16,6.68,5281.1,1.77,0.23,1.86,32.9,63.8,High_Density_Residential,14,160,3,Severe Inundation
W002,Velachery Lowlands,South,12.9815,80.218,9.96,7.92,3.02,433.6,3.49,0.41,2.16,6.1,88.1,High_Density_Residential,12,140,0,Low
W008,Tambaram Outer Plateau,South-West,12.9249,80.1,170.98,38.65,1.34,6878.2,22.3,3.41,3.11,41.4,60.6,Low_Density_Residential,3,40,0,Low
W017,Saidapet Riverine Basin,Central,13.021,80.223,7.35,9.85,2.49,660.9,4.26,0.42,2.57,30.5,63.4,High_Density_Residential,11,130,0,Low
W014,Porur Lake Fringe,West,13.033,80.158,24.74,8.23,3.23,863.3,5.63,0.98,2.17,46.4,45.9,High_Density_Residential,9,105,1,Moderate
W012,Manali Petrochemical Lowland,North-East,13.1706,80.2605,32.13,6.59,3.31,991.3,2.7,0.52,1.87,55.7,44.2,Industrial,11,135,1,Moderate
W015,St. Thomas Mount Ridge,South-Central,13.004,80.191,62.35,8.42,0.56,3347.1,23.63,3.44,5.0,28.2,68.7,Low_Density_Residential,1,15,0,Low
W003,Madipakkam Lake Basin,South,12.9647,80.1961,170.63,42.92,6.93,4565.5,2.28,0.2,1.55,31.4,73.9,High_Density_Residential,14,160,3,Severe Inundation
W019,Royapettah Central,Central,13.053,80.261,41.06,19.1,2.47,1256.9,9.31,1.56,4.0,40.4,56.3,Commercial,4,50,0,Low
W004,Guindy Ridge Sector,South-Central,13.0067,80.2025,222.96,71.08,3.97,14047.4,14.19,2.0,4.08,23.0,77.3,Industrial,4,45,3,Severe Inundation
W017,Saidapet Riverine Basin,Central,13.021,80.223,48.67,16.08,3.75,2207.2,3.6,0.2,2.84,73.6,25.6,High_Density_Residential,11,130,2,High
W005,Adyar Estuary Buffer,Coastal,13.0012,80.2565,116.04,34.74,5.1,4501.2,4.25,0.62,2.76,22.1,78.4,Green_Space,9,110,2,High
W013,Pallikaranai Marsh Reserve,South-East,12.936,80.214,28.79,1.5,3.63,355.4,1.87,0.36,1.83,63.9,37.1,Green_Space,15,175,1,Moderate
W003,Madipakkam Lake Basin,South,12.9647,80.1961,167.16,34.51,6.74,3104.0,2.41,0.34,2.04,18.3,77.7,High_Density_Residential,14,160,3,Severe Inundation
W019,Royapettah Central,Central,13.053,80.261,219.43,84.75,5.42,13698.9,9.18,1.38,4.13,48.3,44.9,Commercial,4,50,3,Severe Inundation
W019,Royapettah Central,Central,13.053,80.261,149.47,47.13,4.26,7511.9,9.6,1.24,4.19,8.4,94.5,Commercial,4,50,3,Severe Inundation
W002,Velachery Lowlands,South,12.9815,80.218,187.08,63.12,6.9,17084.6,3.11,0.45,2.01,71.1,26.3,High_Density_Residential,12,140,3,Severe Inundation
W014,Porur Lake Fringe,West,13.033,80.158,11.07,3.79,2.17,799.3,6.09,1.05,2.2,76.4,18.7,High_Density_Residential,9,105,0,Low
W005,Adyar Estuary Buffer,Coastal,13.0012,80.2565,133.9,27.27,5.73,6548.7,4.43,0.58,2.75,17.5,77.7,Green_Space,9,110,2,High
W008,Tambaram Outer Plateau,South-West,12.9249,80.1,63.52,8.69,0.67,1391.6,21.56,3.28,3.08,67.4,38.5,Low_Density_Residential,3,40,0,Low
W010,Kolathur Urban Catchment,North-West,13.1235,80.2188,175.14,33.13,4.87,5412.6,8.6,1.16,3.21,50.0,53.5,High_Density_Residential,7,85,3,Severe Inundation
W009,Perambur Railway Lowlands,North,13.1114,80.2437,28.08,8.84,2.95,246.2,4.84,0.58,2.77,39.0,67.6,Commercial,10,125,0,Low
W011,Sholinganallur IT Corridor,South-East,12.901,80.2279,12.03,5.01,2.95,335.0,3.69,0.71,3.63,35.2,60.8,Commercial,9,115,0,Low
W013,Pallikaranai Marsh Reserve,South-East,12.936,80.214,187.05,66.59,7.45,15444.7,2.56,0.2,1.72,21.1,80.2,Green_Space,15,175,3,Severe Inundation
W011,Sholinganallur IT Corridor,South-East,12.901,80.2279,33.24,1.65,3.1,631.6,4.89,0.69,3.82,77.4,20.1,Commercial,9,115,1,Moderate
W011,Sholinganallur IT Corridor,South-East,12.901,80.2279,43.48,18.8,3.7,3051.8,4.27,0.35,3.24,53.9,58.6,Commercial,9,115,2,High
W015,St. Thomas Mount Ridge,South-Central,13.004,80.191,65.73,18.42,0.76,3196.3,23.43,3.81,4.83,15.5,85.3,Low_Density_Residential,1,15,0,Low
W009,Perambur Railway Lowlands,North,13.1114,80.2437,37.55,16.56,2.86,2222.6,5.19,0.36,2.65,41.1,58.5,Commercial,10,125,1,Moderate
W008,Tambaram Outer Plateau,South-West,12.9249,80.1,57.61,24.82,0.72,2964.2,22.41,3.1,2.82,50.5,46.6,Low_Density_Residential,3,40,0,Low
W003,Madipakkam Lake Basin,South,12.9647,80.1961,96.92,26.03,4.93,6766.8,2.65,0.39,1.61,44.0,56.1,High_Density_Residential,14,160,3,Severe Inundation
W007,Mylapore Heritage Sector,East,13.0368,80.2676,202.2,85.96,5.31,12862.0,9.07,1.0,4.61,65.1,38.7,High_Density_Residential,5,55,3,Severe Inundation
W005,Adyar Estuary Buffer,Coastal,13.0012,80.2565,16.8,5.52,2.88,438.7,3.95,0.45,3.13,22.1,84.3,Green_Space,9,110,0,Low
W019,Royapettah Central,Central,13.053,80.261,70.54,17.31,3.19,2903.7,9.39,1.42,3.94,44.3,59.8,Commercial,4,50,1,Moderate
W004,Guindy Ridge Sector,South-Central,13.0067,80.2025,32.61,8.88,0.7,564.0,14.52,2.1,4.11,5.0,92.4,Industrial,4,45,0,Low
W005,Adyar Estuary Buffer,Coastal,13.0012,80.2565,71.81,20.52,4.15,3061.3,3.13,0.54,2.82,75.1,25.4,Green_Space,9,110,2,High
W004,Guindy Ridge Sector,South-Central,13.0067,80.2025,283.03,90.19,4.61,15388.4,14.64,1.85,4.44,16.9,85.2,Industrial,4,45,3,Severe Inundation
W006,Anna Nagar High Ridge,West,13.085,80.2101,125.72,24.09,1.06,4443.9,17.99,2.59,4.77,47.4,53.1,Low_Density_Residential,1,20,0,Low
W015,St. Thomas Mount Ridge,South-Central,13.004,80.191,41.17,14.55,0.4,2556.6,23.99,3.57,4.68,61.0,42.5,Low_Density_Residential,1,15,0,Low
W015,St. Thomas Mount Ridge,South-Central,13.004,80.191,242.98,61.12,2.44,9346.8,24.45,3.19,4.68,11.2,89.0,Low_Density_Residential,1,15,0,Low
W011,Sholinganallur IT Corridor,South-East,12.901,80.2279,74.04,14.56,4.41,3010.5,3.57,0.65,3.45,43.8,53.2,Commercial,9,115,2,High
W014,Porur Lake Fringe,West,13.033,80.158,111.6,33.63,4.92,6277.8,4.86,0.68,2.74,58.4,43.7,High_Density_Residential,9,105,3,Severe Inundation
W004,Guindy Ridge Sector,South-Central,13.0067,80.2025,73.08,13.1,1.8,2949.2,14.3,1.98,4.43,26.5,77.8,Industrial,4,45,0,Low
W018,Ambattur Industrial Zone,North-West,13.114,80.154,266.68,81.28,5.56,14677.6,10.85,1.84,3.12,12.7,89.5,Industrial,5,60,3,Severe Inundation
W012,Manali Petrochemical Lowland,North-East,13.1706,80.2605,2.75,2.13,2.68,766.3,2.62,0.37,2.29,40.2,50.8,Industrial,11,135,0,Low
W007,Mylapore Heritage Sector,East,13.0368,80.2676,18.62,8.67,2.35,952.2,8.51,1.27,4.45,83.4,19.6,High_Density_Residential,5,55,0,Low
W015,St. Thomas Mount Ridge,South-Central,13.004,80.191,22.53,6.59,0.4,495.3,24.36,3.56,4.79,54.7,46.6,Low_Density_Residential,1,15,0,Low
W010,Kolathur Urban Catchment,North-West,13.1235,80.2188,140.52,32.12,4.28,4606.3,9.15,1.33,2.71,44.8,47.3,High_Density_Residential,7,85,3,Severe Inundation
W015,St. Thomas Mount Ridge,South-Central,13.004,80.191,16.22,3.76,0.4,618.9,23.92,3.57,4.68,59.3,47.5,Low_Density_Residential,1,15,0,Low
W009,Perambur Railway Lowlands,North,13.1114,80.2437,161.9,49.8,6.34,7052.2,4.34,0.73,2.86,31.8,68.6,Commercial,10,125,3,Severe Inundation
W004,Guindy Ridge Sector,South-Central,13.0067,80.2025,166.82,30.11,3.04,5791.3,14.38,2.11,4.26,25.3,71.0,Industrial,4,45,1,Moderate
W003,Madipakkam Lake Basin,South,12.9647,80.1961,84.79,8.09,4.52,2118.1,2.9,0.37,1.85,84.2,14.4,High_Density_Residential,14,160,3,Severe Inundation
W006,Anna Nagar High Ridge,West,13.085,80.2101,33.15,9.7,0.4,103.1,18.79,2.46,5.1,38.3,58.4,Low_Density_Residential,1,20,0,Low
W010,Kolathur Urban Catchment,North-West,13.1235,80.2188,4.04,7.59,1.85,231.1,8.7,1.29,3.19,44.3,49.2,High_Density_Residential,7,85,0,Low
W020,Mudichur Lake Sink,South-West,12.912,80.068,4.6,4.81,2.85,843.8,2.63,0.2,1.59,16.1,73.9,High_Density_Residential,14,165,1,Moderate
W002,Velachery Lowlands,South,12.9815,80.218,36.51,18.57,3.46,2870.2,3.41,0.59,2.04,60.0,42.8,High_Density_Residential,12,140,2,High
W007,Mylapore Heritage Sector,East,13.0368,80.2676,85.57,10.7,3.73,1259.7,8.37,1.01,4.62,76.0,27.2,High_Density_Residential,5,55,1,Moderate
W011,Sholinganallur IT Corridor,South-East,12.901,80.2279,15.2,5.24,2.74,230.8,4.01,0.47,3.08,41.6,61.4,Commercial,9,115,0,Low
W005,Adyar Estuary Buffer,Coastal,13.0012,80.2565,22.73,1.02,3.24,518.5,4.24,0.63,2.82,29.1,70.3,Green_Space,9,110,0,Low
W003,Madipakkam Lake Basin,South,12.9647,80.1961,69.39,19.3,4.6,1428.9,2.12,0.24,1.77,50.5,54.4,High_Density_Residential,14,160,3,Severe Inundation
