location_name,zone,rainfall_24h_mm,rainfall_intensity_mm_hr,river_water_level_m,water_surge_m,water_level_rise_rate_m_hr,elevation_m,drain_capacity_pct,siltation_level_pct,land_use,population_density,infrastructure_score,historical_floods,flood_impact_level,flood_impact_label
Cuddalore - Manimuktha Basin (Virudhachalam),Riverine Plain,28.62,6.12,23.48,0.48,-0.07,28.08,39.8,62.9,Agricultural_Mixed,1787.0,0.43,6,0,0: Low
Chennai - Adyar Basin (Nandambakkam),Coastal / Low Basin,19.13,1.98,4.73,0.23,-0.03,7.79,31.9,65.3,Urban_High_Density,5143.0,0.73,8,0,0: Low
Chennai - Velachery Lowland Basin,Coastal Lowland,28.57,7.76,3.85,0.65,-0.04,3.89,67.8,26.9,Urban_High_Density,6511.0,0.94,12,0,0: Low
Sivaganga - Vaigai/Gundar (Parthibanur),Valley Basin,60.07,8.59,27.66,2.16,0.33,42.33,50.7,48.8,Urban_Commercial,6706.0,0.57,4,0,0: Low
Sivaganga - Vaigai/Gundar (Parthibanur),Valley Basin,111.76,25.59,28.95,3.45,0.38,42.17,31.4,67.1,Urban_Commercial,7629.0,0.74,4,0,0: Low
Ramanathapuram - Gundar Basin (Kamuthi),Estuary / Coastal,22.43,5.46,31.11,0.71,-0.01,34.88,44.3,55.5,Commercial,2267.0,0.67,5,0,0: Low
Cuddalore - Manimuktha Basin (Virudhachalam),Riverine Plain,5.02,1.22,23.51,0.51,-0.04,28.27,75.1,22.3,Agricultural_Mixed,1730.0,0.35,6,0,0: Low
Cuddalore - Manimuktha Basin (Virudhachalam),Riverine Plain,145.28,23.04,27.25,4.25,0.62,28.35,71.8,29.7,Agricultural_Mixed,2592.0,0.3,6,0,0: Low
Tiruvallur - Kosasthalaiyar Basin,Northern Plain,42.22,7.68,15.27,1.27,0.38,19.06,89.6,10.0,Industrial,2539.0,0.48,7,0,0: Low
Chennai - Adyar Basin (Nandambakkam),Coastal / Low Basin,19.07,4.52,4.54,0.04,-0.04,7.2,74.8,31.0,Urban_High_Density,13787.0,0.47,8,0,0: Low
Chennai - Adyar Basin (Nandambakkam),Coastal / Low Basin,19.7,5.43,4.93,0.43,-0.08,7.35,44.7,52.8,Urban_High_Density,10437.0,0.31,8,0,0: Low
Cuddalore - Manimuktha Basin (Virudhachalam),Riverine Plain,21.35,3.71,23.75,0.75,-0.07,27.63,76.1,28.0,Agricultural_Mixed,2765.0,0.87,6,0,0: Low
Sivaganga - Vaigai/Gundar (Parthibanur),Valley Basin,43.3,7.3,27.56,2.06,0.37,41.57,50.7,50.8,Urban_Commercial,12451.0,0.85,4,0,0: Low
Sivaganga - Vaigai/Gundar (Parthibanur),Valley Basin,4.84,5.64,25.5,0.0,-0.07,42.25,34.5,60.7,Urban_Commercial,14071.0,0.53,4,0,0: Low
Chennai - Adyar Basin (Nandambakkam),Coastal / Low Basin,76.71,15.21,6.1,1.6,0.13,7.09,76.5,25.2,Urban_High_Density,14820.0,0.74,8,1,1: Moderate
Sivaganga - Vaigai/Gundar (Parthibanur),Valley Basin,40.74,16.11,26.69,1.19,0.11,42.03,83.7,15.2,Urban_Commercial,16889.0,0.31,4,0,0: Low
Tiruvallur - Kosasthalaiyar Basin,Northern Plain,83.17,19.49,15.99,1.99,0.19,19.31,64.4,29.4,Industrial,2823.0,0.79,7,0,0: Low
Sivaganga - Vaigai/Gundar (Parthibanur),Valley Basin,182.41,63.32,33.07,7.57,1.54,41.76,60.4,42.2,Urban_Commercial,16655.0,0.91,4,2,2: High
Kancheepuram - Palar Basin,Riverine Valley,57.58,17.18,18.21,1.71,0.31,24.07,44.4,54.5,Urban_Residential,9717.0,0.33,5,0,0: Low
Chennai - Velachery Lowland Basin,Coastal Lowland,31.68,6.52,5.15,1.95,0.21,3.91,38.3,58.0,Urban_High_Density,10736.0,0.34,12,1,1: Moderate
Chennai - Adyar Basin (Nandambakkam),Coastal / Low Basin,65.06,16.17,6.67,2.17,0.25,7.81,61.0,38.4,Urban_High_Density,15458.0,0.97,8,0,0: Low
Ramanathapuram - Gundar Basin (Kamuthi),Estuary / Coastal,6.38,2.75,30.84,0.44,0.04,35.5,95.0,10.3,Commercial,1566.0,0.59,5,0,0: Low
Tiruvallur - Kosasthalaiyar Basin,Northern Plain,23.22,1.1,14.09,0.09,-0.09,18.93,5.0,90.0,Industrial,2154.0,0.6,7,0,0: Low
Chennai - Madipakkam Lake Buffer,Lake Catchment,12.49,5.38,2.9,0.4,0.07,3.6,83.8,16.6,Urban_Residential,11420.0,0.96,14,0,0: Low
Chennai - Velachery Lowland Basin,Coastal Lowland,20.01,4.21,3.64,0.44,0.09,3.93,64.2,32.7,Urban_High_Density,15596.0,0.52,12,0,0: Low
Ramanathapuram - Gundar Basin (Kamuthi),Estuary / Coastal,64.59,18.28,32.23,1.83,0.34,34.89,69.5,30.4,Commercial,3628.0,0.56,5,0,0: Low
Sivaganga - Vaigai/Gundar (Parthibanur),Valley Basin,28.06,7.01,25.84,0.34,0.05,41.88,72.9,27.2,Urban_Commercial,8533.0,0.93,4,0,0: Low
Chennai - Madipakkam Lake Buffer,Lake Catchment,312.1,65.8,9.21,6.71,1.25,3.02,65.8,37.3,Urban_Residential,10164.0,0.36,14,3,3: Severe Inundation
Cuddalore - Manimuktha Basin (Virudhachalam),Riverine Plain,17.39,4.09,23.71,0.71,-0.03,28.18,40.4,57.1,Agricultural_Mixed,3354.0,0.88,6,0,0: Low
Cuddalore - Manimuktha Basin (Virudhachalam),Riverine Plain,317.76,73.9,28.82,5.82,0.88,27.86,73.6,26.3,Agricultural_Mixed,2428.0,0.31,6,3,3: Severe Inundation
Tiruvallur - Kosasthalaiyar Basin,Northern Plain,5.33,1.82,14.52,0.52,0.05,19.15,66.9,31.1,Industrial,647.0,0.97,7,0,0: Low
Cuddalore - Manimuktha Basin (Virudhachalam),Riverine Plain,171.81,64.92,30.89,7.89,1.32,28.3,55.7,48.7,Agricultural_Mixed,1696.0,0.33,6,3,3: Severe Inundation
Chennai - Madipakkam Lake Buffer,Lake Catchment,302.44,60.5,9.17,6.67,1.08,3.15,78.6,22.2,Urban_Residential,13322.0,0.99,14,3,3: Severe Inundation
Chennai - Madipakkam Lake Buffer,Lake Catchment,136.35,22.39,6.8,4.3,0.79,3.31,95.0,10.0,Urban_Residential,4831.0,0.99,14,2,2: High
Chennai - Velachery Lowland Basin,Coastal Lowland,50.95,19.58,5.18,1.98,0.35,3.06,78.3,22.0,Urban_High_Density,15670.0,0.96,12,1,1: Moderate
Chennai - Adyar Basin (Nandambakkam),Coastal / Low Basin,28.71,5.24,4.68,0.18,0.03,7.02,95.0,10.0,Urban_High_Density,15709.0,0.66,8,0,0: Low
Kancheepuram - Palar Basin,Riverine Valley,60.85,18.27,17.86,1.36,0.14,24.45,52.1,39.1,Urban_Residential,16514.0,0.61,5,0,0: Low
Cuddalore - Manimuktha Basin (Virudhachalam),Riverine Plain,114.74,34.8,27.18,4.18,0.87,27.35,79.5,10.2,Agricultural_Mixed,1537.0,0.74,6,0,0: Low
Tiruvallur - Kosasthalaiyar Basin,Northern Plain,5.61,1.9,14.12,0.12,-0.07,18.67,56.7,48.1,Industrial,1350.0,0.42,7,0,0: Low
Cuddalore - Manimuktha Basin (Virudhachalam),Riverine Plain,5.38,4.23,23.17,0.17,-0.03,27.83,28.8,67.7,Agricultural_Mixed,4191.0,0.91,6,0,0: Low
Chennai - Velachery Lowland Basin,Coastal Lowland,9.75,6.64,3.8,0.6,-0.06,3.64,69.2,37.7,Urban_High_Density,3069.0,0.82,12,0,0: Low
Chennai - Madipakkam Lake Buffer,Lake Catchment,123.38,32.37,4.95,2.45,0.57,2.9,86.8,10.0,Urban_Residential,16303.0,0.38,14,2,2: High
Sivaganga - Vaigai/Gundar (Parthibanur),Valley Basin,67.35,17.05,27.0,1.5,0.13,42.71,27.1,71.9,Urban_Commercial,12512.0,0.55,4,0,0: Low
Cuddalore - Manimuktha Basin (Virudhachalam),Riverine Plain,256.92,50.68,27.86,4.86,0.95,28.28,67.2,33.0,Agricultural_Mixed,4431.0,0.59,6,2,2: High
Chennai - Adyar Basin (Nandambakkam),Coastal / Low Basin,13.14,7.79,5.19,0.69,0.06,7.28,76.3,27.4,Urban_High_Density,14427.0,0.5,8,0,0: Low
Sivaganga - Vaigai/Gundar (Parthibanur),Valley Basin,57.92,9.39,26.46,0.96,0.28,41.7,19.3,77.4,Urban_Commercial,4583.0,0.54,4,0,0: Low
Chennai - Velachery Lowland Basin,Coastal Lowland,29.72,3.26,3.85,0.65,-0.05,4.13,6.2,89.9,Urban_High_Density,15375.0,0.95,12,0,0: Low
Cuddalore - Manimuktha Basin (Virudhachalam),Riverine Plain,3.86,6.19,23.46,0.46,0.07,28.03,50.9,51.1,Agricultural_Mixed,2640.0,0.77,6,0,0: Low
Sivaganga - Vaigai/Gundar (Parthibanur),Valley Basin,26.56,3.75,26.15,0.65,-0.01,41.8,95.0,10.0,Urban_Commercial,8450.0,0.93,4,0,0: Low
Cuddalore - Manimuktha Basin (Virudhachalam),Riverine Plain,36.43,19.16,24.68,1.68,0.2,28.03,49.7,51.2,Agricultural_Mixed,1816.0,0.41,6,0,0: Low
Tiruvallur - Kosasthalaiyar Basin,Northern Plain,22.83,1.23,14.46,0.46,0.05,18.9,38.1,57.0,Industrial,1494.0,0.4,7,0,0: Low
Chennai - Velachery Lowland Basin,Coastal Lowland,68.17,13.6,4.35,1.15,0.2,4.09,91.4,10.0,Urban_High_Density,11978.0,0.65,12,0,0: Low
Kancheepuram - Palar Basin,Riverine Valley,26.42,7.52,16.95,0.45,0.04,24.07,82.1,24.6,Urban_Residential,16983.0,0.82,5,0,0: Low
Chennai - Madipakkam Lake Buffer,Lake Catchment,29.58,6.87,2.6,0.1,0.08,3.43,72.9,26.3,Urban_Residential,2572.0,0.86,14,0,0: Low
Ramanathapuram - Gundar Basin (Kamuthi),Estuary / Coastal,13.15,4.76,31.14,0.74,-0.03,35.38,66.0,26.5,Commercial,2544.0,0.42,5,0,0: Low
Chennai - Madipakkam Lake Buffer,Lake Catchment,18.26,5.43,2.51,0.01,0.03,3.15,87.9,12.4,Urban_Residential,5754.0,0.82,14,0,0: Low
Chennai - Madipakkam Lake Buffer,Lake Catchment,3.02,4.3,2.95,0.45,-0.09,3.25,87.7,18.6,Urban_Residential,5320.0,0.41,14,0,0: Low
Sivaganga - Vaigai/Gundar (Parthibanur),Valley Basin,155.96,28.08,28.32,2.82,0.69,41.89,80.4,25.9,Urban_Commercial,6082.0,0.46,4,0,0: Low
Chennai - Velachery Lowland Basin,Coastal Lowland,20.28,2.67,3.28,0.08,-0.05,3.76,50.2,44.4,Urban_High_Density,16393.0,0.51,12,0,0: Low
Cuddalore - Manimuktha Basin (Virudhachalam),Riverine Plain,4.39,2.46,23.02,0.02,-0.06,27.5,32.2,73.0,Agricultural_Mixed,2902.0,0.57,6,0,0: Low
Ramanathapuram - Gundar Basin (Kamuthi),Estuary / Coastal,60.36,12.11,31.61,1.21,0.38,34.58,76.7,23.9,Commercial,688.0,0.6,5,0,0: Low
Sivaganga - Vaigai/Gundar (Parthibanur),Valley Basin,17.17,5.43,25.71,0.21,-0.07,41.61,57.6,37.5,Urban_Commercial,12597.0,0.69,4,0,0: Low
Ramanathapuram - Gundar Basin (Kamuthi),Estuary / Coastal,5.83,7.3,31.1,0.7,0.02,35.16,39.8,51.0,Commercial,783.0,0.66,5,0,0: Low
Kancheepuram - Palar Basin,Riverine Valley,22.66,1.58,16.98,0.48,-0.05,23.54,67.4,37.8,Urban_Residential,12787.0,0.63,5,0,0: Low
Tiruvallur - Kosasthalaiyar Basin,Northern Plain,2.87,2.84,14.48,0.48,-0.09,19.05,24.6,75.2,Industrial,2296.0,0.78,7,0,0: Low
Chennai - Velachery Lowland Basin,Coastal Lowland,24.93,6.6,3.76,0.56,-0.05,3.27,44.4,58.7,Urban_High_Density,16031.0,0.68,12,0,0: Low
Sivaganga - Vaigai/Gundar (Parthibanur),Valley Basin,68.08,17.89,26.65,1.15,0.25,42.19,51.5,43.1,Urban_Commercial,17551.0,0.95,4,0,0: Low
Chennai - Madipakkam Lake Buffer,Lake Catchment,235.87,78.79,9.96,7.46,1.12,2.78,53.5,44.1,Urban_Residential,3513.0,0.81,14,3,3: Severe Inundation
Chennai - Adyar Basin (Nandambakkam),Coastal / Low Basin,108.91,34.9,8.74,4.24,0.67,6.92,70.5,26.9,Urban_High_Density,12226.0,0.64,8,2,2: High
Sivaganga - Vaigai/Gundar (Parthibanur),Valley Basin,158.81,38.74,28.66,3.16,0.55,41.74,21.3,74.1,Urban_Commercial,3152.0,0.46,4,0,0: Low
Chennai - Adyar Basin (Nandambakkam),Coastal / Low Basin,42.0,19.3,6.4,1.9,0.13,7.14,35.9,58.5,Urban_High_Density,6091.0,0.99,8,1,1: Moderate
Chennai - Madipakkam Lake Buffer,Lake Catchment,263.94,67.35,8.79,6.29,1.03,3.04,69.5,36.5,Urban_Residential,16199.0,0.98,14,3,3: Severe Inundation
Tiruvallur - Kosasthalaiyar Basin,Northern Plain,137.2,22.16,18.08,4.08,0.43,18.65,28.1,68.9,Industrial,4327.0,0.92,7,1,1: Moderate
Chennai - Velachery Lowland Basin,Coastal Lowland,145.71,35.69,6.67,3.47,0.35,3.28,92.6,16.4,Urban_High_Density,13091.0,0.45,12,2,2: High
Cuddalore - Manimuktha Basin (Virudhachalam),Riverine Plain,75.36,10.87,24.75,1.75,0.27,27.74,49.6,54.5,Agricultural_Mixed,3253.0,0.79,6,0,0: Low
Sivaganga - Vaigai/Gundar (Parthibanur),Valley Basin,71.4,8.22,27.53,2.03,0.36,41.89,78.5,19.5,Urban_Commercial,2599.0,0.66,4,0,0: Low
Chennai - Madipakkam Lake Buffer,Lake Catchment,261.09,51.69,9.22,6.72,1.34,2.75,69.6,29.9,Urban_Residential,16946.0,0.74,14,3,3: Severe Inundation
Sivaganga - Vaigai/Gundar (Parthibanur),Valley Basin,28.24,5.82,25.55,0.05,-0.04,41.89,65.3,27.0,Urban_Commercial,17589.0,0.91,4,0,0: Low
Kancheepuram - Palar Basin,Riverine Valley,2.62,3.27,16.89,0.39,0.05,23.84,36.1,52.9,Urban_Residential,13252.0,0.86,5,0,0: Low
Tiruvallur - Kosasthalaiyar Basin,Northern Plain,28.62,2.06,14.35,0.35,0.09,19.39,18.9,80.8,Industrial,1497.0,0.93,7,0,0: Low
Kancheepuram - Palar Basin,Riverine Valley,2.87,5.56,16.79,0.29,0.07,24.15,69.0,33.3,Urban_Residential,14296.0,0.89,5,0,0: Low
Ramanathapuram - Gundar Basin (Kamuthi),Estuary / Coastal,27.78,5.32,31.04,0.64,-0.0,35.1,88.6,12.1,Commercial,3710.0,0.49,5,0,0: Low
Chennai - Velachery Lowland Basin,Coastal Lowland,14.75,1.08,3.26,0.06,-0.02,4.54,81.2,21.0,Urban_High_Density,9948.0,0.33,12,0,0: Low
Ramanathapuram - Gundar Basin (Kamuthi),Estuary / Coastal,182.8,62.45,37.06,6.66,1.5,34.88,64.7,34.0,Commercial,906.0,0.32,5,2,2: High
Sivaganga - Vaigai/Gundar (Parthibanur),Valley Basin,5.72,4.97,26.05,0.55,0.06,41.85,87.7,16.9,Urban_Commercial,3306.0,0.96,4,0,0: Low
Chennai - Velachery Lowland Basin,Coastal Lowland,138.56,39.65,6.18,2.98,0.79,3.91,51.5,57.2,Urban_High_Density,3435.0,0.36,12,2,2: High
Tiruvallur - Kosasthalaiyar Basin,Northern Plain,6.47,7.1,14.18,0.18,0.1,18.69,81.7,29.0,Industrial,1491.0,0.8,7,0,0: Low
Tiruvallur - Kosasthalaiyar Basin,Northern Plain,33.97,6.43,15.16,1.16,0.24,19.17,57.2,36.6,Industrial,756.0,0.99,7,0,0: Low
Chennai - Madipakkam Lake Buffer,Lake Catchment,128.4,29.84,6.37,3.87,0.59,2.71,92.0,14.9,Urban_Residential,13595.0,0.39,14,2,2: High
Sivaganga - Vaigai/Gundar (Parthibanur),Valley Basin,43.6,18.19,26.92,1.42,0.25,41.91,10.0,83.6,Urban_Commercial,4529.0,0.84,4,0,0: Low
Ramanathapuram - Gundar Basin (Kamuthi),Estuary / Coastal,232.61,50.62,35.16,4.76,0.97,34.37,27.4,70.4,Commercial,1251.0,0.79,5,2,2: High
Kancheepuram - Palar Basin,Riverine Valley,76.43,17.28,18.12,1.62,0.36,24.37,67.2,36.5,Urban_Residential,4393.0,0.33,5,0,0: Low
Cuddalore - Manimuktha Basin (Virudhachalam),Riverine Plain,81.36,10.43,24.51,1.51,0.11,28.04,52.2,33.3,Agricultural_Mixed,1145.0,0.77,6,0,0: Low
Chennai - Adyar Basin (Nandambakkam),Coastal / Low Basin,83.35,7.31,6.24,1.74,0.23,7.69,68.7,32.0,Urban_High_Density,12077.0,0.65,8,0,0: Low
Cuddalore - Manimuktha Basin (Virudhachalam),Riverine Plain,127.8,18.82,27.34,4.34,0.71,27.68,64.4,29.8,Agricultural_Mixed,4498.0,0.76,6,0,0: Low
Ramanathapuram - Gundar Basin (Kamuthi),Estuary / Coastal,127.53,37.94,34.62,4.22,0.54,34.92,21.7,76.8,Commercial,1069.0,0.87,5,1,1: Moderate
Ramanathapuram - Gundar Basin (Kamuthi),Estuary / Coastal,30.32,10.54,31.71,1.31,0.22,34.73,21.1,72.3,Commercial,2953.0,0.35,5,0,0: Low
Tiruvallur - Kosasthalaiyar Basin,Northern Plain,50.89,18.09,15.53,1.53,0.24,19.46,70.9,36.0,Industrial,3401.0,0.87,7,0,0: Low
Cuddalore - Manimuktha Basin (Virudhachalam),Riverine Plain,162.92,48.81,27.53,4.53,1.45,27.92,40.6,57.9,Agricultural_Mixed,1711.0,0.48,6,2,2: High
Tiruvallur - Kosasthalaiyar Basin,Northern Plain,47.12,14.54,15.8,1.8,0.18,18.81,77.5,23.0,Industrial,1017.0,0.8,7,0,0: Low
Tiruvallur - Kosasthalaiyar Basin,Northern Plain,44.11,19.48,15.48,1.48,0.34,18.83,64.8,37.9,Industrial,1490.0,0.92,7,0,0: Low
Kancheepuram - Palar Basin,Riverine Valley,76.19,18.6,17.79,1.29,0.17,23.61,79.7,17.0,Urban_Residential,9502.0,0.74,5,0,0: Low
Chennai - Velachery Lowland Basin,Coastal Lowland,39.24,16.32,5.21,2.01,0.17,4.17,21.2,72.0,Urban_High_Density,17811.0,0.65,12,1,1: Moderate
Chennai - Adyar Basin (Nandambakkam),Coastal / Low Basin,53.55,16.05,6.27,1.77,0.4,7.27,68.6,28.5,Urban_High_Density,8002.0,0.46,8,0,0: Low
Cuddalore - Manimuktha Basin (Virudhachalam),Riverine Plain,16.53,1.47,23.64,0.64,-0.05,28.31,25.4,76.5,Agricultural_Mixed,4477.0,0.77,6,0,0: Low
Chennai - Velachery Lowland Basin,Coastal Lowland,119.89,19.62,6.69,3.49,0.87,4.38,36.1,63.3,Urban_High_Density,7887.0,0.83,12,2,2: High
Chennai - Madipakkam Lake Buffer,Lake Catchment,73.75,18.98,3.63,1.13,0.22,3.22,76.7,25.3,Urban_Residential,4480.0,0.83,14,1,1: Moderate
Cuddalore - Manimuktha Basin (Virudhachalam),Riverine Plain,87.71,26.18,25.81,2.81,0.52,28.17,91.9,10.0,Agricultural_Mixed,2538.0,0.94,6,0,0: Low
Chennai - Velachery Lowland Basin,Coastal Lowland,296.23,49.38,10.96,7.76,0.92,3.67,47.6,54.0,Urban_High_Density,3754.0,0.51,12,3,3: Severe Inundation
Tiruvallur - Kosasthalaiyar Basin,Northern Plain,49.04,19.66,15.7,1.7,0.35,18.89,72.2,27.8,Industrial,1171.0,0.58,7,0,0: Low
Ramanathapuram - Gundar Basin (Kamuthi),Estuary / Coastal,3.91,1.18,30.51,0.11,0.09,35.15,51.6,38.5,Commercial,3099.0,0.37,5,0,0: Low
Kancheepuram - Palar Basin,Riverine Valley,38.36,6.86,18.39,1.89,0.24,23.62,50.5,46.4,Urban_Residential,3466.0,0.78,5,0,0: Low
Chennai - Adyar Basin (Nandambakkam),Coastal / Low Basin,84.82,17.4,6.16,1.66,0.19,7.65,11.8,87.0,Urban_High_Density,15327.0,0.59,8,1,1: Moderate
Chennai - Velachery Lowland Basin,Coastal Lowland,13.65,4.37,3.22,0.02,-0.05,4.03,76.0,23.9,Urban_High_Density,10993.0,0.38,12,0,0: Low
Ramanathapuram - Gundar Basin (Kamuthi),Estuary / Coastal,76.44,7.37,31.88,1.48,0.15,35.35,47.9,44.0,Commercial,4079.0,0.85,5,0,0: Low
Cuddalore - Manimuktha Basin (Virudhachalam),Riverine Plain,44.01,17.77,23.85,0.85,0.37,27.66,28.7,77.8,Agricultural_Mixed,2622.0,0.35,6,0,0: Low
Chennai - Velachery Lowland Basin,Coastal Lowland,22.65,4.59,3.74,0.54,-0.09,3.87,42.1,53.0,Urban_High_Density,12751.0,0.84,12,0,0: Low
Sivaganga - Vaigai/Gundar (Parthibanur),Valley Basin,20.49,6.35,25.71,0.21,-0.1,41.87,31.1,67.3,Urban_Commercial,14507.0,0.73,4,0,0: Low
Ramanathapuram - Gundar Basin (Kamuthi),Estuary / Coastal,59.17,6.59,32.56,2.16,0.34,35.44,46.4,59.0,Commercial,4220.0,0.54,5,0,0: Low
Chennai - Madipakkam Lake Buffer,Lake Catchment,54.17,14.58,4.62,2.12,0.17,2.82,65.9,38.4,Urban_Residential,15621.0,0.9,14,1,1: Moderate
Ramanathapuram - Gundar Basin (Kamuthi),Estuary / Coastal,200.36,73.98,36.51,6.11,1.64,35.27,45.0,48.6,Commercial,768.0,0.96,5,2,2: High
Chennai - Adyar Basin (Nandambakkam),Coastal / Low Basin,146.33,23.76,7.86,3.36,0.8,7.47,78.5,24.3,Urban_High_Density,16037.0,0.78,8,2,2: High
Chennai - Madipakkam Lake Buffer,Lake Catchment,71.86,8.24,3.95,1.45,0.1,3.45,71.9,23.9,Urban_Residential,11104.0,0.44,14,1,1: Moderate
Kancheepuram - Palar Basin,Riverine Valley,11.95,6.49,16.94,0.44,-0.1,24.43,77.6,17.9,Urban_Residential,16088.0,0.51,5,0,0: Low
Chennai - Adyar Basin (Nandambakkam),Coastal / Low Basin,218.93,60.19,11.53,7.03,1.69,6.99,23.0,83.3,Urban_High_Density,11617.0,0.37,8,3,3: Severe Inundation
Cuddalore - Manimuktha Basin (Virudhachalam),Riverine Plain,18.24,4.93,23.45,0.45,0.02,27.91,48.6,47.3,Agricultural_Mixed,1904.0,0.34,6,0,0: Low
Chennai - Madipakkam Lake Buffer,Lake Catchment,138.08,39.29,5.89,3.39,0.56,3.07,76.2,23.2,Urban_Residential,17974.0,0.81,14,2,2: High
Chennai - Velachery Lowland Basin,Coastal Lowland,64.99,17.0,4.17,0.97,0.22,3.97,77.4,20.2,Urban_High_Density,2906.0,0.53,12,0,0: Low
Sivaganga - Vaigai/Gundar (Parthibanur),Valley Basin,25.29,2.91,25.91,0.41,-0.04,42.31,68.9,28.4,Urban_Commercial,4569.0,0.64,4,0,0: Low
Chennai - Adyar Basin (Nandambakkam),Coastal / Low Basin,54.03,16.21,6.37,1.87,0.15,7.39,81.9,17.6,Urban_High_Density,6328.0,0.48,8,0,0: Low
Sivaganga - Vaigai/Gundar (Parthibanur),Valley Basin,199.93,52.24,32.66,7.16,1.25,41.84,21.7,82.7,Urban_Commercial,2838.0,0.93,4,2,2: High
Cuddalore - Manimuktha Basin (Virudhachalam),Riverine Plain,81.53,6.73,24.39,1.39,0.18,28.03,29.7,72.6,Agricultural_Mixed,1963.0,0.73,6,0,0: Low
Cuddalore - Manimuktha Basin (Virudhachalam),Riverine Plain,6.23,2.58,23.2,0.2,0.07,28.31,33.4,70.0,Agricultural_Mixed,2720.0,0.8,6,0,0: Low
Kancheepuram - Palar Basin,Riverine Valley,39.12,19.24,18.49,1.99,0.3,23.75,90.1,10.0,Urban_Residential,9618.0,0.86,5,0,0: Low
Cuddalore - Manimuktha Basin (Virudhachalam),Riverine Plain,24.02,2.41,23.21,0.21,-0.07,28.35,77.7,21.0,Agricultural_Mixed,1531.0,0.91,6,0,0: Low
Ramanathapuram - Gundar Basin (Kamuthi),Estuary / Coastal,87.04,19.76,33.67,3.27,0.85,34.99,87.1,10.7,Commercial,4361.0,0.84,5,0,0: Low
Ramanathapuram - Gundar Basin (Kamuthi),Estuary / Coastal,16.65,3.01,31.03,0.63,0.02,35.36,57.3,47.0,Commercial,3694.0,0.79,5,0,0: Low
Kancheepuram - Palar Basin,Riverine Valley,204.3,84.26,21.49,4.99,1.0,23.87,82.9,17.2,Urban_Residential,8975.0,0.98,5,3,3: Severe Inundation
Ramanathapuram - Gundar Basin (Kamuthi),Estuary / Coastal,266.87,68.56,35.48,5.08,1.68,34.64,92.0,21.0,Commercial,910.0,0.92,5,2,2: High
Chennai - Velachery Lowland Basin,Coastal Lowland,146.43,32.6,7.03,3.83,0.49,3.98,44.7,61.8,Urban_High_Density,5193.0,0.53,12,3,3: Severe Inundation
Tiruvallur - Kosasthalaiyar Basin,Northern Plain,146.95,20.72,16.75,2.75,0.39,18.8,95.0,10.0,Industrial,2438.0,0.89,7,0,0: Low
Sivaganga - Vaigai/Gundar (Parthibanur),Valley Basin,20.93,3.28,26.05,0.55,-0.09,42.04,56.7,47.6,Urban_Commercial,10446.0,0.79,4,0,0: Low
Sivaganga - Vaigai/Gundar (Parthibanur),Valley Basin,7.95,1.23,25.74,0.24,0.03,42.22,54.6,44.2,Urban_Commercial,4220.0,0.69,4,0,0: Low
Chennai - Velachery Lowland Basin,Coastal Lowland,126.0,28.27,7.65,4.45,0.37,3.12,73.8,29.7,Urban_High_Density,16617.0,0.5,12,2,2: High
Tiruvallur - Kosasthalaiyar Basin,Northern Plain,145.37,18.49,18.41,4.41,0.74,19.27,84.7,24.5,Industrial,648.0,0.47,7,1,1: Moderate
Chennai - Madipakkam Lake Buffer,Lake Catchment,46.35,10.2,4.34,1.84,0.11,3.11,66.5,33.0,Urban_Residential,3037.0,0.86,14,1,1: Moderate
Kancheepuram - Palar Basin,Riverine Valley,84.75,17.98,18.03,1.53,0.12,24.1,58.1,44.4,Urban_Residential,10520.0,0.7,5,0,0: Low
Kancheepuram - Palar Basin,Riverine Valley,72.56,14.43,18.55,2.05,0.23,23.79,53.9,46.5,Urban_Residential,8460.0,0.37,5,0,0: Low
Cuddalore - Manimuktha Basin (Virudhachalam),Riverine Plain,65.87,19.31,24.64,1.64,0.32,28.69,40.8,52.6,Agricultural_Mixed,1146.0,0.33,6,0,0: Low
Sivaganga - Vaigai/Gundar (Parthibanur),Valley Basin,19.1,2.96,25.67,0.17,0.0,41.38,46.1,44.5,Urban_Commercial,8654.0,0.95,4,0,0: Low
Sivaganga - Vaigai/Gundar (Parthibanur),Valley Basin,19.28,1.8,25.78,0.28,0.0,41.99,24.9,67.6,Urban_Commercial,16568.0,0.59,4,0,0: Low
Cuddalore - Manimuktha Basin (Virudhachalam),Riverine Plain,25.07,7.69,23.66,0.66,-0.1,28.46,80.3,27.7,Agricultural_Mixed,2097.0,0.38,6,0,0: Low
Chennai - Madipakkam Lake Buffer,Lake Catchment,50.3,7.69,3.89,1.39,0.33,3.35,53.3,53.8,Urban_Residential,12359.0,0.31,14,1,1: Moderate
Chennai - Adyar Basin (Nandambakkam),Coastal / Low Basin,139.3,21.26,8.78,4.28,0.34,7.73,82.4,17.0,Urban_High_Density,3178.0,0.7,8,2,2: High
Sivaganga - Vaigai/Gundar (Parthibanur),Valley Basin,17.64,3.4,26.08,0.58,0.03,42.14,32.3,72.3,Urban_Commercial,9420.0,0.85,4,0,0: Low
Sivaganga - Vaigai/Gundar (Parthibanur),Valley Basin,153.75,29.64,28.43,2.93,0.65,42.15,10.7,83.8,Urban_Commercial,4710.0,0.6,4,0,0: Low
Chennai - Adyar Basin (Nandambakkam),Coastal / Low Basin,110.94,22.17,6.76,2.26,0.69,7.08,12.6,83.4,Urban_High_Density,8151.0,0.72,8,2,2: High
Cuddalore - Manimuktha Basin (Virudhachalam),Riverine Plain,15.6,1.19,23.4,0.4,0.09,27.86,66.9,31.8,Agricultural_Mixed,4110.0,0.5,6,0,0: Low
Chennai - Adyar Basin (Nandambakkam),Coastal / Low Basin,28.77,3.2,5.21,0.71,0.02,7.04,75.4,25.3,Urban_High_Density,14309.0,0.68,8,0,0: Low
Sivaganga - Vaigai/Gundar (Parthibanur),Valley Basin,9.26,2.36,25.55,0.05,-0.03,42.37,95.0,10.0,Urban_Commercial,8728.0,0.64,4,0,0: Low
Cuddalore - Manimuktha Basin (Virudhachalam),Riverine Plain,300.85,68.05,29.49,6.49,1.42,27.87,82.5,10.0,Agricultural_Mixed,4147.0,0.97,6,3,3: Severe Inundation
Chennai - Adyar Basin (Nandambakkam),Coastal / Low Basin,94.8,39.34,6.99,2.49,0.78,8.03,46.6,55.3,Urban_High_Density,15885.0,0.64,8,2,2: High
Chennai - Madipakkam Lake Buffer,Lake Catchment,50.64,10.0,3.58,1.08,0.33,3.27,91.1,10.0,Urban_Residential,15327.0,0.59,14,0,0: Low
Cuddalore - Manimuktha Basin (Virudhachalam),Riverine Plain,192.08,44.92,30.49,7.49,1.24,28.45,48.8,49.2,Agricultural_Mixed,3301.0,0.81,6,2,2: High
Sivaganga - Vaigai/Gundar (Parthibanur),Valley Basin,24.52,2.95,25.67,0.17,0.09,41.78,56.3,47.3,Urban_Commercial,4714.0,0.82,4,0,0: Low
Chennai - Velachery Lowland Basin,Coastal Lowland,142.67,35.78,7.16,3.96,0.81,3.57,51.5,44.8,Urban_High_Density,7907.0,0.35,12,3,3: Severe Inundation
Kancheepuram - Palar Basin,Riverine Valley,171.57,82.98,22.83,6.33,1.1,23.96,40.0,52.0,Urban_Residential,6856.0,0.46,5,3,3: Severe Inundation
Sivaganga - Vaigai/Gundar (Parthibanur),Valley Basin,154.69,28.94,29.78,4.28,0.49,41.54,66.2,35.2,Urban_Commercial,4405.0,0.75,4,0,0: Low
Ramanathapuram - Gundar Basin (Kamuthi),Estuary / Coastal,62.22,14.75,31.3,0.9,0.3,35.3,37.1,68.2,Commercial,3624.0,0.4,5,0,0: Low
Kancheepuram - Palar Basin,Riverine Valley,15.91,2.99,16.61,0.11,0.03,23.81,57.0,43.8,Urban_Residential,6326.0,0.3,5,0,0: Low
Sivaganga - Vaigai/Gundar (Parthibanur),Valley Basin,12.09,2.89,26.17,0.67,-0.04,42.34,61.6,40.4,Urban_Commercial,13149.0,0.36,4,0,0: Low
Kancheepuram - Palar Basin,Riverine Valley,51.32,14.86,18.29,1.79,0.1,24.16,78.4,22.5,Urban_Residential,14618.0,0.37,5,0,0: Low
Tiruvallur - Kosasthalaiyar Basin,Northern Plain,28.79,4.5,14.35,0.35,-0.01,19.04,49.5,48.2,Industrial,3916.0,0.88,7,0,0: Low
Sivaganga - Vaigai/Gundar (Parthibanur),Valley Basin,20.41,4.31,26.2,0.7,-0.06,42.29,36.9,58.6,Urban_Commercial,12495.0,0.52,4,0,0: Low
Cuddalore - Manimuktha Basin (Virudhachalam),Riverine Plain,26.93,3.01,23.29,0.29,-0.09,27.77,42.7,56.2,Agricultural_Mixed,2177.0,0.65,6,0,0: Low
Cuddalore - Manimuktha Basin (Virudhachalam),Riverine Plain,62.73,6.14,24.45,1.45,0.39,28.61,70.8,32.8,Agricultural_Mixed,1090.0,0.98,6,0,0: Low
Tiruvallur - Kosasthalaiyar Basin,Northern Plain,2.49,3.05,14.62,0.62,0.0,19.06,64.4,36.4,Industrial,692.0,0.89,7,0,0: Low
Chennai - Madipakkam Lake Buffer,Lake Catchment,143.74,39.07,5.75,3.25,0.54,3.08,55.2,36.6,Urban_Residential,3397.0,0.63,14,2,2: High
Tiruvallur - Kosasthalaiyar Basin,Northern Plain,12.24,2.58,14.16,0.16,-0.07,19.02,50.9,51.6,Industrial,3229.0,0.57,7,0,0: Low
Tiruvallur - Kosasthalaiyar Basin,Northern Plain,11.67,7.42,14.23,0.23,-0.01,19.1,47.4,63.1,Industrial,2666.0,0.97,7,0,0: Low
Kancheepuram - Palar Basin,Riverine Valley,34.19,9.85,18.43,1.93,0.24,23.51,82.9,10.0,Urban_Residential,15577.0,0.33,5,0,0: Low
Chennai - Adyar Basin (Nandambakkam),Coastal / Low Basin,286.9,78.42,9.85,5.35,1.76,7.51,71.1,22.1,Urban_High_Density,17708.0,0.74,8,3,3: Severe Inundation
Cuddalore - Manimuktha Basin (Virudhachalam),Riverine Plain,310.99,83.21,29.33,6.33,1.78,27.83,82.1,21.4,Agricultural_Mixed,1235.0,0.77,6,3,3: Severe Inundation
Chennai - Adyar Basin (Nandambakkam),Coastal / Low Basin,72.44,12.98,5.32,0.82,0.1,7.69,46.8,56.2,Urban_High_Density,13797.0,0.89,8,0,0: Low
Tiruvallur - Kosasthalaiyar Basin,Northern Plain,15.46,5.64,14.09,0.09,-0.04,18.74,42.5,54.2,Industrial,3542.0,0.57,7,0,0: Low
Chennai - Madipakkam Lake Buffer,Lake Catchment,312.15,65.97,8.25,5.75,1.59,3.32,80.3,23.3,Urban_Residential,4078.0,0.94,14,3,3: Severe Inundation
Cuddalore - Manimuktha Basin (Virudhachalam),Riverine Plain,3.01,2.23,23.69,0.69,-0.04,28.01,75.5,32.6,Agricultural_Mixed,1977.0,0.5,6,0,0: Low
Sivaganga - Vaigai/Gundar (Parthibanur),Valley Basin,155.98,42.1,28.66,3.16,0.77,41.89,73.5,13.5,Urban_Commercial,15455.0,0.87,4,0,0: Low
Sivaganga - Vaigai/Gundar (Parthibanur),Valley Basin,21.42,6.4,26.02,0.52,-0.07,42.03,35.6,64.0,Urban_Commercial,2500.0,0.84,4,0,0: Low
Sivaganga - Vaigai/Gundar (Parthibanur),Valley Basin,29.25,2.58,25.74,0.24,-0.04,41.23,22.0,69.3,Urban_Commercial,13546.0,0.53,4,0,0: Low
Kancheepuram - Palar Basin,Riverine Valley,98.62,28.02,20.77,4.27,0.78,24.44,86.0,10.0,Urban_Residential,14600.0,0.42,5,0,0: Low
Ramanathapuram - Gundar Basin (Kamuthi),Estuary / Coastal,9.43,5.21,30.64,0.24,0.04,35.03,74.8,28.2,Commercial,3319.0,0.88,5,0,0: Low
Tiruvallur - Kosasthalaiyar Basin,Northern Plain,119.63,42.87,17.8,3.8,0.74,18.87,35.2,59.3,Industrial,3940.0,0.98,7,2,2: High
Ramanathapuram - Gundar Basin (Kamuthi),Estuary / Coastal,82.09,12.95,31.73,1.33,0.15,35.28,53.6,38.8,Commercial,3787.0,0.79,5,0,0: Low
Chennai - Velachery Lowland Basin,Coastal Lowland,83.19,6.72,4.71,1.51,0.32,3.73,24.2,81.3,Urban_High_Density,4938.0,0.91,12,1,1: Moderate
Kancheepuram - Palar Basin,Riverine Valley,135.45,39.51,19.28,2.78,0.67,23.7,43.4,54.8,Urban_Residential,6958.0,0.68,5,1,1: Moderate
Sivaganga - Vaigai/Gundar (Parthibanur),Valley Basin,11.88,5.35,25.77,0.27,0.05,41.79,47.5,44.0,Urban_Commercial,3377.0,0.53,4,0,0: Low
Cuddalore - Manimuktha Basin (Virudhachalam),Riverine Plain,66.93,14.85,24.08,1.08,0.23,27.95,74.1,27.6,Agricultural_Mixed,2623.0,0.35,6,0,0: Low
Kancheepuram - Palar Basin,Riverine Valley,29.18,1.79,16.82,0.32,0.05,23.81,12.0,84.8,Urban_Residential,6662.0,0.64,5,0,0: Low
Cuddalore - Manimuktha Basin (Virudhachalam),Riverine Plain,256.58,43.46,27.76,4.76,1.75,27.61,61.5,32.0,Agricultural_Mixed,4364.0,0.31,6,2,2: High
Chennai - Adyar Basin (Nandambakkam),Coastal / Low Basin,20.93,5.95,4.99,0.49,-0.04,7.7,91.7,10.0,Urban_High_Density,13368.0,0.71,8,0,0: Low
Chennai - Adyar Basin (Nandambakkam),Coastal / Low Basin,18.32,2.77,4.86,0.36,0.09,8.01,37.5,62.4,Urban_High_Density,14100.0,0.36,8,0,0: Low
Cuddalore - Manimuktha Basin (Virudhachalam),Riverine Plain,229.44,51.64,29.02,6.02,1.52,28.0,44.0,59.4,Agricultural_Mixed,1377.0,0.36,6,3,3: Severe Inundation
Sivaganga - Vaigai/Gundar (Parthibanur),Valley Basin,8.95,2.5,25.72,0.22,-0.05,42.17,48.3,48.8,Urban_Commercial,15497.0,0.97,4,0,0: Low
Ramanathapuram - Gundar Basin (Kamuthi),Estuary / Coastal,146.72,43.18,33.85,3.45,0.42,35.43,37.4,62.8,Commercial,2879.0,0.94,5,0,0: Low
Tiruvallur - Kosasthalaiyar Basin,Northern Plain,27.07,5.67,14.63,0.63,-0.01,19.09,95.0,10.5,Industrial,850.0,0.96,7,0,0: Low
Kancheepuram - Palar Basin,Riverine Valley,106.93,29.99,18.75,2.25,0.48,23.79,60.9,46.3,Urban_Residential,4972.0,0.48,5,0,0: Low
Kancheepuram - Palar Basin,Riverine Valley,146.06,36.5,18.95,2.45,0.47,23.69,64.4,28.8,Urban_Residential,14734.0,0.88,5,0,0: Low
Sivaganga - Vaigai/Gundar (Parthibanur),Valley Basin,27.59,7.67,25.76,0.26,-0.03,42.21,53.6,42.1,Urban_Commercial,5505.0,0.65,4,0,0: Low
Tiruvallur - Kosasthalaiyar Basin,Northern Plain,149.41,38.21,17.21,3.21,0.67,19.25,35.6,62.4,Industrial,608.0,0.42,7,1,1: Moderate
Chennai - Adyar Basin (Nandambakkam),Coastal / Low Basin,139.93,31.9,7.07,2.57,0.35,7.42,49.0,49.5,Urban_High_Density,6303.0,0.73,8,2,2: High
Ramanathapuram - Gundar Basin (Kamuthi),Estuary / Coastal,8.15,7.72,30.89,0.49,0.01,34.82,60.2,35.5,Commercial,2207.0,0.65,5,0,0: Low
Tiruvallur - Kosasthalaiyar Basin,Northern Plain,132.36,32.38,16.47,2.47,0.66,18.9,64.8,38.4,Industrial,1397.0,0.93,7,0,0: Low
Chennai - Adyar Basin (Nandambakkam),Coastal / Low Basin,24.2,1.48,4.88,0.38,0.01,7.58,53.0,48.4,Urban_High_Density,15232.0,0.89,8,0,0: Low
Tiruvallur - Kosasthalaiyar Basin,Northern Plain,121.38,27.01,18.02,4.02,0.57,19.1,54.0,45.6,Industrial,4117.0,0.86,7,1,1: Moderate
Chennai - Velachery Lowland Basin,Coastal Lowland,83.24,6.93,4.91,1.71,0.12,4.08,24.8,65.9,Urban_High_Density,7933.0,0.45,12,1,1: Moderate
Kancheepuram - Palar Basin,Riverine Valley,3.92,3.59,16.87,0.37,0.04,24.39,48.7,45.6,Urban_Residential,14970.0,0.3,5,0,0: Low
Chennai - Velachery Lowland Basin,Coastal Lowland,23.46,5.09,3.83,0.63,0.05,4.25,83.2,23.8,Urban_High_Density,5522.0,0.42,12,0,0: Low
Tiruvallur - Kosasthalaiyar Basin,Northern Plain,141.25,42.52,17.95,3.95,0.66,19.24,40.4,61.6,Industrial,1657.0,0.8,7,2,2: High
Kancheepuram - Palar Basin,Riverine Valley,8.02,3.97,17.23,0.73,0.0,23.7,85.6,11.1,Urban_Residential,6593.0,0.78,5,0,0: Low
Ramanathapuram - Gundar Basin (Kamuthi),Estuary / Coastal,261.82,54.6,35.84,5.44,0.99,34.7,54.9,38.9,Commercial,3567.0,0.84,5,2,2: High
Sivaganga - Vaigai/Gundar (Parthibanur),Valley Basin,31.71,9.63,26.35,0.85,0.36,42.43,31.4,72.0,Urban_Commercial,7542.0,0.92,4,0,0: Low
Chennai - Velachery Lowland Basin,Coastal Lowland,319.39,77.14,10.66,7.46,1.05,3.59,72.2,30.9,Urban_High_Density,6243.0,1.0,12,3,3: Severe Inundation
Sivaganga - Vaigai/Gundar (Parthibanur),Valley Basin,2.63,3.52,26.13,0.63,0.01,41.85,26.2,76.9,Urban_Commercial,3104.0,0.83,4,0,0: Low
Chennai - Adyar Basin (Nandambakkam),Coastal / Low Basin,131.46,33.21,8.14,3.64,0.82,7.99,85.5,17.0,Urban_High_Density,16902.0,0.95,8,2,2: High
Chennai - Adyar Basin (Nandambakkam),Coastal / Low Basin,16.77,2.48,5.3,0.8,0.1,7.84,42.8,57.8,Urban_High_Density,13002.0,0.77,8,0,0: Low
Chennai - Madipakkam Lake Buffer,Lake Catchment,16.01,5.84,3.06,0.56,0.03,3.15,71.7,31.1,Urban_Residential,12850.0,0.62,14,0,0: Low
Chennai - Adyar Basin (Nandambakkam),Coastal / Low Basin,97.73,18.52,8.49,3.99,0.67,7.75,56.1,46.7,Urban_High_Density,4882.0,0.58,8,1,1: Moderate
Chennai - Adyar Basin (Nandambakkam),Coastal / Low Basin,253.31,66.68,10.24,5.74,0.85,7.66,50.3,44.1,Urban_High_Density,16234.0,0.9,8,3,3: Severe Inundation
Kancheepuram - Palar Basin,Riverine Valley,22.65,3.01,17.14,0.64,0.1,24.09,51.0,48.0,Urban_Residential,15714.0,0.87,5,0,0: Low
Ramanathapuram - Gundar Basin (Kamuthi),Estuary / Coastal,8.42,4.28,30.61,0.21,-0.08,34.95,62.5,37.2,Commercial,3713.0,0.49,5,0,0: Low
Chennai - Adyar Basin (Nandambakkam),Coastal / Low Basin,10.38,2.63,4.6,0.1,-0.05,7.91,83.7,13.5,Urban_High_Density,15902.0,0.54,8,0,0: Low
Cuddalore - Manimuktha Basin (Virudhachalam),Riverine Plain,74.21,7.92,24.61,1.61,0.25,27.95,37.9,61.7,Agricultural_Mixed,3807.0,0.51,6,0,0: Low
Ramanathapuram - Gundar Basin (Kamuthi),Estuary / Coastal,13.72,4.21,30.98,0.58,0.01,35.34,45.7,44.6,Commercial,4069.0,0.99,5,0,0: Low
Cuddalore - Manimuktha Basin (Virudhachalam),Riverine Plain,70.79,12.9,24.48,1.48,0.35,27.85,47.4,60.4,Agricultural_Mixed,1366.0,0.39,6,0,0: Low
Cuddalore - Manimuktha Basin (Virudhachalam),Riverine Plain,188.08,65.55,29.53,6.53,1.29,27.63,62.9,31.3,Agricultural_Mixed,1323.0,0.7,6,2,2: High
Sivaganga - Vaigai/Gundar (Parthibanur),Valley Basin,25.12,3.0,26.24,0.74,0.09,41.79,79.7,16.7,Urban_Commercial,15599.0,0.69,4,0,0: Low
Tiruvallur - Kosasthalaiyar Basin,Northern Plain,98.13,36.16,16.71,2.71,0.43,18.89,65.8,40.4,Industrial,2387.0,0.41,7,0,0: Low
Cuddalore - Manimuktha Basin (Virudhachalam),Riverine Plain,80.64,6.56,24.21,1.21,0.16,27.92,50.3,46.6,Agricultural_Mixed,2277.0,0.64,6,0,0: Low
Sivaganga - Vaigai/Gundar (Parthibanur),Valley Basin,84.98,16.77,26.86,1.36,0.35,41.82,88.3,12.8,Urban_Commercial,3279.0,0.65,4,0,0: Low
Chennai - Adyar Basin (Nandambakkam),Coastal / Low Basin,76.15,8.25,5.33,0.83,0.23,7.35,73.7,24.2,Urban_High_Density,8577.0,0.86,8,0,0: Low
Cuddalore - Manimuktha Basin (Virudhachalam),Riverine Plain,94.41,38.86,25.74,2.74,0.71,28.22,67.4,39.1,Agricultural_Mixed,1946.0,0.46,6,0,0: Low
Tiruvallur - Kosasthalaiyar Basin,Northern Plain,19.12,5.75,14.25,0.25,0.07,19.06,90.0,14.3,Industrial,1816.0,0.99,7,0,0: Low
Chennai - Madipakkam Lake Buffer,Lake Catchment,4.21,4.1,2.71,0.21,-0.03,3.06,79.1,15.1,Urban_Residential,9424.0,0.98,14,0,0: Low
Chennai - Velachery Lowland Basin,Coastal Lowland,66.41,16.52,5.06,1.86,0.27,3.8,95.0,10.0,Urban_High_Density,5454.0,0.49,12,0,0: Low
Sivaganga - Vaigai/Gundar (Parthibanur),Valley Basin,11.58,4.01,26.16,0.66,-0.08,42.07,10.4,89.2,Urban_Commercial,5048.0,0.6,4,0,0: Low
Chennai - Madipakkam Lake Buffer,Lake Catchment,215.03,72.99,9.31,6.81,1.73,2.9,64.1,27.6,Urban_Residential,15312.0,0.31,14,3,3: Severe Inundation
Sivaganga - Vaigai/Gundar (Parthibanur),Valley Basin,92.83,33.58,28.77,3.27,0.37,42.04,73.8,25.1,Urban_Commercial,5174.0,0.37,4,0,0: Low
Chennai - Velachery Lowland Basin,Coastal Lowland,291.0,84.26,8.61,5.41,1.77,3.97,85.2,12.7,Urban_High_Density,12017.0,0.46,12,3,3: Severe Inundation
Tiruvallur - Kosasthalaiyar Basin,Northern Plain,18.17,3.51,14.66,0.66,0.06,18.35,64.0,41.2,Industrial,2420.0,0.36,7,0,0: Low
Ramanathapuram - Gundar Basin (Kamuthi),Estuary / Coastal,12.67,6.66,31.06,0.66,-0.02,34.98,73.4,28.9,Commercial,2455.0,0.32,5,0,0: Low
Chennai - Velachery Lowland Basin,Coastal Lowland,83.41,13.87,5.0,1.8,0.12,3.71,73.9,23.2,Urban_High_Density,11035.0,0.55,12,1,1: Moderate
Kancheepuram - Palar Basin,Riverine Valley,75.85,17.41,18.16,1.66,0.21,23.86,79.1,16.6,Urban_Residential,8627.0,0.35,5,0,0: Low
Chennai - Madipakkam Lake Buffer,Lake Catchment,88.14,29.32,5.09,2.59,0.83,3.1,90.7,10.4,Urban_Residential,8750.0,0.74,14,2,2: High
Cuddalore - Manimuktha Basin (Virudhachalam),Riverine Plain,124.85,36.29,26.19,3.19,0.74,27.91,72.3,28.4,Agricultural_Mixed,4169.0,0.57,6,0,0: Low
Chennai - Adyar Basin (Nandambakkam),Coastal / Low Basin,58.28,10.32,6.1,1.6,0.2,7.36,74.0,31.2,Urban_High_Density,8703.0,0.96,8,0,0: Low
Kancheepuram - Palar Basin,Riverine Valley,104.94,44.74,18.76,2.26,0.66,24.38,26.2,76.7,Urban_Residential,8966.0,0.68,5,1,1: Moderate
Cuddalore - Manimuktha Basin (Virudhachalam),Riverine Plain,71.65,18.57,23.92,0.92,0.22,27.9,67.6,34.9,Agricultural_Mixed,2237.0,0.95,6,0,0: Low
Cuddalore - Manimuktha Basin (Virudhachalam),Riverine Plain,3.1,5.02,23.31,0.31,-0.09,27.95,59.5,40.4,Agricultural_Mixed,4398.0,0.58,6,0,0: Low
Sivaganga - Vaigai/Gundar (Parthibanur),Valley Basin,105.36,42.41,28.56,3.06,0.63,42.1,50.3,46.2,Urban_Commercial,16921.0,0.87,4,0,0: Low
Chennai - Velachery Lowland Basin,Coastal Lowland,14.6,3.36,3.9,0.7,-0.08,4.0,15.5,82.6,Urban_High_Density,10714.0,0.58,12,0,0: Low
Ramanathapuram - Gundar Basin (Kamuthi),Estuary / Coastal,142.01,22.16,32.94,2.54,0.46,34.64,54.6,44.9,Commercial,1354.0,0.79,5,0,0: Low
Chennai - Madipakkam Lake Buffer,Lake Catchment,44.29,18.41,4.55,2.05,0.19,3.06,92.6,10.0,Urban_Residential,8653.0,0.88,14,1,1: Moderate
Cuddalore - Manimuktha Basin (Virudhachalam),Riverine Plain,20.8,2.89,23.06,0.06,0.1,27.79,80.4,31.0,Agricultural_Mixed,2267.0,0.59,6,0,0: Low
Sivaganga - Vaigai/Gundar (Parthibanur),Valley Basin,17.8,6.95,25.66,0.16,0.09,42.28,32.7,63.9,Urban_Commercial,15916.0,0.48,4,0,0: Low
Chennai - Madipakkam Lake Buffer,Lake Catchment,62.68,14.44,4.26,1.76,0.27,3.47,80.6,14.1,Urban_Residential,14080.0,0.74,14,1,1: Moderate
Chennai - Velachery Lowland Basin,Coastal Lowland,3.68,1.92,3.68,0.48,0.07,3.71,25.9,68.7,Urban_High_Density,5207.0,0.68,12,0,0: Low
Ramanathapuram - Gundar Basin (Kamuthi),Estuary / Coastal,20.59,7.76,30.44,0.04,0.08,35.49,17.2,88.1,Commercial,1159.0,0.58,5,0,0: Low
Kancheepuram - Palar Basin,Riverine Valley,68.38,18.6,18.41,1.91,0.3,24.31,52.7,42.9,Urban_Residential,12323.0,0.76,5,0,0: Low
Chennai - Velachery Lowland Basin,Coastal Lowland,30.89,16.2,4.45,1.25,0.3,3.21,55.8,47.4,Urban_High_Density,13799.0,0.58,12,0,0: Low
Chennai - Adyar Basin (Nandambakkam),Coastal / Low Basin,21.94,3.5,4.7,0.2,-0.1,7.58,39.7,56.0,Urban_High_Density,8390.0,0.68,8,0,0: Low
Chennai - Velachery Lowland Basin,Coastal Lowland,51.38,9.36,4.13,0.93,0.19,3.79,74.0,27.7,Urban_High_Density,8742.0,0.51,12,0,0: Low
Cuddalore - Manimuktha Basin (Virudhachalam),Riverine Plain,5.73,5.43,23.1,0.1,0.02,28.34,66.4,42.4,Agricultural_Mixed,1328.0,0.73,6,0,0: Low
Ramanathapuram - Gundar Basin (Kamuthi),Estuary / Coastal,9.97,4.1,30.89,0.49,0.07,34.91,60.3,34.8,Commercial,936.0,0.68,5,0,0: Low
Chennai - Velachery Lowland Basin,Coastal Lowland,19.86,6.74,3.23,0.03,-0.0,4.48,95.0,12.6,Urban_High_Density,12435.0,0.56,12,0,0: Low
Cuddalore - Manimuktha Basin (Virudhachalam),Riverine Plain,40.45,15.82,24.58,1.58,0.21,27.89,53.3,52.8,Agricultural_Mixed,3549.0,0.58,6,0,0: Low
Cuddalore - Manimuktha Basin (Virudhachalam),Riverine Plain,200.14,45.42,29.55,6.55,1.77,27.65,72.7,29.6,Agricultural_Mixed,2362.0,1.0,6,2,2: High
Ramanathapuram - Gundar Basin (Kamuthi),Estuary / Coastal,13.22,1.81,31.11,0.71,-0.02,35.48,76.9,24.0,Commercial,3130.0,0.96,5,0,0: Low
Chennai - Velachery Lowland Basin,Coastal Lowland,52.08,10.73,4.18,0.98,0.22,3.64,51.4,59.4,Urban_High_Density,11443.0,0.91,12,1,1: Moderate
Chennai - Velachery Lowland Basin,Coastal Lowland,24.48,4.78,3.26,0.06,0.01,3.74,46.1,53.5,Urban_High_Density,3750.0,0.72,12,0,0: Low
Sivaganga - Vaigai/Gundar (Parthibanur),Valley Basin,15.35,5.41,26.16,0.66,0.06,42.1,58.7,43.5,Urban_Commercial,17007.0,0.71,4,0,0: Low
Chennai - Madipakkam Lake Buffer,Lake Catchment,56.47,17.34,4.63,2.13,0.11,3.02,67.0,28.9,Urban_Residential,11792.0,0.34,14,1,1: Moderate
Sivaganga - Vaigai/Gundar (Parthibanur),Valley Basin,14.39,1.34,26.16,0.66,0.07,42.24,92.2,10.0,Urban_Commercial,11778.0,0.85,4,0,0: Low
Chennai - Velachery Lowland Basin,Coastal Lowland,82.69,13.58,4.85,1.65,0.17,4.13,31.0,65.9,Urban_High_Density,6015.0,0.67,12,1,1: Moderate
Kancheepuram - Palar Basin,Riverine Valley,38.99,8.58,17.58,1.08,0.22,24.07,60.6,44.9,Urban_Residential,10338.0,0.4,5,0,0: Low
Chennai - Velachery Lowland Basin,Coastal Lowland,3.99,5.02,3.65,0.45,0.08,3.96,56.1,37.2,Urban_High_Density,17163.0,0.33,12,0,0: Low
Chennai - Adyar Basin (Nandambakkam),Coastal / Low Basin,6.76,1.89,4.6,0.1,0.0,7.75,59.2,45.7,Urban_High_Density,2565.0,0.35,8,0,0: Low
Cuddalore - Manimuktha Basin (Virudhachalam),Riverine Plain,65.3,11.75,24.49,1.49,0.22,28.03,29.1,62.9,Agricultural_Mixed,1298.0,0.37,6,0,0: Low
Tiruvallur - Kosasthalaiyar Basin,Northern Plain,56.13,18.91,14.9,0.9,0.18,19.31,73.9,26.4,Industrial,2198.0,0.58,7,0,0: Low
Chennai - Velachery Lowland Basin,Coastal Lowland,116.5,33.62,7.32,4.12,0.78,4.12,82.9,19.6,Urban_High_Density,4596.0,1.0,12,2,2: High
Chennai - Adyar Basin (Nandambakkam),Coastal / Low Basin,51.78,7.86,5.52,1.02,0.38,7.91,48.3,46.4,Urban_High_Density,5003.0,0.7,8,0,0: Low
Chennai - Adyar Basin (Nandambakkam),Coastal / Low Basin,41.56,16.39,5.34,0.84,0.21,7.09,80.0,26.8,Urban_High_Density,11957.0,0.81,8,0,0: Low
Chennai - Madipakkam Lake Buffer,Lake Catchment,37.33,9.66,3.89,1.39,0.28,2.65,26.1,73.8,Urban_Residential,11565.0,0.32,14,1,1: Moderate
Ramanathapuram - Gundar Basin (Kamuthi),Estuary / Coastal,60.28,11.7,31.93,1.53,0.37,34.98,69.5,29.1,Commercial,4161.0,0.82,5,0,0: Low
Chennai - Velachery Lowland Basin,Coastal Lowland,39.94,9.76,4.28,1.08,0.17,3.96,83.9,10.0,Urban_High_Density,5163.0,0.36,12,0,0: Low
Ramanathapuram - Gundar Basin (Kamuthi),Estuary / Coastal,13.21,6.68,30.41,0.01,0.03,35.03,63.7,47.8,Commercial,3248.0,0.76,5,0,0: Low
Kancheepuram - Palar Basin,Riverine Valley,319.51,72.41,22.01,5.51,1.68,23.92,76.6,23.4,Urban_Residential,14280.0,0.83,5,3,3: Severe Inundation
Tiruvallur - Kosasthalaiyar Basin,Northern Plain,29.34,5.52,14.75,0.75,-0.04,18.49,54.8,40.2,Industrial,3444.0,0.77,7,0,0: Low
Chennai - Adyar Basin (Nandambakkam),Coastal / Low Basin,41.37,13.06,5.74,1.24,0.23,7.89,19.9,76.9,Urban_High_Density,16593.0,0.85,8,0,0: Low
Cuddalore - Manimuktha Basin (Virudhachalam),Riverine Plain,148.46,22.94,27.4,4.4,0.53,27.79,64.3,31.7,Agricultural_Mixed,4014.0,0.87,6,0,0: Low
Cuddalore - Manimuktha Basin (Virudhachalam),Riverine Plain,26.04,7.0,23.61,0.61,-0.07,28.1,48.6,40.9,Agricultural_Mixed,1068.0,0.66,6,0,0: Low
Ramanathapuram - Gundar Basin (Kamuthi),Estuary / Coastal,95.3,43.71,33.36,2.96,0.7,34.82,62.4,42.7,Commercial,1584.0,0.77,5,0,0: Low
Chennai - Adyar Basin (Nandambakkam),Coastal / Low Basin,97.66,19.45,8.35,3.85,0.59,7.39,52.6,53.5,Urban_High_Density,10422.0,0.8,8,1,1: Moderate
Chennai - Madipakkam Lake Buffer,Lake Catchment,147.22,37.15,4.94,2.44,0.8,3.89,53.0,44.1,Urban_Residential,16239.0,0.59,14,2,2: High
Ramanathapuram - Gundar Basin (Kamuthi),Estuary / Coastal,28.92,5.75,30.91,0.51,-0.05,35.3,79.5,20.7,Commercial,1942.0,0.55,5,0,0: Low
Tiruvallur - Kosasthalaiyar Basin,Northern Plain,122.91,31.71,16.52,2.52,0.89,19.28,55.2,36.6,Industrial,1363.0,0.85,7,1,1: Moderate
Ramanathapuram - Gundar Basin (Kamuthi),Estuary / Coastal,133.66,29.31,33.65,3.25,0.45,35.03,45.8,53.6,Commercial,1397.0,0.34,5,0,0: Low
Chennai - Adyar Basin (Nandambakkam),Coastal / Low Basin,27.62,6.91,5.09,0.59,-0.07,7.38,47.3,41.8,Urban_High_Density,12131.0,0.56,8,0,0: Low
Chennai - Velachery Lowland Basin,Coastal Lowland,93.3,18.96,7.69,4.49,0.44,3.77,49.7,40.4,Urban_High_Density,15852.0,0.66,12,2,2: High
Chennai - Madipakkam Lake Buffer,Lake Catchment,237.32,84.41,9.64,7.14,1.05,3.65,52.8,42.3,Urban_Residential,8754.0,0.3,14,3,3: Severe Inundation
Chennai - Adyar Basin (Nandambakkam),Coastal / Low Basin,24.93,3.36,5.16,0.66,-0.1,7.18,47.6,54.8,Urban_High_Density,16077.0,0.56,8,0,0: Low
Chennai - Madipakkam Lake Buffer,Lake Catchment,4.99,7.67,2.55,0.05,-0.04,3.47,65.9,35.7,Urban_Residential,3593.0,0.39,14,0,0: Low
Sivaganga - Vaigai/Gundar (Parthibanur),Valley Basin,190.42,76.96,31.91,6.41,0.88,41.94,56.0,42.3,Urban_Commercial,16593.0,0.95,4,2,2: High
Sivaganga - Vaigai/Gundar (Parthibanur),Valley Basin,12.56,3.75,25.94,0.44,-0.07,41.73,85.8,17.4,Urban_Commercial,4914.0,0.75,4,0,0: Low
Cuddalore - Manimuktha Basin (Virudhachalam),Riverine Plain,34.81,11.28,24.38,1.38,0.11,27.96,41.9,52.2,Agricultural_Mixed,3578.0,0.4,6,0,0: Low
Chennai - Madipakkam Lake Buffer,Lake Catchment,19.57,2.34,2.62,0.12,0.09,3.03,54.0,51.2,Urban_Residential,4802.0,0.55,14,0,0: Low
Tiruvallur - Kosasthalaiyar Basin,Northern Plain,74.79,11.35,14.99,0.99,0.16,18.77,94.1,10.0,Industrial,1396.0,0.88,7,0,0: Low
Ramanathapuram - Gundar Basin (Kamuthi),Estuary / Coastal,5.08,7.19,30.67,0.27,0.04,34.96,62.6,33.8,Commercial,1762.0,0.4,5,0,0: Low
Sivaganga - Vaigai/Gundar (Parthibanur),Valley Basin,27.5,1.04,25.89,0.39,-0.08,42.14,77.9,30.4,Urban_Commercial,10786.0,0.69,4,0,0: Low
Ramanathapuram - Gundar Basin (Kamuthi),Estuary / Coastal,212.45,56.74,37.56,7.16,1.14,34.87,41.3,51.1,Commercial,4185.0,0.82,5,2,2: High
Ramanathapuram - Gundar Basin (Kamuthi),Estuary / Coastal,48.82,19.46,31.82,1.42,0.25,35.21,77.4,25.6,Commercial,3909.0,0.6,5,0,0: Low
Tiruvallur - Kosasthalaiyar Basin,Northern Plain,259.71,73.37,21.32,7.32,1.65,18.83,78.2,29.9,Industrial,3076.0,0.55,7,3,3: Severe Inundation
Chennai - Adyar Basin (Nandambakkam),Coastal / Low Basin,22.98,4.82,4.66,0.16,-0.04,7.47,36.9,65.9,Urban_High_Density,10638.0,0.93,8,0,0: Low
Ramanathapuram - Gundar Basin (Kamuthi),Estuary / Coastal,36.79,8.88,31.2,0.8,0.11,35.25,55.3,48.1,Commercial,3602.0,0.81,5,0,0: Low
Chennai - Madipakkam Lake Buffer,Lake Catchment,251.77,55.37,9.27,6.77,0.87,3.5,51.2,36.8,Urban_Residential,15980.0,0.54,14,3,3: Severe Inundation
Tiruvallur - Kosasthalaiyar Basin,Northern Plain,98.64,29.62,16.58,2.58,0.72,18.96,36.3,63.2,Industrial,3946.0,0.69,7,1,1: Moderate
Sivaganga - Vaigai/Gundar (Parthibanur),Valley Basin,53.95,19.34,27.31,1.81,0.38,41.49,50.0,51.8,Urban_Commercial,11248.0,0.67,4,0,0: Low
Chennai - Velachery Lowland Basin,Coastal Lowland,19.28,7.79,3.78,0.58,0.08,3.9,77.5,29.4,Urban_High_Density,10694.0,0.64,12,0,0: Low
Ramanathapuram - Gundar Basin (Kamuthi),Estuary / Coastal,16.54,2.38,31.04,0.64,-0.06,34.96,45.7,52.0,Commercial,4238.0,0.54,5,0,0: Low
Cuddalore - Manimuktha Basin (Virudhachalam),Riverine Plain,22.64,1.26,23.38,0.38,-0.03,28.25,40.8,59.3,Agricultural_Mixed,1523.0,0.73,6,0,0: Low
Tiruvallur - Kosasthalaiyar Basin,Northern Plain,53.6,7.05,14.95,0.95,0.35,18.79,58.7,42.3,Industrial,3853.0,0.34,7,0,0: Low
Chennai - Adyar Basin (Nandambakkam),Coastal / Low Basin,13.81,1.28,4.86,0.36,0.02,7.44,86.1,10.0,Urban_High_Density,17477.0,0.84,8,0,0: Low
Kancheepuram - Palar Basin,Riverine Valley,298.41,67.04,23.45,6.95,1.09,23.78,24.6,80.1,Urban_Residential,3371.0,0.95,5,3,3: Severe Inundation
Sivaganga - Vaigai/Gundar (Parthibanur),Valley Basin,60.05,9.5,26.78,1.28,0.36,41.99,78.6,20.9,Urban_Commercial,3736.0,0.72,4,0,0: Low
Sivaganga - Vaigai/Gundar (Parthibanur),Valley Basin,81.29,14.06,26.48,0.98,0.27,41.85,50.3,51.1,Urban_Commercial,7300.0,0.39,4,0,0: Low
Kancheepuram - Palar Basin,Riverine Valley,7.15,6.3,16.88,0.38,-0.05,24.34,69.3,28.8,Urban_Residential,14420.0,0.44,5,0,0: Low
Chennai - Madipakkam Lake Buffer,Lake Catchment,61.1,6.29,3.35,0.85,0.23,3.22,71.6,28.8,Urban_Residential,4572.0,0.88,14,0,0: Low
Chennai - Velachery Lowland Basin,Coastal Lowland,28.27,2.93,3.47,0.27,0.04,3.93,34.0,58.5,Urban_High_Density,17736.0,0.51,12,0,0: Low
Sivaganga - Vaigai/Gundar (Parthibanur),Valley Basin,69.47,19.67,26.83,1.33,0.34,42.32,73.8,22.3,Urban_Commercial,9391.0,0.73,4,0,0: Low
Sivaganga - Vaigai/Gundar (Parthibanur),Valley Basin,10.4,4.32,25.63,0.13,-0.03,42.22,72.6,29.0,Urban_Commercial,9000.0,0.77,4,0,0: Low
Chennai - Adyar Basin (Nandambakkam),Coastal / Low Basin,115.8,31.63,6.72,2.22,0.72,7.42,60.6,41.1,Urban_High_Density,13618.0,0.94,8,2,2: High
Sivaganga - Vaigai/Gundar (Parthibanur),Valley Basin,119.27,30.83,28.59,3.09,0.88,42.11,74.4,26.0,Urban_Commercial,16105.0,0.59,4,0,0: Low
Tiruvallur - Kosasthalaiyar Basin,Northern Plain,25.14,4.9,14.04,0.04,0.09,18.44,56.6,47.3,Industrial,1762.0,0.39,7,0,0: Low
Chennai - Madipakkam Lake Buffer,Lake Catchment,6.65,3.33,3.25,0.75,-0.03,3.65,75.0,34.1,Urban_Residential,3278.0,0.99,14,0,0: Low
Chennai - Velachery Lowland Basin,Coastal Lowland,22.17,2.97,3.35,0.15,-0.09,3.77,76.8,22.9,Urban_High_Density,14309.0,0.31,12,0,0: Low
Cuddalore - Manimuktha Basin (Virudhachalam),Riverine Plain,56.23,11.45,25.04,2.04,0.37,28.28,5.0,80.7,Agricultural_Mixed,4340.0,0.5,6,0,0: Low
Chennai - Velachery Lowland Basin,Coastal Lowland,18.24,2.98,3.42,0.22,-0.02,3.56,51.3,34.4,Urban_High_Density,3848.0,0.52,12,0,0: Low
Chennai - Madipakkam Lake Buffer,Lake Catchment,80.03,6.09,4.43,1.93,0.38,3.33,77.4,31.9,Urban_Residential,17929.0,0.81,14,1,1: Moderate
Tiruvallur - Kosasthalaiyar Basin,Northern Plain,17.07,4.73,14.32,0.32,-0.07,19.75,83.4,18.7,Industrial,2984.0,0.99,7,0,0: Low
Chennai - Madipakkam Lake Buffer,Lake Catchment,12.77,3.43,2.85,0.35,0.06,3.02,34.0,63.0,Urban_Residential,10320.0,0.46,14,0,0: Low
Chennai - Adyar Basin (Nandambakkam),Coastal / Low Basin,2.25,5.54,4.91,0.41,-0.01,7.52,50.8,43.8,Urban_High_Density,13629.0,0.71,8,0,0: Low
Cuddalore - Manimuktha Basin (Virudhachalam),Riverine Plain,51.7,18.14,24.14,1.14,0.39,27.93,45.2,56.3,Agricultural_Mixed,1667.0,0.78,6,0,0: Low
Chennai - Velachery Lowland Basin,Coastal Lowland,88.87,19.33,6.29,3.09,0.51,3.77,85.2,10.0,Urban_High_Density,9393.0,0.59,12,1,1: Moderate
Ramanathapuram - Gundar Basin (Kamuthi),Estuary / Coastal,21.08,6.01,30.89,0.49,-0.08,35.01,74.8,27.7,Commercial,3891.0,0.32,5,0,0: Low
Chennai - Velachery Lowland Basin,Coastal Lowland,41.97,7.87,5.33,2.13,0.12,3.63,68.9,31.7,Urban_High_Density,5810.0,0.47,12,1,1: Moderate
Chennai - Adyar Basin (Nandambakkam),Coastal / Low Basin,12.27,3.74,5.28,0.78,0.09,7.28,80.8,19.5,Urban_High_Density,15804.0,0.84,8,0,0: Low
Cuddalore - Manimuktha Basin (Virudhachalam),Riverine Plain,111.98,36.56,25.92,2.92,0.34,27.48,73.6,31.6,Agricultural_Mixed,2341.0,0.51,6,0,0: Low
Tiruvallur - Kosasthalaiyar Basin,Northern Plain,196.03,69.8,20.63,6.63,1.72,19.33,32.2,57.4,Industrial,4067.0,0.71,7,3,3: Severe Inundation
Chennai - Madipakkam Lake Buffer,Lake Catchment,64.74,13.26,3.37,0.87,0.17,2.61,25.6,74.6,Urban_Residential,4566.0,0.62,14,1,1: Moderate
Chennai - Madipakkam Lake Buffer,Lake Catchment,145.6,38.73,4.96,2.46,0.69,3.3,68.8,28.5,Urban_Residential,3762.0,0.75,14,2,2: High
Tiruvallur - Kosasthalaiyar Basin,Northern Plain,46.1,13.64,14.99,0.99,0.31,18.85,23.9,86.3,Industrial,3985.0,0.75,7,0,0: Low
Cuddalore - Manimuktha Basin (Virudhachalam),Riverine Plain,5.15,1.35,23.21,0.21,-0.07,28.33,53.0,49.6,Agricultural_Mixed,3470.0,0.38,6,0,0: Low
Tiruvallur - Kosasthalaiyar Basin,Northern Plain,19.9,3.39,14.8,0.8,-0.05,19.1,81.5,23.2,Industrial,4405.0,0.98,7,0,0: Low
Sivaganga - Vaigai/Gundar (Parthibanur),Valley Basin,20.21,7.88,26.23,0.73,-0.01,42.4,54.5,42.2,Urban_Commercial,9770.0,0.6,4,0,0: Low
Chennai - Velachery Lowland Basin,Coastal Lowland,262.57,54.02,9.54,6.34,0.87,3.78,68.4,26.2,Urban_High_Density,6656.0,0.8,12,3,3: Severe Inundation
Chennai - Adyar Basin (Nandambakkam),Coastal / Low Basin,32.19,14.37,6.52,2.02,0.37,7.39,59.4,37.9,Urban_High_Density,15502.0,0.59,8,0,0: Low
Tiruvallur - Kosasthalaiyar Basin,Northern Plain,103.24,32.87,16.64,2.64,0.36,18.94,29.0,71.5,Industrial,1328.0,0.71,7,1,1: Moderate
Chennai - Adyar Basin (Nandambakkam),Coastal / Low Basin,18.46,6.88,4.51,0.01,-0.09,7.35,37.1,55.2,Urban_High_Density,13896.0,0.32,8,0,0: Low
Sivaganga - Vaigai/Gundar (Parthibanur),Valley Basin,61.94,16.38,27.25,1.75,0.16,41.74,79.4,22.6,Urban_Commercial,5354.0,0.74,4,0,0: Low
Chennai - Madipakkam Lake Buffer,Lake Catchment,137.75,40.53,4.83,2.33,0.75,3.57,72.3,21.7,Urban_Residential,5226.0,0.8,14,2,2: High
Tiruvallur - Kosasthalaiyar Basin,Northern Plain,15.84,7.4,14.17,0.17,-0.07,19.0,36.6,58.6,Industrial,3265.0,0.41,7,0,0: Low
Cuddalore - Manimuktha Basin (Virudhachalam),Riverine Plain,14.54,3.84,23.79,0.79,-0.04,28.16,57.7,41.2,Agricultural_Mixed,1004.0,0.93,6,0,0: Low
Chennai - Madipakkam Lake Buffer,Lake Catchment,79.88,8.36,4.66,2.16,0.24,3.25,40.5,54.9,Urban_Residential,4122.0,0.4,14,1,1: Moderate
Chennai - Madipakkam Lake Buffer,Lake Catchment,5.65,5.5,2.66,0.16,-0.08,3.09,87.2,18.7,Urban_Residential,6625.0,0.74,14,0,0: Low
Cuddalore - Manimuktha Basin (Virudhachalam),Riverine Plain,14.76,7.24,23.46,0.46,0.07,28.33,48.9,47.9,Agricultural_Mixed,4150.0,0.85,6,0,0: Low
Chennai - Velachery Lowland Basin,Coastal Lowland,54.08,10.35,5.07,1.87,0.38,3.39,65.1,37.0,Urban_High_Density,13676.0,0.74,12,1,1: Moderate
Chennai - Velachery Lowland Basin,Coastal Lowland,22.14,1.2,3.5,0.3,0.03,3.88,58.0,50.6,Urban_High_Density,2762.0,0.38,12,0,0: Low
Tiruvallur - Kosasthalaiyar Basin,Northern Plain,159.95,23.71,16.81,2.81,0.7,19.13,35.3,61.7,Industrial,3782.0,0.49,7,1,1: Moderate
Chennai - Madipakkam Lake Buffer,Lake Catchment,4.48,3.4,3.29,0.79,0.03,2.84,62.6,41.5,Urban_Residential,4366.0,0.34,14,0,0: Low
Tiruvallur - Kosasthalaiyar Basin,Northern Plain,76.36,12.24,15.79,1.79,0.32,19.04,55.3,47.5,Industrial,2451.0,1.0,7,0,0: Low
Chennai - Velachery Lowland Basin,Coastal Lowland,117.41,39.5,6.77,3.57,0.83,4.32,74.8,24.0,Urban_High_Density,16040.0,0.31,12,2,2: High
Ramanathapuram - Gundar Basin (Kamuthi),Estuary / Coastal,109.0,31.66,32.97,2.57,0.88,34.8,31.0,69.2,Commercial,2620.0,0.62,5,0,0: Low
Sivaganga - Vaigai/Gundar (Parthibanur),Valley Basin,13.84,6.03,25.85,0.35,0.05,42.2,58.8,37.5,Urban_Commercial,8942.0,0.88,4,0,0: Low
Tiruvallur - Kosasthalaiyar Basin,Northern Plain,54.64,12.83,15.09,1.09,0.29,18.88,95.0,10.0,Industrial,2520.0,0.71,7,0,0: Low
Tiruvallur - Kosasthalaiyar Basin,Northern Plain,27.62,3.35,14.76,0.76,0.01,18.59,75.6,25.7,Industrial,3634.0,0.61,7,0,0: Low
Ramanathapuram - Gundar Basin (Kamuthi),Estuary / Coastal,6.61,3.84,31.14,0.74,0.04,35.17,81.8,10.0,Commercial,1282.0,0.98,5,0,0: Low
Chennai - Velachery Lowland Basin,Coastal Lowland,143.26,36.18,6.81,3.61,0.84,4.02,64.3,43.1,Urban_High_Density,5787.0,0.78,12,2,2: High
Tiruvallur - Kosasthalaiyar Basin,Northern Plain,9.88,3.88,14.19,0.19,-0.1,18.62,92.4,10.3,Industrial,3681.0,0.41,7,0,0: Low
Chennai - Adyar Basin (Nandambakkam),Coastal / Low Basin,46.99,11.16,6.38,1.88,0.34,7.54,54.1,50.7,Urban_High_Density,3855.0,0.94,8,0,0: Low
Chennai - Velachery Lowland Basin,Coastal Lowland,292.09,75.61,8.4,5.2,1.61,3.66,81.3,24.6,Urban_High_Density,17386.0,0.31,12,3,3: Severe Inundation
Chennai - Velachery Lowland Basin,Coastal Lowland,266.55,77.02,7.75,4.55,1.34,3.72,80.0,20.1,Urban_High_Density,12548.0,0.4,12,3,3: Severe Inundation
Sivaganga - Vaigai/Gundar (Parthibanur),Valley Basin,38.65,19.47,27.03,1.53,0.12,41.96,89.8,10.2,Urban_Commercial,14179.0,0.62,4,0,0: Low
Tiruvallur - Kosasthalaiyar Basin,Northern Plain,17.31,4.82,14.07,0.07,-0.02,19.18,61.9,39.5,Industrial,3677.0,0.55,7,0,0: Low
Chennai - Madipakkam Lake Buffer,Lake Catchment,21.98,7.12,2.6,0.1,0.07,2.82,87.0,18.1,Urban_Residential,10345.0,0.37,14,0,0: Low
Kancheepuram - Palar Basin,Riverine Valley,155.21,31.86,20.89,4.39,0.62,24.32,33.5,50.6,Urban_Residential,8755.0,0.88,5,1,1: Moderate
Kancheepuram - Palar Basin,Riverine Valley,43.11,17.12,17.98,1.48,0.2,23.37,59.8,39.5,Urban_Residential,3045.0,0.51,5,0,0: Low
Kancheepuram - Palar Basin,Riverine Valley,17.24,4.86,16.79,0.29,-0.01,23.97,42.7,49.3,Urban_Residential,13494.0,0.44,5,0,0: Low
Sivaganga - Vaigai/Gundar (Parthibanur),Valley Basin,110.4,33.22,28.17,2.67,0.75,41.9,55.3,47.9,Urban_Commercial,5267.0,0.39,4,0,0: Low
Kancheepuram - Palar Basin,Riverine Valley,34.51,8.74,18.62,2.12,0.39,24.2,70.6,24.1,Urban_Residential,6608.0,0.99,5,0,0: Low
Ramanathapuram - Gundar Basin (Kamuthi),Estuary / Coastal,2.11,8.0,31.04,0.64,0.06,35.04,95.0,10.0,Commercial,902.0,0.68,5,0,0: Low
Cuddalore - Manimuktha Basin (Virudhachalam),Riverine Plain,4.87,3.87,23.75,0.75,0.03,27.95,32.9,69.5,Agricultural_Mixed,3038.0,0.64,6,0,0: Low
Chennai - Velachery Lowland Basin,Coastal Lowland,32.77,6.88,4.26,1.06,0.11,3.99,57.3,40.3,Urban_High_Density,8271.0,0.47,12,0,0: Low
Chennai - Madipakkam Lake Buffer,Lake Catchment,15.69,3.85,3.29,0.79,-0.09,3.04,92.8,14.0,Urban_Residential,5564.0,0.42,14,0,0: Low
Cuddalore - Manimuktha Basin (Virudhachalam),Riverine Plain,5.26,7.79,23.02,0.02,0.06,27.49,88.0,16.9,Agricultural_Mixed,4256.0,0.85,6,0,0: Low
Sivaganga - Vaigai/Gundar (Parthibanur),Valley Basin,38.57,9.41,27.48,1.98,0.16,42.06,75.3,27.8,Urban_Commercial,6508.0,0.96,4,0,0: Low
Chennai - Velachery Lowland Basin,Coastal Lowland,15.9,1.86,3.52,0.32,-0.03,3.29,53.3,41.6,Urban_High_Density,13462.0,0.86,12,0,0: Low
Sivaganga - Vaigai/Gundar (Parthibanur),Valley Basin,12.27,1.74,26.0,0.5,-0.08,42.4,92.5,14.3,Urban_Commercial,16357.0,0.91,4,0,0: Low
Sivaganga - Vaigai/Gundar (Parthibanur),Valley Basin,175.18,64.49,32.59,7.09,1.56,41.66,49.0,52.2,Urban_Commercial,7731.0,0.42,4,2,2: High
Ramanathapuram - Gundar Basin (Kamuthi),Estuary / Coastal,64.08,15.29,32.37,1.97,0.16,34.93,80.7,24.2,Commercial,4221.0,0.55,5,0,0: Low
Chennai - Adyar Basin (Nandambakkam),Coastal / Low Basin,17.38,5.14,5.02,0.52,-0.05,7.81,78.2,28.0,Urban_High_Density,5716.0,0.8,8,0,0: Low
Chennai - Adyar Basin (Nandambakkam),Coastal / Low Basin,83.16,12.33,5.5,1.0,0.22,7.56,64.7,32.1,Urban_High_Density,7328.0,0.81,8,0,0: Low
Sivaganga - Vaigai/Gundar (Parthibanur),Valley Basin,118.2,31.1,29.49,3.99,0.53,41.38,89.3,11.3,Urban_Commercial,12896.0,0.67,4,0,0: Low
Kancheepuram - Palar Basin,Riverine Valley,275.77,65.97,23.27,6.77,0.83,23.71,81.4,18.0,Urban_Residential,3317.0,0.63,5,3,3: Severe Inundation
Cuddalore - Manimuktha Basin (Virudhachalam),Riverine Plain,22.08,4.77,23.41,0.41,-0.05,27.79,20.1,78.2,Agricultural_Mixed,3139.0,0.75,6,0,0: Low
Kancheepuram - Palar Basin,Riverine Valley,9.66,7.86,16.98,0.48,0.04,24.37,47.3,42.2,Urban_Residential,12941.0,0.96,5,0,0: Low
Tiruvallur - Kosasthalaiyar Basin,Northern Plain,15.04,2.68,14.38,0.38,-0.01,18.45,61.2,38.9,Industrial,4249.0,0.54,7,0,0: Low
Sivaganga - Vaigai/Gundar (Parthibanur),Valley Basin,31.53,9.45,26.94,1.44,0.29,42.27,40.4,58.8,Urban_Commercial,13248.0,0.83,4,0,0: Low
Tiruvallur - Kosasthalaiyar Basin,Northern Plain,204.46,62.42,19.65,5.65,1.24,19.13,50.9,47.8,Industrial,1883.0,0.92,7,3,3: Severe Inundation
Kancheepuram - Palar Basin,Riverine Valley,167.65,55.85,24.0,7.5,1.2,23.4,44.7,55.4,Urban_Residential,9712.0,0.99,5,3,3: Severe Inundation
Tiruvallur - Kosasthalaiyar Basin,Northern Plain,9.34,4.05,14.13,0.13,0.09,18.77,49.8,50.7,Industrial,3621.0,0.66,7,0,0: Low
Sivaganga - Vaigai/Gundar (Parthibanur),Valley Basin,5.53,4.71,25.72,0.22,-0.1,42.62,73.0,27.4,Urban_Commercial,17951.0,0.89,4,0,0: Low
Ramanathapuram - Gundar Basin (Kamuthi),Estuary / Coastal,47.62,18.69,31.47,1.07,0.28,34.85,68.5,25.9,Commercial,3765.0,0.49,5,0,0: Low
Chennai - Adyar Basin (Nandambakkam),Coastal / Low Basin,28.15,6.36,5.03,0.53,0.06,7.3,53.1,41.8,Urban_High_Density,4467.0,0.67,8,0,0: Low
Cuddalore - Manimuktha Basin (Virudhachalam),Riverine Plain,56.54,14.72,23.81,0.81,0.16,28.19,76.6,20.4,Agricultural_Mixed,2202.0,0.51,6,0,0: Low
Tiruvallur - Kosasthalaiyar Basin,Northern Plain,8.21,6.46,14.16,0.16,-0.08,18.72,67.1,33.6,Industrial,3264.0,0.9,7,0,0: Low
Sivaganga - Vaigai/Gundar (Parthibanur),Valley Basin,23.92,6.92,26.14,0.64,0.0,42.17,56.2,40.5,Urban_Commercial,3533.0,0.43,4,0,0: Low
Ramanathapuram - Gundar Basin (Kamuthi),Estuary / Coastal,126.6,42.34,34.73,4.33,0.31,35.32,72.1,39.3,Commercial,3739.0,0.43,5,0,0: Low
Kancheepuram - Palar Basin,Riverine Valley,202.98,62.27,21.3,4.8,1.36,23.65,54.8,34.9,Urban_Residential,14296.0,0.31,5,2,2: High
Chennai - Adyar Basin (Nandambakkam),Coastal / Low Basin,23.14,7.69,4.69,0.19,-0.04,7.92,36.7,66.0,Urban_High_Density,9014.0,0.57,8,0,0: Low
Sivaganga - Vaigai/Gundar (Parthibanur),Valley Basin,30.32,7.1,27.53,2.03,0.12,42.14,60.8,29.4,Urban_Commercial,13963.0,0.96,4,0,0: Low
Cuddalore - Manimuktha Basin (Virudhachalam),Riverine Plain,55.89,6.69,24.07,1.07,0.34,27.81,85.2,10.5,Agricultural_Mixed,1583.0,0.38,6,0,0: Low
Kancheepuram - Palar Basin,Riverine Valley,253.05,64.01,23.09,6.59,1.17,24.03,35.1,59.5,Urban_Residential,15978.0,0.52,5,3,3: Severe Inundation
Ramanathapuram - Gundar Basin (Kamuthi),Estuary / Coastal,4.85,6.1,30.56,0.16,-0.03,35.24,48.8,65.9,Commercial,1270.0,0.87,5,0,0: Low
Kancheepuram - Palar Basin,Riverine Valley,136.97,33.01,20.31,3.81,0.55,24.12,61.6,44.4,Urban_Residential,3824.0,0.71,5,1,1: Moderate
Chennai - Madipakkam Lake Buffer,Lake Catchment,122.09,42.16,5.32,2.82,0.55,3.11,48.7,46.4,Urban_Residential,8979.0,0.47,14,2,2: High
Kancheepuram - Palar Basin,Riverine Valley,10.98,1.94,16.74,0.24,0.01,23.41,80.3,21.8,Urban_Residential,4856.0,0.82,5,0,0: Low
Tiruvallur - Kosasthalaiyar Basin,Northern Plain,103.48,19.71,16.5,2.5,0.82,18.74,83.6,10.4,Industrial,1807.0,0.91,7,0,0: Low
Kancheepuram - Palar Basin,Riverine Valley,30.89,11.22,17.79,1.29,0.26,24.2,92.1,10.0,Urban_Residential,15037.0,0.55,5,0,0: Low
Ramanathapuram - Gundar Basin (Kamuthi),Estuary / Coastal,113.42,26.17,33.66,3.26,0.79,34.48,68.8,30.1,Commercial,3813.0,0.8,5,0,0: Low
Kancheepuram - Palar Basin,Riverine Valley,116.13,20.41,19.71,3.21,0.44,24.29,78.1,28.1,Urban_Residential,7729.0,0.36,5,0,0: Low
Kancheepuram - Palar Basin,Riverine Valley,28.14,3.41,16.63,0.13,0.01,24.41,43.8,53.6,Urban_Residential,8822.0,0.99,5,0,0: Low
Chennai - Velachery Lowland Basin,Coastal Lowland,17.62,3.13,3.27,0.07,-0.1,4.17,50.0,47.5,Urban_High_Density,14789.0,0.5,12,0,0: Low
Sivaganga - Vaigai/Gundar (Parthibanur),Valley Basin,5.16,7.09,26.01,0.51,-0.07,41.91,84.9,13.7,Urban_Commercial,7397.0,0.65,4,0,0: Low
Chennai - Velachery Lowland Basin,Coastal Lowland,150.61,43.35,7.25,4.05,0.81,4.18,24.5,71.0,Urban_High_Density,17405.0,0.5,12,3,3: Severe Inundation
Kancheepuram - Palar Basin,Riverine Valley,33.14,7.55,17.61,1.11,0.24,23.91,28.6,65.2,Urban_Residential,3307.0,0.84,5,0,0: Low
Sivaganga - Vaigai/Gundar (Parthibanur),Valley Basin,24.28,4.34,25.6,0.1,-0.05,41.95,38.5,58.7,Urban_Commercial,12979.0,0.45,4,0,0: Low
Chennai - Velachery Lowland Basin,Coastal Lowland,16.32,7.43,3.92,0.72,-0.07,3.75,11.1,82.3,Urban_High_Density,3612.0,0.72,12,0,0: Low
Kancheepuram - Palar Basin,Riverine Valley,28.08,7.36,17.13,0.63,-0.1,24.33,92.3,11.4,Urban_Residential,17345.0,0.94,5,0,0: Low
Cuddalore - Manimuktha Basin (Virudhachalam),Riverine Plain,13.0,2.26,23.46,0.46,0.09,27.76,76.2,22.8,Agricultural_Mixed,1345.0,0.43,6,0,0: Low
Chennai - Velachery Lowland Basin,Coastal Lowland,104.92,38.72,5.87,2.67,0.49,4.01,47.6,46.5,Urban_High_Density,9639.0,0.66,12,2,2: High
Sivaganga - Vaigai/Gundar (Parthibanur),Valley Basin,145.5,18.1,28.44,2.94,0.55,41.28,69.2,34.3,Urban_Commercial,9988.0,0.9,4,0,0: Low
Chennai - Velachery Lowland Basin,Coastal Lowland,83.78,8.81,4.3,1.1,0.19,3.68,71.9,37.0,Urban_High_Density,5759.0,0.33,12,1,1: Moderate
Chennai - Madipakkam Lake Buffer,Lake Catchment,13.29,5.54,3.06,0.56,0.03,3.54,69.4,30.4,Urban_Residential,14378.0,0.52,14,0,0: Low
Chennai - Madipakkam Lake Buffer,Lake Catchment,47.05,17.37,4.51,2.01,0.3,3.23,64.9,32.6,Urban_Residential,14167.0,0.31,14,0,0: Low
Cuddalore - Manimuktha Basin (Virudhachalam),Riverine Plain,24.94,3.52,23.43,0.43,0.04,27.61,61.2,39.4,Agricultural_Mixed,1093.0,0.51,6,0,0: Low
Ramanathapuram - Gundar Basin (Kamuthi),Estuary / Coastal,112.16,35.83,33.68,3.28,0.42,34.81,27.4,80.6,Commercial,3608.0,0.88,5,0,0: Low
Ramanathapuram - Gundar Basin (Kamuthi),Estuary / Coastal,148.19,26.19,33.59,3.19,0.58,35.02,66.9,36.3,Commercial,3024.0,0.54,5,0,0: Low
Sivaganga - Vaigai/Gundar (Parthibanur),Valley Basin,7.23,6.82,26.11,0.61,-0.03,42.18,86.7,10.0,Urban_Commercial,6835.0,0.86,4,0,0: Low
Tiruvallur - Kosasthalaiyar Basin,Northern Plain,103.1,20.12,17.02,3.02,0.75,18.58,42.2,57.0,Industrial,4439.0,0.33,7,1,1: Moderate
Ramanathapuram - Gundar Basin (Kamuthi),Estuary / Coastal,6.26,5.67,30.63,0.23,0.02,34.6,17.0,74.6,Commercial,3657.0,0.76,5,0,0: Low
Sivaganga - Vaigai/Gundar (Parthibanur),Valley Basin,28.11,3.68,26.08,0.58,-0.1,41.65,36.8,63.0,Urban_Commercial,4356.0,0.64,4,0,0: Low
Cuddalore - Manimuktha Basin (Virudhachalam),Riverine Plain,103.52,42.29,27.29,4.29,0.87,28.61,56.3,38.7,Agricultural_Mixed,1204.0,0.65,6,1,1: Moderate
Tiruvallur - Kosasthalaiyar Basin,Northern Plain,64.27,7.04,15.51,1.51,0.15,18.66,51.9,54.0,Industrial,2488.0,0.6,7,0,0: Low
Tiruvallur - Kosasthalaiyar Basin,Northern Plain,31.01,15.16,15.67,1.67,0.19,19.07,58.6,32.6,Industrial,1523.0,0.33,7,0,0: Low
Chennai - Madipakkam Lake Buffer,Lake Catchment,2.79,2.71,3.21,0.71,-0.02,3.41,61.8,42.7,Urban_Residential,3520.0,0.86,14,0,0: Low
Kancheepuram - Palar Basin,Riverine Valley,61.45,18.7,17.47,0.97,0.26,23.93,40.8,57.6,Urban_Residential,6881.0,0.96,5,0,0: Low
Tiruvallur - Kosasthalaiyar Basin,Northern Plain,15.62,6.17,14.69,0.69,0.03,18.86,76.4,19.9,Industrial,3408.0,0.95,7,0,0: Low
Chennai - Adyar Basin (Nandambakkam),Coastal / Low Basin,101.43,29.96,8.12,3.62,0.76,7.4,16.8,90.0,Urban_High_Density,13813.0,0.71,8,2,2: High
Sivaganga - Vaigai/Gundar (Parthibanur),Valley Basin,69.11,6.73,27.5,2.0,0.24,41.63,73.7,33.2,Urban_Commercial,9879.0,0.37,4,0,0: Low
Tiruvallur - Kosasthalaiyar Basin,Northern Plain,283.27,49.47,20.26,6.26,1.03,19.42,45.2,61.5,Industrial,2784.0,0.72,7,3,3: Severe Inundation
Tiruvallur - Kosasthalaiyar Basin,Northern Plain,24.76,4.79,14.1,0.1,0.05,17.94,72.2,25.0,Industrial,3699.0,0.57,7,0,0: Low
Chennai - Adyar Basin (Nandambakkam),Coastal / Low Basin,39.39,9.74,6.01,1.51,0.14,7.85,22.5,73.8,Urban_High_Density,15820.0,0.98,8,0,0: Low
Tiruvallur - Kosasthalaiyar Basin,Northern Plain,32.53,13.61,15.27,1.27,0.24,18.99,49.8,50.6,Industrial,784.0,0.5,7,0,0: Low
Kancheepuram - Palar Basin,Riverine Valley,77.45,8.28,18.44,1.94,0.36,23.93,52.9,37.6,Urban_Residential,13666.0,0.33,5,0,0: Low
Chennai - Adyar Basin (Nandambakkam),Coastal / Low Basin,20.76,1.0,5.14,0.64,-0.08,7.39,50.3,50.4,Urban_High_Density,2863.0,0.75,8,0,0: Low
Chennai - Madipakkam Lake Buffer,Lake Catchment,78.13,10.22,3.43,0.93,0.33,3.59,31.6,63.5,Urban_Residential,10946.0,0.65,14,1,1: Moderate
Chennai - Velachery Lowland Basin,Coastal Lowland,139.18,20.11,5.64,2.44,0.6,3.78,40.0,59.0,Urban_High_Density,16260.0,0.49,12,2,2: High
Tiruvallur - Kosasthalaiyar Basin,Northern Plain,27.58,6.83,14.24,0.24,0.06,18.43,56.9,41.5,Industrial,1559.0,0.96,7,0,0: Low
Tiruvallur - Kosasthalaiyar Basin,Northern Plain,90.1,23.23,16.69,2.69,0.74,19.85,33.6,66.5,Industrial,1513.0,0.55,7,1,1: Moderate
Sivaganga - Vaigai/Gundar (Parthibanur),Valley Basin,9.52,5.58,25.93,0.43,0.09,42.48,47.9,52.6,Urban_Commercial,13453.0,0.63,4,0,0: Low
Kancheepuram - Palar Basin,Riverine Valley,15.9,4.81,16.63,0.13,0.05,24.13,58.4,47.5,Urban_Residential,8285.0,0.64,5,0,0: Low
Sivaganga - Vaigai/Gundar (Parthibanur),Valley Basin,61.85,8.65,27.56,2.06,0.3,41.77,17.8,85.7,Urban_Commercial,9180.0,0.36,4,0,0: Low
Chennai - Velachery Lowland Basin,Coastal Lowland,4.65,7.83,3.43,0.23,-0.02,3.98,62.8,36.0,Urban_High_Density,16373.0,0.41,12,0,0: Low
Tiruvallur - Kosasthalaiyar Basin,Northern Plain,43.74,6.92,15.77,1.77,0.27,18.48,79.8,14.2,Industrial,1591.0,0.61,7,0,0: Low
Kancheepuram - Palar Basin,Riverine Valley,46.76,8.55,17.42,0.92,0.31,24.39,23.4,65.4,Urban_Residential,7299.0,0.37,5,0,0: Low
Chennai - Adyar Basin (Nandambakkam),Coastal / Low Basin,66.62,10.01,5.94,1.44,0.16,7.45,45.0,53.1,Urban_High_Density,4580.0,0.35,8,0,0: Low
Tiruvallur - Kosasthalaiyar Basin,Northern Plain,126.81,24.91,17.7,3.7,0.37,19.37,82.6,10.0,Industrial,1603.0,0.46,7,1,1: Moderate
Chennai - Madipakkam Lake Buffer,Lake Catchment,50.2,18.79,3.82,1.32,0.21,3.53,46.0,59.4,Urban_Residential,15997.0,0.33,14,1,1: Moderate
Tiruvallur - Kosasthalaiyar Basin,Northern Plain,66.71,6.18,16.02,2.02,0.23,19.09,81.7,26.7,Industrial,4350.0,0.59,7,0,0: Low
Ramanathapuram - Gundar Basin (Kamuthi),Estuary / Coastal,74.41,7.53,31.76,1.36,0.2,35.33,61.0,33.5,Commercial,1088.0,0.88,5,0,0: Low
Kancheepuram - Palar Basin,Riverine Valley,226.4,54.71,23.12,6.62,1.73,23.68,48.2,52.3,Urban_Residential,13794.0,0.69,5,3,3: Severe Inundation
Ramanathapuram - Gundar Basin (Kamuthi),Estuary / Coastal,19.16,5.1,30.84,0.44,0.03,34.9,57.6,34.7,Commercial,3677.0,0.79,5,0,0: Low
Chennai - Adyar Basin (Nandambakkam),Coastal / Low Basin,7.37,1.43,4.97,0.47,0.1,6.98,81.8,17.6,Urban_High_Density,9705.0,0.76,8,0,0: Low
Tiruvallur - Kosasthalaiyar Basin,Northern Plain,54.73,8.64,15.51,1.51,0.26,19.18,49.8,47.3,Industrial,4187.0,0.93,7,0,0: Low
Chennai - Adyar Basin (Nandambakkam),Coastal / Low Basin,38.15,16.45,5.31,0.81,0.15,7.39,39.1,55.9,Urban_High_Density,4362.0,0.3,8,0,0: Low
Cuddalore - Manimuktha Basin (Virudhachalam),Riverine Plain,67.13,11.84,24.82,1.82,0.26,28.15,34.7,67.9,Agricultural_Mixed,1849.0,0.93,6,0,0: Low
Tiruvallur - Kosasthalaiyar Basin,Northern Plain,48.5,8.96,15.24,1.24,0.15,19.17,81.0,24.7,Industrial,2308.0,0.98,7,0,0: Low
Ramanathapuram - Gundar Basin (Kamuthi),Estuary / Coastal,127.44,22.25,34.19,3.79,0.61,35.24,61.7,40.3,Commercial,1870.0,0.72,5,0,0: Low
Kancheepuram - Palar Basin,Riverine Valley,33.1,6.33,17.93,1.43,0.2,23.91,79.2,13.7,Urban_Residential,11673.0,0.52,5,0,0: Low
Ramanathapuram - Gundar Basin (Kamuthi),Estuary / Coastal,6.13,1.51,31.05,0.65,0.05,35.25,69.6,28.6,Commercial,3634.0,0.74,5,0,0: Low
Chennai - Adyar Basin (Nandambakkam),Coastal / Low Basin,20.0,5.85,5.2,0.7,-0.03,7.5,86.7,26.5,Urban_High_Density,17453.0,0.82,8,0,0: Low
Chennai - Velachery Lowland Basin,Coastal Lowland,3.5,7.56,3.62,0.42,0.02,3.53,54.0,51.5,Urban_High_Density,3622.0,0.89,12,0,0: Low
Tiruvallur - Kosasthalaiyar Basin,Northern Plain,81.48,15.49,15.38,1.38,0.31,19.16,64.2,42.5,Industrial,2761.0,0.32,7,0,0: Low
Chennai - Madipakkam Lake Buffer,Lake Catchment,87.51,27.9,5.25,2.75,0.57,3.67,55.3,43.9,Urban_Residential,10907.0,0.95,14,2,2: High
Sivaganga - Vaigai/Gundar (Parthibanur),Valley Basin,37.76,6.01,27.43,1.93,0.13,42.21,49.0,52.1,Urban_Commercial,13907.0,0.41,4,0,0: Low
Kancheepuram - Palar Basin,Riverine Valley,39.42,16.38,17.72,1.22,0.3,23.44,42.6,61.5,Urban_Residential,16167.0,0.48,5,0,0: Low
Chennai - Madipakkam Lake Buffer,Lake Catchment,99.73,34.57,4.9,2.4,0.53,3.49,21.0,71.7,Urban_Residential,10310.0,0.8,14,2,2: High
Chennai - Madipakkam Lake Buffer,Lake Catchment,11.36,1.18,2.77,0.27,0.06,3.45,72.4,27.5,Urban_Residential,16825.0,0.54,14,0,0: Low
Tiruvallur - Kosasthalaiyar Basin,Northern Plain,18.28,4.84,14.18,0.18,-0.01,19.39,29.9,65.7,Industrial,4447.0,0.39,7,0,0: Low
Chennai - Velachery Lowland Basin,Coastal Lowland,22.14,6.98,3.41,0.21,-0.1,3.7,50.0,50.7,Urban_High_Density,8408.0,0.55,12,0,0: Low
Tiruvallur - Kosasthalaiyar Basin,Northern Plain,70.02,12.32,16.0,2.0,0.38,19.21,83.4,10.0,Industrial,1217.0,0.91,7,0,0: Low
Chennai - Velachery Lowland Basin,Coastal Lowland,51.07,18.17,4.8,1.6,0.23,3.52,50.4,49.5,Urban_High_Density,2711.0,0.38,12,1,1: Moderate
Cuddalore - Manimuktha Basin (Virudhachalam),Riverine Plain,21.54,6.53,23.24,0.24,-0.0,27.46,84.7,13.5,Agricultural_Mixed,636.0,0.44,6,0,0: Low
Kancheepuram - Palar Basin,Riverine Valley,190.99,55.56,22.25,5.75,0.81,24.31,49.1,48.9,Urban_Residential,9587.0,0.34,5,2,2: High
Chennai - Adyar Basin (Nandambakkam),Coastal / Low Basin,78.83,7.47,6.45,1.95,0.16,7.02,72.6,21.4,Urban_High_Density,10105.0,0.61,8,0,0: Low
Chennai - Adyar Basin (Nandambakkam),Coastal / Low Basin,44.17,18.39,6.11,1.61,0.17,7.74,38.6,62.9,Urban_High_Density,10129.0,0.58,8,0,0: Low
Chennai - Madipakkam Lake Buffer,Lake Catchment,115.97,32.51,4.81,2.31,0.3,3.44,74.8,20.5,Urban_Residential,5266.0,0.8,14,2,2: High
Sivaganga - Vaigai/Gundar (Parthibanur),Valley Basin,142.94,22.56,29.59,4.09,0.76,41.87,95.0,10.0,Urban_Commercial,9868.0,0.55,4,0,0: Low
Cuddalore - Manimuktha Basin (Virudhachalam),Riverine Plain,19.95,7.31,23.13,0.13,-0.02,28.1,79.4,22.2,Agricultural_Mixed,2952.0,0.34,6,0,0: Low
Chennai - Adyar Basin (Nandambakkam),Coastal / Low Basin,96.27,19.04,8.72,4.22,0.49,7.61,49.4,55.1,Urban_High_Density,12374.0,0.99,8,2,2: High
Chennai - Adyar Basin (Nandambakkam),Coastal / Low Basin,27.36,4.61,4.62,0.12,0.08,7.74,33.6,63.3,Urban_High_Density,9299.0,0.45,8,0,0: Low
Sivaganga - Vaigai/Gundar (Parthibanur),Valley Basin,73.57,17.74,27.22,1.72,0.17,42.2,61.2,37.7,Urban_Commercial,4119.0,0.94,4,0,0: Low
Sivaganga - Vaigai/Gundar (Parthibanur),Valley Basin,136.55,20.59,29.82,4.32,0.64,42.39,73.6,26.5,Urban_Commercial,12369.0,0.61,4,0,0: Low
Chennai - Adyar Basin (Nandambakkam),Coastal / Low Basin,120.49,34.68,7.75,3.25,0.84,7.17,38.5,59.0,Urban_High_Density,6028.0,0.88,8,2,2: High
Ramanathapuram - Gundar Basin (Kamuthi),Estuary / Coastal,74.34,10.95,32.1,1.7,0.17,35.05,71.9,25.8,Commercial,4421.0,0.98,5,0,0: Low
Sivaganga - Vaigai/Gundar (Parthibanur),Valley Basin,21.81,1.22,26.2,0.7,-0.07,42.54,59.6,38.2,Urban_Commercial,6135.0,0.54,4,0,0: Low
Ramanathapuram - Gundar Basin (Kamuthi),Estuary / Coastal,60.35,14.84,31.56,1.16,0.38,35.0,78.5,13.7,Commercial,3458.0,0.59,5,0,0: Low
Kancheepuram - Palar Basin,Riverine Valley,19.07,5.1,16.8,0.3,-0.0,24.15,76.9,28.7,Urban_Residential,13810.0,0.97,5,0,0: Low
Cuddalore - Manimuktha Basin (Virudhachalam),Riverine Plain,26.76,7.04,23.35,0.35,0.02,28.01,69.8,23.1,Agricultural_Mixed,2117.0,0.99,6,0,0: Low
Sivaganga - Vaigai/Gundar (Parthibanur),Valley Basin,70.83,16.79,27.0,1.5,0.19,42.13,84.0,16.5,Urban_Commercial,12248.0,0.5,4,0,0: Low
Kancheepuram - Palar Basin,Riverine Valley,20.34,2.98,16.5,0.0,-0.07,24.22,75.1,26.4,Urban_Residential,8642.0,0.34,5,0,0: Low
Chennai - Velachery Lowland Basin,Coastal Lowland,5.37,5.92,3.72,0.52,-0.03,3.96,55.7,50.8,Urban_High_Density,17117.0,0.37,12,0,0: Low
Chennai - Madipakkam Lake Buffer,Lake Catchment,98.59,37.22,5.59,3.09,0.54,3.14,50.8,42.5,Urban_Residential,9261.0,0.78,14,2,2: High
Ramanathapuram - Gundar Basin (Kamuthi),Estuary / Coastal,121.48,26.06,34.07,3.67,0.47,34.85,29.6,66.6,Commercial,4251.0,0.47,5,0,0: Low
Cuddalore - Manimuktha Basin (Virudhachalam),Riverine Plain,50.06,18.23,24.35,1.35,0.2,27.84,74.1,30.9,Agricultural_Mixed,1346.0,0.35,6,0,0: Low
Ramanathapuram - Gundar Basin (Kamuthi),Estuary / Coastal,20.59,2.79,30.5,0.1,-0.09,34.96,71.3,28.9,Commercial,2576.0,0.57,5,0,0: Low
Chennai - Velachery Lowland Basin,Coastal Lowland,47.24,10.13,5.03,1.83,0.36,3.71,32.4,66.0,Urban_High_Density,5646.0,0.67,12,1,1: Moderate
Cuddalore - Manimuktha Basin (Virudhachalam),Riverine Plain,35.33,13.67,24.78,1.78,0.34,27.93,83.1,16.5,Agricultural_Mixed,3211.0,0.53,6,0,0: Low
Chennai - Adyar Basin (Nandambakkam),Coastal / Low Basin,18.54,7.39,5.14,0.64,0.08,7.12,53.0,49.4,Urban_High_Density,14255.0,0.43,8,0,0: Low
Chennai - Velachery Lowland Basin,Coastal Lowland,48.84,7.51,4.1,0.9,0.28,3.33,35.3,63.0,Urban_High_Density,17628.0,0.53,12,1,1: Moderate
Tiruvallur - Kosasthalaiyar Basin,Northern Plain,109.7,33.87,18.15,4.15,0.56,19.15,71.2,31.1,Industrial,711.0,0.75,7,1,1: Moderate
Tiruvallur - Kosasthalaiyar Basin,Northern Plain,21.84,2.5,14.03,0.03,-0.06,19.17,46.1,45.1,Industrial,2960.0,0.32,7,0,0: Low
Sivaganga - Vaigai/Gundar (Parthibanur),Valley Basin,10.36,7.07,26.1,0.6,0.07,41.67,50.5,42.4,Urban_Commercial,4452.0,0.88,4,0,0: Low
Cuddalore - Manimuktha Basin (Virudhachalam),Riverine Plain,74.17,12.05,24.9,1.9,0.24,27.93,72.0,29.1,Agricultural_Mixed,2424.0,0.43,6,0,0: Low
Sivaganga - Vaigai/Gundar (Parthibanur),Valley Basin,280.48,76.5,30.11,4.61,1.27,42.31,61.4,44.4,Urban_Commercial,6870.0,0.52,4,2,2: High
Cuddalore - Manimuktha Basin (Virudhachalam),Riverine Plain,24.76,1.93,23.19,0.19,-0.01,28.01,33.3,62.3,Agricultural_Mixed,2304.0,0.41,6,0,0: Low
Chennai - Velachery Lowland Basin,Coastal Lowland,22.82,5.07,3.51,0.31,-0.07,3.92,72.7,27.6,Urban_High_Density,6498.0,0.9,12,0,0: Low
Cuddalore - Manimuktha Basin (Virudhachalam),Riverine Plain,18.66,1.63,23.48,0.48,-0.08,28.0,66.6,37.2,Agricultural_Mixed,2700.0,0.71,6,0,0: Low
Chennai - Adyar Basin (Nandambakkam),Coastal / Low Basin,41.51,6.05,5.64,1.14,0.25,7.23,37.3,64.6,Urban_High_Density,4823.0,0.83,8,0,0: Low
Chennai - Madipakkam Lake Buffer,Lake Catchment,43.95,9.19,3.32,0.82,0.14,2.99,54.2,43.8,Urban_Residential,3493.0,0.71,14,0,0: Low
Tiruvallur - Kosasthalaiyar Basin,Northern Plain,19.94,3.9,14.22,0.22,-0.06,18.52,95.0,10.0,Industrial,3664.0,0.38,7,0,0: Low
Chennai - Madipakkam Lake Buffer,Lake Catchment,36.33,15.73,3.92,1.42,0.38,3.31,79.1,22.4,Urban_Residential,6691.0,0.93,14,0,0: Low
Cuddalore - Manimuktha Basin (Virudhachalam),Riverine Plain,46.22,6.21,24.11,1.11,0.18,27.52,83.1,18.1,Agricultural_Mixed,4329.0,0.76,6,0,0: Low
Chennai - Madipakkam Lake Buffer,Lake Catchment,8.94,7.49,3.25,0.75,0.04,3.12,45.0,52.3,Urban_Residential,9764.0,0.39,14,0,0: Low
Chennai - Adyar Basin (Nandambakkam),Coastal / Low Basin,13.89,3.17,4.72,0.22,0.09,7.56,40.4,58.4,Urban_High_Density,12601.0,0.43,8,0,0: Low
Tiruvallur - Kosasthalaiyar Basin,Northern Plain,136.6,26.62,16.78,2.78,0.87,18.98,6.0,87.0,Industrial,2696.0,0.6,7,1,1: Moderate
Kancheepuram - Palar Basin,Riverine Valley,136.0,35.15,20.79,4.29,0.31,23.88,47.7,57.6,Urban_Residential,12950.0,0.71,5,1,1: Moderate
Cuddalore - Manimuktha Basin (Virudhachalam),Riverine Plain,134.44,28.75,26.38,3.38,0.78,27.59,87.5,21.5,Agricultural_Mixed,862.0,0.78,6,0,0: Low
Tiruvallur - Kosasthalaiyar Basin,Northern Plain,97.79,42.23,17.71,3.71,0.83,19.15,50.7,47.3,Industrial,1719.0,0.57,7,1,1: Moderate
Chennai - Madipakkam Lake Buffer,Lake Catchment,20.97,2.21,2.78,0.28,-0.09,3.07,24.3,66.0,Urban_Residential,14323.0,0.91,14,0,0: Low
Kancheepuram - Palar Basin,Riverine Valley,66.89,17.86,17.31,0.81,0.22,24.07,19.8,82.3,Urban_Residential,8985.0,0.76,5,0,0: Low
Ramanathapuram - Gundar Basin (Kamuthi),Estuary / Coastal,14.64,3.86,30.95,0.55,-0.05,35.13,57.3,48.7,Commercial,2958.0,0.31,5,0,0: Low
Tiruvallur - Kosasthalaiyar Basin,Northern Plain,26.15,2.98,14.55,0.55,0.03,18.51,78.9,28.1,Industrial,3826.0,0.72,7,0,0: Low
Ramanathapuram - Gundar Basin (Kamuthi),Estuary / Coastal,17.01,4.14,30.75,0.35,-0.08,34.84,86.4,15.8,Commercial,2351.0,0.56,5,0,0: Low
Chennai - Velachery Lowland Basin,Coastal Lowland,41.19,8.18,5.23,2.03,0.23,3.66,91.8,17.3,Urban_High_Density,6409.0,0.42,12,0,0: Low
Kancheepuram - Palar Basin,Riverine Valley,3.68,3.28,16.61,0.11,0.04,23.66,85.1,16.9,Urban_Residential,11575.0,0.54,5,0,0: Low
Kancheepuram - Palar Basin,Riverine Valley,4.43,2.56,16.65,0.15,-0.01,23.63,66.1,46.5,Urban_Residential,15340.0,0.95,5,0,0: Low
Tiruvallur - Kosasthalaiyar Basin,Northern Plain,8.64,2.84,14.4,0.4,0.05,18.77,56.0,48.5,Industrial,4068.0,0.6,7,0,0: Low
Chennai - Velachery Lowland Basin,Coastal Lowland,78.58,12.94,4.44,1.24,0.33,4.16,42.4,50.9,Urban_High_Density,6904.0,0.55,12,1,1: Moderate
Chennai - Madipakkam Lake Buffer,Lake Catchment,22.81,2.76,2.86,0.36,-0.02,3.19,56.3,39.7,Urban_Residential,9194.0,0.59,14,0,0: Low
Sivaganga - Vaigai/Gundar (Parthibanur),Valley Basin,38.23,7.45,26.47,0.97,0.13,41.8,83.3,13.1,Urban_Commercial,10124.0,0.45,4,0,0: Low
Cuddalore - Manimuktha Basin (Virudhachalam),Riverine Plain,20.8,4.66,23.72,0.72,-0.07,28.17,29.8,68.4,Agricultural_Mixed,2769.0,0.48,6,0,0: Low
Chennai - Velachery Lowland Basin,Coastal Lowland,29.26,2.61,3.82,0.62,-0.03,3.76,32.4,76.4,Urban_High_Density,12857.0,0.36,12,0,0: Low
Kancheepuram - Palar Basin,Riverine Valley,89.33,21.8,20.35,3.85,0.56,23.69,60.3,34.3,Urban_Residential,9952.0,0.48,5,0,0: Low
Sivaganga - Vaigai/Gundar (Parthibanur),Valley Basin,88.04,21.32,28.17,2.67,0.54,42.35,70.6,20.4,Urban_Commercial,7805.0,0.7,4,0,0: Low
Kancheepuram - Palar Basin,Riverine Valley,29.8,1.89,16.56,0.06,0.08,24.3,62.8,33.9,Urban_Residential,13666.0,0.59,5,0,0: Low
Tiruvallur - Kosasthalaiyar Basin,Northern Plain,16.09,5.09,14.74,0.74,-0.09,19.01,47.2,53.8,Industrial,775.0,0.61,7,0,0: Low
Chennai - Madipakkam Lake Buffer,Lake Catchment,235.25,41.3,9.41,6.91,1.28,3.11,91.3,14.5,Urban_Residential,15846.0,0.87,14,3,3: Severe Inundation
Chennai - Adyar Basin (Nandambakkam),Coastal / Low Basin,65.7,10.9,6.58,2.08,0.14,8.01,49.2,43.8,Urban_High_Density,7455.0,0.32,8,1,1: Moderate
Kancheepuram - Palar Basin,Riverine Valley,136.73,37.57,20.31,3.81,0.49,23.91,72.7,29.3,Urban_Residential,7492.0,0.4,5,1,1: Moderate
Chennai - Madipakkam Lake Buffer,Lake Catchment,218.41,81.07,9.73,7.23,1.56,3.24,55.5,46.0,Urban_Residential,14543.0,0.81,14,3,3: Severe Inundation
Ramanathapuram - Gundar Basin (Kamuthi),Estuary / Coastal,101.17,20.26,33.71,3.31,0.61,34.94,32.6,67.5,Commercial,1214.0,0.88,5,0,0: Low
Kancheepuram - Palar Basin,Riverine Valley,5.46,7.86,16.81,0.31,-0.05,24.49,28.4,63.8,Urban_Residential,8546.0,0.62,5,0,0: Low
Sivaganga - Vaigai/Gundar (Parthibanur),Valley Basin,154.69,26.19,29.69,4.19,0.77,41.51,51.4,48.1,Urban_Commercial,12496.0,0.53,4,0,0: Low
Chennai - Madipakkam Lake Buffer,Lake Catchment,104.84,32.03,5.74,3.24,0.31,3.52,37.5,58.9,Urban_Residential,11745.0,0.38,14,2,2: High
Chennai - Velachery Lowland Basin,Coastal Lowland,4.23,4.01,3.64,0.44,-0.03,4.06,56.2,50.1,Urban_High_Density,2677.0,0.69,12,0,0: Low
Chennai - Madipakkam Lake Buffer,Lake Catchment,290.88,66.45,7.88,5.38,1.0,3.64,27.9,72.4,Urban_Residential,9259.0,0.81,14,3,3: Severe Inundation
Chennai - Velachery Lowland Basin,Coastal Lowland,48.73,10.22,4.81,1.61,0.25,3.3,46.5,52.8,Urban_High_Density,3103.0,0.87,12,1,1: Moderate
Chennai - Velachery Lowland Basin,Coastal Lowland,121.37,26.25,6.59,3.39,0.53,4.06,69.5,25.8,Urban_High_Density,9541.0,0.88,12,2,2: High
Chennai - Adyar Basin (Nandambakkam),Coastal / Low Basin,140.18,23.72,7.03,2.53,0.49,7.6,69.9,30.2,Urban_High_Density,10980.0,0.87,8,2,2: High
Sivaganga - Vaigai/Gundar (Parthibanur),Valley Basin,10.82,5.03,26.26,0.76,0.07,41.79,74.0,32.7,Urban_Commercial,6428.0,0.63,4,0,0: Low
Cuddalore - Manimuktha Basin (Virudhachalam),Riverine Plain,26.82,6.26,23.34,0.34,0.0,28.0,24.0,71.6,Agricultural_Mixed,2432.0,0.54,6,0,0: Low
Sivaganga - Vaigai/Gundar (Parthibanur),Valley Basin,23.14,3.31,25.61,0.11,-0.02,41.64,54.6,44.8,Urban_Commercial,6979.0,0.91,4,0,0: Low
Tiruvallur - Kosasthalaiyar Basin,Northern Plain,109.32,37.34,16.51,2.51,0.47,18.43,50.4,49.8,Industrial,2398.0,0.68,7,1,1: Moderate
Kancheepuram - Palar Basin,Riverine Valley,15.32,5.22,17.29,0.79,0.09,24.63,74.2,25.3,Urban_Residential,13502.0,0.72,5,0,0: Low
Sivaganga - Vaigai/Gundar (Parthibanur),Valley Basin,23.74,4.87,26.03,0.53,-0.04,42.5,23.2,76.9,Urban_Commercial,8871.0,0.81,4,0,0: Low
Kancheepuram - Palar Basin,Riverine Valley,13.4,3.86,16.94,0.44,0.01,23.66,60.6,39.1,Urban_Residential,12722.0,0.72,5,0,0: Low
Kancheepuram - Palar Basin,Riverine Valley,72.3,11.16,18.64,2.14,0.35,23.94,73.3,30.1,Urban_Residential,3680.0,0.32,5,0,0: Low
Kancheepuram - Palar Basin,Riverine Valley,7.6,2.62,17.14,0.64,0.01,24.0,63.8,32.5,Urban_Residential,13791.0,0.8,5,0,0: Low
Chennai - Adyar Basin (Nandambakkam),Coastal / Low Basin,22.69,7.72,5.04,0.54,0.01,7.62,81.2,28.7,Urban_High_Density,11537.0,0.85,8,0,0: Low
Cuddalore - Manimuktha Basin (Virudhachalam),Riverine Plain,310.72,42.89,28.91,5.91,0.82,28.13,48.8,55.7,Agricultural_Mixed,3474.0,0.57,6,3,3: Severe Inundation
Chennai - Velachery Lowland Basin,Coastal Lowland,36.74,18.99,4.64,1.44,0.32,3.78,81.6,18.2,Urban_High_Density,13329.0,0.79,12,0,0: Low
Sivaganga - Vaigai/Gundar (Parthibanur),Valley Basin,238.27,60.26,30.7,5.2,1.11,42.57,49.1,47.3,Urban_Commercial,5120.0,0.47,4,2,2: High
Tiruvallur - Kosasthalaiyar Basin,Northern Plain,94.73,30.25,17.37,3.37,0.71,19.34,30.3,64.9,Industrial,1808.0,0.5,7,1,1: Moderate
Sivaganga - Vaigai/Gundar (Parthibanur),Valley Basin,22.15,3.35,25.73,0.23,0.01,42.08,50.9,51.5,Urban_Commercial,15215.0,0.73,4,0,0: Low
Chennai - Velachery Lowland Basin,Coastal Lowland,42.18,13.17,4.77,1.57,0.26,3.99,64.8,36.7,Urban_High_Density,6609.0,0.37,12,1,1: Moderate
Chennai - Madipakkam Lake Buffer,Lake Catchment,71.14,7.95,3.65,1.15,0.32,3.19,49.1,46.4,Urban_Residential,4049.0,0.69,14,1,1: Moderate
Kancheepuram - Palar Basin,Riverine Valley,112.74,35.51,20.37,3.87,0.43,24.08,37.4,65.9,Urban_Residential,13283.0,0.87,5,1,1: Moderate
Chennai - Madipakkam Lake Buffer,Lake Catchment,113.99,23.7,6.16,3.66,0.89,3.66,35.7,66.6,Urban_Residential,17976.0,0.34,14,2,2: High
Tiruvallur - Kosasthalaiyar Basin,Northern Plain,149.79,35.58,18.17,4.17,0.37,19.25,64.9,36.6,Industrial,2628.0,0.78,7,1,1: Moderate
Chennai - Madipakkam Lake Buffer,Lake Catchment,9.98,4.54,2.93,0.43,0.06,3.56,71.1,28.4,Urban_Residential,8846.0,0.79,14,0,0: Low
Chennai - Madipakkam Lake Buffer,Lake Catchment,107.35,18.32,5.39,2.89,0.65,3.39,74.7,29.2,Urban_Residential,2626.0,0.56,14,1,1: Moderate
Kancheepuram - Palar Basin,Riverine Valley,14.9,4.42,16.52,0.02,0.04,24.15,83.1,11.0,Urban_Residential,5582.0,0.67,5,0,0: Low
Chennai - Velachery Lowland Basin,Coastal Lowland,71.47,7.55,4.65,1.45,0.12,3.81,90.5,10.0,Urban_High_Density,8726.0,0.71,12,0,0: Low
Chennai - Velachery Lowland Basin,Coastal Lowland,284.35,52.84,10.65,7.45,1.23,3.92,41.4,63.8,Urban_High_Density,13746.0,0.51,12,3,3: Severe Inundation
Chennai - Velachery Lowland Basin,Coastal Lowland,8.65,3.66,3.58,0.38,-0.09,3.96,66.5,31.9,Urban_High_Density,6472.0,0.9,12,0,0: Low
Sivaganga - Vaigai/Gundar (Parthibanur),Valley Basin,26.4,5.64,25.77,0.27,0.04,42.41,22.0,79.0,Urban_Commercial,16202.0,0.78,4,0,0: Low
Cuddalore - Manimuktha Basin (Virudhachalam),Riverine Plain,5.14,3.04,23.49,0.49,0.06,28.19,66.4,32.3,Agricultural_Mixed,769.0,0.65,6,0,0: Low
Sivaganga - Vaigai/Gundar (Parthibanur),Valley Basin,7.02,5.53,25.87,0.37,-0.0,42.17,81.5,19.1,Urban_Commercial,8359.0,0.95,4,0,0: Low
Chennai - Madipakkam Lake Buffer,Lake Catchment,45.85,8.24,4.06,1.56,0.26,3.18,59.1,49.8,Urban_Residential,8630.0,0.67,14,0,0: Low
Cuddalore - Manimuktha Basin (Virudhachalam),Riverine Plain,19.09,7.57,23.54,0.54,-0.09,28.29,73.2,24.7,Agricultural_Mixed,3074.0,0.61,6,0,0: Low
Ramanathapuram - Gundar Basin (Kamuthi),Estuary / Coastal,11.74,4.28,30.67,0.27,-0.08,35.11,54.1,49.8,Commercial,3824.0,0.75,5,0,0: Low
Sivaganga - Vaigai/Gundar (Parthibanur),Valley Basin,16.13,5.88,25.97,0.47,0.07,42.06,37.7,56.5,Urban_Commercial,10191.0,0.92,4,0,0: Low
Sivaganga - Vaigai/Gundar (Parthibanur),Valley Basin,3.72,1.36,25.8,0.3,-0.03,42.36,59.0,42.8,Urban_Commercial,4576.0,0.4,4,0,0: Low
Kancheepuram - Palar Basin,Riverine Valley,288.67,48.13,22.42,5.92,1.16,24.02,36.0,71.4,Urban_Residential,10215.0,0.56,5,3,3: Severe Inundation
Chennai - Velachery Lowland Basin,Coastal Lowland,2.54,6.41,3.34,0.14,-0.09,3.58,54.6,48.8,Urban_High_Density,6317.0,0.79,12,0,0: Low
Chennai - Velachery Lowland Basin,Coastal Lowland,176.7,84.22,10.71,7.51,1.49,3.83,44.4,55.1,Urban_High_Density,8490.0,0.82,12,3,3: Severe Inundation
Cuddalore - Manimuktha Basin (Virudhachalam),Riverine Plain,88.57,28.41,25.56,2.56,0.72,27.49,42.1,56.0,Agricultural_Mixed,2554.0,0.64,6,0,0: Low
Sivaganga - Vaigai/Gundar (Parthibanur),Valley Basin,5.7,3.63,26.04,0.54,0.06,42.73,31.7,65.7,Urban_Commercial,10551.0,0.46,4,0,0: Low
Chennai - Velachery Lowland Basin,Coastal Lowland,19.97,6.72,3.65,0.45,-0.05,3.83,35.0,69.8,Urban_High_Density,13320.0,0.62,12,0,0: Low
Sivaganga - Vaigai/Gundar (Parthibanur),Valley Basin,6.48,3.79,25.96,0.46,0.09,42.0,70.1,29.9,Urban_Commercial,11086.0,0.87,4,0,0: Low
Chennai - Madipakkam Lake Buffer,Lake Catchment,12.73,6.85,3.27,0.77,-0.01,3.08,42.0,61.8,Urban_Residential,15040.0,0.67,14,0,0: Low
Ramanathapuram - Gundar Basin (Kamuthi),Estuary / Coastal,101.13,37.32,34.44,4.04,0.51,34.38,76.3,22.3,Commercial,2475.0,0.46,5,0,0: Low
Chennai - Velachery Lowland Basin,Coastal Lowland,6.75,6.03,3.82,0.62,-0.01,3.8,54.7,42.8,Urban_High_Density,4448.0,0.43,12,0,0: Low
Chennai - Adyar Basin (Nandambakkam),Coastal / Low Basin,22.95,4.29,5.13,0.63,0.05,7.98,53.2,39.8,Urban_High_Density,15704.0,0.32,8,0,0: Low
Ramanathapuram - Gundar Basin (Kamuthi),Estuary / Coastal,73.59,10.3,31.25,0.85,0.38,35.27,68.2,28.1,Commercial,4468.0,0.47,5,0,0: Low
Chennai - Velachery Lowland Basin,Coastal Lowland,18.11,7.48,3.32,0.12,0.09,3.97,81.7,24.2,Urban_High_Density,14804.0,0.59,12,0,0: Low
Chennai - Adyar Basin (Nandambakkam),Coastal / Low Basin,223.86,67.69,10.28,5.78,1.19,6.88,55.3,42.7,Urban_High_Density,10520.0,0.48,8,3,3: Severe Inundation
Chennai - Adyar Basin (Nandambakkam),Coastal / Low Basin,9.41,4.6,4.96,0.46,0.09,7.18,28.2,74.8,Urban_High_Density,11178.0,0.77,8,0,0: Low
Chennai - Velachery Lowland Basin,Coastal Lowland,84.25,13.47,4.16,0.96,0.35,4.05,31.1,64.1,Urban_High_Density,7972.0,0.56,12,1,1: Moderate
Ramanathapuram - Gundar Basin (Kamuthi),Estuary / Coastal,71.32,15.5,31.48,1.08,0.25,34.96,53.5,52.3,Commercial,1234.0,0.93,5,0,0: Low
Kancheepuram - Palar Basin,Riverine Valley,149.42,44.77,19.38,2.88,0.73,23.73,50.9,49.7,Urban_Residential,17580.0,0.75,5,1,1: Moderate
Cuddalore - Manimuktha Basin (Virudhachalam),Riverine Plain,18.07,7.04,23.39,0.39,-0.08,27.43,56.6,49.4,Agricultural_Mixed,3303.0,0.86,6,0,0: Low
Chennai - Adyar Basin (Nandambakkam),Coastal / Low Basin,44.48,8.94,6.14,1.64,0.13,7.25,64.1,44.1,Urban_High_Density,17010.0,0.56,8,0,0: Low
Chennai - Velachery Lowland Basin,Coastal Lowland,20.85,7.24,3.84,0.64,-0.06,4.11,88.8,15.5,Urban_High_Density,13625.0,0.37,12,0,0: Low
Kancheepuram - Palar Basin,Riverine Valley,2.65,3.61,16.62,0.12,0.01,24.15,77.3,26.0,Urban_Residential,11899.0,0.37,5,0,0: Low
Kancheepuram - Palar Basin,Riverine Valley,81.62,7.72,17.6,1.1,0.11,23.5,92.3,15.1,Urban_Residential,9398.0,0.36,5,0,0: Low
Kancheepuram - Palar Basin,Riverine Valley,10.5,1.76,16.88,0.38,0.04,23.9,57.7,37.3,Urban_Residential,6682.0,0.53,5,0,0: Low
Chennai - Madipakkam Lake Buffer,Lake Catchment,54.21,13.17,4.24,1.74,0.22,2.99,84.0,20.1,Urban_Residential,11615.0,0.46,14,0,0: Low
Ramanathapuram - Gundar Basin (Kamuthi),Estuary / Coastal,57.05,13.92,32.2,1.8,0.13,35.81,70.1,23.3,Commercial,3838.0,0.64,5,0,0: Low
Chennai - Adyar Basin (Nandambakkam),Coastal / Low Basin,261.48,55.93,11.11,6.61,1.11,6.93,15.6,81.6,Urban_High_Density,4432.0,0.87,8,3,3: Severe Inundation
Chennai - Velachery Lowland Basin,Coastal Lowland,12.46,3.33,3.34,0.14,0.02,3.97,45.7,58.2,Urban_High_Density,13800.0,0.92,12,0,0: Low
Kancheepuram - Palar Basin,Riverine Valley,213.23,62.64,21.05,4.55,0.81,23.89,57.5,44.8,Urban_Residential,12635.0,0.92,5,2,2: High
Cuddalore - Manimuktha Basin (Virudhachalam),Riverine Plain,27.02,3.04,23.45,0.45,-0.08,28.22,29.1,70.0,Agricultural_Mixed,2198.0,0.93,6,0,0: Low
Cuddalore - Manimuktha Basin (Virudhachalam),Riverine Plain,56.24,12.27,24.89,1.89,0.26,27.66,56.4,45.8,Agricultural_Mixed,3257.0,0.76,6,0,0: Low
Tiruvallur - Kosasthalaiyar Basin,Northern Plain,155.23,39.8,17.66,3.66,0.48,19.5,49.0,57.8,Industrial,2538.0,0.76,7,2,2: High
Kancheepuram - Palar Basin,Riverine Valley,19.14,6.01,16.83,0.33,0.05,23.79,81.8,16.3,Urban_Residential,11631.0,0.57,5,0,0: Low
Cuddalore - Manimuktha Basin (Virudhachalam),Riverine Plain,29.22,5.32,23.79,0.79,-0.03,28.24,80.8,14.6,Agricultural_Mixed,739.0,0.48,6,0,0: Low
Chennai - Adyar Basin (Nandambakkam),Coastal / Low Basin,121.91,20.54,7.09,2.59,0.36,7.26,65.0,37.9,Urban_High_Density,10142.0,0.87,8,1,1: Moderate
Ramanathapuram - Gundar Basin (Kamuthi),Estuary / Coastal,84.64,9.25,32.07,1.67,0.24,35.33,41.6,58.3,Commercial,2151.0,0.95,5,0,0: Low
Ramanathapuram - Gundar Basin (Kamuthi),Estuary / Coastal,72.89,16.97,31.93,1.53,0.36,35.27,64.3,35.5,Commercial,1494.0,0.59,5,0,0: Low
Chennai - Velachery Lowland Basin,Coastal Lowland,126.51,34.63,6.49,3.29,0.53,3.74,79.0,15.2,Urban_High_Density,6257.0,0.66,12,2,2: High
Cuddalore - Manimuktha Basin (Virudhachalam),Riverine Plain,3.82,6.34,23.34,0.34,0.03,28.27,11.8,81.2,Agricultural_Mixed,3912.0,0.65,6,0,0: Low
Sivaganga - Vaigai/Gundar (Parthibanur),Valley Basin,19.65,3.11,25.51,0.01,0.08,42.02,49.9,43.6,Urban_Commercial,7483.0,0.51,4,0,0: Low
Cuddalore - Manimuktha Basin (Virudhachalam),Riverine Plain,7.75,6.52,23.13,0.13,-0.09,28.07,58.1,37.0,Agricultural_Mixed,3028.0,0.85,6,0,0: Low
Tiruvallur - Kosasthalaiyar Basin,Northern Plain,21.01,6.08,14.77,0.77,-0.05,18.42,52.2,44.7,Industrial,1889.0,0.66,7,0,0: Low
Sivaganga - Vaigai/Gundar (Parthibanur),Valley Basin,120.53,39.59,29.04,3.54,0.76,42.29,46.6,54.6,Urban_Commercial,6634.0,0.52,4,0,0: Low
Tiruvallur - Kosasthalaiyar Basin,Northern Plain,18.46,4.51,14.7,0.7,-0.08,18.96,46.1,41.9,Industrial,2360.0,0.52,7,0,0: Low
Kancheepuram - Palar Basin,Riverine Valley,14.11,7.85,16.57,0.07,0.08,24.7,43.2,47.1,Urban_Residential,16846.0,0.56,5,0,0: Low
Kancheepuram - Palar Basin,Riverine Valley,19.33,2.01,16.92,0.42,-0.1,23.72,22.7,75.6,Urban_Residential,15607.0,0.33,5,0,0: Low
Chennai - Velachery Lowland Basin,Coastal Lowland,291.3,45.76,11.19,7.99,1.06,3.94,55.5,47.4,Urban_High_Density,17278.0,0.5,12,3,3: Severe Inundation
Tiruvallur - Kosasthalaiyar Basin,Northern Plain,56.28,9.13,15.79,1.79,0.16,18.94,41.3,55.0,Industrial,2516.0,0.46,7,0,0: Low
Chennai - Velachery Lowland Basin,Coastal Lowland,34.9,15.72,4.23,1.03,0.34,4.0,45.3,55.6,Urban_High_Density,13424.0,0.4,12,0,0: Low
Chennai - Adyar Basin (Nandambakkam),Coastal / Low Basin,229.54,61.96,12.25,7.75,1.32,8.3,57.3,42.1,Urban_High_Density,4056.0,0.56,8,3,3: Severe Inundation
Cuddalore - Manimuktha Basin (Virudhachalam),Riverine Plain,156.82,41.43,25.2,2.2,0.53,28.09,85.2,18.6,Agricultural_Mixed,2413.0,0.65,6,0,0: Low
Sivaganga - Vaigai/Gundar (Parthibanur),Valley Basin,238.96,48.03,31.8,6.3,1.61,42.2,56.6,41.3,Urban_Commercial,4522.0,0.44,4,2,2: High
Sivaganga - Vaigai/Gundar (Parthibanur),Valley Basin,32.82,16.44,27.01,1.51,0.29,42.18,32.8,64.9,Urban_Commercial,6674.0,0.41,4,0,0: Low
Chennai - Velachery Lowland Basin,Coastal Lowland,24.22,6.5,3.39,0.19,-0.04,4.23,72.7,26.2,Urban_High_Density,7574.0,0.72,12,0,0: Low
Cuddalore - Manimuktha Basin (Virudhachalam),Riverine Plain,148.03,26.74,27.13,4.13,0.36,27.92,61.1,49.8,Agricultural_Mixed,1720.0,0.55,6,0,0: Low
Ramanathapuram - Gundar Basin (Kamuthi),Estuary / Coastal,21.42,6.32,31.08,0.68,0.09,35.02,31.2,69.9,Commercial,4315.0,0.81,5,0,0: Low
Sivaganga - Vaigai/Gundar (Parthibanur),Valley Basin,152.72,39.99,28.76,3.26,0.45,41.95,68.8,29.1,Urban_Commercial,8088.0,0.6,4,0,0: Low
Ramanathapuram - Gundar Basin (Kamuthi),Estuary / Coastal,124.3,33.45,34.56,4.16,0.78,35.12,71.6,28.0,Commercial,1581.0,0.55,5,0,0: Low
Cuddalore - Manimuktha Basin (Virudhachalam),Riverine Plain,3.38,6.94,23.01,0.01,0.09,28.22,87.3,10.0,Agricultural_Mixed,1250.0,0.73,6,0,0: Low
Ramanathapuram - Gundar Basin (Kamuthi),Estuary / Coastal,62.46,10.17,31.25,0.85,0.11,35.31,66.4,18.8,Commercial,1074.0,0.49,5,0,0: Low
Chennai - Adyar Basin (Nandambakkam),Coastal / Low Basin,65.58,12.92,6.17,1.67,0.26,7.69,59.5,39.5,Urban_High_Density,14346.0,0.59,8,0,0: Low
Tiruvallur - Kosasthalaiyar Basin,Northern Plain,33.91,18.49,14.84,0.84,0.32,19.04,62.0,36.7,Industrial,1008.0,0.64,7,0,0: Low
Kancheepuram - Palar Basin,Riverine Valley,152.9,29.06,20.89,4.39,0.82,24.21,79.5,29.5,Urban_Residential,10403.0,0.82,5,1,1: Moderate
Kancheepuram - Palar Basin,Riverine Valley,26.03,3.17,17.28,0.78,-0.08,24.24,59.1,44.4,Urban_Residential,7100.0,0.89,5,0,0: Low
Chennai - Velachery Lowland Basin,Coastal Lowland,316.24,80.58,8.15,4.95,1.62,3.72,49.8,40.3,Urban_High_Density,16383.0,0.35,12,3,3: Severe Inundation
Chennai - Adyar Basin (Nandambakkam),Coastal / Low Basin,95.46,38.97,8.14,3.64,0.55,7.68,92.0,12.8,Urban_High_Density,5502.0,0.63,8,2,2: High
Sivaganga - Vaigai/Gundar (Parthibanur),Valley Basin,224.6,49.35,32.27,6.77,1.67,41.67,55.1,42.9,Urban_Commercial,10425.0,0.57,4,2,2: High
Chennai - Velachery Lowland Basin,Coastal Lowland,299.89,46.05,8.3,5.1,1.16,4.05,89.7,11.8,Urban_High_Density,5729.0,0.67,12,3,3: Severe Inundation
Chennai - Velachery Lowland Basin,Coastal Lowland,101.49,27.94,6.24,3.04,0.88,4.16,36.2,68.4,Urban_High_Density,17149.0,0.63,12,2,2: High
Kancheepuram - Palar Basin,Riverine Valley,4.08,7.24,17.18,0.68,0.1,24.13,67.4,38.4,Urban_Residential,9198.0,0.95,5,0,0: Low
Cuddalore - Manimuktha Basin (Virudhachalam),Riverine Plain,55.88,6.67,25.03,2.03,0.23,28.5,80.1,17.0,Agricultural_Mixed,1439.0,0.94,6,0,0: Low
Sivaganga - Vaigai/Gundar (Parthibanur),Valley Basin,7.08,1.1,26.12,0.62,0.08,41.64,62.1,37.7,Urban_Commercial,9311.0,0.81,4,0,0: Low
Chennai - Velachery Lowland Basin,Coastal Lowland,24.36,2.7,3.78,0.58,-0.09,3.25,57.5,38.5,Urban_High_Density,9368.0,0.43,12,0,0: Low
Sivaganga - Vaigai/Gundar (Parthibanur),Valley Basin,29.5,1.67,25.97,0.47,0.03,42.61,25.2,77.0,Urban_Commercial,17574.0,0.83,4,0,0: Low
Tiruvallur - Kosasthalaiyar Basin,Northern Plain,16.25,7.21,14.56,0.56,-0.02,18.66,39.7,65.3,Industrial,2981.0,0.83,7,0,0: Low
Cuddalore - Manimuktha Basin (Virudhachalam),Riverine Plain,7.88,6.43,23.39,0.39,-0.06,27.86,63.6,28.7,Agricultural_Mixed,4021.0,0.71,6,0,0: Low
Sivaganga - Vaigai/Gundar (Parthibanur),Valley Basin,13.94,5.24,25.95,0.45,0.03,42.32,43.9,62.5,Urban_Commercial,8822.0,0.33,4,0,0: Low
Ramanathapuram - Gundar Basin (Kamuthi),Estuary / Coastal,102.02,39.47,34.05,3.65,0.65,34.92,88.7,10.0,Commercial,1434.0,0.44,5,0,0: Low
Chennai - Velachery Lowland Basin,Coastal Lowland,28.85,4.52,3.93,0.73,0.04,4.0,67.7,27.6,Urban_High_Density,7754.0,0.85,12,0,0: Low
Ramanathapuram - Gundar Basin (Kamuthi),Estuary / Coastal,94.8,22.68,33.38,2.98,0.55,35.37,81.4,16.3,Commercial,4447.0,0.96,5,0,0: Low
Cuddalore - Manimuktha Basin (Virudhachalam),Riverine Plain,23.74,5.17,23.52,0.52,0.05,27.85,69.6,28.8,Agricultural_Mixed,815.0,0.65,6,0,0: Low
Chennai - Adyar Basin (Nandambakkam),Coastal / Low Basin,180.57,71.39,10.77,6.27,0.83,7.03,32.1,64.2,Urban_High_Density,11412.0,0.98,8,3,3: Severe Inundation
Ramanathapuram - Gundar Basin (Kamuthi),Estuary / Coastal,77.0,12.6,32.42,2.02,0.19,35.24,37.0,51.2,Commercial,3695.0,0.74,5,0,0: Low
Chennai - Velachery Lowland Basin,Coastal Lowland,17.59,5.96,3.31,0.11,0.06,3.96,54.5,40.6,Urban_High_Density,3100.0,0.98,12,0,0: Low
Chennai - Velachery Lowland Basin,Coastal Lowland,3.84,5.36,3.67,0.47,-0.04,4.29,69.7,26.8,Urban_High_Density,11803.0,0.57,12,0,0: Low
Kancheepuram - Palar Basin,Riverine Valley,68.2,6.78,17.7,1.2,0.35,24.38,82.0,14.2,Urban_Residential,14743.0,0.71,5,0,0: Low
Cuddalore - Manimuktha Basin (Virudhachalam),Riverine Plain,56.06,11.8,24.98,1.98,0.17,28.48,55.0,45.0,Agricultural_Mixed,1672.0,0.73,6,0,0: Low
Kancheepuram - Palar Basin,Riverine Valley,129.62,26.77,18.76,2.26,0.75,24.16,81.6,19.4,Urban_Residential,5738.0,0.56,5,0,0: Low
Chennai - Velachery Lowland Basin,Coastal Lowland,27.32,2.39,3.22,0.02,-0.1,4.24,59.1,47.2,Urban_High_Density,16901.0,0.34,12,0,0: Low
Tiruvallur - Kosasthalaiyar Basin,Northern Plain,29.99,2.2,14.62,0.62,-0.06,18.92,60.3,40.7,Industrial,2493.0,0.67,7,0,0: Low
Chennai - Velachery Lowland Basin,Coastal Lowland,6.19,5.04,3.73,0.53,-0.06,3.71,47.7,50.6,Urban_High_Density,13918.0,0.96,12,0,0: Low
Kancheepuram - Palar Basin,Riverine Valley,61.31,15.7,18.13,1.63,0.36,23.59,86.8,17.2,Urban_Residential,15663.0,0.73,5,0,0: Low
Kancheepuram - Palar Basin,Riverine Valley,27.95,5.89,16.71,0.21,0.01,23.98,87.0,17.4,Urban_Residential,8033.0,0.77,5,0,0: Low
Cuddalore - Manimuktha Basin (Virudhachalam),Riverine Plain,67.17,19.44,24.16,1.16,0.36,28.07,58.7,40.7,Agricultural_Mixed,4137.0,0.33,6,0,0: Low
Chennai - Adyar Basin (Nandambakkam),Coastal / Low Basin,38.22,12.57,6.46,1.96,0.1,7.16,20.7,72.0,Urban_High_Density,14517.0,0.95,8,1,1: Moderate
Tiruvallur - Kosasthalaiyar Basin,Northern Plain,68.26,18.94,15.8,1.8,0.21,18.58,92.8,10.0,Industrial,2938.0,0.54,7,0,0: Low
Chennai - Madipakkam Lake Buffer,Lake Catchment,26.11,6.69,2.53,0.03,-0.08,3.45,60.5,41.6,Urban_Residential,3206.0,0.56,14,0,0: Low
Chennai - Velachery Lowland Basin,Coastal Lowland,16.87,3.86,3.42,0.22,-0.07,3.48,89.2,18.4,Urban_High_Density,9481.0,0.69,12,0,0: Low
Chennai - Adyar Basin (Nandambakkam),Coastal / Low Basin,88.0,26.97,7.78,3.28,0.49,7.54,57.3,45.8,Urban_High_Density,8114.0,0.84,8,1,1: Moderate
Cuddalore - Manimuktha Basin (Virudhachalam),Riverine Plain,92.81,39.31,26.42,3.42,0.48,28.38,35.9,61.8,Agricultural_Mixed,4220.0,0.91,6,1,1: Moderate
Sivaganga - Vaigai/Gundar (Parthibanur),Valley Basin,71.03,8.87,26.82,1.32,0.29,42.06,76.2,20.1,Urban_Commercial,13023.0,0.53,4,0,0: Low
Chennai - Adyar Basin (Nandambakkam),Coastal / Low Basin,38.92,10.34,6.56,2.06,0.31,7.39,30.6,68.0,Urban_High_Density,15397.0,0.59,8,0,0: Low
Chennai - Velachery Lowland Basin,Coastal Lowland,20.56,5.7,3.4,0.2,-0.04,3.75,57.3,38.4,Urban_High_Density,13629.0,0.89,12,0,0: Low
Chennai - Adyar Basin (Nandambakkam),Coastal / Low Basin,270.95,82.32,10.94,6.44,1.4,7.51,67.1,34.2,Urban_High_Density,12905.0,0.71,8,3,3: Severe Inundation
Ramanathapuram - Gundar Basin (Kamuthi),Estuary / Coastal,63.42,8.15,31.49,1.09,0.29,35.28,63.1,40.5,Commercial,2120.0,0.46,5,0,0: Low
Kancheepuram - Palar Basin,Riverine Valley,71.54,18.62,18.58,2.08,0.33,23.7,63.3,37.3,Urban_Residential,9200.0,0.47,5,0,0: Low
Kancheepuram - Palar Basin,Riverine Valley,33.61,11.62,18.37,1.87,0.37,24.56,64.4,33.5,Urban_Residential,11950.0,0.86,5,0,0: Low
Chennai - Velachery Lowland Basin,Coastal Lowland,19.58,2.31,3.61,0.41,0.01,3.77,48.8,49.5,Urban_High_Density,5401.0,0.6,12,0,0: Low
Ramanathapuram - Gundar Basin (Kamuthi),Estuary / Coastal,12.11,6.97,30.84,0.44,0.04,35.46,52.0,46.5,Commercial,1780.0,0.49,5,0,0: Low
Tiruvallur - Kosasthalaiyar Basin,Northern Plain,54.11,16.17,16.05,2.05,0.3,18.79,55.3,45.5,Industrial,1698.0,0.51,7,0,0: Low
Kancheepuram - Palar Basin,Riverine Valley,104.69,24.62,20.92,4.42,0.3,24.12,78.2,30.7,Urban_Residential,7428.0,0.71,5,0,0: Low
Cuddalore - Manimuktha Basin (Virudhachalam),Riverine Plain,70.19,6.59,23.82,0.82,0.24,28.11,54.5,44.0,Agricultural_Mixed,690.0,0.38,6,0,0: Low
Kancheepuram - Palar Basin,Riverine Valley,5.03,4.56,16.87,0.37,0.09,23.77,95.0,10.8,Urban_Residential,17150.0,0.33,5,0,0: Low
Chennai - Madipakkam Lake Buffer,Lake Catchment,25.43,1.19,3.17,0.67,-0.07,2.64,58.7,36.6,Urban_Residential,8755.0,0.9,14,0,0: Low
Tiruvallur - Kosasthalaiyar Basin,Northern Plain,6.76,3.68,14.7,0.7,-0.03,18.92,67.2,25.1,Industrial,1031.0,0.39,7,0,0: Low
Chennai - Madipakkam Lake Buffer,Lake Catchment,72.31,12.0,4.36,1.86,0.21,3.27,35.8,67.3,Urban_Residential,6249.0,0.95,14,1,1: Moderate
Chennai - Madipakkam Lake Buffer,Lake Catchment,117.48,42.77,5.74,3.24,0.75,2.74,78.5,19.3,Urban_Residential,6876.0,0.78,14,2,2: High
Cuddalore - Manimuktha Basin (Virudhachalam),Riverine Plain,159.24,28.99,25.23,2.23,0.4,27.99,66.6,37.2,Agricultural_Mixed,2727.0,0.53,6,0,0: Low
Ramanathapuram - Gundar Basin (Kamuthi),Estuary / Coastal,14.67,7.17,30.74,0.34,0.07,34.62,12.9,87.8,Commercial,884.0,0.59,5,0,0: Low
Chennai - Madipakkam Lake Buffer,Lake Catchment,27.92,3.63,3.11,0.61,0.01,2.94,84.8,13.0,Urban_Residential,12943.0,0.37,14,0,0: Low
Tiruvallur - Kosasthalaiyar Basin,Northern Plain,15.31,2.35,14.5,0.5,0.1,19.4,73.6,26.3,Industrial,1755.0,0.85,7,0,0: Low
Kancheepuram - Palar Basin,Riverine Valley,56.63,17.64,18.55,2.05,0.22,24.07,26.1,65.2,Urban_Residential,15975.0,0.93,5,0,0: Low
Chennai - Velachery Lowland Basin,Coastal Lowland,4.27,5.39,3.47,0.27,0.03,3.49,38.0,64.9,Urban_High_Density,7374.0,0.81,12,0,0: Low
Tiruvallur - Kosasthalaiyar Basin,Northern Plain,17.61,5.04,14.13,0.13,-0.02,19.35,53.6,45.7,Industrial,3669.0,0.59,7,0,0: Low
Chennai - Adyar Basin (Nandambakkam),Coastal / Low Basin,60.09,6.75,5.86,1.36,0.18,7.6,65.5,35.2,Urban_High_Density,7763.0,0.41,8,0,0: Low
Kancheepuram - Palar Basin,Riverine Valley,77.02,11.34,18.34,1.84,0.29,23.97,83.4,24.3,Urban_Residential,15494.0,0.38,5,0,0: Low
Cuddalore - Manimuktha Basin (Virudhachalam),Riverine Plain,67.95,19.6,23.92,0.92,0.37,27.92,83.8,20.8,Agricultural_Mixed,3848.0,0.8,6,0,0: Low
Chennai - Madipakkam Lake Buffer,Lake Catchment,54.78,11.93,4.01,1.51,0.38,3.13,54.7,48.2,Urban_Residential,11255.0,0.72,14,1,1: Moderate
Chennai - Velachery Lowland Basin,Coastal Lowland,146.62,21.3,7.35,4.15,0.55,3.97,63.4,40.6,Urban_High_Density,4054.0,0.65,12,2,2: High
Chennai - Madipakkam Lake Buffer,Lake Catchment,34.79,10.01,4.39,1.89,0.15,3.48,52.0,46.6,Urban_Residential,13584.0,0.93,14,1,1: Moderate
Cuddalore - Manimuktha Basin (Virudhachalam),Riverine Plain,66.51,11.8,23.86,0.86,0.34,27.91,10.9,84.1,Agricultural_Mixed,2608.0,0.86,6,0,0: Low
Tiruvallur - Kosasthalaiyar Basin,Northern Plain,51.18,17.71,16.13,2.13,0.34,18.87,32.3,67.2,Industrial,1532.0,0.93,7,0,0: Low
Chennai - Adyar Basin (Nandambakkam),Coastal / Low Basin,29.15,1.18,5.13,0.63,-0.04,7.55,88.8,19.3,Urban_High_Density,16899.0,0.59,8,0,0: Low
Kancheepuram - Palar Basin,Riverine Valley,108.97,28.29,20.11,3.61,0.67,24.15,82.5,15.1,Urban_Residential,7963.0,0.37,5,0,0: Low
Tiruvallur - Kosasthalaiyar Basin,Northern Plain,111.94,33.67,16.37,2.37,0.4,18.99,27.0,68.3,Industrial,3056.0,1.0,7,1,1: Moderate
Chennai - Adyar Basin (Nandambakkam),Coastal / Low Basin,18.08,6.83,5.05,0.55,-0.1,7.7,77.8,26.9,Urban_High_Density,5883.0,0.67,8,0,0: Low
Sivaganga - Vaigai/Gundar (Parthibanur),Valley Basin,8.63,4.52,25.72,0.22,0.09,41.79,69.6,23.9,Urban_Commercial,14468.0,0.7,4,0,0: Low
Chennai - Madipakkam Lake Buffer,Lake Catchment,15.0,7.49,3.22,0.72,-0.08,3.27,44.8,57.1,Urban_Residential,17949.0,0.96,14,0,0: Low
Kancheepuram - Palar Basin,Riverine Valley,18.77,6.99,16.59,0.09,0.04,23.6,69.5,28.1,Urban_Residential,4377.0,0.52,5,0,0: Low
Kancheepuram - Palar Basin,Riverine Valley,61.32,11.75,17.57,1.07,0.32,24.34,93.3,15.7,Urban_Residential,12488.0,0.74,5,0,0: Low
Chennai - Adyar Basin (Nandambakkam),Coastal / Low Basin,106.95,26.7,7.71,3.21,0.48,7.53,72.7,30.8,Urban_High_Density,15058.0,0.66,8,2,2: High
Sivaganga - Vaigai/Gundar (Parthibanur),Valley Basin,17.83,2.74,25.85,0.35,0.03,42.03,66.5,34.2,Urban_Commercial,13010.0,0.9,4,0,0: Low
Chennai - Velachery Lowland Basin,Coastal Lowland,17.73,6.0,3.78,0.58,0.03,3.3,46.8,52.8,Urban_High_Density,4555.0,0.63,12,0,0: Low
Ramanathapuram - Gundar Basin (Kamuthi),Estuary / Coastal,12.46,7.95,31.2,0.8,-0.08,34.88,56.9,35.9,Commercial,1807.0,0.83,5,0,0: Low
Chennai - Velachery Lowland Basin,Coastal Lowland,265.08,59.64,10.46,7.26,1.62,3.51,88.9,10.0,Urban_High_Density,10765.0,0.94,12,3,3: Severe Inundation
Kancheepuram - Palar Basin,Riverine Valley,92.0,22.66,18.73,2.23,0.66,23.74,68.8,34.3,Urban_Residential,14244.0,0.92,5,0,0: Low
Kancheepuram - Palar Basin,Riverine Valley,36.6,13.45,17.8,1.3,0.34,24.09,53.5,48.1,Urban_Residential,12246.0,0.31,5,0,0: Low
Cuddalore - Manimuktha Basin (Virudhachalam),Riverine Plain,75.41,19.11,24.92,1.92,0.23,27.7,47.4,49.6,Agricultural_Mixed,1762.0,0.47,6,0,0: Low
Chennai - Adyar Basin (Nandambakkam),Coastal / Low Basin,51.89,15.45,5.38,0.88,0.14,6.86,51.8,50.0,Urban_High_Density,13058.0,0.98,8,0,0: Low
Sivaganga - Vaigai/Gundar (Parthibanur),Valley Basin,143.5,30.9,28.69,3.19,0.31,41.79,70.9,32.2,Urban_Commercial,6080.0,0.88,4,0,0: Low
Ramanathapuram - Gundar Basin (Kamuthi),Estuary / Coastal,29.42,3.07,31.1,0.7,-0.1,34.99,85.1,23.9,Commercial,2113.0,0.41,5,0,0: Low
Chennai - Velachery Lowland Basin,Coastal Lowland,35.14,12.78,4.13,0.93,0.14,3.63,39.1,54.8,Urban_High_Density,13689.0,0.68,12,0,0: Low
Chennai - Adyar Basin (Nandambakkam),Coastal / Low Basin,181.05,42.22,11.43,6.93,1.63,7.64,58.5,41.6,Urban_High_Density,7301.0,0.89,8,3,3: Severe Inundation
Tiruvallur - Kosasthalaiyar Basin,Northern Plain,78.28,7.4,15.16,1.16,0.33,18.59,57.5,43.1,Industrial,4176.0,0.61,7,0,0: Low
Cuddalore - Manimuktha Basin (Virudhachalam),Riverine Plain,45.13,7.99,23.81,0.81,0.26,27.93,64.1,33.2,Agricultural_Mixed,992.0,0.96,6,0,0: Low
Sivaganga - Vaigai/Gundar (Parthibanur),Valley Basin,20.32,1.56,25.69,0.19,0.05,41.95,50.7,51.2,Urban_Commercial,7602.0,0.97,4,0,0: Low
Cuddalore - Manimuktha Basin (Virudhachalam),Riverine Plain,148.57,23.69,26.64,3.64,0.34,27.89,63.2,27.5,Agricultural_Mixed,2314.0,0.98,6,0,0: Low
Kancheepuram - Palar Basin,Riverine Valley,16.07,3.37,17.11,0.61,0.01,24.63,65.2,27.7,Urban_Residential,8045.0,0.74,5,0,0: Low
Cuddalore - Manimuktha Basin (Virudhachalam),Riverine Plain,119.0,37.61,25.42,2.42,0.54,27.85,89.5,14.1,Agricultural_Mixed,3762.0,0.66,6,0,0: Low
Ramanathapuram - Gundar Basin (Kamuthi),Estuary / Coastal,82.38,17.1,32.01,1.61,0.29,34.95,70.7,27.3,Commercial,2219.0,0.62,5,0,0: Low
Kancheepuram - Palar Basin,Riverine Valley,28.82,3.83,17.2,0.7,-0.06,23.87,86.1,19.8,Urban_Residential,3652.0,0.45,5,0,0: Low
Chennai - Velachery Lowland Basin,Coastal Lowland,63.67,13.69,4.38,1.18,0.17,3.37,90.2,13.8,Urban_High_Density,6561.0,0.58,12,0,0: Low
Chennai - Velachery Lowland Basin,Coastal Lowland,287.56,53.58,10.67,7.47,1.56,3.61,87.1,10.0,Urban_High_Density,17932.0,0.87,12,3,3: Severe Inundation
Tiruvallur - Kosasthalaiyar Basin,Northern Plain,144.17,38.52,17.0,3.0,0.57,18.76,54.0,43.9,Industrial,1663.0,0.73,7,2,2: High
Kancheepuram - Palar Basin,Riverine Valley,5.18,1.8,16.78,0.28,0.05,23.74,64.4,36.1,Urban_Residential,9844.0,0.42,5,0,0: Low
Kancheepuram - Palar Basin,Riverine Valley,5.62,2.76,16.84,0.34,-0.0,24.02,34.8,59.8,Urban_Residential,12237.0,0.56,5,0,0: Low
Sivaganga - Vaigai/Gundar (Parthibanur),Valley Basin,42.71,10.81,27.16,1.66,0.36,42.1,46.8,51.7,Urban_Commercial,12798.0,0.99,4,0,0: Low
Kancheepuram - Palar Basin,Riverine Valley,56.66,7.48,17.69,1.19,0.37,24.02,94.3,10.0,Urban_Residential,9224.0,0.66,5,0,0: Low
Ramanathapuram - Gundar Basin (Kamuthi),Estuary / Coastal,42.84,19.18,32.02,1.62,0.19,35.41,71.2,22.9,Commercial,1109.0,0.85,5,0,0: Low
Tiruvallur - Kosasthalaiyar Basin,Northern Plain,19.27,4.56,14.79,0.79,0.1,19.3,88.5,10.0,Industrial,886.0,0.35,7,0,0: Low
Sivaganga - Vaigai/Gundar (Parthibanur),Valley Basin,15.59,6.49,25.89,0.39,-0.03,42.03,79.7,20.6,Urban_Commercial,9833.0,0.45,4,0,0: Low
Ramanathapuram - Gundar Basin (Kamuthi),Estuary / Coastal,176.45,42.38,37.89,7.49,1.73,35.21,54.5,47.6,Commercial,2788.0,0.52,5,2,2: High
Cuddalore - Manimuktha Basin (Virudhachalam),Riverine Plain,75.29,19.74,24.38,1.38,0.33,28.06,63.0,35.0,Agricultural_Mixed,4204.0,0.38,6,0,0: Low
Chennai - Velachery Lowland Basin,Coastal Lowland,22.74,5.21,3.74,0.54,-0.02,4.17,61.2,43.7,Urban_High_Density,7033.0,0.83,12,0,0: Low
Tiruvallur - Kosasthalaiyar Basin,Northern Plain,2.32,3.99,14.33,0.33,0.1,18.5,85.7,13.2,Industrial,4282.0,0.57,7,0,0: Low
Chennai - Madipakkam Lake Buffer,Lake Catchment,80.07,9.84,4.01,1.51,0.39,3.5,31.9,61.4,Urban_Residential,5841.0,0.78,14,1,1: Moderate
Chennai - Velachery Lowland Basin,Coastal Lowland,40.35,6.12,5.36,2.16,0.23,3.4,50.7,50.5,Urban_High_Density,12001.0,0.44,12,1,1: Moderate
Chennai - Adyar Basin (Nandambakkam),Coastal / Low Basin,7.27,4.5,5.13,0.63,-0.07,7.61,95.0,10.0,Urban_High_Density,14744.0,0.41,8,0,0: Low
Chennai - Velachery Lowland Basin,Coastal Lowland,7.43,5.59,3.88,0.68,-0.05,3.93,93.3,10.0,Urban_High_Density,14510.0,0.62,12,0,0: Low
Chennai - Velachery Lowland Basin,Coastal Lowland,19.04,2.07,3.86,0.66,-0.03,3.37,33.1,59.8,Urban_High_Density,14139.0,0.94,12,0,0: Low
Kancheepuram - Palar Basin,Riverine Valley,22.01,4.69,17.22,0.72,-0.04,24.01,9.1,89.8,Urban_Residential,17357.0,0.62,5,0,0: Low
Ramanathapuram - Gundar Basin (Kamuthi),Estuary / Coastal,266.15,79.21,37.8,7.4,1.16,34.66,85.2,15.8,Commercial,1648.0,0.59,5,3,3: Severe Inundation
Kancheepuram - Palar Basin,Riverine Valley,171.47,41.96,21.76,5.26,1.77,23.92,53.0,42.2,Urban_Residential,17657.0,0.56,5,2,2: High
Kancheepuram - Palar Basin,Riverine Valley,67.35,17.65,17.94,1.44,0.28,23.94,26.9,73.9,Urban_Residential,17301.0,0.48,5,0,0: Low
Chennai - Madipakkam Lake Buffer,Lake Catchment,48.24,8.54,3.64,1.14,0.35,3.43,59.4,40.6,Urban_Residential,16091.0,0.52,14,0,0: Low
Chennai - Madipakkam Lake Buffer,Lake Catchment,8.34,4.28,2.84,0.34,-0.04,3.47,36.5,58.4,Urban_Residential,4619.0,0.45,14,0,0: Low
Tiruvallur - Kosasthalaiyar Basin,Northern Plain,63.3,15.88,15.75,1.75,0.19,19.37,69.9,23.8,Industrial,3838.0,0.36,7,0,0: Low
Kancheepuram - Palar Basin,Riverine Valley,22.69,2.48,16.81,0.31,-0.09,24.15,34.9,60.8,Urban_Residential,17879.0,0.35,5,0,0: Low
Chennai - Madipakkam Lake Buffer,Lake Catchment,59.82,16.72,4.48,1.98,0.34,2.84,57.8,42.5,Urban_Residential,9206.0,0.85,14,1,1: Moderate
Sivaganga - Vaigai/Gundar (Parthibanur),Valley Basin,84.25,11.95,27.15,1.65,0.12,42.13,44.1,54.7,Urban_Commercial,12050.0,0.3,4,0,0: Low
Sivaganga - Vaigai/Gundar (Parthibanur),Valley Basin,32.95,10.39,26.51,1.01,0.27,41.84,52.9,46.4,Urban_Commercial,5875.0,0.96,4,0,0: Low
Tiruvallur - Kosasthalaiyar Basin,Northern Plain,4.82,5.24,14.54,0.54,0.03,18.99,49.7,44.1,Industrial,3264.0,0.67,7,0,0: Low
Sivaganga - Vaigai/Gundar (Parthibanur),Valley Basin,72.82,9.48,27.25,1.75,0.37,42.09,26.8,68.1,Urban_Commercial,15077.0,0.98,4,0,0: Low
Tiruvallur - Kosasthalaiyar Basin,Northern Plain,5.41,5.16,14.28,0.28,-0.09,18.33,59.7,43.0,Industrial,1413.0,0.48,7,0,0: Low
Chennai - Adyar Basin (Nandambakkam),Coastal / Low Basin,51.32,11.96,5.41,0.91,0.11,7.61,85.9,13.2,Urban_High_Density,8521.0,0.63,8,0,0: Low
Chennai - Madipakkam Lake Buffer,Lake Catchment,118.84,34.3,6.76,4.26,0.82,3.1,32.4,62.8,Urban_Residential,3766.0,0.75,14,3,3: Severe Inundation
Kancheepuram - Palar Basin,Riverine Valley,155.55,23.45,19.41,2.91,0.44,24.23,43.4,54.2,Urban_Residential,10838.0,0.34,5,1,1: Moderate
Tiruvallur - Kosasthalaiyar Basin,Northern Plain,101.15,37.49,18.06,4.06,0.55,18.83,14.4,76.8,Industrial,3304.0,0.44,7,1,1: Moderate
Tiruvallur - Kosasthalaiyar Basin,Northern Plain,9.98,4.19,14.23,0.23,-0.05,19.23,47.1,58.9,Industrial,1952.0,0.61,7,0,0: Low
Ramanathapuram - Gundar Basin (Kamuthi),Estuary / Coastal,141.88,26.67,32.84,2.44,0.34,35.05,82.8,13.4,Commercial,3507.0,0.83,5,0,0: Low
Kancheepuram - Palar Basin,Riverine Valley,114.81,23.68,19.9,3.4,0.85,23.73,92.4,15.3,Urban_Residential,15117.0,0.66,5,0,0: Low
Chennai - Adyar Basin (Nandambakkam),Coastal / Low Basin,131.13,22.07,8.62,4.12,0.86,7.49,92.5,12.2,Urban_High_Density,5305.0,0.91,8,2,2: High
Ramanathapuram - Gundar Basin (Kamuthi),Estuary / Coastal,6.43,2.17,30.93,0.53,0.01,35.42,51.8,44.0,Commercial,4138.0,0.93,5,0,0: Low
Chennai - Madipakkam Lake Buffer,Lake Catchment,80.94,17.36,4.46,1.96,0.27,2.9,59.6,42.6,Urban_Residential,6112.0,0.63,14,1,1: Moderate
Cuddalore - Manimuktha Basin (Virudhachalam),Riverine Plain,134.98,33.73,26.32,3.32,0.41,28.05,69.8,28.0,Agricultural_Mixed,1135.0,0.32,6,0,0: Low
Kancheepuram - Palar Basin,Riverine Valley,3.52,5.6,17.17,0.67,-0.03,23.91,54.6,40.2,Urban_Residential,14306.0,0.73,5,0,0: Low
Cuddalore - Manimuktha Basin (Virudhachalam),Riverine Plain,207.85,56.16,30.01,7.01,1.41,28.23,50.4,49.1,Agricultural_Mixed,4099.0,0.78,6,3,3: Severe Inundation
Kancheepuram - Palar Basin,Riverine Valley,9.01,4.8,17.14,0.64,-0.09,23.99,38.5,58.8,Urban_Residential,8911.0,0.97,5,0,0: Low
Chennai - Adyar Basin (Nandambakkam),Coastal / Low Basin,60.73,6.81,6.27,1.77,0.12,7.43,72.3,40.2,Urban_High_Density,11684.0,0.5,8,0,0: Low
Ramanathapuram - Gundar Basin (Kamuthi),Estuary / Coastal,3.55,1.02,30.48,0.08,0.06,34.98,49.1,45.1,Commercial,4240.0,0.73,5,0,0: Low
Tiruvallur - Kosasthalaiyar Basin,Northern Plain,12.51,1.78,14.28,0.28,-0.07,18.79,53.3,45.8,Industrial,1656.0,0.43,7,0,0: Low
Ramanathapuram - Gundar Basin (Kamuthi),Estuary / Coastal,127.87,30.29,32.94,2.54,0.57,35.05,59.3,36.4,Commercial,4020.0,0.59,5,0,0: Low
Cuddalore - Manimuktha Basin (Virudhachalam),Riverine Plain,24.41,5.37,23.37,0.37,-0.06,28.1,62.5,45.1,Agricultural_Mixed,1297.0,0.54,6,0,0: Low
Kancheepuram - Palar Basin,Riverine Valley,66.59,15.98,18.53,2.03,0.21,24.6,60.9,40.2,Urban_Residential,11071.0,0.86,5,0,0: Low
Chennai - Velachery Lowland Basin,Coastal Lowland,11.51,3.18,3.96,0.76,0.06,3.79,42.0,56.6,Urban_High_Density,16253.0,0.91,12,0,0: Low
Chennai - Madipakkam Lake Buffer,Lake Catchment,143.97,42.03,5.97,3.47,0.88,3.76,75.6,24.5,Urban_Residential,5809.0,0.91,14,2,2: High
Tiruvallur - Kosasthalaiyar Basin,Northern Plain,81.67,12.0,15.3,1.3,0.23,19.68,70.8,28.2,Industrial,3166.0,0.54,7,0,0: Low
Cuddalore - Manimuktha Basin (Virudhachalam),Riverine Plain,6.76,3.0,23.23,0.23,0.03,28.52,67.8,38.0,Agricultural_Mixed,1740.0,0.73,6,0,0: Low
Chennai - Madipakkam Lake Buffer,Lake Catchment,68.87,19.63,4.55,2.05,0.2,3.07,76.0,27.2,Urban_Residential,15133.0,0.95,14,1,1: Moderate
Tiruvallur - Kosasthalaiyar Basin,Northern Plain,6.72,6.09,14.15,0.15,0.0,19.05,43.2,54.6,Industrial,2622.0,0.94,7,0,0: Low
Chennai - Madipakkam Lake Buffer,Lake Catchment,5.09,3.68,3.25,0.75,0.04,3.1,45.8,56.7,Urban_Residential,17698.0,0.78,14,0,0: Low
Kancheepuram - Palar Basin,Riverine Valley,70.67,8.53,18.64,2.14,0.29,23.61,78.7,26.5,Urban_Residential,12968.0,0.97,5,0,0: Low
Chennai - Adyar Basin (Nandambakkam),Coastal / Low Basin,30.19,6.56,5.58,1.08,0.16,7.24,69.1,30.0,Urban_High_Density,10829.0,0.77,8,0,0: Low
Cuddalore - Manimuktha Basin (Virudhachalam),Riverine Plain,117.08,35.31,27.39,4.39,0.8,27.74,20.2,79.9,Agricultural_Mixed,2189.0,0.95,6,1,1: Moderate
Sivaganga - Vaigai/Gundar (Parthibanur),Valley Basin,252.68,41.9,32.05,6.55,1.07,42.26,76.2,15.5,Urban_Commercial,16678.0,0.69,4,1,1: Moderate
Chennai - Velachery Lowland Basin,Coastal Lowland,98.58,32.69,7.59,4.39,0.68,4.3,62.6,33.5,Urban_High_Density,13379.0,0.64,12,2,2: High
Sivaganga - Vaigai/Gundar (Parthibanur),Valley Basin,2.11,3.4,26.28,0.78,0.04,41.62,52.5,37.5,Urban_Commercial,5613.0,0.51,4,0,0: Low
Cuddalore - Manimuktha Basin (Virudhachalam),Riverine Plain,51.3,18.73,25.16,2.16,0.15,28.29,35.4,68.1,Agricultural_Mixed,2716.0,0.53,6,0,0: Low
Tiruvallur - Kosasthalaiyar Basin,Northern Plain,192.96,69.47,18.65,4.65,0.87,18.72,56.6,37.2,Industrial,3206.0,0.44,7,3,3: Severe Inundation
Cuddalore - Manimuktha Basin (Virudhachalam),Riverine Plain,65.96,19.93,25.11,2.11,0.1,27.65,73.8,26.9,Agricultural_Mixed,3572.0,0.8,6,0,0: Low
Cuddalore - Manimuktha Basin (Virudhachalam),Riverine Plain,3.27,1.01,23.28,0.28,-0.05,28.04,71.2,29.3,Agricultural_Mixed,2143.0,0.34,6,0,0: Low
Kancheepuram - Palar Basin,Riverine Valley,59.27,12.08,17.84,1.34,0.35,23.6,33.7,65.0,Urban_Residential,3212.0,0.37,5,0,0: Low
Ramanathapuram - Gundar Basin (Kamuthi),Estuary / Coastal,7.24,4.53,31.08,0.68,-0.05,34.81,62.5,32.2,Commercial,2586.0,0.3,5,0,0: Low
Chennai - Velachery Lowland Basin,Coastal Lowland,75.37,13.06,5.28,2.08,0.29,3.74,44.3,58.3,Urban_High_Density,2999.0,0.95,12,1,1: Moderate
Chennai - Adyar Basin (Nandambakkam),Coastal / Low Basin,76.18,11.05,5.9,1.4,0.39,7.38,67.7,40.4,Urban_High_Density,6692.0,0.38,8,0,0: Low
Chennai - Adyar Basin (Nandambakkam),Coastal / Low Basin,14.11,6.79,4.52,0.02,0.04,7.82,27.3,70.3,Urban_High_Density,13797.0,0.64,8,0,0: Low
Chennai - Madipakkam Lake Buffer,Lake Catchment,7.92,2.86,2.58,0.08,-0.03,2.99,88.7,13.9,Urban_Residential,13949.0,0.32,14,0,0: Low
Chennai - Adyar Basin (Nandambakkam),Coastal / Low Basin,297.96,47.56,10.14,5.64,0.97,7.97,73.5,28.4,Urban_High_Density,14459.0,0.9,8,3,3: Severe Inundation
Chennai - Velachery Lowland Basin,Coastal Lowland,17.61,7.7,3.9,0.7,-0.02,3.62,64.3,30.2,Urban_High_Density,13772.0,0.98,12,0,0: Low
Chennai - Madipakkam Lake Buffer,Lake Catchment,4.6,4.62,2.67,0.17,0.01,3.31,54.3,46.1,Urban_Residential,7239.0,0.66,14,0,0: Low
Chennai - Madipakkam Lake Buffer,Lake Catchment,57.51,7.45,3.58,1.08,0.24,3.15,63.0,29.2,Urban_Residential,3284.0,0.76,14,1,1: Moderate
Tiruvallur - Kosasthalaiyar Basin,Northern Plain,46.28,10.57,16.15,2.15,0.15,19.03,87.4,10.0,Industrial,2132.0,0.52,7,0,0: Low
Ramanathapuram - Gundar Basin (Kamuthi),Estuary / Coastal,10.64,5.76,30.85,0.45,-0.01,34.87,85.9,12.8,Commercial,3113.0,0.91,5,0,0: Low
Sivaganga - Vaigai/Gundar (Parthibanur),Valley Basin,22.29,1.25,26.3,0.8,0.07,41.69,50.3,42.4,Urban_Commercial,5046.0,0.73,4,0,0: Low
Tiruvallur - Kosasthalaiyar Basin,Northern Plain,76.9,9.46,14.82,0.82,0.29,19.12,18.6,87.8,Industrial,1227.0,0.36,7,0,0: Low
Ramanathapuram - Gundar Basin (Kamuthi),Estuary / Coastal,117.35,30.04,33.31,2.91,0.66,35.14,78.1,19.5,Commercial,814.0,0.92,5,0,0: Low
Ramanathapuram - Gundar Basin (Kamuthi),Estuary / Coastal,32.52,6.1,32.58,2.18,0.3,34.61,32.3,71.8,Commercial,3877.0,0.43,5,0,0: Low
Ramanathapuram - Gundar Basin (Kamuthi),Estuary / Coastal,8.02,1.26,30.51,0.11,0.08,34.76,70.0,32.5,Commercial,3862.0,0.45,5,0,0: Low
Cuddalore - Manimuktha Basin (Virudhachalam),Riverine Plain,110.99,38.91,25.8,2.8,0.5,28.12,68.9,27.8,Agricultural_Mixed,2075.0,0.6,6,0,0: Low
Tiruvallur - Kosasthalaiyar Basin,Northern Plain,102.03,41.98,17.09,3.09,0.65,19.06,80.6,25.4,Industrial,1038.0,0.31,7,1,1: Moderate
Sivaganga - Vaigai/Gundar (Parthibanur),Valley Basin,204.86,83.9,30.64,5.14,1.16,42.23,58.3,42.2,Urban_Commercial,4910.0,0.61,4,2,2: High
Kancheepuram - Palar Basin,Riverine Valley,15.2,1.19,16.57,0.07,0.04,24.17,36.4,59.7,Urban_Residential,17868.0,0.85,5,0,0: Low
Ramanathapuram - Gundar Basin (Kamuthi),Estuary / Coastal,67.55,9.32,31.81,1.41,0.36,34.84,70.4,36.9,Commercial,2046.0,0.37,5,0,0: Low
Sivaganga - Vaigai/Gundar (Parthibanur),Valley Basin,39.03,6.78,26.47,0.97,0.38,42.22,45.7,57.7,Urban_Commercial,13823.0,0.82,4,0,0: Low
Kancheepuram - Palar Basin,Riverine Valley,17.39,4.27,17.24,0.74,-0.05,23.82,90.9,10.0,Urban_Residential,10990.0,0.5,5,0,0: Low
Chennai - Velachery Lowland Basin,Coastal Lowland,14.9,2.76,3.5,0.3,0.06,3.35,83.4,20.0,Urban_High_Density,11071.0,0.71,12,0,0: Low
Kancheepuram - Palar Basin,Riverine Valley,92.62,27.37,19.94,3.44,0.79,24.19,75.2,21.3,Urban_Residential,3490.0,0.66,5,0,0: Low
Chennai - Velachery Lowland Basin,Coastal Lowland,52.26,12.01,4.32,1.12,0.24,3.3,69.3,29.7,Urban_High_Density,12918.0,0.98,12,0,0: Low
Chennai - Adyar Basin (Nandambakkam),Coastal / Low Basin,5.73,2.43,5.11,0.61,-0.04,7.27,26.2,68.2,Urban_High_Density,3309.0,0.47,8,0,0: Low
Kancheepuram - Palar Basin,Riverine Valley,31.01,8.07,17.83,1.33,0.31,23.58,39.7,56.2,Urban_Residential,14074.0,0.64,5,0,0: Low
Chennai - Velachery Lowland Basin,Coastal Lowland,13.89,1.12,3.23,0.03,-0.0,4.04,21.7,72.7,Urban_High_Density,16338.0,0.33,12,0,0: Low
Ramanathapuram - Gundar Basin (Kamuthi),Estuary / Coastal,141.39,30.14,34.01,3.61,0.71,35.38,60.9,47.0,Commercial,2627.0,0.75,5,0,0: Low
Cuddalore - Manimuktha Basin (Virudhachalam),Riverine Plain,2.04,4.92,23.47,0.47,0.09,28.57,56.7,39.6,Agricultural_Mixed,3282.0,0.73,6,0,0: Low
Kancheepuram - Palar Basin,Riverine Valley,78.2,12.21,17.7,1.2,0.37,23.95,52.0,45.5,Urban_Residential,8286.0,0.69,5,0,0: Low
Chennai - Madipakkam Lake Buffer,Lake Catchment,28.35,6.95,3.17,0.67,0.0,3.49,82.3,22.4,Urban_Residential,3117.0,0.64,14,0,0: Low
Chennai - Velachery Lowland Basin,Coastal Lowland,97.64,35.05,5.6,2.4,0.87,3.51,77.2,23.8,Urban_High_Density,9858.0,0.65,12,2,2: High
Tiruvallur - Kosasthalaiyar Basin,Northern Plain,29.36,6.58,14.33,0.33,-0.07,18.71,79.1,28.1,Industrial,930.0,0.52,7,0,0: Low
Chennai - Velachery Lowland Basin,Coastal Lowland,71.15,9.1,4.31,1.11,0.38,3.64,25.2,69.2,Urban_High_Density,13722.0,0.85,12,1,1: Moderate
Kancheepuram - Palar Basin,Riverine Valley,105.42,20.18,20.21,3.71,0.69,24.1,52.7,43.0,Urban_Residential,6792.0,0.36,5,0,0: Low
Chennai - Velachery Lowland Basin,Coastal Lowland,8.57,2.35,3.66,0.46,-0.03,3.66,51.5,46.9,Urban_High_Density,14754.0,0.98,12,0,0: Low
Sivaganga - Vaigai/Gundar (Parthibanur),Valley Basin,71.73,8.67,27.1,1.6,0.34,41.99,65.3,41.8,Urban_Commercial,13306.0,0.85,4,0,0: Low
Tiruvallur - Kosasthalaiyar Basin,Northern Plain,162.19,55.98,19.48,5.48,1.06,19.22,91.4,14.0,Industrial,3053.0,0.48,7,2,2: High
Kancheepuram - Palar Basin,Riverine Valley,157.37,33.7,20.79,4.29,0.79,24.1,61.4,31.0,Urban_Residential,4410.0,0.5,5,1,1: Moderate
Cuddalore - Manimuktha Basin (Virudhachalam),Riverine Plain,85.69,26.44,25.6,2.6,0.65,27.74,68.0,33.7,Agricultural_Mixed,4398.0,0.47,6,0,0: Low
Sivaganga - Vaigai/Gundar (Parthibanur),Valley Basin,15.73,1.52,25.53,0.03,-0.01,41.52,85.2,23.0,Urban_Commercial,15389.0,0.97,4,0,0: Low
Tiruvallur - Kosasthalaiyar Basin,Northern Plain,70.56,7.79,15.52,1.52,0.18,18.92,87.9,21.4,Industrial,1145.0,0.4,7,0,0: Low
Chennai - Madipakkam Lake Buffer,Lake Catchment,10.0,7.09,2.56,0.06,0.08,3.21,93.4,10.0,Urban_Residential,12881.0,0.81,14,0,0: Low
Chennai - Velachery Lowland Basin,Coastal Lowland,104.28,34.69,6.46,3.26,0.77,4.11,78.6,20.7,Urban_High_Density,12919.0,0.54,12,2,2: High
Chennai - Velachery Lowland Basin,Coastal Lowland,66.0,7.45,4.35,1.15,0.38,3.99,35.3,66.6,Urban_High_Density,13296.0,0.69,12,1,1: Moderate
Chennai - Adyar Basin (Nandambakkam),Coastal / Low Basin,36.75,19.48,5.47,0.97,0.18,7.63,44.2,53.8,Urban_High_Density,4658.0,0.89,8,0,0: Low
Tiruvallur - Kosasthalaiyar Basin,Northern Plain,78.85,12.63,15.85,1.85,0.34,19.09,46.9,51.0,Industrial,752.0,0.43,7,0,0: Low
Chennai - Velachery Lowland Basin,Coastal Lowland,90.26,44.47,6.82,3.62,0.41,4.14,51.3,46.4,Urban_High_Density,5769.0,0.37,12,2,2: High
Chennai - Adyar Basin (Nandambakkam),Coastal / Low Basin,27.69,1.55,4.84,0.34,0.01,7.36,40.8,65.7,Urban_High_Density,16969.0,0.7,8,0,0: Low
Chennai - Adyar Basin (Nandambakkam),Coastal / Low Basin,72.09,18.54,6.41,1.91,0.16,7.53,85.6,10.0,Urban_High_Density,8376.0,0.97,8,0,0: Low
Kancheepuram - Palar Basin,Riverine Valley,9.95,1.84,16.58,0.08,-0.08,23.62,56.6,48.8,Urban_Residential,8682.0,0.65,5,0,0: Low
Chennai - Velachery Lowland Basin,Coastal Lowland,20.26,4.41,3.83,0.63,0.08,3.83,45.9,50.3,Urban_High_Density,17136.0,0.45,12,0,0: Low
Sivaganga - Vaigai/Gundar (Parthibanur),Valley Basin,11.82,2.52,25.97,0.47,-0.03,41.9,43.1,64.3,Urban_Commercial,8840.0,0.5,4,0,0: Low
Chennai - Madipakkam Lake Buffer,Lake Catchment,37.42,6.36,3.51,1.01,0.29,3.02,53.5,54.3,Urban_Residential,5964.0,0.71,14,0,0: Low
Sivaganga - Vaigai/Gundar (Parthibanur),Valley Basin,115.45,44.59,29.47,3.97,0.88,42.36,36.1,64.7,Urban_Commercial,10956.0,0.45,4,0,0: Low
Sivaganga - Vaigai/Gundar (Parthibanur),Valley Basin,183.37,68.46,32.08,6.58,0.92,41.68,17.9,81.2,Urban_Commercial,6865.0,0.82,4,2,2: High
Chennai - Velachery Lowland Basin,Coastal Lowland,17.15,7.7,3.51,0.31,-0.02,3.95,49.6,45.4,Urban_High_Density,7099.0,0.85,12,0,0: Low
Ramanathapuram - Gundar Basin (Kamuthi),Estuary / Coastal,43.71,17.44,31.35,0.95,0.35,34.63,32.3,61.8,Commercial,4445.0,0.34,5,0,0: Low
Cuddalore - Manimuktha Basin (Virudhachalam),Riverine Plain,20.09,3.49,23.54,0.54,0.05,27.95,77.6,22.0,Agricultural_Mixed,2422.0,0.6,6,0,0: Low
Chennai - Adyar Basin (Nandambakkam),Coastal / Low Basin,108.16,26.51,6.84,2.34,0.71,6.92,27.9,83.9,Urban_High_Density,12730.0,0.75,8,2,2: High
Chennai - Velachery Lowland Basin,Coastal Lowland,19.9,7.11,3.53,0.33,-0.07,3.67,55.5,42.7,Urban_High_Density,9827.0,0.65,12,0,0: Low
Kancheepuram - Palar Basin,Riverine Valley,26.37,2.19,16.78,0.28,0.05,23.89,44.3,54.3,Urban_Residential,16065.0,0.52,5,0,0: Low
Chennai - Adyar Basin (Nandambakkam),Coastal / Low Basin,55.24,19.57,5.71,1.21,0.29,6.91,74.6,27.7,Urban_High_Density,11258.0,0.81,8,0,0: Low
Chennai - Madipakkam Lake Buffer,Lake Catchment,78.86,16.73,4.44,1.94,0.34,3.01,36.6,61.5,Urban_Residential,3747.0,0.38,14,1,1: Moderate
Ramanathapuram - Gundar Basin (Kamuthi),Estuary / Coastal,68.58,19.81,31.82,1.42,0.26,34.8,43.5,58.0,Commercial,4089.0,0.44,5,0,0: Low
Cuddalore - Manimuktha Basin (Virudhachalam),Riverine Plain,316.14,82.26,28.45,5.45,1.31,28.14,73.4,32.3,Agricultural_Mixed,757.0,0.37,6,3,3: Severe Inundation
Chennai - Velachery Lowland Basin,Coastal Lowland,175.56,78.5,9.38,6.18,1.63,4.26,62.4,43.8,Urban_High_Density,15354.0,0.63,12,3,3: Severe Inundation
Chennai - Madipakkam Lake Buffer,Lake Catchment,100.71,43.62,4.84,2.34,0.84,3.2,84.7,10.0,Urban_Residential,5399.0,0.44,14,2,2: High
Tiruvallur - Kosasthalaiyar Basin,Northern Plain,79.13,14.91,15.77,1.77,0.3,18.98,22.6,73.8,Industrial,649.0,0.84,7,0,0: Low
Ramanathapuram - Gundar Basin (Kamuthi),Estuary / Coastal,3.82,6.46,31.0,0.6,0.06,35.0,65.6,29.5,Commercial,2456.0,0.43,5,0,0: Low
Sivaganga - Vaigai/Gundar (Parthibanur),Valley Basin,7.72,2.67,25.68,0.18,-0.02,42.12,95.0,10.4,Urban_Commercial,16247.0,0.99,4,0,0: Low
Ramanathapuram - Gundar Basin (Kamuthi),Estuary / Coastal,50.44,10.16,31.41,1.01,0.14,34.76,82.8,17.4,Commercial,1866.0,0.62,5,0,0: Low
Chennai - Madipakkam Lake Buffer,Lake Catchment,317.89,42.02,7.53,5.03,1.22,3.11,48.0,47.8,Urban_Residential,9136.0,0.37,14,3,3: Severe Inundation
Chennai - Velachery Lowland Basin,Coastal Lowland,212.61,79.44,10.65,7.45,1.75,3.99,37.6,58.4,Urban_High_Density,17412.0,0.84,12,3,3: Severe Inundation
Ramanathapuram - Gundar Basin (Kamuthi),Estuary / Coastal,142.04,32.13,34.73,4.33,0.8,35.09,66.3,34.4,Commercial,1182.0,0.51,5,0,0: Low
Chennai - Velachery Lowland Basin,Coastal Lowland,147.74,39.99,6.88,3.68,0.52,3.82,24.6,72.8,Urban_High_Density,10708.0,0.85,12,3,3: Severe Inundation
Kancheepuram - Palar Basin,Riverine Valley,60.5,17.2,18.15,1.65,0.17,24.14,55.2,45.1,Urban_Residential,4042.0,0.77,5,0,0: Low
Chennai - Velachery Lowland Basin,Coastal Lowland,23.54,5.95,3.23,0.03,0.01,4.2,64.5,41.7,Urban_High_Density,4756.0,0.6,12,0,0: Low
Chennai - Madipakkam Lake Buffer,Lake Catchment,79.17,12.95,4.06,1.56,0.39,3.51,51.6,47.4,Urban_Residential,14435.0,0.82,14,1,1: Moderate
Cuddalore - Manimuktha Basin (Virudhachalam),Riverine Plain,283.75,50.95,27.64,4.64,1.79,27.62,63.5,38.6,Agricultural_Mixed,938.0,1.0,6,2,2: High
Kancheepuram - Palar Basin,Riverine Valley,80.31,19.63,17.67,1.17,0.16,24.3,45.3,53.9,Urban_Residential,15446.0,0.33,5,0,0: Low
Cuddalore - Manimuktha Basin (Virudhachalam),Riverine Plain,11.19,7.09,23.6,0.6,-0.06,28.06,71.5,36.1,Agricultural_Mixed,3519.0,0.62,6,0,0: Low
Ramanathapuram - Gundar Basin (Kamuthi),Estuary / Coastal,78.69,11.06,32.51,2.11,0.29,35.01,44.2,39.2,Commercial,2292.0,0.97,5,0,0: Low
Sivaganga - Vaigai/Gundar (Parthibanur),Valley Basin,155.64,41.68,28.18,2.68,0.6,41.67,95.0,11.3,Urban_Commercial,3430.0,0.99,4,0,0: Low
Tiruvallur - Kosasthalaiyar Basin,Northern Plain,19.12,2.68,14.69,0.69,-0.03,18.98,10.0,81.0,Industrial,2939.0,0.67,7,0,0: Low
Chennai - Madipakkam Lake Buffer,Lake Catchment,65.98,10.31,3.48,0.98,0.33,3.06,81.7,17.6,Urban_Residential,13683.0,0.33,14,0,0: Low
Cuddalore - Manimuktha Basin (Virudhachalam),Riverine Plain,118.84,22.03,27.47,4.47,0.83,27.78,89.3,16.5,Agricultural_Mixed,1908.0,0.54,6,0,0: Low
Tiruvallur - Kosasthalaiyar Basin,Northern Plain,243.49,46.33,19.27,5.27,1.28,18.99,69.4,36.6,Industrial,2905.0,0.43,7,3,3: Severe Inundation
Chennai - Adyar Basin (Nandambakkam),Coastal / Low Basin,291.06,65.01,10.7,6.2,1.64,7.38,63.3,39.5,Urban_High_Density,12282.0,0.85,8,3,3: Severe Inundation
Chennai - Velachery Lowland Basin,Coastal Lowland,68.98,11.47,5.18,1.98,0.3,3.9,17.0,76.1,Urban_High_Density,16283.0,0.64,12,1,1: Moderate
Cuddalore - Manimuktha Basin (Virudhachalam),Riverine Plain,119.83,31.94,25.97,2.97,0.47,27.56,82.9,20.1,Agricultural_Mixed,1320.0,0.72,6,0,0: Low
Kancheepuram - Palar Basin,Riverine Valley,13.45,5.89,17.01,0.51,0.01,24.23,43.2,62.3,Urban_Residential,15247.0,0.73,5,0,0: Low
Chennai - Madipakkam Lake Buffer,Lake Catchment,50.41,15.76,3.97,1.47,0.35,3.27,59.6,42.6,Urban_Residential,10802.0,0.53,14,1,1: Moderate
Chennai - Velachery Lowland Basin,Coastal Lowland,17.08,2.02,3.64,0.44,0.03,3.79,57.2,45.7,Urban_High_Density,16024.0,0.58,12,0,0: Low
Tiruvallur - Kosasthalaiyar Basin,Northern Plain,31.22,16.03,14.95,0.95,0.34,18.86,80.9,21.5,Industrial,3748.0,0.43,7,0,0: Low
Chennai - Madipakkam Lake Buffer,Lake Catchment,5.69,3.68,2.66,0.16,0.03,3.37,29.2,83.4,Urban_Residential,8834.0,0.34,14,0,0: Low
Cuddalore - Manimuktha Basin (Virudhachalam),Riverine Plain,16.94,1.94,23.75,0.75,0.08,27.81,48.1,45.5,Agricultural_Mixed,3925.0,0.94,6,0,0: Low
Sivaganga - Vaigai/Gundar (Parthibanur),Valley Basin,58.62,19.03,27.61,2.11,0.39,42.14,31.8,72.7,Urban_Commercial,14992.0,0.72,4,0,0: Low
Kancheepuram - Palar Basin,Riverine Valley,55.15,13.71,17.45,0.95,0.4,23.95,74.2,33.3,Urban_Residential,11950.0,0.66,5,0,0: Low
Chennai - Adyar Basin (Nandambakkam),Coastal / Low Basin,86.88,33.41,8.73,4.23,0.31,7.72,69.1,30.7,Urban_High_Density,15821.0,0.35,8,2,2: High
Chennai - Madipakkam Lake Buffer,Lake Catchment,75.97,16.34,3.67,1.17,0.11,3.53,42.4,58.6,Urban_Residential,14510.0,0.61,14,1,1: Moderate
Sivaganga - Vaigai/Gundar (Parthibanur),Valley Basin,125.36,20.36,29.83,4.33,0.57,42.41,87.4,10.3,Urban_Commercial,8799.0,0.43,4,0,0: Low
Cuddalore - Manimuktha Basin (Virudhachalam),Riverine Plain,135.4,44.21,25.79,2.79,0.59,28.15,78.7,11.0,Agricultural_Mixed,2636.0,0.31,6,0,0: Low
Kancheepuram - Palar Basin,Riverine Valley,2.04,3.16,16.72,0.22,-0.02,24.01,91.9,10.6,Urban_Residential,15061.0,0.66,5,0,0: Low
Chennai - Velachery Lowland Basin,Coastal Lowland,52.98,16.64,4.24,1.04,0.2,3.61,56.3,46.7,Urban_High_Density,17826.0,0.56,12,1,1: Moderate
Tiruvallur - Kosasthalaiyar Basin,Northern Plain,51.97,17.7,15.82,1.82,0.32,18.96,90.2,10.0,Industrial,1710.0,0.89,7,0,0: Low
Cuddalore - Manimuktha Basin (Virudhachalam),Riverine Plain,70.26,6.6,24.75,1.75,0.22,28.06,56.0,51.2,Agricultural_Mixed,2967.0,0.84,6,0,0: Low
Ramanathapuram - Gundar Basin (Kamuthi),Estuary / Coastal,28.07,5.8,30.43,0.03,0.06,35.11,89.0,10.0,Commercial,4292.0,0.35,5,0,0: Low
Chennai - Adyar Basin (Nandambakkam),Coastal / Low Basin,35.11,17.07,5.41,0.91,0.12,7.66,83.9,15.5,Urban_High_Density,5679.0,0.35,8,0,0: Low
Chennai - Adyar Basin (Nandambakkam),Coastal / Low Basin,145.67,30.22,7.87,3.37,0.32,7.47,80.3,27.1,Urban_High_Density,14602.0,0.38,8,2,2: High
Chennai - Velachery Lowland Basin,Coastal Lowland,70.63,18.7,5.29,2.09,0.26,3.57,51.9,42.9,Urban_High_Density,11200.0,0.65,12,1,1: Moderate
Kancheepuram - Palar Basin,Riverine Valley,283.74,77.75,22.28,5.78,1.56,23.94,85.5,14.1,Urban_Residential,7160.0,0.62,5,3,3: Severe Inundation
Cuddalore - Manimuktha Basin (Virudhachalam),Riverine Plain,38.25,16.97,24.27,1.27,0.28,28.18,36.1,71.5,Agricultural_Mixed,4022.0,0.84,6,0,0: Low
Cuddalore - Manimuktha Basin (Virudhachalam),Riverine Plain,117.37,26.97,26.15,3.15,0.66,27.75,62.4,38.0,Agricultural_Mixed,1400.0,0.68,6,0,0: Low
Sivaganga - Vaigai/Gundar (Parthibanur),Valley Basin,70.76,9.63,26.78,1.28,0.4,42.4,83.5,20.0,Urban_Commercial,17058.0,0.9,4,0,0: Low
Ramanathapuram - Gundar Basin (Kamuthi),Estuary / Coastal,23.23,5.56,30.54,0.14,-0.09,35.14,83.5,12.4,Commercial,1455.0,0.43,5,0,0: Low
Tiruvallur - Kosasthalaiyar Basin,Northern Plain,17.83,4.53,14.16,0.16,-0.09,19.33,82.5,18.0,Industrial,1662.0,0.78,7,0,0: Low
Kancheepuram - Palar Basin,Riverine Valley,107.82,35.67,19.82,3.32,0.52,24.06,61.6,44.5,Urban_Residential,9814.0,0.57,5,0,0: Low
Chennai - Madipakkam Lake Buffer,Lake Catchment,116.11,32.44,4.75,2.25,0.4,3.61,38.0,56.4,Urban_Residential,15990.0,0.65,14,2,2: High
Tiruvallur - Kosasthalaiyar Basin,Northern Plain,120.38,38.08,16.52,2.52,0.7,19.01,40.1,58.9,Industrial,3298.0,0.37,7,1,1: Moderate
Ramanathapuram - Gundar Basin (Kamuthi),Estuary / Coastal,19.3,1.98,31.16,0.76,0.09,35.17,89.1,14.7,Commercial,900.0,0.54,5,0,0: Low
Tiruvallur - Kosasthalaiyar Basin,Northern Plain,51.1,7.67,15.14,1.14,0.13,18.69,74.4,28.8,Industrial,2161.0,0.62,7,0,0: Low
Cuddalore - Manimuktha Basin (Virudhachalam),Riverine Plain,57.02,10.25,24.58,1.58,0.3,27.99,66.5,26.9,Agricultural_Mixed,873.0,0.92,6,0,0: Low
Kancheepuram - Palar Basin,Riverine Valley,23.43,6.21,17.22,0.72,-0.1,23.49,44.1,56.6,Urban_Residential,3053.0,0.7,5,0,0: Low
Tiruvallur - Kosasthalaiyar Basin,Northern Plain,63.52,8.68,15.18,1.18,0.29,19.34,59.0,42.3,Industrial,1650.0,0.49,7,0,0: Low
Chennai - Velachery Lowland Basin,Coastal Lowland,273.84,58.82,10.15,6.95,1.8,4.06,59.9,44.0,Urban_High_Density,5770.0,0.97,12,3,3: Severe Inundation
Chennai - Adyar Basin (Nandambakkam),Coastal / Low Basin,67.43,9.46,6.14,1.64,0.18,7.3,75.0,10.0,Urban_High_Density,3234.0,0.41,8,0,0: Low
Chennai - Madipakkam Lake Buffer,Lake Catchment,97.69,20.93,6.42,3.92,0.48,2.81,57.6,38.2,Urban_Residential,5226.0,0.38,14,2,2: High
Sivaganga - Vaigai/Gundar (Parthibanur),Valley Basin,123.54,18.29,29.25,3.75,0.55,41.55,40.2,55.8,Urban_Commercial,15181.0,0.57,4,0,0: Low
Kancheepuram - Palar Basin,Riverine Valley,53.87,8.69,17.98,1.48,0.22,24.2,60.8,39.6,Urban_Residential,3401.0,0.9,5,0,0: Low
Kancheepuram - Palar Basin,Riverine Valley,59.67,18.05,17.44,0.94,0.17,24.31,55.6,39.6,Urban_Residential,5396.0,0.92,5,0,0: Low
Sivaganga - Vaigai/Gundar (Parthibanur),Valley Basin,35.69,12.41,26.83,1.33,0.27,42.06,70.1,33.0,Urban_Commercial,5433.0,0.41,4,0,0: Low
Chennai - Madipakkam Lake Buffer,Lake Catchment,104.56,39.58,5.32,2.82,0.32,2.78,69.6,31.5,Urban_Residential,14902.0,0.43,14,2,2: High
Cuddalore - Manimuktha Basin (Virudhachalam),Riverine Plain,128.04,30.58,26.66,3.66,0.48,28.35,40.4,66.1,Agricultural_Mixed,2495.0,0.56,6,0,0: Low
Chennai - Madipakkam Lake Buffer,Lake Catchment,65.78,10.99,4.65,2.15,0.38,3.7,60.0,45.1,Urban_Residential,13216.0,0.79,14,1,1: Moderate
Chennai - Madipakkam Lake Buffer,Lake Catchment,24.0,7.3,2.67,0.17,0.03,2.73,55.3,45.7,Urban_Residential,15681.0,0.95,14,0,0: Low
Chennai - Adyar Basin (Nandambakkam),Coastal / Low Basin,6.8,6.87,4.52,0.02,-0.05,7.65,72.6,28.9,Urban_High_Density,5114.0,0.75,8,0,0: Low
Tiruvallur - Kosasthalaiyar Basin,Northern Plain,238.1,42.59,21.78,7.78,1.39,19.07,21.7,78.0,Industrial,1663.0,0.58,7,3,3: Severe Inundation
Chennai - Velachery Lowland Basin,Coastal Lowland,42.52,14.71,4.02,0.82,0.25,4.14,56.9,46.7,Urban_High_Density,7446.0,0.58,12,0,0: Low
Sivaganga - Vaigai/Gundar (Parthibanur),Valley Basin,88.69,21.68,27.89,2.39,0.81,41.97,62.1,32.1,Urban_Commercial,3128.0,0.64,4,0,0: Low
Cuddalore - Manimuktha Basin (Virudhachalam),Riverine Plain,147.25,23.41,27.24,4.24,0.49,28.13,69.8,34.9,Agricultural_Mixed,3821.0,0.4,6,0,0: Low
Kancheepuram - Palar Basin,Riverine Valley,24.64,7.44,16.84,0.34,-0.03,24.04,25.4,76.4,Urban_Residential,16950.0,0.44,5,0,0: Low
Cuddalore - Manimuktha Basin (Virudhachalam),Riverine Plain,10.9,3.17,23.6,0.6,0.01,27.73,74.5,23.9,Agricultural_Mixed,1987.0,0.64,6,0,0: Low
Sivaganga - Vaigai/Gundar (Parthibanur),Valley Basin,21.22,2.51,26.07,0.57,0.09,42.6,39.2,64.4,Urban_Commercial,11730.0,0.99,4,0,0: Low
Chennai - Adyar Basin (Nandambakkam),Coastal / Low Basin,24.33,1.24,5.06,0.56,-0.1,8.01,53.9,35.9,Urban_High_Density,7327.0,0.63,8,0,0: Low
Chennai - Adyar Basin (Nandambakkam),Coastal / Low Basin,49.74,13.93,5.63,1.13,0.4,7.08,77.9,31.7,Urban_High_Density,8218.0,0.87,8,0,0: Low
Chennai - Madipakkam Lake Buffer,Lake Catchment,79.4,14.82,4.34,1.84,0.35,3.04,77.3,24.3,Urban_Residential,5339.0,0.97,14,1,1: Moderate
Sivaganga - Vaigai/Gundar (Parthibanur),Valley Basin,41.64,14.6,27.31,1.81,0.32,42.1,66.6,28.0,Urban_Commercial,11067.0,0.43,4,0,0: Low
Ramanathapuram - Gundar Basin (Kamuthi),Estuary / Coastal,115.57,18.71,32.73,2.33,0.81,34.57,67.1,37.6,Commercial,2079.0,0.84,5,0,0: Low
Sivaganga - Vaigai/Gundar (Parthibanur),Valley Basin,40.24,10.09,27.39,1.89,0.37,41.92,29.3,67.9,Urban_Commercial,2601.0,0.73,4,0,0: Low
Cuddalore - Manimuktha Basin (Virudhachalam),Riverine Plain,24.33,5.97,23.42,0.42,0.0,28.36,48.4,53.9,Agricultural_Mixed,3150.0,0.5,6,0,0: Low
Sivaganga - Vaigai/Gundar (Parthibanur),Valley Basin,62.8,11.82,26.72,1.22,0.11,42.26,29.9,73.7,Urban_Commercial,10113.0,0.87,4,0,0: Low
Sivaganga - Vaigai/Gundar (Parthibanur),Valley Basin,11.77,6.63,26.23,0.73,0.08,41.91,84.0,11.5,Urban_Commercial,7488.0,0.66,4,0,0: Low
Sivaganga - Vaigai/Gundar (Parthibanur),Valley Basin,14.69,7.12,25.96,0.46,0.08,41.86,84.4,13.3,Urban_Commercial,17105.0,0.83,4,0,0: Low
Chennai - Madipakkam Lake Buffer,Lake Catchment,36.09,10.04,3.59,1.09,0.22,3.06,61.8,36.5,Urban_Residential,15566.0,0.39,14,0,0: Low
Ramanathapuram - Gundar Basin (Kamuthi),Estuary / Coastal,100.11,27.22,34.82,4.42,0.66,34.81,62.3,42.9,Commercial,2798.0,0.69,5,0,0: Low
Chennai - Adyar Basin (Nandambakkam),Coastal / Low Basin,26.41,3.16,4.94,0.44,0.04,7.78,28.4,61.7,Urban_High_Density,16081.0,0.73,8,0,0: Low
Chennai - Velachery Lowland Basin,Coastal Lowland,93.14,29.57,6.47,3.27,0.89,3.54,23.6,77.1,Urban_High_Density,9638.0,0.83,12,2,2: High
Ramanathapuram - Gundar Basin (Kamuthi),Estuary / Coastal,8.97,7.57,31.05,0.65,0.06,34.95,60.4,36.0,Commercial,1582.0,0.81,5,0,0: Low
Ramanathapuram - Gundar Basin (Kamuthi),Estuary / Coastal,29.53,2.71,30.7,0.3,-0.04,34.99,89.6,13.3,Commercial,3014.0,0.32,5,0,0: Low
Chennai - Velachery Lowland Basin,Coastal Lowland,40.88,17.47,5.28,2.08,0.34,3.63,24.7,79.0,Urban_High_Density,4328.0,0.95,12,1,1: Moderate
Ramanathapuram - Gundar Basin (Kamuthi),Estuary / Coastal,27.3,2.24,30.95,0.55,0.01,34.93,79.0,24.8,Commercial,1765.0,0.65,5,0,0: Low
Cuddalore - Manimuktha Basin (Virudhachalam),Riverine Plain,7.91,4.03,23.33,0.33,-0.09,27.71,55.2,40.9,Agricultural_Mixed,3593.0,0.35,6,0,0: Low
Chennai - Adyar Basin (Nandambakkam),Coastal / Low Basin,114.49,23.87,8.45,3.95,0.77,7.3,77.8,26.5,Urban_High_Density,9136.0,0.54,8,2,2: High
Ramanathapuram - Gundar Basin (Kamuthi),Estuary / Coastal,69.2,18.85,32.13,1.73,0.24,35.19,57.7,41.5,Commercial,4147.0,0.57,5,0,0: Low
Chennai - Adyar Basin (Nandambakkam),Coastal / Low Basin,5.28,1.11,4.59,0.09,-0.04,7.79,82.4,24.3,Urban_High_Density,6383.0,0.69,8,0,0: Low
Chennai - Madipakkam Lake Buffer,Lake Catchment,4.71,2.59,3.22,0.72,0.1,3.4,58.3,38.5,Urban_Residential,12512.0,0.57,14,0,0: Low
Sivaganga - Vaigai/Gundar (Parthibanur),Valley Basin,11.56,7.72,26.14,0.64,-0.01,41.88,47.6,56.7,Urban_Commercial,4395.0,0.39,4,0,0: Low
Chennai - Madipakkam Lake Buffer,Lake Catchment,45.2,13.96,3.93,1.43,0.23,3.07,85.8,18.0,Urban_Residential,13551.0,0.78,14,0,0: Low
Chennai - Adyar Basin (Nandambakkam),Coastal / Low Basin,34.6,9.83,5.72,1.22,0.27,7.62,58.7,36.0,Urban_High_Density,11266.0,0.86,8,0,0: Low
Ramanathapuram - Gundar Basin (Kamuthi),Estuary / Coastal,239.28,82.36,38.02,7.62,1.38,34.94,52.0,45.3,Commercial,1184.0,0.84,5,3,3: Severe Inundation
Chennai - Velachery Lowland Basin,Coastal Lowland,38.69,18.66,4.32,1.12,0.19,3.73,69.6,22.8,Urban_High_Density,3691.0,0.69,12,0,0: Low
Chennai - Adyar Basin (Nandambakkam),Coastal / Low Basin,154.4,41.61,7.49,2.99,0.5,7.53,76.4,23.2,Urban_High_Density,3636.0,0.31,8,2,2: High
Ramanathapuram - Gundar Basin (Kamuthi),Estuary / Coastal,23.0,2.43,30.95,0.55,-0.03,35.01,50.1,51.2,Commercial,2151.0,0.49,5,0,0: Low
Tiruvallur - Kosasthalaiyar Basin,Northern Plain,78.99,6.57,14.9,0.9,0.2,18.77,72.4,26.2,Industrial,1397.0,0.4,7,0,0: Low
Cuddalore - Manimuktha Basin (Virudhachalam),Riverine Plain,25.42,3.86,23.21,0.21,0.02,28.2,58.6,39.2,Agricultural_Mixed,4029.0,0.31,6,0,0: Low
Cuddalore - Manimuktha Basin (Virudhachalam),Riverine Plain,26.12,3.31,23.29,0.29,-0.09,28.22,61.1,38.5,Agricultural_Mixed,1584.0,0.42,6,0,0: Low
Kancheepuram - Palar Basin,Riverine Valley,18.5,1.99,16.71,0.21,0.01,24.31,23.9,69.8,Urban_Residential,15060.0,0.41,5,0,0: Low
Kancheepuram - Palar Basin,Riverine Valley,121.33,32.52,18.84,2.34,0.63,24.11,29.1,77.9,Urban_Residential,8408.0,0.64,5,1,1: Moderate
Chennai - Madipakkam Lake Buffer,Lake Catchment,28.14,4.58,3.06,0.56,0.07,3.3,43.3,61.0,Urban_Residential,12478.0,0.92,14,0,0: Low
Cuddalore - Manimuktha Basin (Virudhachalam),Riverine Plain,48.23,19.72,24.25,1.25,0.32,28.7,53.1,49.4,Agricultural_Mixed,2833.0,0.31,6,0,0: Low
Kancheepuram - Palar Basin,Riverine Valley,160.7,40.01,22.65,6.15,0.83,24.26,73.6,25.8,Urban_Residential,17844.0,0.57,5,2,2: High
Sivaganga - Vaigai/Gundar (Parthibanur),Valley Basin,17.25,7.91,26.13,0.63,0.1,42.0,45.4,49.8,Urban_Commercial,13392.0,0.65,4,0,0: Low
Chennai - Adyar Basin (Nandambakkam),Coastal / Low Basin,119.49,23.67,8.69,4.19,0.55,7.75,65.9,25.1,Urban_High_Density,16379.0,0.38,8,2,2: High
Chennai - Velachery Lowland Basin,Coastal Lowland,26.17,3.52,3.71,0.51,0.08,3.87,91.6,16.5,Urban_High_Density,15536.0,0.83,12,0,0: Low
Kancheepuram - Palar Basin,Riverine Valley,229.52,41.1,22.27,5.77,0.93,24.37,61.2,41.3,Urban_Residential,16071.0,0.98,5,2,2: High
Chennai - Adyar Basin (Nandambakkam),Coastal / Low Basin,98.21,25.15,6.88,2.38,0.77,7.53,84.0,18.5,Urban_High_Density,12505.0,0.91,8,1,1: Moderate
Chennai - Adyar Basin (Nandambakkam),Coastal / Low Basin,67.96,11.5,6.53,2.03,0.39,7.54,88.0,10.0,Urban_High_Density,2768.0,0.68,8,0,0: Low
Kancheepuram - Palar Basin,Riverine Valley,109.62,30.74,20.54,4.04,0.33,23.9,82.3,20.2,Urban_Residential,15367.0,0.46,5,0,0: Low
Tiruvallur - Kosasthalaiyar Basin,Northern Plain,16.19,4.7,14.71,0.71,-0.02,19.23,73.6,25.8,Industrial,3099.0,0.6,7,0,0: Low
Tiruvallur - Kosasthalaiyar Basin,Northern Plain,177.98,60.33,19.17,5.17,1.69,18.99,66.6,38.4,Industrial,4406.0,0.92,7,3,3: Severe Inundation
Cuddalore - Manimuktha Basin (Virudhachalam),Riverine Plain,18.37,4.08,23.24,0.24,-0.09,28.52,59.6,32.7,Agricultural_Mixed,3854.0,0.59,6,0,0: Low
Kancheepuram - Palar Basin,Riverine Valley,84.33,12.15,18.21,1.71,0.12,24.28,40.5,70.5,Urban_Residential,15770.0,0.41,5,0,0: Low
Kancheepuram - Palar Basin,Riverine Valley,5.94,5.79,16.75,0.25,0.08,24.26,61.3,39.7,Urban_Residential,10829.0,1.0,5,0,0: Low
Cuddalore - Manimuktha Basin (Virudhachalam),Riverine Plain,89.22,35.06,26.96,3.96,0.77,27.78,48.2,53.4,Agricultural_Mixed,4374.0,0.54,6,0,0: Low
Cuddalore - Manimuktha Basin (Virudhachalam),Riverine Plain,47.93,15.04,23.98,0.98,0.31,27.71,73.7,21.4,Agricultural_Mixed,2765.0,0.8,6,0,0: Low
Chennai - Madipakkam Lake Buffer,Lake Catchment,28.1,4.17,3.09,0.59,0.0,2.72,20.3,87.8,Urban_Residential,13203.0,0.77,14,0,0: Low
Ramanathapuram - Gundar Basin (Kamuthi),Estuary / Coastal,35.33,9.3,31.27,0.87,0.4,34.89,78.7,28.5,Commercial,2937.0,0.95,5,0,0: Low
Cuddalore - Manimuktha Basin (Virudhachalam),Riverine Plain,23.9,7.69,23.46,0.46,0.04,27.66,92.4,10.8,Agricultural_Mixed,1427.0,0.42,6,0,0: Low
Ramanathapuram - Gundar Basin (Kamuthi),Estuary / Coastal,46.04,17.08,32.33,1.93,0.24,35.04,29.5,65.4,Commercial,3895.0,0.87,5,0,0: Low
Chennai - Velachery Lowland Basin,Coastal Lowland,11.12,2.65,3.93,0.73,0.0,3.51,8.2,86.2,Urban_High_Density,7050.0,0.71,12,0,0: Low
Chennai - Madipakkam Lake Buffer,Lake Catchment,64.58,18.8,3.35,0.85,0.17,2.9,39.3,63.4,Urban_Residential,16616.0,0.92,14,1,1: Moderate
Tiruvallur - Kosasthalaiyar Basin,Northern Plain,283.72,80.77,19.32,5.32,1.0,19.4,52.5,47.8,Industrial,2718.0,0.54,7,3,3: Severe Inundation
Chennai - Velachery Lowland Basin,Coastal Lowland,110.88,32.1,6.23,3.03,0.31,4.05,83.6,18.3,Urban_High_Density,11545.0,0.34,12,2,2: High
Kancheepuram - Palar Basin,Riverine Valley,25.62,3.53,16.71,0.21,0.07,23.98,44.1,59.8,Urban_Residential,11615.0,0.34,5,0,0: Low
Tiruvallur - Kosasthalaiyar Basin,Northern Plain,34.86,8.83,15.02,1.02,0.24,19.45,59.5,49.2,Industrial,1402.0,0.91,7,0,0: Low
Cuddalore - Manimuktha Basin (Virudhachalam),Riverine Plain,20.82,3.42,23.01,0.01,-0.05,28.28,70.9,16.2,Agricultural_Mixed,777.0,0.98,6,0,0: Low
Cuddalore - Manimuktha Basin (Virudhachalam),Riverine Plain,117.28,30.25,27.22,4.22,0.84,28.17,72.0,33.7,Agricultural_Mixed,3637.0,0.8,6,0,0: Low
Sivaganga - Vaigai/Gundar (Parthibanur),Valley Basin,52.14,19.54,27.16,1.66,0.32,42.39,83.6,11.6,Urban_Commercial,6676.0,0.78,4,0,0: Low
Tiruvallur - Kosasthalaiyar Basin,Northern Plain,46.0,16.02,15.93,1.93,0.18,19.64,19.6,75.7,Industrial,1594.0,0.58,7,0,0: Low
Kancheepuram - Palar Basin,Riverine Valley,21.39,1.65,17.25,0.75,0.07,24.33,83.2,20.8,Urban_Residential,3170.0,0.77,5,0,0: Low
Sivaganga - Vaigai/Gundar (Parthibanur),Valley Basin,42.35,6.96,26.97,1.47,0.15,42.1,80.6,15.2,Urban_Commercial,5278.0,0.87,4,0,0: Low
Tiruvallur - Kosasthalaiyar Basin,Northern Plain,11.19,3.97,14.43,0.43,-0.03,18.41,84.8,17.8,Industrial,720.0,0.51,7,0,0: Low
Chennai - Madipakkam Lake Buffer,Lake Catchment,4.72,4.03,2.77,0.27,-0.08,2.86,38.4,55.3,Urban_Residential,8220.0,0.47,14,0,0: Low
Kancheepuram - Palar Basin,Riverine Valley,49.29,9.01,17.46,0.96,0.36,24.61,85.8,19.5,Urban_Residential,13655.0,0.95,5,0,0: Low
Tiruvallur - Kosasthalaiyar Basin,Northern Plain,60.5,14.85,15.41,1.41,0.3,19.14,75.4,33.3,Industrial,2092.0,0.74,7,0,0: Low
Tiruvallur - Kosasthalaiyar Basin,Northern Plain,74.76,6.37,15.43,1.43,0.33,19.62,35.7,64.2,Industrial,1207.0,0.57,7,0,0: Low
Cuddalore - Manimuktha Basin (Virudhachalam),Riverine Plain,74.86,14.78,23.8,0.8,0.33,27.58,90.6,21.4,Agricultural_Mixed,1765.0,1.0,6,0,0: Low
Chennai - Madipakkam Lake Buffer,Lake Catchment,7.12,7.27,3.1,0.6,-0.08,3.78,75.8,26.9,Urban_Residential,5025.0,0.89,14,0,0: Low
Tiruvallur - Kosasthalaiyar Basin,Northern Plain,133.98,29.79,17.7,3.7,0.33,18.55,42.0,65.8,Industrial,4357.0,0.78,7,1,1: Moderate
Chennai - Madipakkam Lake Buffer,Lake Catchment,17.45,5.21,3.3,0.8,-0.06,2.56,27.3,76.7,Urban_Residential,3264.0,0.53,14,0,0: Low
Chennai - Velachery Lowland Basin,Coastal Lowland,116.73,42.39,6.51,3.31,0.64,3.98,35.1,66.4,Urban_High_Density,3988.0,0.64,12,2,2: High
Chennai - Madipakkam Lake Buffer,Lake Catchment,16.41,6.79,2.56,0.06,-0.03,3.35,49.3,56.8,Urban_Residential,17180.0,0.98,14,0,0: Low
Ramanathapuram - Gundar Basin (Kamuthi),Estuary / Coastal,2.85,1.15,30.72,0.32,0.09,34.89,71.0,26.0,Commercial,3109.0,0.91,5,0,0: Low
Kancheepuram - Palar Basin,Riverine Valley,6.42,5.39,17.22,0.72,0.04,24.31,89.9,19.6,Urban_Residential,2947.0,0.54,5,0,0: Low
Cuddalore - Manimuktha Basin (Virudhachalam),Riverine Plain,34.62,18.39,24.18,1.18,0.17,27.95,16.9,78.3,Agricultural_Mixed,1284.0,0.85,6,0,0: Low
Cuddalore - Manimuktha Basin (Virudhachalam),Riverine Plain,134.79,36.45,26.31,3.31,0.7,28.47,57.8,54.4,Agricultural_Mixed,2524.0,0.53,6,0,0: Low
Cuddalore - Manimuktha Basin (Virudhachalam),Riverine Plain,10.33,4.09,23.25,0.25,-0.03,28.08,49.1,51.7,Agricultural_Mixed,805.0,0.7,6,0,0: Low
Cuddalore - Manimuktha Basin (Virudhachalam),Riverine Plain,19.87,7.01,23.73,0.73,0.0,28.37,70.3,29.8,Agricultural_Mixed,1451.0,0.94,6,0,0: Low
Tiruvallur - Kosasthalaiyar Basin,Northern Plain,24.25,2.28,14.65,0.65,0.02,19.03,43.8,60.7,Industrial,2573.0,0.66,7,0,0: Low
Cuddalore - Manimuktha Basin (Virudhachalam),Riverine Plain,27.82,2.24,23.42,0.42,0.06,28.04,95.0,10.4,Agricultural_Mixed,3130.0,0.93,6,0,0: Low
Chennai - Madipakkam Lake Buffer,Lake Catchment,20.15,7.36,2.83,0.33,-0.04,3.72,62.0,51.1,Urban_Residential,12003.0,0.55,14,0,0: Low
Ramanathapuram - Gundar Basin (Kamuthi),Estuary / Coastal,156.66,33.76,32.7,2.3,0.88,34.7,36.4,62.4,Commercial,2709.0,0.93,5,0,0: Low
Chennai - Adyar Basin (Nandambakkam),Coastal / Low Basin,151.2,44.12,7.71,3.21,0.87,7.66,68.4,30.4,Urban_High_Density,2689.0,0.71,8,2,2: High
Chennai - Madipakkam Lake Buffer,Lake Catchment,3.74,4.65,3.15,0.65,-0.06,2.77,45.4,54.7,Urban_Residential,4154.0,0.32,14,0,0: Low
Cuddalore - Manimuktha Basin (Virudhachalam),Riverine Plain,18.05,6.87,23.58,0.58,-0.07,28.36,50.0,52.8,Agricultural_Mixed,3247.0,0.74,6,0,0: Low
Tiruvallur - Kosasthalaiyar Basin,Northern Plain,134.69,26.85,17.06,3.06,0.84,19.01,55.8,48.3,Industrial,1647.0,0.52,7,1,1: Moderate
Chennai - Madipakkam Lake Buffer,Lake Catchment,74.72,10.16,3.6,1.1,0.3,2.87,65.5,46.1,Urban_Residential,9206.0,0.36,14,1,1: Moderate
Tiruvallur - Kosasthalaiyar Basin,Northern Plain,9.12,4.53,14.65,0.65,0.05,19.3,30.8,71.3,Industrial,2984.0,0.46,7,0,0: Low
Chennai - Adyar Basin (Nandambakkam),Coastal / Low Basin,137.81,35.87,6.86,2.36,0.52,7.5,66.8,30.4,Urban_High_Density,3088.0,0.93,8,2,2: High
Chennai - Velachery Lowland Basin,Coastal Lowland,266.33,82.38,8.4,5.2,0.84,2.92,62.4,40.0,Urban_High_Density,9089.0,0.81,12,3,3: Severe Inundation
Chennai - Velachery Lowland Basin,Coastal Lowland,131.63,26.5,5.78,2.58,0.32,3.77,43.5,56.8,Urban_High_Density,3054.0,0.81,12,2,2: High
Chennai - Madipakkam Lake Buffer,Lake Catchment,15.42,2.3,2.6,0.1,0.07,3.31,67.0,33.3,Urban_Residential,5023.0,0.63,14,0,0: Low
Cuddalore - Manimuktha Basin (Virudhachalam),Riverine Plain,257.26,74.48,30.09,7.09,1.46,27.95,63.8,35.2,Agricultural_Mixed,3728.0,0.51,6,3,3: Severe Inundation
Sivaganga - Vaigai/Gundar (Parthibanur),Valley Basin,81.55,8.32,27.21,1.71,0.17,42.34,28.5,66.7,Urban_Commercial,3592.0,0.98,4,0,0: Low
Ramanathapuram - Gundar Basin (Kamuthi),Estuary / Coastal,12.57,3.22,30.83,0.43,0.03,34.55,78.9,20.5,Commercial,3977.0,0.93,5,0,0: Low
Kancheepuram - Palar Basin,Riverine Valley,50.96,19.06,18.3,1.8,0.38,24.14,29.9,68.8,Urban_Residential,6925.0,0.81,5,0,0: Low
Sivaganga - Vaigai/Gundar (Parthibanur),Valley Basin,24.1,3.22,26.18,0.68,0.06,41.44,94.7,10.0,Urban_Commercial,15407.0,0.64,4,0,0: Low
Cuddalore - Manimuktha Basin (Virudhachalam),Riverine Plain,5.95,7.84,23.47,0.47,0.0,27.55,57.3,38.6,Agricultural_Mixed,2652.0,0.94,6,0,0: Low
Chennai - Madipakkam Lake Buffer,Lake Catchment,7.71,1.22,2.91,0.41,-0.08,2.88,51.1,52.3,Urban_Residential,3010.0,0.93,14,0,0: Low
Chennai - Madipakkam Lake Buffer,Lake Catchment,127.14,32.74,6.9,4.4,0.75,3.08,25.7,79.3,Urban_Residential,4722.0,0.47,14,3,3: Severe Inundation
Cuddalore - Manimuktha Basin (Virudhachalam),Riverine Plain,233.23,68.93,27.86,4.86,1.7,27.78,46.1,56.7,Agricultural_Mixed,3264.0,0.36,6,3,3: Severe Inundation
Chennai - Velachery Lowland Basin,Coastal Lowland,208.09,78.77,10.97,7.77,1.55,3.59,85.8,15.5,Urban_High_Density,3691.0,0.55,12,3,3: Severe Inundation
Sivaganga - Vaigai/Gundar (Parthibanur),Valley Basin,276.89,77.29,32.61,7.11,1.43,42.28,42.7,56.1,Urban_Commercial,6772.0,0.68,4,3,3: Severe Inundation
Tiruvallur - Kosasthalaiyar Basin,Northern Plain,16.77,2.19,14.64,0.64,-0.0,18.66,71.0,27.1,Industrial,3003.0,0.46,7,0,0: Low
Chennai - Adyar Basin (Nandambakkam),Coastal / Low Basin,74.08,16.09,6.28,1.78,0.39,7.68,46.5,49.1,Urban_High_Density,4783.0,0.56,8,1,1: Moderate
Chennai - Velachery Lowland Basin,Coastal Lowland,55.07,19.96,4.86,1.66,0.34,4.09,58.3,46.9,Urban_High_Density,11631.0,0.74,12,1,1: Moderate
Chennai - Adyar Basin (Nandambakkam),Coastal / Low Basin,293.2,52.19,10.5,6.0,1.04,7.51,86.5,13.7,Urban_High_Density,7232.0,0.62,8,3,3: Severe Inundation
Ramanathapuram - Gundar Basin (Kamuthi),Estuary / Coastal,7.96,3.86,31.19,0.79,-0.1,34.84,52.0,37.5,Commercial,1002.0,0.58,5,0,0: Low
Chennai - Velachery Lowland Basin,Coastal Lowland,127.5,37.55,6.36,3.16,0.53,3.82,48.5,55.1,Urban_High_Density,4730.0,0.83,12,2,2: High
Chennai - Velachery Lowland Basin,Coastal Lowland,34.42,15.72,4.53,1.33,0.14,3.89,42.7,54.9,Urban_High_Density,17561.0,0.72,12,1,1: Moderate
Chennai - Madipakkam Lake Buffer,Lake Catchment,124.42,20.46,6.04,3.54,0.67,2.88,54.9,42.8,Urban_Residential,17278.0,0.84,14,2,2: High
Chennai - Madipakkam Lake Buffer,Lake Catchment,17.0,3.19,2.68,0.18,0.0,3.38,51.3,42.6,Urban_Residential,11267.0,0.53,14,0,0: Low
Chennai - Adyar Basin (Nandambakkam),Coastal / Low Basin,23.05,3.71,5.22,0.72,-0.06,7.74,28.7,77.2,Urban_High_Density,8118.0,0.67,8,0,0: Low
Ramanathapuram - Gundar Basin (Kamuthi),Estuary / Coastal,13.44,4.61,31.0,0.6,-0.08,34.83,87.6,10.0,Commercial,3033.0,0.65,5,0,0: Low
Ramanathapuram - Gundar Basin (Kamuthi),Estuary / Coastal,54.57,17.34,31.54,1.14,0.36,34.72,52.9,54.4,Commercial,2735.0,0.6,5,0,0: Low
Tiruvallur - Kosasthalaiyar Basin,Northern Plain,4.52,6.81,14.05,0.05,-0.07,19.19,95.0,10.6,Industrial,2545.0,0.81,7,0,0: Low
Cuddalore - Manimuktha Basin (Virudhachalam),Riverine Plain,51.18,6.05,24.66,1.66,0.11,28.07,35.5,61.0,Agricultural_Mixed,2980.0,0.81,6,0,0: Low
Ramanathapuram - Gundar Basin (Kamuthi),Estuary / Coastal,27.34,2.4,31.19,0.79,-0.1,34.76,87.6,17.9,Commercial,2333.0,0.48,5,0,0: Low
Chennai - Adyar Basin (Nandambakkam),Coastal / Low Basin,64.87,7.61,6.39,1.89,0.32,8.08,78.3,17.1,Urban_High_Density,12393.0,0.86,8,0,0: Low
Cuddalore - Manimuktha Basin (Virudhachalam),Riverine Plain,42.43,18.85,24.07,1.07,0.34,27.81,78.0,19.1,Agricultural_Mixed,4366.0,0.64,6,0,0: Low
Sivaganga - Vaigai/Gundar (Parthibanur),Valley Basin,101.57,31.53,28.51,3.01,0.76,41.72,90.9,11.9,Urban_Commercial,14647.0,0.92,4,0,0: Low
Tiruvallur - Kosasthalaiyar Basin,Northern Plain,84.0,11.31,15.69,1.69,0.15,19.23,38.1,52.5,Industrial,1551.0,0.63,7,0,0: Low
Tiruvallur - Kosasthalaiyar Basin,Northern Plain,4.14,7.44,14.42,0.42,-0.02,18.87,47.4,52.3,Industrial,4461.0,0.32,7,0,0: Low
Kancheepuram - Palar Basin,Riverine Valley,255.97,41.49,21.29,4.79,1.28,23.94,25.0,84.5,Urban_Residential,4777.0,0.93,5,3,3: Severe Inundation
Chennai - Madipakkam Lake Buffer,Lake Catchment,5.0,1.98,2.91,0.41,-0.04,3.29,47.5,53.0,Urban_Residential,17173.0,0.67,14,0,0: Low
Ramanathapuram - Gundar Basin (Kamuthi),Estuary / Coastal,6.08,2.61,30.89,0.49,-0.09,34.95,15.9,80.6,Commercial,2115.0,0.63,5,0,0: Low
Chennai - Madipakkam Lake Buffer,Lake Catchment,2.61,3.52,3.21,0.71,0.04,3.28,73.7,28.6,Urban_Residential,9538.0,0.51,14,0,0: Low
Chennai - Velachery Lowland Basin,Coastal Lowland,308.74,40.36,10.93,7.73,0.85,3.83,32.1,71.6,Urban_High_Density,6747.0,0.47,12,3,3: Severe Inundation
Chennai - Madipakkam Lake Buffer,Lake Catchment,172.28,67.43,9.39,6.89,1.31,2.93,42.3,52.5,Urban_Residential,12881.0,0.68,14,3,3: Severe Inundation
Cuddalore - Manimuktha Basin (Virudhachalam),Riverine Plain,60.87,14.35,24.37,1.37,0.35,28.02,34.6,65.5,Agricultural_Mixed,2138.0,0.75,6,0,0: Low
Chennai - Adyar Basin (Nandambakkam),Coastal / Low Basin,79.84,19.03,6.55,2.05,0.14,7.59,59.0,40.8,Urban_High_Density,10965.0,0.9,8,1,1: Moderate
Ramanathapuram - Gundar Basin (Kamuthi),Estuary / Coastal,35.93,11.51,32.23,1.83,0.38,34.78,85.4,14.8,Commercial,2759.0,0.73,5,0,0: Low
Ramanathapuram - Gundar Basin (Kamuthi),Estuary / Coastal,66.38,18.58,32.3,1.9,0.33,34.87,81.0,19.7,Commercial,2039.0,0.65,5,0,0: Low
Chennai - Adyar Basin (Nandambakkam),Coastal / Low Basin,22.5,3.25,4.71,0.21,0.03,6.89,55.3,41.4,Urban_High_Density,14628.0,0.41,8,0,0: Low
Cuddalore - Manimuktha Basin (Virudhachalam),Riverine Plain,25.48,6.44,23.26,0.26,0.03,28.17,42.7,57.0,Agricultural_Mixed,2333.0,0.6,6,0,0: Low
Chennai - Velachery Lowland Basin,Coastal Lowland,12.13,6.3,3.5,0.3,0.04,3.47,88.0,10.0,Urban_High_Density,10005.0,0.99,12,0,0: Low
Kancheepuram - Palar Basin,Riverine Valley,64.87,18.24,18.34,1.84,0.25,23.86,29.1,77.5,Urban_Residential,10601.0,0.5,5,0,0: Low
Tiruvallur - Kosasthalaiyar Basin,Northern Plain,4.93,7.71,14.68,0.68,-0.08,18.73,73.8,29.3,Industrial,4184.0,0.34,7,0,0: Low
Kancheepuram - Palar Basin,Riverine Valley,27.6,4.44,16.86,0.36,0.09,24.01,92.8,10.0,Urban_Residential,13542.0,0.8,5,0,0: Low
Kancheepuram - Palar Basin,Riverine Valley,67.53,7.2,18.18,1.68,0.18,23.71,39.4,62.7,Urban_Residential,15720.0,0.41,5,0,0: Low
Tiruvallur - Kosasthalaiyar Basin,Northern Plain,143.05,25.61,16.86,2.86,0.84,18.83,66.7,31.7,Industrial,3661.0,0.91,7,1,1: Moderate
Chennai - Velachery Lowland Basin,Coastal Lowland,116.3,44.25,7.09,3.89,0.31,3.54,38.5,56.8,Urban_High_Density,7564.0,0.54,12,2,2: High
Sivaganga - Vaigai/Gundar (Parthibanur),Valley Basin,19.05,7.3,25.75,0.25,-0.06,42.15,44.8,54.2,Urban_Commercial,9943.0,0.73,4,0,0: Low
Cuddalore - Manimuktha Basin (Virudhachalam),Riverine Plain,66.2,12.06,24.75,1.75,0.24,28.11,75.8,28.8,Agricultural_Mixed,780.0,0.55,6,0,0: Low
Chennai - Madipakkam Lake Buffer,Lake Catchment,202.19,45.7,8.29,5.79,1.54,3.39,84.2,12.0,Urban_Residential,4357.0,0.73,14,3,3: Severe Inundation
Tiruvallur - Kosasthalaiyar Basin,Northern Plain,111.21,34.07,16.59,2.59,0.49,18.69,31.2,64.5,Industrial,3398.0,0.98,7,1,1: Moderate
Cuddalore - Manimuktha Basin (Virudhachalam),Riverine Plain,85.99,27.57,26.91,3.91,0.35,27.44,18.8,76.4,Agricultural_Mixed,1545.0,0.74,6,0,0: Low
Chennai - Velachery Lowland Basin,Coastal Lowland,51.57,16.13,5.27,2.07,0.11,3.71,13.2,82.4,Urban_High_Density,9609.0,0.97,12,1,1: Moderate
Kancheepuram - Palar Basin,Riverine Valley,21.8,2.99,16.71,0.21,0.08,24.21,87.5,10.0,Urban_Residential,15169.0,0.46,5,0,0: Low
Chennai - Velachery Lowland Basin,Coastal Lowland,36.31,16.0,4.3,1.1,0.15,3.46,20.7,79.2,Urban_High_Density,6125.0,0.6,12,1,1: Moderate
Chennai - Adyar Basin (Nandambakkam),Coastal / Low Basin,14.02,6.52,5.07,0.57,0.07,7.44,87.9,10.0,Urban_High_Density,12009.0,0.99,8,0,0: Low
Sivaganga - Vaigai/Gundar (Parthibanur),Valley Basin,248.24,71.52,31.42,5.92,1.35,41.98,68.9,30.0,Urban_Commercial,8797.0,0.66,4,2,2: High
Tiruvallur - Kosasthalaiyar Basin,Northern Plain,28.81,7.67,14.22,0.22,0.05,18.55,8.5,90.0,Industrial,2478.0,0.87,7,0,0: Low
Chennai - Adyar Basin (Nandambakkam),Coastal / Low Basin,47.49,13.37,6.39,1.89,0.33,7.66,26.6,75.6,Urban_High_Density,16018.0,0.37,8,0,0: Low
Chennai - Adyar Basin (Nandambakkam),Coastal / Low Basin,51.18,6.8,5.83,1.33,0.37,7.49,36.9,53.5,Urban_High_Density,5113.0,0.62,8,0,0: Low
Sivaganga - Vaigai/Gundar (Parthibanur),Valley Basin,177.02,49.49,31.3,5.8,1.61,41.93,55.5,54.2,Urban_Commercial,14621.0,0.56,4,1,1: Moderate
Chennai - Velachery Lowland Basin,Coastal Lowland,3.37,3.77,3.88,0.68,0.05,4.61,59.3,43.3,Urban_High_Density,17449.0,0.63,12,0,0: Low
Sivaganga - Vaigai/Gundar (Parthibanur),Valley Basin,19.3,5.03,25.82,0.32,-0.04,42.26,13.3,87.6,Urban_Commercial,8209.0,0.35,4,0,0: Low
Ramanathapuram - Gundar Basin (Kamuthi),Estuary / Coastal,141.64,26.73,34.76,4.36,0.35,34.99,80.9,20.0,Commercial,2276.0,0.58,5,0,0: Low
Chennai - Velachery Lowland Basin,Coastal Lowland,125.43,23.36,6.64,3.44,0.41,3.85,30.9,65.0,Urban_High_Density,9930.0,0.82,12,2,2: High
Chennai - Velachery Lowland Basin,Coastal Lowland,76.83,15.92,4.05,0.85,0.19,4.32,70.8,33.9,Urban_High_Density,12508.0,0.88,12,0,0: Low
Chennai - Madipakkam Lake Buffer,Lake Catchment,150.72,25.35,5.49,2.99,0.86,2.47,88.8,13.9,Urban_Residential,16080.0,0.45,14,2,2: High
Cuddalore - Manimuktha Basin (Virudhachalam),Riverine Plain,78.91,10.62,23.89,0.89,0.24,28.28,86.9,14.8,Agricultural_Mixed,3888.0,0.84,6,0,0: Low
Chennai - Adyar Basin (Nandambakkam),Coastal / Low Basin,68.53,9.54,6.43,1.93,0.39,8.06,33.7,71.4,Urban_High_Density,3447.0,0.61,8,1,1: Moderate
Kancheepuram - Palar Basin,Riverine Valley,135.55,40.93,19.02,2.52,0.32,24.14,54.6,41.2,Urban_Residential,8910.0,0.6,5,0,0: Low
Tiruvallur - Kosasthalaiyar Basin,Northern Plain,150.19,44.94,17.55,3.55,0.75,18.97,25.0,67.1,Industrial,3243.0,0.34,7,2,2: High
Ramanathapuram - Gundar Basin (Kamuthi),Estuary / Coastal,15.1,5.77,31.13,0.73,0.07,34.35,66.5,32.1,Commercial,1098.0,0.7,5,0,0: Low
Ramanathapuram - Gundar Basin (Kamuthi),Estuary / Coastal,31.95,19.31,31.59,1.19,0.1,34.38,53.8,53.6,Commercial,1822.0,0.38,5,0,0: Low
Tiruvallur - Kosasthalaiyar Basin,Northern Plain,38.77,13.09,14.92,0.92,0.11,18.51,68.9,30.4,Industrial,4000.0,0.87,7,0,0: Low
Sivaganga - Vaigai/Gundar (Parthibanur),Valley Basin,21.23,7.96,25.87,0.37,0.04,42.39,75.9,20.5,Urban_Commercial,6029.0,0.92,4,0,0: Low
Chennai - Madipakkam Lake Buffer,Lake Catchment,22.35,3.13,2.54,0.04,-0.03,3.42,90.0,12.4,Urban_Residential,5080.0,0.6,14,0,0: Low
Cuddalore - Manimuktha Basin (Virudhachalam),Riverine Plain,14.1,6.0,23.01,0.01,-0.04,28.2,54.0,49.1,Agricultural_Mixed,4436.0,0.61,6,0,0: Low
Tiruvallur - Kosasthalaiyar Basin,Northern Plain,21.42,7.47,14.14,0.14,-0.08,19.1,49.7,47.2,Industrial,3547.0,0.35,7,0,0: Low
Chennai - Adyar Basin (Nandambakkam),Coastal / Low Basin,27.59,3.58,5.04,0.54,-0.05,7.63,93.9,10.0,Urban_High_Density,16305.0,0.61,8,0,0: Low
Tiruvallur - Kosasthalaiyar Basin,Northern Plain,126.28,39.23,16.85,2.85,0.41,18.46,46.8,50.5,Industrial,3337.0,0.37,7,1,1: Moderate
Chennai - Adyar Basin (Nandambakkam),Coastal / Low Basin,20.8,6.82,5.18,0.68,-0.07,8.02,56.2,47.4,Urban_High_Density,13987.0,0.71,8,0,0: Low
Kancheepuram - Palar Basin,Riverine Valley,107.48,22.49,19.04,2.54,0.49,23.91,94.9,10.0,Urban_Residential,11190.0,0.37,5,0,0: Low
Cuddalore - Manimuktha Basin (Virudhachalam),Riverine Plain,7.93,2.21,23.05,0.05,0.03,28.38,53.4,42.6,Agricultural_Mixed,2193.0,0.51,6,0,0: Low
Chennai - Madipakkam Lake Buffer,Lake Catchment,247.77,75.45,9.3,6.8,1.31,3.13,51.7,54.6,Urban_Residential,12909.0,0.78,14,3,3: Severe Inundation
Tiruvallur - Kosasthalaiyar Basin,Northern Plain,11.69,1.3,14.58,0.58,0.09,18.88,73.6,32.1,Industrial,3832.0,0.98,7,0,0: Low
Tiruvallur - Kosasthalaiyar Basin,Northern Plain,75.9,15.23,14.88,0.88,0.39,18.75,43.8,56.9,Industrial,3153.0,0.59,7,0,0: Low
Tiruvallur - Kosasthalaiyar Basin,Northern Plain,70.0,12.71,15.2,1.2,0.21,18.97,31.8,70.7,Industrial,3641.0,0.78,7,0,0: Low
Chennai - Velachery Lowland Basin,Coastal Lowland,18.74,2.2,3.28,0.08,0.04,3.54,80.5,21.8,Urban_High_Density,5725.0,0.84,12,0,0: Low
Cuddalore - Manimuktha Basin (Virudhachalam),Riverine Plain,17.23,5.29,23.37,0.37,0.06,28.01,51.0,52.6,Agricultural_Mixed,1644.0,0.49,6,0,0: Low
Tiruvallur - Kosasthalaiyar Basin,Northern Plain,170.1,68.25,19.01,5.01,1.3,19.11,71.8,27.4,Industrial,3875.0,0.53,7,3,3: Severe Inundation
Chennai - Adyar Basin (Nandambakkam),Coastal / Low Basin,69.06,14.9,6.62,2.12,0.16,8.02,48.6,54.2,Urban_High_Density,10630.0,0.83,8,0,0: Low
Chennai - Madipakkam Lake Buffer,Lake Catchment,195.83,60.6,7.4,4.9,1.4,3.35,75.4,26.3,Urban_Residential,11636.0,0.99,14,3,3: Severe Inundation
Ramanathapuram - Gundar Basin (Kamuthi),Estuary / Coastal,3.42,7.18,31.07,0.67,-0.03,34.94,39.7,56.2,Commercial,3278.0,0.72,5,0,0: Low
Kancheepuram - Palar Basin,Riverine Valley,13.04,5.19,16.8,0.3,-0.03,24.23,56.2,35.8,Urban_Residential,9095.0,0.84,5,0,0: Low
Chennai - Madipakkam Lake Buffer,Lake Catchment,11.21,4.09,2.65,0.15,-0.01,2.91,36.3,62.6,Urban_Residential,12751.0,0.46,14,0,0: Low
Cuddalore - Manimuktha Basin (Virudhachalam),Riverine Plain,57.47,7.79,24.93,1.93,0.29,27.9,67.3,33.5,Agricultural_Mixed,2618.0,0.47,6,0,0: Low
Tiruvallur - Kosasthalaiyar Basin,Northern Plain,79.79,14.07,15.59,1.59,0.18,19.35,47.1,55.5,Industrial,1321.0,0.62,7,0,0: Low
Cuddalore - Manimuktha Basin (Virudhachalam),Riverine Plain,78.52,8.07,24.51,1.51,0.29,27.78,40.0,54.8,Agricultural_Mixed,2181.0,0.81,6,0,0: Low
Sivaganga - Vaigai/Gundar (Parthibanur),Valley Basin,72.34,13.68,27.06,1.56,0.13,42.35,95.0,10.0,Urban_Commercial,6105.0,0.58,4,0,0: Low
Tiruvallur - Kosasthalaiyar Basin,Northern Plain,14.9,7.69,14.25,0.25,0.08,18.94,55.9,34.2,Industrial,2594.0,0.8,7,0,0: Low
Tiruvallur - Kosasthalaiyar Basin,Northern Plain,27.05,3.05,14.58,0.58,0.06,19.0,62.1,32.1,Industrial,3936.0,0.61,7,0,0: Low
Cuddalore - Manimuktha Basin (Virudhachalam),Riverine Plain,49.9,19.92,23.96,0.96,0.28,28.36,54.8,43.7,Agricultural_Mixed,4037.0,0.4,6,0,0: Low
Tiruvallur - Kosasthalaiyar Basin,Northern Plain,141.82,35.61,17.37,3.37,0.39,18.74,70.6,25.3,Industrial,1127.0,0.62,7,1,1: Moderate
Chennai - Velachery Lowland Basin,Coastal Lowland,93.53,40.38,7.15,3.95,0.41,3.45,59.6,38.1,Urban_High_Density,14802.0,0.56,12,2,2: High
Chennai - Madipakkam Lake Buffer,Lake Catchment,154.41,19.58,4.73,2.23,0.72,2.92,81.8,14.4,Urban_Residential,15427.0,0.74,14,2,2: High
Sivaganga - Vaigai/Gundar (Parthibanur),Valley Basin,18.93,3.83,26.12,0.62,0.02,42.02,54.3,53.7,Urban_Commercial,10042.0,0.61,4,0,0: Low
Chennai - Madipakkam Lake Buffer,Lake Catchment,277.23,44.98,7.74,5.24,1.78,3.32,73.8,31.2,Urban_Residential,12225.0,0.69,14,3,3: Severe Inundation
Ramanathapuram - Gundar Basin (Kamuthi),Estuary / Coastal,148.8,39.69,33.72,3.32,0.53,34.98,78.9,23.2,Commercial,1617.0,0.54,5,0,0: Low
Cuddalore - Manimuktha Basin (Virudhachalam),Riverine Plain,284.3,75.42,29.68,6.68,1.64,28.16,36.0,51.9,Agricultural_Mixed,2984.0,0.68,6,3,3: Severe Inundation
Cuddalore - Manimuktha Basin (Virudhachalam),Riverine Plain,232.88,78.33,28.26,5.26,1.31,28.08,49.4,46.7,Agricultural_Mixed,1023.0,0.38,6,3,3: Severe Inundation
Sivaganga - Vaigai/Gundar (Parthibanur),Valley Basin,95.63,30.63,28.52,3.02,0.63,42.31,34.3,70.1,Urban_Commercial,15628.0,0.55,4,0,0: Low
Chennai - Madipakkam Lake Buffer,Lake Catchment,21.65,1.32,2.81,0.31,-0.03,3.59,65.2,32.7,Urban_Residential,6395.0,0.31,14,0,0: Low
Chennai - Madipakkam Lake Buffer,Lake Catchment,76.61,18.07,4.16,1.66,0.38,3.14,43.5,55.5,Urban_Residential,7597.0,0.65,14,1,1: Moderate
Ramanathapuram - Gundar Basin (Kamuthi),Estuary / Coastal,84.73,6.36,32.46,2.06,0.1,34.68,67.5,29.4,Commercial,3610.0,0.39,5,0,0: Low
Sivaganga - Vaigai/Gundar (Parthibanur),Valley Basin,18.43,5.62,25.51,0.01,-0.05,41.79,79.8,12.7,Urban_Commercial,15576.0,0.79,4,0,0: Low
Cuddalore - Manimuktha Basin (Virudhachalam),Riverine Plain,73.15,16.49,24.6,1.6,0.19,27.76,59.6,42.8,Agricultural_Mixed,989.0,0.43,6,0,0: Low
Ramanathapuram - Gundar Basin (Kamuthi),Estuary / Coastal,37.93,19.09,32.58,2.18,0.23,35.1,46.8,54.2,Commercial,4071.0,0.78,5,0,0: Low
Chennai - Velachery Lowland Basin,Coastal Lowland,158.35,31.83,7.31,4.11,0.56,3.34,76.2,24.4,Urban_High_Density,10133.0,0.35,12,2,2: High
Sivaganga - Vaigai/Gundar (Parthibanur),Valley Basin,8.28,1.74,26.26,0.76,-0.04,41.89,48.0,56.2,Urban_Commercial,12461.0,0.91,4,0,0: Low
Ramanathapuram - Gundar Basin (Kamuthi),Estuary / Coastal,125.15,25.49,34.62,4.22,0.62,35.17,71.2,33.8,Commercial,3626.0,0.91,5,0,0: Low
Ramanathapuram - Gundar Basin (Kamuthi),Estuary / Coastal,83.65,6.8,31.39,0.99,0.24,35.0,28.8,67.7,Commercial,2860.0,0.49,5,0,0: Low
Cuddalore - Manimuktha Basin (Virudhachalam),Riverine Plain,6.19,6.22,23.15,0.15,-0.05,27.88,55.2,46.2,Agricultural_Mixed,1009.0,0.94,6,0,0: Low
Ramanathapuram - Gundar Basin (Kamuthi),Estuary / Coastal,25.43,6.02,30.68,0.28,0.05,34.63,38.2,66.9,Commercial,2854.0,0.75,5,0,0: Low
Kancheepuram - Palar Basin,Riverine Valley,15.36,3.49,16.89,0.39,0.08,23.9,71.7,31.3,Urban_Residential,9709.0,0.47,5,0,0: Low
Kancheepuram - Palar Basin,Riverine Valley,49.5,17.38,17.99,1.49,0.4,24.3,70.7,25.6,Urban_Residential,10161.0,0.82,5,0,0: Low
Kancheepuram - Palar Basin,Riverine Valley,19.27,3.88,17.24,0.74,-0.0,23.71,57.8,43.6,Urban_Residential,13027.0,0.61,5,0,0: Low
Chennai - Madipakkam Lake Buffer,Lake Catchment,229.75,84.34,7.2,4.7,1.52,2.95,87.0,14.5,Urban_Residential,16476.0,0.48,14,3,3: Severe Inundation
Chennai - Madipakkam Lake Buffer,Lake Catchment,74.78,11.44,4.49,1.99,0.29,3.32,59.5,38.9,Urban_Residential,10814.0,0.45,14,1,1: Moderate
Ramanathapuram - Gundar Basin (Kamuthi),Estuary / Coastal,21.18,5.93,30.69,0.29,0.08,33.91,53.2,47.9,Commercial,2059.0,0.39,5,0,0: Low
Kancheepuram - Palar Basin,Riverine Valley,65.87,18.04,17.5,1.0,0.23,23.93,82.0,22.8,Urban_Residential,6026.0,0.34,5,0,0: Low
Cuddalore - Manimuktha Basin (Virudhachalam),Riverine Plain,113.99,23.53,25.35,2.35,0.35,27.57,86.8,17.3,Agricultural_Mixed,902.0,0.56,6,0,0: Low
Kancheepuram - Palar Basin,Riverine Valley,10.07,1.06,16.68,0.18,-0.02,24.06,57.9,36.4,Urban_Residential,4509.0,0.73,5,0,0: Low
Kancheepuram - Palar Basin,Riverine Valley,11.18,3.8,17.06,0.56,0.01,24.03,82.7,11.6,Urban_Residential,8827.0,0.44,5,0,0: Low
Chennai - Velachery Lowland Basin,Coastal Lowland,47.47,8.08,4.01,0.81,0.39,3.79,42.5,58.6,Urban_High_Density,12266.0,0.94,12,0,0: Low
Chennai - Velachery Lowland Basin,Coastal Lowland,3.86,2.32,3.53,0.33,-0.08,3.78,53.5,56.0,Urban_High_Density,4172.0,0.96,12,0,0: Low
Chennai - Adyar Basin (Nandambakkam),Coastal / Low Basin,25.88,4.54,5.11,0.61,-0.06,7.26,69.4,34.4,Urban_High_Density,4638.0,0.86,8,0,0: Low
Chennai - Madipakkam Lake Buffer,Lake Catchment,20.52,5.26,2.59,0.09,0.03,2.77,88.9,10.0,Urban_Residential,12184.0,0.99,14,0,0: Low
Cuddalore - Manimuktha Basin (Virudhachalam),Riverine Plain,51.1,13.55,24.33,1.33,0.21,27.47,80.4,20.6,Agricultural_Mixed,1563.0,0.32,6,0,0: Low
Chennai - Velachery Lowland Basin,Coastal Lowland,84.08,10.15,4.34,1.14,0.29,3.85,20.9,82.1,Urban_High_Density,5433.0,0.39,12,1,1: Moderate
Kancheepuram - Palar Basin,Riverine Valley,26.92,2.21,17.24,0.74,0.0,23.82,36.8,60.1,Urban_Residential,12456.0,0.46,5,0,0: Low
Kancheepuram - Palar Basin,Riverine Valley,24.46,6.49,16.52,0.02,-0.02,23.46,55.1,42.6,Urban_Residential,3327.0,0.67,5,0,0: Low
Chennai - Adyar Basin (Nandambakkam),Coastal / Low Basin,125.75,40.38,7.33,2.83,0.84,7.69,54.8,40.2,Urban_High_Density,10890.0,0.99,8,2,2: High
Chennai - Adyar Basin (Nandambakkam),Coastal / Low Basin,188.35,54.67,10.9,6.4,0.97,7.16,34.4,68.5,Urban_High_Density,14062.0,0.32,8,3,3: Severe Inundation
Chennai - Madipakkam Lake Buffer,Lake Catchment,43.72,13.1,3.48,0.98,0.36,3.59,76.7,20.7,Urban_Residential,5212.0,0.65,14,0,0: Low
Chennai - Velachery Lowland Basin,Coastal Lowland,11.3,4.95,3.78,0.58,-0.0,4.2,93.6,17.4,Urban_High_Density,17939.0,1.0,12,0,0: Low
Cuddalore - Manimuktha Basin (Virudhachalam),Riverine Plain,89.79,43.74,26.61,3.61,0.78,27.49,67.9,27.2,Agricultural_Mixed,1188.0,0.33,6,0,0: Low
Cuddalore - Manimuktha Basin (Virudhachalam),Riverine Plain,187.74,46.55,30.7,7.7,1.68,27.71,46.2,48.5,Agricultural_Mixed,2784.0,0.94,6,2,2: High
Tiruvallur - Kosasthalaiyar Basin,Northern Plain,13.42,3.92,14.77,0.77,0.02,19.42,28.9,74.4,Industrial,3493.0,0.81,7,0,0: Low
Kancheepuram - Palar Basin,Riverine Valley,48.11,17.75,18.37,1.87,0.32,23.64,75.7,25.4,Urban_Residential,10953.0,0.88,5,0,0: Low
Chennai - Adyar Basin (Nandambakkam),Coastal / Low Basin,11.45,3.67,5.28,0.78,-0.1,7.5,52.9,46.7,Urban_High_Density,2713.0,0.96,8,0,0: Low
Kancheepuram - Palar Basin,Riverine Valley,4.47,7.02,16.97,0.47,0.08,24.03,32.8,69.2,Urban_Residential,14689.0,0.86,5,0,0: Low
Sivaganga - Vaigai/Gundar (Parthibanur),Valley Basin,20.2,2.4,25.97,0.47,0.04,42.36,75.7,25.7,Urban_Commercial,3401.0,0.36,4,0,0: Low
Chennai - Madipakkam Lake Buffer,Lake Catchment,48.68,11.32,4.64,2.14,0.12,3.41,90.3,15.8,Urban_Residential,10789.0,0.8,14,0,0: Low
Kancheepuram - Palar Basin,Riverine Valley,128.58,25.74,20.39,3.89,0.65,24.32,50.1,35.2,Urban_Residential,16375.0,0.61,5,1,1: Moderate
Ramanathapuram - Gundar Basin (Kamuthi),Estuary / Coastal,84.77,14.34,32.3,1.9,0.33,35.09,72.6,35.9,Commercial,1659.0,0.84,5,0,0: Low
Chennai - Adyar Basin (Nandambakkam),Coastal / Low Basin,10.17,4.55,4.77,0.27,0.01,7.5,32.0,73.4,Urban_High_Density,5364.0,0.93,8,0,0: Low
Kancheepuram - Palar Basin,Riverine Valley,78.2,7.75,17.99,1.49,0.24,24.07,55.9,41.0,Urban_Residential,14510.0,0.62,5,0,0: Low
Cuddalore - Manimuktha Basin (Virudhachalam),Riverine Plain,31.49,15.94,25.04,2.04,0.25,27.65,42.7,49.8,Agricultural_Mixed,1349.0,0.67,6,0,0: Low
Chennai - Madipakkam Lake Buffer,Lake Catchment,54.2,11.49,4.09,1.59,0.17,2.77,69.0,34.8,Urban_Residential,6872.0,0.9,14,1,1: Moderate
Cuddalore - Manimuktha Basin (Virudhachalam),Riverine Plain,114.94,28.82,26.13,3.13,0.36,27.62,85.1,12.8,Agricultural_Mixed,3118.0,0.39,6,0,0: Low
Ramanathapuram - Gundar Basin (Kamuthi),Estuary / Coastal,28.11,7.87,31.05,0.65,-0.04,34.6,91.1,17.9,Commercial,2296.0,0.42,5,0,0: Low
Chennai - Adyar Basin (Nandambakkam),Coastal / Low Basin,51.2,11.01,5.3,0.8,0.34,7.62,55.5,50.3,Urban_High_Density,5914.0,0.31,8,0,0: Low
Sivaganga - Vaigai/Gundar (Parthibanur),Valley Basin,52.74,11.06,27.33,1.83,0.32,42.09,86.8,10.0,Urban_Commercial,16056.0,0.54,4,0,0: Low
Kancheepuram - Palar Basin,Riverine Valley,16.34,4.37,17.1,0.6,-0.04,23.72,44.4,64.8,Urban_Residential,11753.0,0.83,5,0,0: Low
Kancheepuram - Palar Basin,Riverine Valley,68.18,6.97,18.34,1.84,0.2,23.97,76.5,27.1,Urban_Residential,13728.0,0.56,5,0,0: Low
Ramanathapuram - Gundar Basin (Kamuthi),Estuary / Coastal,18.55,4.37,31.18,0.78,0.07,35.45,54.5,46.1,Commercial,3404.0,0.46,5,0,0: Low
Chennai - Madipakkam Lake Buffer,Lake Catchment,34.76,16.3,4.47,1.97,0.37,3.18,41.6,56.9,Urban_Residential,9180.0,1.0,14,1,1: Moderate
Chennai - Madipakkam Lake Buffer,Lake Catchment,137.0,23.52,4.83,2.33,0.63,3.43,84.6,23.6,Urban_Residential,2822.0,0.35,14,2,2: High
Chennai - Velachery Lowland Basin,Coastal Lowland,18.96,3.02,3.84,0.64,0.06,3.59,73.6,23.5,Urban_High_Density,12950.0,0.43,12,0,0: Low
Tiruvallur - Kosasthalaiyar Basin,Northern Plain,65.89,11.82,14.94,0.94,0.37,18.23,51.3,47.3,Industrial,1553.0,0.46,7,0,0: Low
Tiruvallur - Kosasthalaiyar Basin,Northern Plain,67.92,19.32,14.96,0.96,0.35,19.29,78.2,16.4,Industrial,3270.0,0.67,7,0,0: Low
Chennai - Madipakkam Lake Buffer,Lake Catchment,77.47,18.17,3.96,1.46,0.39,3.62,79.8,19.9,Urban_Residential,15953.0,0.9,14,1,1: Moderate
Chennai - Adyar Basin (Nandambakkam),Coastal / Low Basin,41.16,12.0,6.27,1.77,0.26,7.87,77.9,22.1,Urban_High_Density,8858.0,0.62,8,0,0: Low
Chennai - Madipakkam Lake Buffer,Lake Catchment,113.55,19.72,4.85,2.35,0.33,3.68,90.7,14.6,Urban_Residential,13115.0,0.72,14,1,1: Moderate
Cuddalore - Manimuktha Basin (Virudhachalam),Riverine Plain,83.78,11.98,24.35,1.35,0.24,27.87,46.0,53.3,Agricultural_Mixed,1012.0,0.58,6,0,0: Low
Chennai - Madipakkam Lake Buffer,Lake Catchment,25.09,7.41,2.67,0.17,0.01,3.18,84.7,10.0,Urban_Residential,14399.0,0.34,14,0,0: Low
Cuddalore - Manimuktha Basin (Virudhachalam),Riverine Plain,57.36,12.12,24.35,1.35,0.25,28.63,27.1,63.9,Agricultural_Mixed,2368.0,0.68,6,0,0: Low
Tiruvallur - Kosasthalaiyar Basin,Northern Plain,137.23,42.26,17.83,3.83,0.88,19.11,58.1,38.8,Industrial,1427.0,0.59,7,2,2: High
Chennai - Velachery Lowland Basin,Coastal Lowland,22.01,7.83,3.92,0.72,-0.04,3.89,56.3,40.4,Urban_High_Density,16868.0,0.92,12,0,0: Low
Chennai - Velachery Lowland Basin,Coastal Lowland,29.68,5.97,3.62,0.42,-0.02,3.19,57.1,39.0,Urban_High_Density,11067.0,0.31,12,0,0: Low
Ramanathapuram - Gundar Basin (Kamuthi),Estuary / Coastal,27.01,5.28,30.49,0.09,0.0,35.54,70.8,25.3,Commercial,1936.0,0.9,5,0,0: Low
Chennai - Madipakkam Lake Buffer,Lake Catchment,171.48,61.88,9.09,6.59,1.05,3.38,49.7,62.7,Urban_Residential,16406.0,1.0,14,3,3: Severe Inundation
Cuddalore - Manimuktha Basin (Virudhachalam),Riverine Plain,23.71,7.51,23.29,0.29,0.06,27.45,80.3,17.8,Agricultural_Mixed,4235.0,0.53,6,0,0: Low
Ramanathapuram - Gundar Basin (Kamuthi),Estuary / Coastal,17.23,7.8,30.65,0.25,-0.07,35.16,90.1,10.0,Commercial,3950.0,0.84,5,0,0: Low
Chennai - Madipakkam Lake Buffer,Lake Catchment,88.31,22.26,4.86,2.36,0.31,2.94,85.1,11.2,Urban_Residential,2625.0,0.86,14,1,1: Moderate
Chennai - Velachery Lowland Basin,Coastal Lowland,193.45,84.76,10.41,7.21,1.53,4.07,12.9,84.7,Urban_High_Density,9227.0,0.55,12,3,3: Severe Inundation
Tiruvallur - Kosasthalaiyar Basin,Northern Plain,6.83,1.97,14.29,0.29,-0.0,19.23,67.8,44.1,Industrial,2845.0,0.82,7,0,0: Low
Ramanathapuram - Gundar Basin (Kamuthi),Estuary / Coastal,21.33,1.69,30.49,0.09,0.05,35.05,23.7,74.9,Commercial,843.0,0.39,5,0,0: Low
Cuddalore - Manimuktha Basin (Virudhachalam),Riverine Plain,14.1,3.25,23.57,0.57,0.07,28.05,31.6,75.4,Agricultural_Mixed,1919.0,0.89,6,0,0: Low
Chennai - Velachery Lowland Basin,Coastal Lowland,214.24,55.97,9.73,6.53,1.53,3.7,52.8,51.7,Urban_High_Density,13933.0,0.47,12,3,3: Severe Inundation
Tiruvallur - Kosasthalaiyar Basin,Northern Plain,103.54,37.33,18.07,4.07,0.52,19.11,64.3,23.7,Industrial,2480.0,0.41,7,1,1: Moderate
Chennai - Madipakkam Lake Buffer,Lake Catchment,256.62,67.26,7.45,4.95,1.8,2.39,51.4,41.6,Urban_Residential,16496.0,0.78,14,3,3: Severe Inundation
Ramanathapuram - Gundar Basin (Kamuthi),Estuary / Coastal,4.42,6.17,30.62,0.22,0.02,34.68,57.4,43.3,Commercial,679.0,0.91,5,0,0: Low
Cuddalore - Manimuktha Basin (Virudhachalam),Riverine Plain,78.95,12.55,24.99,1.99,0.2,27.94,51.5,56.0,Agricultural_Mixed,2521.0,0.36,6,0,0: Low
Tiruvallur - Kosasthalaiyar Basin,Northern Plain,300.33,42.11,19.56,5.56,1.24,19.16,80.2,13.6,Industrial,4349.0,0.82,7,3,3: Severe Inundation
Chennai - Madipakkam Lake Buffer,Lake Catchment,13.61,1.23,2.61,0.11,-0.04,3.01,37.2,55.6,Urban_Residential,7457.0,0.53,14,0,0: Low
Chennai - Adyar Basin (Nandambakkam),Coastal / Low Basin,20.84,4.72,4.81,0.31,-0.07,7.56,62.2,45.2,Urban_High_Density,11484.0,0.87,8,0,0: Low
Chennai - Madipakkam Lake Buffer,Lake Catchment,7.65,6.26,3.07,0.57,-0.04,3.12,63.3,27.7,Urban_Residential,17470.0,0.82,14,0,0: Low
Chennai - Velachery Lowland Basin,Coastal Lowland,6.02,7.39,3.74,0.54,-0.01,4.27,55.0,48.9,Urban_High_Density,8944.0,0.75,12,0,0: Low
Ramanathapuram - Gundar Basin (Kamuthi),Estuary / Coastal,15.14,5.84,31.04,0.64,-0.0,35.54,47.5,52.8,Commercial,3705.0,0.47,5,0,0: Low
Sivaganga - Vaigai/Gundar (Parthibanur),Valley Basin,16.7,2.46,25.55,0.05,0.0,42.56,59.5,48.4,Urban_Commercial,9034.0,0.7,4,0,0: Low
Chennai - Madipakkam Lake Buffer,Lake Catchment,27.36,1.37,2.75,0.25,-0.04,3.24,78.9,18.2,Urban_Residential,15377.0,0.95,14,0,0: Low
Kancheepuram - Palar Basin,Riverine Valley,68.6,13.94,18.12,1.62,0.2,23.76,66.2,34.3,Urban_Residential,11903.0,0.69,5,0,0: Low
Sivaganga - Vaigai/Gundar (Parthibanur),Valley Basin,9.97,5.68,25.75,0.25,-0.09,41.72,76.7,19.7,Urban_Commercial,7486.0,0.84,4,0,0: Low
Sivaganga - Vaigai/Gundar (Parthibanur),Valley Basin,98.04,31.31,29.28,3.78,0.69,42.21,71.3,28.7,Urban_Commercial,6116.0,0.34,4,0,0: Low
Ramanathapuram - Gundar Basin (Kamuthi),Estuary / Coastal,14.85,5.3,30.6,0.2,-0.04,35.23,46.9,46.2,Commercial,3748.0,0.62,5,0,0: Low
Ramanathapuram - Gundar Basin (Kamuthi),Estuary / Coastal,76.57,19.84,31.3,0.9,0.11,34.9,65.2,32.0,Commercial,4157.0,0.77,5,0,0: Low
Cuddalore - Manimuktha Basin (Virudhachalam),Riverine Plain,7.42,2.56,23.57,0.57,-0.09,28.14,56.2,49.7,Agricultural_Mixed,1011.0,0.67,6,0,0: Low
Chennai - Velachery Lowland Basin,Coastal Lowland,156.48,19.62,6.3,3.1,0.59,4.08,56.6,45.4,Urban_High_Density,6231.0,0.33,12,2,2: High
Cuddalore - Manimuktha Basin (Virudhachalam),Riverine Plain,23.13,4.08,23.63,0.63,0.1,27.86,40.9,54.5,Agricultural_Mixed,873.0,0.46,6,0,0: Low
Chennai - Adyar Basin (Nandambakkam),Coastal / Low Basin,84.47,16.33,5.76,1.26,0.35,7.27,41.7,62.5,Urban_High_Density,17035.0,0.86,8,1,1: Moderate
Chennai - Madipakkam Lake Buffer,Lake Catchment,16.72,2.63,3.15,0.65,-0.02,3.6,90.6,19.7,Urban_Residential,17197.0,0.35,14,0,0: Low
Ramanathapuram - Gundar Basin (Kamuthi),Estuary / Coastal,57.93,17.75,32.41,2.01,0.26,35.07,40.7,57.2,Commercial,2915.0,0.88,5,0,0: Low
Tiruvallur - Kosasthalaiyar Basin,Northern Plain,25.61,1.19,14.18,0.18,0.08,18.73,86.6,11.9,Industrial,3855.0,0.59,7,0,0: Low
Ramanathapuram - Gundar Basin (Kamuthi),Estuary / Coastal,146.04,32.0,34.7,4.3,0.5,35.15,74.1,29.9,Commercial,2977.0,0.33,5,0,0: Low
Ramanathapuram - Gundar Basin (Kamuthi),Estuary / Coastal,17.05,6.83,30.66,0.26,-0.05,35.42,62.9,37.2,Commercial,4105.0,0.57,5,0,0: Low
Ramanathapuram - Gundar Basin (Kamuthi),Estuary / Coastal,10.0,1.86,31.01,0.61,0.02,34.6,47.7,58.6,Commercial,3557.0,0.54,5,0,0: Low
Ramanathapuram - Gundar Basin (Kamuthi),Estuary / Coastal,317.0,52.68,36.44,6.04,0.86,34.85,71.3,28.9,Commercial,1966.0,0.5,5,3,3: Severe Inundation
Kancheepuram - Palar Basin,Riverine Valley,18.85,7.51,17.19,0.69,-0.01,23.91,44.0,53.3,Urban_Residential,2539.0,0.66,5,0,0: Low
Chennai - Adyar Basin (Nandambakkam),Coastal / Low Basin,73.45,12.14,5.9,1.4,0.27,7.42,38.0,53.1,Urban_High_Density,8098.0,0.51,8,1,1: Moderate
Tiruvallur - Kosasthalaiyar Basin,Northern Plain,42.69,18.88,15.6,1.6,0.38,18.96,74.1,23.8,Industrial,1059.0,0.61,7,0,0: Low
Chennai - Madipakkam Lake Buffer,Lake Catchment,70.52,10.89,4.62,2.12,0.31,3.11,66.1,30.5,Urban_Residential,13715.0,0.46,14,1,1: Moderate
Sivaganga - Vaigai/Gundar (Parthibanur),Valley Basin,57.57,14.74,26.59,1.09,0.34,41.73,95.0,10.0,Urban_Commercial,10482.0,0.68,4,0,0: Low
Kancheepuram - Palar Basin,Riverine Valley,130.69,34.46,19.38,2.88,0.8,23.27,64.3,39.1,Urban_Residential,4782.0,0.36,5,0,0: Low
Chennai - Velachery Lowland Basin,Coastal Lowland,80.7,18.03,5.36,2.16,0.3,4.12,33.8,60.4,Urban_High_Density,10616.0,0.61,12,1,1: Moderate
Kancheepuram - Palar Basin,Riverine Valley,29.43,1.83,16.71,0.21,0.08,23.73,87.9,18.8,Urban_Residential,11898.0,0.71,5,0,0: Low
Sivaganga - Vaigai/Gundar (Parthibanur),Valley Basin,11.63,6.92,25.57,0.07,0.07,42.38,72.6,23.5,Urban_Commercial,17580.0,0.46,4,0,0: Low
Sivaganga - Vaigai/Gundar (Parthibanur),Valley Basin,224.79,41.14,32.11,6.61,1.09,42.2,24.5,83.9,Urban_Commercial,5371.0,0.75,4,2,2: High
Chennai - Velachery Lowland Basin,Coastal Lowland,9.03,2.25,3.73,0.53,0.1,4.14,42.5,56.2,Urban_High_Density,6998.0,0.65,12,0,0: Low
Kancheepuram - Palar Basin,Riverine Valley,146.42,21.37,20.95,4.45,0.89,24.11,64.2,29.0,Urban_Residential,12790.0,0.6,5,1,1: Moderate
Sivaganga - Vaigai/Gundar (Parthibanur),Valley Basin,11.34,1.12,26.1,0.6,0.03,42.02,68.8,44.9,Urban_Commercial,8845.0,0.69,4,0,0: Low
Chennai - Madipakkam Lake Buffer,Lake Catchment,35.58,7.86,3.5,1.0,0.11,3.62,35.6,58.7,Urban_Residential,7371.0,0.55,14,1,1: Moderate
Kancheepuram - Palar Basin,Riverine Valley,97.12,18.35,20.07,3.57,0.87,24.4,73.9,26.0,Urban_Residential,7710.0,0.46,5,0,0: Low
Kancheepuram - Palar Basin,Riverine Valley,110.89,28.11,20.68,4.18,0.61,23.55,43.6,55.7,Urban_Residential,17545.0,0.98,5,0,0: Low
Chennai - Velachery Lowland Basin,Coastal Lowland,108.67,44.03,6.99,3.79,0.54,3.87,55.2,33.4,Urban_High_Density,8671.0,0.74,12,2,2: High
Tiruvallur - Kosasthalaiyar Basin,Northern Plain,229.98,61.23,20.25,6.25,1.68,18.8,50.8,52.1,Industrial,2942.0,0.89,7,3,3: Severe Inundation
Tiruvallur - Kosasthalaiyar Basin,Northern Plain,12.95,7.8,14.28,0.28,0.07,18.92,76.5,21.4,Industrial,640.0,0.51,7,0,0: Low
Ramanathapuram - Gundar Basin (Kamuthi),Estuary / Coastal,50.59,8.92,32.21,1.81,0.34,35.45,44.2,57.2,Commercial,1809.0,0.45,5,0,0: Low
Sivaganga - Vaigai/Gundar (Parthibanur),Valley Basin,295.79,79.6,31.61,6.11,1.42,41.79,40.0,63.6,Urban_Commercial,8191.0,0.41,4,3,3: Severe Inundation
Ramanathapuram - Gundar Basin (Kamuthi),Estuary / Coastal,9.63,3.81,30.78,0.38,0.01,34.71,27.5,73.4,Commercial,4295.0,0.53,5,0,0: Low
Chennai - Velachery Lowland Basin,Coastal Lowland,158.69,36.69,6.27,3.07,0.47,4.07,66.3,32.7,Urban_High_Density,14509.0,0.99,12,2,2: High
Chennai - Adyar Basin (Nandambakkam),Coastal / Low Basin,248.26,51.49,10.52,6.02,1.32,6.75,49.6,49.6,Urban_High_Density,7799.0,0.89,8,3,3: Severe Inundation
Kancheepuram - Palar Basin,Riverine Valley,193.51,41.72,24.05,7.55,1.55,24.19,7.6,85.3,Urban_Residential,9515.0,0.67,5,3,3: Severe Inundation
Chennai - Madipakkam Lake Buffer,Lake Catchment,72.0,19.4,4.2,1.7,0.39,3.1,72.8,27.9,Urban_Residential,14011.0,0.5,14,1,1: Moderate
Cuddalore - Manimuktha Basin (Virudhachalam),Riverine Plain,38.92,14.08,25.08,2.08,0.35,27.46,60.9,38.1,Agricultural_Mixed,4232.0,0.46,6,0,0: Low
Cuddalore - Manimuktha Basin (Virudhachalam),Riverine Plain,6.06,1.72,23.49,0.49,-0.08,28.33,76.9,19.7,Agricultural_Mixed,2558.0,0.39,6,0,0: Low
Chennai - Velachery Lowland Basin,Coastal Lowland,88.97,39.12,6.82,3.62,0.49,4.0,60.5,43.9,Urban_High_Density,16301.0,0.67,12,2,2: High
Cuddalore - Manimuktha Basin (Virudhachalam),Riverine Plain,9.9,4.77,23.14,0.14,0.08,27.9,46.3,44.9,Agricultural_Mixed,1141.0,0.56,6,0,0: Low
Ramanathapuram - Gundar Basin (Kamuthi),Estuary / Coastal,15.1,2.47,31.14,0.74,-0.09,35.59,74.8,25.7,Commercial,3335.0,0.99,5,0,0: Low
Chennai - Velachery Lowland Basin,Coastal Lowland,13.36,3.34,3.48,0.28,0.05,3.65,54.0,49.2,Urban_High_Density,6525.0,0.46,12,0,0: Low
Kancheepuram - Palar Basin,Riverine Valley,306.99,57.13,22.8,6.3,1.27,24.03,67.6,35.0,Urban_Residential,3888.0,0.42,5,3,3: Severe Inundation
Ramanathapuram - Gundar Basin (Kamuthi),Estuary / Coastal,152.25,41.54,33.78,3.38,0.7,34.78,58.8,43.3,Commercial,1827.0,0.48,5,0,0: Low
Tiruvallur - Kosasthalaiyar Basin,Northern Plain,78.52,6.56,16.09,2.09,0.16,19.19,72.5,23.4,Industrial,1013.0,0.87,7,0,0: Low
Cuddalore - Manimuktha Basin (Virudhachalam),Riverine Plain,16.1,6.81,23.12,0.12,0.01,28.22,68.4,37.4,Agricultural_Mixed,3368.0,0.38,6,0,0: Low
Sivaganga - Vaigai/Gundar (Parthibanur),Valley Basin,67.93,16.08,27.08,1.58,0.17,41.89,61.1,36.5,Urban_Commercial,6901.0,0.33,4,0,0: Low
Kancheepuram - Palar Basin,Riverine Valley,62.13,14.87,18.3,1.8,0.11,23.92,75.1,21.7,Urban_Residential,15164.0,0.83,5,0,0: Low
Chennai - Madipakkam Lake Buffer,Lake Catchment,29.8,2.28,2.67,0.17,-0.04,3.46,69.4,32.1,Urban_Residential,7674.0,0.52,14,0,0: Low
Chennai - Adyar Basin (Nandambakkam),Coastal / Low Basin,96.24,43.54,7.87,3.37,0.86,7.87,91.2,20.5,Urban_High_Density,6395.0,0.78,8,2,2: High
Tiruvallur - Kosasthalaiyar Basin,Northern Plain,4.86,7.3,14.23,0.23,-0.05,19.16,46.9,54.0,Industrial,2522.0,0.77,7,0,0: Low
Chennai - Adyar Basin (Nandambakkam),Coastal / Low Basin,31.88,16.68,5.35,0.85,0.24,7.59,17.8,75.0,Urban_High_Density,14729.0,0.64,8,0,0: Low
Tiruvallur - Kosasthalaiyar Basin,Northern Plain,3.21,2.1,14.51,0.51,-0.02,19.02,65.1,41.3,Industrial,1469.0,0.67,7,0,0: Low
Chennai - Madipakkam Lake Buffer,Lake Catchment,146.37,28.69,6.05,3.55,0.45,2.87,27.3,69.6,Urban_Residential,14329.0,0.44,14,3,3: Severe Inundation
Sivaganga - Vaigai/Gundar (Parthibanur),Valley Basin,84.24,20.0,27.52,2.02,0.33,41.7,22.1,70.4,Urban_Commercial,9730.0,0.69,4,0,0: Low
Tiruvallur - Kosasthalaiyar Basin,Northern Plain,60.3,19.44,15.57,1.57,0.35,18.81,79.7,13.0,Industrial,3082.0,0.71,7,0,0: Low
Cuddalore - Manimuktha Basin (Virudhachalam),Riverine Plain,37.31,9.54,23.86,0.86,0.12,27.67,30.7,71.6,Agricultural_Mixed,883.0,0.53,6,0,0: Low
Chennai - Madipakkam Lake Buffer,Lake Catchment,299.2,60.97,9.33,6.83,1.47,3.03,87.0,11.2,Urban_Residential,8988.0,0.34,14,3,3: Severe Inundation
Sivaganga - Vaigai/Gundar (Parthibanur),Valley Basin,20.58,4.65,25.63,0.13,0.01,42.04,82.0,24.7,Urban_Commercial,12198.0,0.5,4,0,0: Low
Chennai - Adyar Basin (Nandambakkam),Coastal / Low Basin,42.89,13.2,6.42,1.92,0.35,7.37,51.1,44.7,Urban_High_Density,9326.0,0.31,8,0,0: Low
Chennai - Madipakkam Lake Buffer,Lake Catchment,29.22,5.31,2.63,0.13,-0.1,3.5,45.6,61.2,Urban_Residential,6702.0,0.98,14,0,0: Low
Cuddalore - Manimuktha Basin (Virudhachalam),Riverine Plain,154.64,36.53,26.77,3.77,0.43,28.73,32.3,69.7,Agricultural_Mixed,2384.0,0.53,6,1,1: Moderate
Chennai - Madipakkam Lake Buffer,Lake Catchment,81.95,14.04,3.47,0.97,0.15,3.1,58.3,42.9,Urban_Residential,6992.0,0.34,14,1,1: Moderate
Ramanathapuram - Gundar Basin (Kamuthi),Estuary / Coastal,6.51,4.56,30.41,0.01,-0.04,34.94,75.0,19.3,Commercial,4000.0,0.43,5,0,0: Low
Ramanathapuram - Gundar Basin (Kamuthi),Estuary / Coastal,2.61,5.16,31.09,0.69,0.02,35.28,69.6,38.3,Commercial,3759.0,0.79,5,0,0: Low
Chennai - Adyar Basin (Nandambakkam),Coastal / Low Basin,36.1,15.56,6.68,2.18,0.37,7.38,59.6,44.8,Urban_High_Density,9488.0,0.97,8,0,0: Low
Chennai - Velachery Lowland Basin,Coastal Lowland,22.73,6.6,3.78,0.58,-0.06,4.39,53.4,49.9,Urban_High_Density,5304.0,0.96,12,0,0: Low
Kancheepuram - Palar Basin,Riverine Valley,6.57,6.52,16.5,0.0,-0.07,23.51,29.4,66.4,Urban_Residential,4427.0,0.99,5,0,0: Low
Ramanathapuram - Gundar Basin (Kamuthi),Estuary / Coastal,114.57,36.87,32.8,2.4,0.73,34.95,73.0,33.0,Commercial,702.0,0.76,5,0,0: Low
Kancheepuram - Palar Basin,Riverine Valley,62.72,8.91,17.59,1.09,0.18,24.23,42.9,55.9,Urban_Residential,3977.0,0.58,5,0,0: Low
Kancheepuram - Palar Basin,Riverine Valley,24.59,2.93,16.76,0.26,-0.02,23.63,84.7,17.8,Urban_Residential,14895.0,0.37,5,0,0: Low
Chennai - Adyar Basin (Nandambakkam),Coastal / Low Basin,5.49,7.64,5.16,0.66,0.01,7.96,26.1,71.5,Urban_High_Density,4594.0,0.54,8,0,0: Low
Cuddalore - Manimuktha Basin (Virudhachalam),Riverine Plain,271.67,63.89,30.89,7.89,1.7,27.58,49.8,53.7,Agricultural_Mixed,3170.0,0.65,6,3,3: Severe Inundation
Chennai - Adyar Basin (Nandambakkam),Coastal / Low Basin,31.23,6.76,6.05,1.55,0.16,7.75,36.3,56.8,Urban_High_Density,15496.0,1.0,8,0,0: Low
Chennai - Velachery Lowland Basin,Coastal Lowland,81.57,8.97,4.36,1.16,0.14,3.88,76.1,14.3,Urban_High_Density,6999.0,0.54,12,1,1: Moderate
Sivaganga - Vaigai/Gundar (Parthibanur),Valley Basin,48.54,13.67,27.38,1.88,0.3,42.08,94.1,10.0,Urban_Commercial,12517.0,0.82,4,0,0: Low
Ramanathapuram - Gundar Basin (Kamuthi),Estuary / Coastal,60.35,11.44,32.38,1.98,0.1,35.05,89.8,11.8,Commercial,1195.0,0.88,5,0,0: Low
Tiruvallur - Kosasthalaiyar Basin,Northern Plain,30.79,17.87,15.81,1.81,0.26,18.86,66.3,37.0,Industrial,4113.0,0.54,7,0,0: Low
Cuddalore - Manimuktha Basin (Virudhachalam),Riverine Plain,86.38,27.75,25.24,2.24,0.9,27.74,53.9,58.3,Agricultural_Mixed,3636.0,0.41,6,0,0: Low
Chennai - Velachery Lowland Basin,Coastal Lowland,7.91,4.91,3.53,0.33,0.08,3.79,21.1,74.5,Urban_High_Density,7317.0,0.86,12,0,0: Low
Sivaganga - Vaigai/Gundar (Parthibanur),Valley Basin,21.64,4.63,25.9,0.4,-0.04,41.59,79.5,22.2,Urban_Commercial,14073.0,0.76,4,0,0: Low
Chennai - Velachery Lowland Basin,Coastal Lowland,134.46,38.69,6.72,3.52,0.46,4.21,79.8,20.7,Urban_High_Density,7434.0,0.65,12,2,2: High
Cuddalore - Manimuktha Basin (Virudhachalam),Riverine Plain,4.45,6.02,23.72,0.72,0.09,27.49,78.8,26.8,Agricultural_Mixed,4312.0,0.81,6,0,0: Low
Chennai - Adyar Basin (Nandambakkam),Coastal / Low Basin,136.99,25.07,8.83,4.33,0.41,7.41,46.0,57.7,Urban_High_Density,12826.0,0.78,8,2,2: High
Sivaganga - Vaigai/Gundar (Parthibanur),Valley Basin,97.82,28.05,29.08,3.58,0.59,41.95,63.2,35.9,Urban_Commercial,3740.0,0.7,4,0,0: Low
Tiruvallur - Kosasthalaiyar Basin,Northern Plain,76.78,6.67,15.92,1.92,0.22,18.9,60.3,40.0,Industrial,3432.0,0.87,7,0,0: Low
Kancheepuram - Palar Basin,Riverine Valley,27.48,6.93,17.07,0.57,0.06,23.99,30.5,61.6,Urban_Residential,6852.0,0.61,5,0,0: Low
Cuddalore - Manimuktha Basin (Virudhachalam),Riverine Plain,11.01,6.96,23.3,0.3,0.05,27.91,81.1,14.0,Agricultural_Mixed,2450.0,0.45,6,0,0: Low
Cuddalore - Manimuktha Basin (Virudhachalam),Riverine Plain,20.26,1.37,23.78,0.78,0.02,28.07,90.9,10.0,Agricultural_Mixed,2794.0,0.43,6,0,0: Low
Kancheepuram - Palar Basin,Riverine Valley,2.49,5.41,17.02,0.52,0.02,24.12,95.0,10.2,Urban_Residential,15681.0,0.93,5,0,0: Low
Chennai - Adyar Basin (Nandambakkam),Coastal / Low Basin,3.37,6.86,4.89,0.39,0.06,7.69,47.9,48.9,Urban_High_Density,3220.0,0.55,8,0,0: Low
Sivaganga - Vaigai/Gundar (Parthibanur),Valley Basin,15.36,1.67,25.66,0.16,0.07,42.58,47.5,53.3,Urban_Commercial,15595.0,0.94,4,0,0: Low
Ramanathapuram - Gundar Basin (Kamuthi),Estuary / Coastal,9.58,1.47,30.41,0.01,-0.07,35.27,73.1,26.8,Commercial,4437.0,0.45,5,0,0: Low
Chennai - Velachery Lowland Basin,Coastal Lowland,86.97,43.59,7.06,3.86,0.35,4.15,36.3,64.6,Urban_High_Density,17515.0,0.31,12,2,2: High
Tiruvallur - Kosasthalaiyar Basin,Northern Plain,6.5,6.37,14.05,0.05,0.07,19.14,76.4,35.7,Industrial,2761.0,0.77,7,0,0: Low
Chennai - Adyar Basin (Nandambakkam),Coastal / Low Basin,26.95,1.57,4.87,0.37,0.06,7.54,54.5,40.3,Urban_High_Density,12600.0,0.97,8,0,0: Low
Chennai - Madipakkam Lake Buffer,Lake Catchment,106.35,28.23,5.16,2.66,0.88,3.14,44.6,54.2,Urban_Residential,14160.0,0.84,14,2,2: High
Sivaganga - Vaigai/Gundar (Parthibanur),Valley Basin,209.16,60.95,33.03,7.53,1.58,42.33,60.9,42.3,Urban_Commercial,9471.0,0.65,4,2,2: High
Tiruvallur - Kosasthalaiyar Basin,Northern Plain,6.91,6.38,14.32,0.32,0.0,19.38,55.4,47.1,Industrial,2393.0,0.68,7,0,0: Low
Ramanathapuram - Gundar Basin (Kamuthi),Estuary / Coastal,20.41,2.61,30.48,0.08,-0.09,34.76,75.8,15.4,Commercial,788.0,0.48,5,0,0: Low
Cuddalore - Manimuktha Basin (Virudhachalam),Riverine Plain,12.3,1.12,23.67,0.67,0.06,28.11,45.0,44.1,Agricultural_Mixed,4415.0,0.72,6,0,0: Low
Chennai - Madipakkam Lake Buffer,Lake Catchment,283.95,58.19,8.73,6.23,1.16,3.12,64.1,37.7,Urban_Residential,7998.0,0.32,14,3,3: Severe Inundation
Cuddalore - Manimuktha Basin (Virudhachalam),Riverine Plain,68.89,11.86,24.74,1.74,0.14,28.4,37.1,59.4,Agricultural_Mixed,2276.0,0.72,6,0,0: Low
Chennai - Adyar Basin (Nandambakkam),Coastal / Low Basin,78.77,8.26,5.45,0.95,0.1,7.25,67.7,32.1,Urban_High_Density,4004.0,0.7,8,0,0: Low
Tiruvallur - Kosasthalaiyar Basin,Northern Plain,10.29,3.25,14.42,0.42,0.03,19.35,80.0,16.0,Industrial,2505.0,0.57,7,0,0: Low
Kancheepuram - Palar Basin,Riverine Valley,75.56,12.51,17.71,1.21,0.33,23.93,40.2,56.3,Urban_Residential,12000.0,0.32,5,0,0: Low
Chennai - Adyar Basin (Nandambakkam),Coastal / Low Basin,95.45,37.56,7.88,3.38,0.37,7.24,64.4,36.9,Urban_High_Density,4296.0,0.66,8,2,2: High
Tiruvallur - Kosasthalaiyar Basin,Northern Plain,40.03,14.36,15.77,1.77,0.24,18.98,89.9,13.4,Industrial,2676.0,0.4,7,0,0: Low
Chennai - Madipakkam Lake Buffer,Lake Catchment,38.0,12.11,4.22,1.72,0.31,3.24,75.8,30.4,Urban_Residential,3143.0,0.35,14,1,1: Moderate
Chennai - Velachery Lowland Basin,Coastal Lowland,4.45,4.83,3.37,0.17,0.07,4.35,48.9,47.1,Urban_High_Density,11587.0,0.86,12,0,0: Low
Chennai - Adyar Basin (Nandambakkam),Coastal / Low Basin,21.58,4.07,5.09,0.59,0.09,7.33,79.4,16.6,Urban_High_Density,7024.0,0.8,8,0,0: Low
Chennai - Madipakkam Lake Buffer,Lake Catchment,27.28,4.38,2.72,0.22,0.04,3.52,34.0,65.9,Urban_Residential,4177.0,0.89,14,0,0: Low
Cuddalore - Manimuktha Basin (Virudhachalam),Riverine Plain,21.33,1.0,23.75,0.75,0.01,28.19,56.2,47.8,Agricultural_Mixed,1267.0,0.71,6,0,0: Low
Chennai - Madipakkam Lake Buffer,Lake Catchment,269.06,71.47,10.45,7.95,0.88,2.75,81.9,16.9,Urban_Residential,6262.0,0.78,14,3,3: Severe Inundation
Sivaganga - Vaigai/Gundar (Parthibanur),Valley Basin,262.78,79.91,30.7,5.2,1.05,42.03,47.7,54.6,Urban_Commercial,8577.0,0.94,4,2,2: High
Cuddalore - Manimuktha Basin (Virudhachalam),Riverine Plain,68.64,15.28,24.34,1.34,0.22,27.63,88.6,15.7,Agricultural_Mixed,3582.0,0.56,6,0,0: Low
Chennai - Madipakkam Lake Buffer,Lake Catchment,132.25,30.8,6.18,3.68,0.84,3.13,41.1,56.4,Urban_Residential,11264.0,0.56,14,2,2: High
Ramanathapuram - Gundar Basin (Kamuthi),Estuary / Coastal,117.86,43.92,33.23,2.83,0.75,34.86,68.9,31.8,Commercial,4445.0,0.78,5,0,0: Low
Chennai - Adyar Basin (Nandambakkam),Coastal / Low Basin,273.99,63.48,9.57,5.07,1.18,7.98,50.3,58.2,Urban_High_Density,5020.0,0.4,8,3,3: Severe Inundation
Chennai - Madipakkam Lake Buffer,Lake Catchment,253.75,49.46,7.99,5.49,1.72,2.73,17.0,86.6,Urban_Residential,6761.0,0.8,14,3,3: Severe Inundation
Chennai - Madipakkam Lake Buffer,Lake Catchment,149.09,42.86,5.07,2.57,0.48,3.1,52.7,51.4,Urban_Residential,15648.0,0.61,14,2,2: High
Ramanathapuram - Gundar Basin (Kamuthi),Estuary / Coastal,59.0,10.56,31.54,1.14,0.29,34.91,51.8,55.0,Commercial,1650.0,0.6,5,0,0: Low
Kancheepuram - Palar Basin,Riverine Valley,129.76,33.97,20.1,3.6,0.73,23.92,50.5,45.9,Urban_Residential,12624.0,0.67,5,1,1: Moderate
Kancheepuram - Palar Basin,Riverine Valley,230.78,76.11,24.25,7.75,1.77,23.67,74.2,25.1,Urban_Residential,17415.0,0.46,5,3,3: Severe Inundation
Ramanathapuram - Gundar Basin (Kamuthi),Estuary / Coastal,51.88,17.76,31.32,0.92,0.23,34.55,75.6,21.9,Commercial,2585.0,0.94,5,0,0: Low
Ramanathapuram - Gundar Basin (Kamuthi),Estuary / Coastal,157.86,27.43,33.27,2.87,0.66,34.85,84.0,18.7,Commercial,3322.0,0.64,5,0,0: Low
Cuddalore - Manimuktha Basin (Virudhachalam),Riverine Plain,5.53,4.42,23.42,0.42,-0.06,27.66,55.7,34.5,Agricultural_Mixed,3639.0,0.34,6,0,0: Low
Kancheepuram - Palar Basin,Riverine Valley,26.24,2.19,17.24,0.74,-0.0,24.37,21.7,71.2,Urban_Residential,13235.0,0.95,5,0,0: Low
Chennai - Adyar Basin (Nandambakkam),Coastal / Low Basin,7.18,2.61,4.71,0.21,-0.05,7.26,34.7,69.7,Urban_High_Density,4452.0,0.36,8,0,0: Low
Chennai - Velachery Lowland Basin,Coastal Lowland,12.95,2.95,3.66,0.46,0.0,4.1,94.2,10.0,Urban_High_Density,12284.0,0.34,12,0,0: Low
Sivaganga - Vaigai/Gundar (Parthibanur),Valley Basin,23.53,7.04,25.79,0.29,0.01,41.94,77.6,17.4,Urban_Commercial,14795.0,0.94,4,0,0: Low
Chennai - Adyar Basin (Nandambakkam),Coastal / Low Basin,27.83,5.96,5.13,0.63,-0.08,7.37,53.4,54.3,Urban_High_Density,3244.0,0.38,8,0,0: Low
Sivaganga - Vaigai/Gundar (Parthibanur),Valley Basin,113.85,20.89,29.45,3.95,0.81,41.65,71.7,37.4,Urban_Commercial,9231.0,0.87,4,0,0: Low
Chennai - Adyar Basin (Nandambakkam),Coastal / Low Basin,309.05,65.74,10.04,5.54,1.8,7.76,89.0,10.8,Urban_High_Density,15523.0,0.88,8,3,3: Severe Inundation
Chennai - Madipakkam Lake Buffer,Lake Catchment,139.16,41.08,5.59,3.09,0.37,3.2,57.8,47.1,Urban_Residential,6860.0,0.89,14,2,2: High
Chennai - Velachery Lowland Basin,Coastal Lowland,113.6,27.37,7.34,4.14,0.32,4.24,62.9,37.3,Urban_High_Density,6147.0,0.99,12,2,2: High
Tiruvallur - Kosasthalaiyar Basin,Northern Plain,117.62,35.62,16.67,2.67,0.58,19.31,45.5,66.7,Industrial,3825.0,0.93,7,1,1: Moderate
Kancheepuram - Palar Basin,Riverine Valley,158.5,43.68,20.77,4.27,0.4,23.64,63.6,35.5,Urban_Residential,14350.0,0.5,5,1,1: Moderate
Chennai - Velachery Lowland Basin,Coastal Lowland,27.69,7.27,3.93,0.73,0.05,3.76,90.9,11.3,Urban_High_Density,12955.0,0.83,12,0,0: Low
Chennai - Adyar Basin (Nandambakkam),Coastal / Low Basin,26.75,4.81,4.53,0.03,0.08,7.27,31.2,57.5,Urban_High_Density,17510.0,0.42,8,0,0: Low
Sivaganga - Vaigai/Gundar (Parthibanur),Valley Basin,7.35,5.63,25.69,0.19,0.09,40.94,36.1,64.2,Urban_Commercial,3225.0,0.41,4,0,0: Low
Chennai - Velachery Lowland Basin,Coastal Lowland,42.92,10.22,4.34,1.14,0.3,3.56,67.1,37.6,Urban_High_Density,17900.0,0.4,12,0,0: Low
Chennai - Madipakkam Lake Buffer,Lake Catchment,31.3,19.15,4.2,1.7,0.13,3.78,63.8,43.6,Urban_Residential,6878.0,0.31,14,1,1: Moderate
Chennai - Adyar Basin (Nandambakkam),Coastal / Low Basin,27.2,6.08,5.3,0.8,-0.04,7.58,51.4,44.3,Urban_High_Density,5219.0,0.46,8,0,0: Low
Chennai - Madipakkam Lake Buffer,Lake Catchment,51.14,17.93,4.38,1.88,0.28,3.49,62.1,44.2,Urban_Residential,7729.0,0.87,14,1,1: Moderate
Chennai - Velachery Lowland Basin,Coastal Lowland,163.51,74.59,11.08,7.88,1.14,4.05,40.6,64.4,Urban_High_Density,6043.0,0.52,12,3,3: Severe Inundation
Cuddalore - Manimuktha Basin (Virudhachalam),Riverine Plain,21.05,3.76,23.64,0.64,-0.09,27.79,53.6,40.4,Agricultural_Mixed,3516.0,0.91,6,0,0: Low
Chennai - Madipakkam Lake Buffer,Lake Catchment,69.08,18.15,4.67,2.17,0.39,2.96,88.4,10.0,Urban_Residential,12822.0,0.73,14,1,1: Moderate
Tiruvallur - Kosasthalaiyar Basin,Northern Plain,14.55,3.55,14.79,0.79,0.07,19.16,46.5,57.0,Industrial,1019.0,0.62,7,0,0: Low
Tiruvallur - Kosasthalaiyar Basin,Northern Plain,13.26,6.25,14.06,0.06,0.03,19.28,38.9,55.0,Industrial,2984.0,0.73,7,0,0: Low
Kancheepuram - Palar Basin,Riverine Valley,153.72,18.29,20.7,4.2,0.43,24.36,39.6,60.0,Urban_Residential,8552.0,0.76,5,1,1: Moderate
Tiruvallur - Kosasthalaiyar Basin,Northern Plain,14.08,6.2,14.4,0.4,0.06,18.71,40.6,66.0,Industrial,2756.0,0.8,7,0,0: Low
Chennai - Madipakkam Lake Buffer,Lake Catchment,246.77,69.81,7.98,5.48,1.12,3.09,32.4,74.7,Urban_Residential,14542.0,0.36,14,3,3: Severe Inundation
Ramanathapuram - Gundar Basin (Kamuthi),Estuary / Coastal,66.8,10.59,31.77,1.37,0.17,35.0,27.7,72.0,Commercial,4129.0,0.33,5,0,0: Low
Kancheepuram - Palar Basin,Riverine Valley,61.89,19.95,17.69,1.19,0.33,24.24,49.2,44.1,Urban_Residential,13522.0,0.65,5,0,0: Low
Kancheepuram - Palar Basin,Riverine Valley,85.04,31.64,19.24,2.74,0.82,24.13,82.2,16.9,Urban_Residential,3574.0,0.37,5,0,0: Low
Chennai - Madipakkam Lake Buffer,Lake Catchment,21.33,1.43,3.19,0.69,0.06,3.22,53.7,42.6,Urban_Residential,11056.0,0.62,14,0,0: Low
Chennai - Velachery Lowland Basin,Coastal Lowland,2.75,6.04,3.22,0.02,0.09,4.0,78.0,18.4,Urban_High_Density,13851.0,0.9,12,0,0: Low
Cuddalore - Manimuktha Basin (Virudhachalam),Riverine Plain,84.14,13.2,24.84,1.84,0.3,27.9,72.5,25.1,Agricultural_Mixed,3645.0,0.98,6,0,0: Low
Tiruvallur - Kosasthalaiyar Basin,Northern Plain,17.79,3.83,14.39,0.39,-0.03,19.28,80.7,23.0,Industrial,2373.0,0.93,7,0,0: Low
Cuddalore - Manimuktha Basin (Virudhachalam),Riverine Plain,71.95,19.96,24.9,1.9,0.36,27.88,61.3,42.3,Agricultural_Mixed,3389.0,0.35,6,0,0: Low
Tiruvallur - Kosasthalaiyar Basin,Northern Plain,159.77,38.76,17.08,3.08,0.63,18.65,66.7,25.9,Industrial,814.0,0.94,7,1,1: Moderate
Ramanathapuram - Gundar Basin (Kamuthi),Estuary / Coastal,4.66,3.72,30.87,0.47,0.02,34.93,86.7,10.0,Commercial,1136.0,0.51,5,0,0: Low
Chennai - Velachery Lowland Basin,Coastal Lowland,38.58,12.48,4.31,1.11,0.32,3.82,61.0,40.4,Urban_High_Density,9837.0,0.73,12,0,0: Low
Chennai - Madipakkam Lake Buffer,Lake Catchment,13.15,3.3,3.12,0.62,0.08,3.14,62.8,38.9,Urban_Residential,15550.0,0.92,14,0,0: Low
Cuddalore - Manimuktha Basin (Virudhachalam),Riverine Plain,245.98,40.31,27.54,4.54,1.34,27.51,93.4,10.0,Agricultural_Mixed,2548.0,0.93,6,2,2: High
Cuddalore - Manimuktha Basin (Virudhachalam),Riverine Plain,109.64,20.77,25.81,2.81,0.38,27.91,71.4,31.0,Agricultural_Mixed,3439.0,0.85,6,0,0: Low
Chennai - Madipakkam Lake Buffer,Lake Catchment,47.86,17.85,4.57,2.07,0.24,3.22,44.2,60.0,Urban_Residential,7231.0,0.5,14,1,1: Moderate
Chennai - Velachery Lowland Basin,Coastal Lowland,4.65,4.31,3.57,0.37,0.03,4.22,83.8,18.6,Urban_High_Density,14103.0,0.72,12,0,0: Low
Chennai - Velachery Lowland Basin,Coastal Lowland,28.36,5.35,3.88,0.68,-0.05,4.05,63.1,31.2,Urban_High_Density,3165.0,0.81,12,0,0: Low
Kancheepuram - Palar Basin,Riverine Valley,29.21,7.08,17.0,0.5,0.06,23.68,80.6,26.3,Urban_Residential,2967.0,0.8,5,0,0: Low
Tiruvallur - Kosasthalaiyar Basin,Northern Plain,19.04,3.5,14.62,0.62,0.03,18.83,47.2,51.8,Industrial,1022.0,0.51,7,0,0: Low
Ramanathapuram - Gundar Basin (Kamuthi),Estuary / Coastal,75.45,7.79,31.81,1.41,0.28,35.08,57.8,43.6,Commercial,4475.0,0.81,5,0,0: Low
Kancheepuram - Palar Basin,Riverine Valley,67.78,13.21,18.52,2.02,0.4,24.16,58.0,47.1,Urban_Residential,12633.0,0.39,5,0,0: Low
Chennai - Madipakkam Lake Buffer,Lake Catchment,21.15,3.06,2.51,0.01,0.03,2.96,46.2,57.2,Urban_Residential,16457.0,0.55,14,0,0: Low
Kancheepuram - Palar Basin,Riverine Valley,90.54,28.99,19.48,2.98,0.77,24.51,86.0,11.3,Urban_Residential,3556.0,0.93,5,0,0: Low
Chennai - Adyar Basin (Nandambakkam),Coastal / Low Basin,39.31,12.95,6.23,1.73,0.25,7.15,77.8,26.7,Urban_High_Density,14860.0,0.39,8,0,0: Low
Chennai - Madipakkam Lake Buffer,Lake Catchment,13.42,3.27,2.97,0.47,-0.04,2.79,23.8,79.1,Urban_Residential,8490.0,0.89,14,0,0: Low
Tiruvallur - Kosasthalaiyar Basin,Northern Plain,10.23,4.33,14.17,0.17,-0.04,19.15,65.8,41.0,Industrial,1015.0,0.33,7,0,0: Low
Chennai - Velachery Lowland Basin,Coastal Lowland,131.77,23.16,6.33,3.13,0.62,4.27,43.6,60.7,Urban_High_Density,13811.0,0.83,12,2,2: High
Chennai - Adyar Basin (Nandambakkam),Coastal / Low Basin,13.23,6.74,4.6,0.1,0.03,7.73,66.7,29.3,Urban_High_Density,5355.0,0.67,8,0,0: Low
Cuddalore - Manimuktha Basin (Virudhachalam),Riverine Plain,16.45,6.15,23.08,0.08,-0.04,27.96,49.9,51.3,Agricultural_Mixed,1221.0,0.85,6,0,0: Low
Tiruvallur - Kosasthalaiyar Basin,Northern Plain,41.08,15.12,15.83,1.83,0.14,18.79,73.5,31.2,Industrial,1154.0,0.3,7,0,0: Low
Chennai - Madipakkam Lake Buffer,Lake Catchment,9.61,2.02,2.83,0.33,-0.08,3.44,63.4,39.0,Urban_Residential,9918.0,0.53,14,0,0: Low
Ramanathapuram - Gundar Basin (Kamuthi),Estuary / Coastal,279.02,50.86,36.95,6.55,1.49,35.09,51.3,46.7,Commercial,2736.0,0.66,5,3,3: Severe Inundation
Chennai - Adyar Basin (Nandambakkam),Coastal / Low Basin,19.65,1.48,4.62,0.12,0.01,7.63,85.2,12.1,Urban_High_Density,10330.0,0.81,8,0,0: Low
Ramanathapuram - Gundar Basin (Kamuthi),Estuary / Coastal,63.86,17.05,32.53,2.13,0.21,35.15,78.4,21.9,Commercial,674.0,0.81,5,0,0: Low
Kancheepuram - Palar Basin,Riverine Valley,79.57,9.14,17.34,0.84,0.23,23.88,22.1,82.0,Urban_Residential,8634.0,0.41,5,0,0: Low
Chennai - Adyar Basin (Nandambakkam),Coastal / Low Basin,139.13,27.7,6.98,2.48,0.43,7.65,33.8,63.0,Urban_High_Density,5671.0,0.43,8,2,2: High
Ramanathapuram - Gundar Basin (Kamuthi),Estuary / Coastal,11.81,1.64,30.66,0.26,0.03,34.82,71.8,30.5,Commercial,2141.0,0.89,5,0,0: Low
Cuddalore - Manimuktha Basin (Virudhachalam),Riverine Plain,16.14,7.25,23.7,0.7,0.01,28.14,45.6,53.1,Agricultural_Mixed,2273.0,0.67,6,0,0: Low
Sivaganga - Vaigai/Gundar (Parthibanur),Valley Basin,148.86,31.7,28.81,3.31,0.5,42.3,82.3,19.0,Urban_Commercial,14470.0,0.74,4,0,0: Low
Chennai - Madipakkam Lake Buffer,Lake Catchment,147.34,26.45,6.27,3.77,0.48,2.94,80.9,17.3,Urban_Residential,12080.0,0.35,14,2,2: High
Chennai - Madipakkam Lake Buffer,Lake Catchment,86.56,19.79,5.75,3.25,0.74,3.05,50.3,47.1,Urban_Residential,11971.0,0.81,14,2,2: High
Tiruvallur - Kosasthalaiyar Basin,Northern Plain,81.4,10.05,15.82,1.82,0.32,18.8,52.6,45.2,Industrial,1844.0,0.71,7,0,0: Low
Chennai - Adyar Basin (Nandambakkam),Coastal / Low Basin,50.57,14.97,5.98,1.48,0.1,7.21,30.3,68.7,Urban_High_Density,9204.0,0.95,8,0,0: Low
Ramanathapuram - Gundar Basin (Kamuthi),Estuary / Coastal,15.96,3.59,31.04,0.64,-0.04,34.77,24.9,70.3,Commercial,4372.0,0.65,5,0,0: Low
Kancheepuram - Palar Basin,Riverine Valley,79.77,8.5,17.98,1.48,0.37,23.77,64.0,31.6,Urban_Residential,9660.0,0.38,5,0,0: Low
Chennai - Madipakkam Lake Buffer,Lake Catchment,8.72,2.37,2.94,0.44,0.07,2.98,77.6,25.3,Urban_Residential,10879.0,0.71,14,0,0: Low
Chennai - Madipakkam Lake Buffer,Lake Catchment,11.3,7.76,2.69,0.19,0.08,2.9,59.0,44.0,Urban_Residential,11349.0,0.48,14,0,0: Low
Kancheepuram - Palar Basin,Riverine Valley,9.09,2.95,16.57,0.07,-0.04,23.93,95.0,10.7,Urban_Residential,13613.0,0.34,5,0,0: Low
Cuddalore - Manimuktha Basin (Virudhachalam),Riverine Plain,5.93,2.12,23.74,0.74,0.04,28.21,24.2,84.6,Agricultural_Mixed,1105.0,0.78,6,0,0: Low
Ramanathapuram - Gundar Basin (Kamuthi),Estuary / Coastal,64.7,11.85,31.75,1.35,0.31,34.85,85.0,21.2,Commercial,2596.0,0.68,5,0,0: Low
Chennai - Madipakkam Lake Buffer,Lake Catchment,18.07,7.3,3.12,0.62,0.06,3.07,77.3,14.0,Urban_Residential,9297.0,0.69,14,0,0: Low
Tiruvallur - Kosasthalaiyar Basin,Northern Plain,85.85,18.04,18.1,4.1,0.9,18.92,72.9,27.4,Industrial,4475.0,0.32,7,0,0: Low
Chennai - Madipakkam Lake Buffer,Lake Catchment,21.9,2.09,2.93,0.43,-0.08,3.34,46.3,59.6,Urban_Residential,16768.0,0.94,14,0,0: Low
Chennai - Velachery Lowland Basin,Coastal Lowland,23.55,2.85,3.78,0.58,0.07,3.89,76.4,17.2,Urban_High_Density,10417.0,0.62,12,0,0: Low
Sivaganga - Vaigai/Gundar (Parthibanur),Valley Basin,75.09,13.24,26.62,1.12,0.3,41.81,33.1,62.3,Urban_Commercial,11418.0,0.94,4,0,0: Low
Cuddalore - Manimuktha Basin (Virudhachalam),Riverine Plain,238.38,65.27,28.95,5.95,0.87,28.13,33.9,66.3,Agricultural_Mixed,1383.0,0.38,6,3,3: Severe Inundation
Chennai - Adyar Basin (Nandambakkam),Coastal / Low Basin,239.49,74.13,9.23,4.73,1.22,7.25,54.6,42.7,Urban_High_Density,17607.0,0.88,8,3,3: Severe Inundation
Ramanathapuram - Gundar Basin (Kamuthi),Estuary / Coastal,58.5,11.69,32.35,1.95,0.15,35.04,91.1,12.8,Commercial,1572.0,0.86,5,0,0: Low
Kancheepuram - Palar Basin,Riverine Valley,7.72,2.4,16.55,0.05,0.05,24.27,81.8,14.6,Urban_Residential,8290.0,0.67,5,0,0: Low
Tiruvallur - Kosasthalaiyar Basin,Northern Plain,14.46,6.5,14.02,0.02,0.02,19.23,41.5,48.5,Industrial,3103.0,0.82,7,0,0: Low
Cuddalore - Manimuktha Basin (Virudhachalam),Riverine Plain,146.5,42.92,26.19,3.19,0.89,28.21,84.2,22.6,Agricultural_Mixed,3456.0,0.95,6,1,1: Moderate
Chennai - Velachery Lowland Basin,Coastal Lowland,3.24,3.58,3.6,0.4,-0.06,4.34,42.5,61.9,Urban_High_Density,15790.0,0.63,12,0,0: Low
Chennai - Velachery Lowland Basin,Coastal Lowland,174.78,44.31,9.37,6.17,1.39,3.26,77.0,22.5,Urban_High_Density,6141.0,0.47,12,3,3: Severe Inundation
Kancheepuram - Palar Basin,Riverine Valley,49.95,19.42,18.55,2.05,0.23,24.1,52.0,45.6,Urban_Residential,5055.0,0.56,5,0,0: Low
Sivaganga - Vaigai/Gundar (Parthibanur),Valley Basin,20.39,4.58,25.68,0.18,-0.02,41.9,55.1,38.8,Urban_Commercial,13038.0,0.57,4,0,0: Low
Chennai - Velachery Lowland Basin,Coastal Lowland,83.86,12.34,5.31,2.11,0.37,3.53,45.2,52.8,Urban_High_Density,3857.0,0.73,12,1,1: Moderate
Kancheepuram - Palar Basin,Riverine Valley,81.2,18.55,17.77,1.27,0.26,23.69,70.9,29.7,Urban_Residential,5713.0,0.37,5,0,0: Low
Sivaganga - Vaigai/Gundar (Parthibanur),Valley Basin,9.73,7.09,25.62,0.12,-0.0,41.38,61.5,34.3,Urban_Commercial,16688.0,0.62,4,0,0: Low
Cuddalore - Manimuktha Basin (Virudhachalam),Riverine Plain,14.91,4.23,23.65,0.65,0.06,27.8,52.4,42.0,Agricultural_Mixed,2369.0,0.98,6,0,0: Low
Ramanathapuram - Gundar Basin (Kamuthi),Estuary / Coastal,14.91,4.81,31.16,0.76,-0.03,35.65,65.4,33.9,Commercial,2336.0,0.32,5,0,0: Low
Cuddalore - Manimuktha Basin (Virudhachalam),Riverine Plain,267.22,74.19,27.92,4.92,1.27,28.17,81.4,13.2,Agricultural_Mixed,1503.0,0.88,6,3,3: Severe Inundation
Kancheepuram - Palar Basin,Riverine Valley,52.12,6.41,18.35,1.85,0.39,23.84,57.0,50.6,Urban_Residential,17813.0,0.79,5,0,0: Low
Ramanathapuram - Gundar Basin (Kamuthi),Estuary / Coastal,53.49,10.01,31.87,1.47,0.36,34.66,70.5,26.3,Commercial,2051.0,0.8,5,0,0: Low
Kancheepuram - Palar Basin,Riverine Valley,271.22,62.13,23.72,7.22,1.54,23.58,67.0,32.4,Urban_Residential,17439.0,0.95,5,3,3: Severe Inundation
Cuddalore - Manimuktha Basin (Virudhachalam),Riverine Plain,29.29,1.6,23.17,0.17,-0.01,28.0,49.9,53.6,Agricultural_Mixed,3113.0,0.37,6,0,0: Low
Chennai - Madipakkam Lake Buffer,Lake Catchment,109.51,33.3,5.61,3.11,0.34,2.98,62.1,44.4,Urban_Residential,14873.0,0.83,14,2,2: High
Chennai - Madipakkam Lake Buffer,Lake Catchment,287.29,58.34,9.88,7.38,1.31,2.91,76.2,22.1,Urban_Residential,16931.0,0.92,14,3,3: Severe Inundation
Cuddalore - Manimuktha Basin (Virudhachalam),Riverine Plain,27.25,4.54,23.05,0.05,-0.07,28.09,60.0,36.1,Agricultural_Mixed,1519.0,1.0,6,0,0: Low
Chennai - Velachery Lowland Basin,Coastal Lowland,21.23,7.02,3.51,0.31,0.08,3.47,50.8,55.7,Urban_High_Density,13365.0,0.47,12,0,0: Low
Chennai - Velachery Lowland Basin,Coastal Lowland,67.74,9.34,5.17,1.97,0.32,3.18,86.5,12.2,Urban_High_Density,13659.0,0.59,12,0,0: Low
Ramanathapuram - Gundar Basin (Kamuthi),Estuary / Coastal,25.01,3.28,30.76,0.36,0.05,34.56,48.2,43.6,Commercial,2861.0,0.81,5,0,0: Low
Ramanathapuram - Gundar Basin (Kamuthi),Estuary / Coastal,12.93,4.61,30.81,0.41,0.05,34.75,79.9,27.1,Commercial,3591.0,0.92,5,0,0: Low
Chennai - Madipakkam Lake Buffer,Lake Catchment,25.17,6.42,3.04,0.54,0.05,3.18,45.0,54.8,Urban_Residential,7299.0,0.71,14,0,0: Low
Sivaganga - Vaigai/Gundar (Parthibanur),Valley Basin,79.51,7.12,27.48,1.98,0.35,42.16,67.4,30.1,Urban_Commercial,4653.0,0.71,4,0,0: Low
Cuddalore - Manimuktha Basin (Virudhachalam),Riverine Plain,84.93,8.22,25.13,2.13,0.35,28.26,34.6,70.2,Agricultural_Mixed,955.0,0.6,6,0,0: Low
Sivaganga - Vaigai/Gundar (Parthibanur),Valley Basin,144.44,29.95,29.37,3.87,0.64,41.59,35.1,72.6,Urban_Commercial,15971.0,0.57,4,0,0: Low
Ramanathapuram - Gundar Basin (Kamuthi),Estuary / Coastal,26.75,3.4,30.5,0.1,0.02,35.35,54.8,50.6,Commercial,2967.0,0.57,5,0,0: Low
Sivaganga - Vaigai/Gundar (Parthibanur),Valley Basin,270.57,81.92,30.41,4.91,0.86,42.55,78.8,29.0,Urban_Commercial,16113.0,0.98,4,2,2: High
Kancheepuram - Palar Basin,Riverine Valley,11.48,2.79,16.64,0.14,0.01,23.55,66.8,32.0,Urban_Residential,6432.0,0.54,5,0,0: Low
Chennai - Adyar Basin (Nandambakkam),Coastal / Low Basin,91.5,25.89,6.81,2.31,0.77,7.43,56.0,39.0,Urban_High_Density,17597.0,0.86,8,1,1: Moderate
Chennai - Madipakkam Lake Buffer,Lake Catchment,3.1,1.26,3.11,0.61,0.01,3.41,49.6,52.0,Urban_Residential,10359.0,0.52,14,0,0: Low
Chennai - Madipakkam Lake Buffer,Lake Catchment,20.36,4.2,3.0,0.5,-0.05,3.21,78.1,16.5,Urban_Residential,10772.0,0.99,14,0,0: Low
Kancheepuram - Palar Basin,Riverine Valley,20.41,2.93,17.16,0.66,-0.04,24.0,54.2,42.8,Urban_Residential,5511.0,0.76,5,0,0: Low
Ramanathapuram - Gundar Basin (Kamuthi),Estuary / Coastal,48.95,10.33,31.49,1.09,0.22,34.76,83.6,14.7,Commercial,4182.0,0.34,5,0,0: Low
Cuddalore - Manimuktha Basin (Virudhachalam),Riverine Plain,228.97,67.61,29.08,6.08,1.12,27.97,75.4,23.2,Agricultural_Mixed,1315.0,0.45,6,2,2: High
Cuddalore - Manimuktha Basin (Virudhachalam),Riverine Plain,12.58,3.75,23.7,0.7,0.02,28.25,9.3,89.4,Agricultural_Mixed,3154.0,0.33,6,0,0: Low
Chennai - Velachery Lowland Basin,Coastal Lowland,3.62,4.4,3.97,0.77,-0.01,3.12,45.2,47.8,Urban_High_Density,4988.0,0.49,12,0,0: Low
Tiruvallur - Kosasthalaiyar Basin,Northern Plain,6.3,7.63,14.43,0.43,-0.09,18.41,77.1,29.3,Industrial,3434.0,0.36,7,0,0: Low
Kancheepuram - Palar Basin,Riverine Valley,11.51,7.6,16.9,0.4,0.09,23.99,70.0,31.1,Urban_Residential,14106.0,0.48,5,0,0: Low
Tiruvallur - Kosasthalaiyar Basin,Northern Plain,2.99,3.77,14.78,0.78,-0.08,18.92,49.3,49.8,Industrial,2361.0,0.49,7,0,0: Low
Tiruvallur - Kosasthalaiyar Basin,Northern Plain,142.15,31.93,18.34,4.34,0.46,19.18,84.0,13.4,Industrial,3752.0,0.82,7,1,1: Moderate
Cuddalore - Manimuktha Basin (Virudhachalam),Riverine Plain,15.01,7.76,23.24,0.24,-0.06,28.22,36.4,68.5,Agricultural_Mixed,2928.0,0.74,6,0,0: Low
Ramanathapuram - Gundar Basin (Kamuthi),Estuary / Coastal,19.77,4.01,30.41,0.01,0.01,34.83,84.4,22.9,Commercial,2915.0,0.73,5,0,0: Low
Chennai - Madipakkam Lake Buffer,Lake Catchment,6.53,3.8,3.07,0.57,-0.09,3.46,86.3,10.0,Urban_Residential,4021.0,0.7,14,0,0: Low
Cuddalore - Manimuktha Basin (Virudhachalam),Riverine Plain,213.9,84.89,30.93,7.93,1.58,28.01,71.9,29.2,Agricultural_Mixed,2636.0,0.73,6,3,3: Severe Inundation
Kancheepuram - Palar Basin,Riverine Valley,64.95,19.06,18.13,1.63,0.36,24.12,69.9,26.0,Urban_Residential,17908.0,0.56,5,0,0: Low
Kancheepuram - Palar Basin,Riverine Valley,21.51,6.89,17.02,0.52,0.01,23.82,36.2,66.3,Urban_Residential,3347.0,0.67,5,0,0: Low
Chennai - Madipakkam Lake Buffer,Lake Catchment,35.87,13.85,3.4,0.9,0.26,3.71,46.9,54.0,Urban_Residential,5119.0,0.72,14,1,1: Moderate
Ramanathapuram - Gundar Basin (Kamuthi),Estuary / Coastal,154.82,38.92,34.76,4.36,0.48,34.99,64.7,40.9,Commercial,1379.0,0.32,5,0,0: Low
Ramanathapuram - Gundar Basin (Kamuthi),Estuary / Coastal,12.96,7.73,31.01,0.61,-0.04,34.9,57.8,35.0,Commercial,2659.0,0.57,5,0,0: Low
Ramanathapuram - Gundar Basin (Kamuthi),Estuary / Coastal,71.9,11.02,32.2,1.8,0.27,34.97,66.1,39.4,Commercial,4306.0,0.36,5,0,0: Low
Tiruvallur - Kosasthalaiyar Basin,Northern Plain,14.04,5.27,14.73,0.73,-0.01,18.72,62.9,36.7,Industrial,1178.0,0.64,7,0,0: Low
Chennai - Adyar Basin (Nandambakkam),Coastal / Low Basin,71.25,12.42,5.53,1.03,0.18,7.31,56.0,44.7,Urban_High_Density,7674.0,0.59,8,0,0: Low
Cuddalore - Manimuktha Basin (Virudhachalam),Riverine Plain,73.86,8.27,24.67,1.67,0.25,28.22,34.1,71.2,Agricultural_Mixed,3054.0,0.98,6,0,0: Low
Ramanathapuram - Gundar Basin (Kamuthi),Estuary / Coastal,85.08,32.32,33.09,2.69,0.36,35.5,66.1,44.3,Commercial,2092.0,0.5,5,0,0: Low
Chennai - Velachery Lowland Basin,Coastal Lowland,4.59,5.62,3.64,0.44,-0.01,3.4,46.5,51.9,Urban_High_Density,6235.0,0.77,12,0,0: Low
Ramanathapuram - Gundar Basin (Kamuthi),Estuary / Coastal,7.48,6.43,30.92,0.52,0.02,34.65,73.7,33.1,Commercial,3604.0,0.5,5,0,0: Low
Ramanathapuram - Gundar Basin (Kamuthi),Estuary / Coastal,82.17,8.51,32.15,1.75,0.27,34.8,70.0,25.1,Commercial,2683.0,0.71,5,0,0: Low
Chennai - Madipakkam Lake Buffer,Lake Catchment,139.7,40.46,5.19,2.69,0.68,3.55,60.9,40.8,Urban_Residential,2738.0,0.46,14,2,2: High
Sivaganga - Vaigai/Gundar (Parthibanur),Valley Basin,119.98,32.33,29.43,3.93,0.77,42.23,57.3,45.4,Urban_Commercial,4108.0,0.76,4,0,0: Low
Chennai - Madipakkam Lake Buffer,Lake Catchment,2.16,1.96,2.85,0.35,-0.07,3.17,34.8,62.5,Urban_Residential,14999.0,0.51,14,0,0: Low
Chennai - Velachery Lowland Basin,Coastal Lowland,16.22,4.95,3.95,0.75,-0.05,3.85,58.1,43.4,Urban_High_Density,5805.0,0.81,12,0,0: Low
Cuddalore - Manimuktha Basin (Virudhachalam),Riverine Plain,54.62,8.22,24.54,1.54,0.18,27.98,74.3,23.0,Agricultural_Mixed,1090.0,0.32,6,0,0: Low
Chennai - Velachery Lowland Basin,Coastal Lowland,117.96,21.97,5.63,2.43,0.48,3.71,80.5,17.2,Urban_High_Density,8624.0,0.74,12,2,2: High
Sivaganga - Vaigai/Gundar (Parthibanur),Valley Basin,20.87,5.99,26.0,0.5,-0.03,41.3,38.7,62.1,Urban_Commercial,8246.0,0.78,4,0,0: Low
Chennai - Velachery Lowland Basin,Coastal Lowland,122.88,28.78,7.51,4.31,0.44,3.67,56.7,45.7,Urban_High_Density,17545.0,0.48,12,2,2: High
Ramanathapuram - Gundar Basin (Kamuthi),Estuary / Coastal,30.39,6.48,31.41,1.01,0.16,34.78,72.4,32.6,Commercial,3204.0,0.92,5,0,0: Low
Chennai - Velachery Lowland Basin,Coastal Lowland,50.13,15.14,4.43,1.23,0.17,3.89,84.4,13.0,Urban_High_Density,16805.0,0.87,12,0,0: Low
Cuddalore - Manimuktha Basin (Virudhachalam),Riverine Plain,269.31,49.51,27.64,4.64,0.95,27.99,73.6,24.1,Agricultural_Mixed,2301.0,0.47,6,2,2: High
Ramanathapuram - Gundar Basin (Kamuthi),Estuary / Coastal,112.33,40.07,32.83,2.43,0.71,35.13,28.4,64.8,Commercial,764.0,0.65,5,0,0: Low
Ramanathapuram - Gundar Basin (Kamuthi),Estuary / Coastal,13.89,6.84,30.78,0.38,0.02,34.89,45.4,56.6,Commercial,4435.0,0.99,5,0,0: Low
Ramanathapuram - Gundar Basin (Kamuthi),Estuary / Coastal,64.03,18.59,31.66,1.26,0.35,34.55,78.7,25.3,Commercial,775.0,0.51,5,0,0: Low
Chennai - Madipakkam Lake Buffer,Lake Catchment,75.92,11.73,4.16,1.66,0.37,3.02,72.1,28.0,Urban_Residential,11334.0,0.39,14,1,1: Moderate
Chennai - Adyar Basin (Nandambakkam),Coastal / Low Basin,152.11,30.25,7.75,3.25,0.61,7.07,61.9,49.3,Urban_High_Density,11571.0,0.75,8,2,2: High
Chennai - Adyar Basin (Nandambakkam),Coastal / Low Basin,2.94,3.36,4.84,0.34,-0.09,7.34,21.9,77.7,Urban_High_Density,8896.0,0.31,8,0,0: Low
Cuddalore - Manimuktha Basin (Virudhachalam),Riverine Plain,10.48,4.49,23.15,0.15,-0.01,28.2,21.3,76.0,Agricultural_Mixed,1041.0,0.74,6,0,0: Low
Chennai - Adyar Basin (Nandambakkam),Coastal / Low Basin,6.98,2.21,4.99,0.49,0.01,7.24,69.2,31.0,Urban_High_Density,9384.0,0.96,8,0,0: Low
Chennai - Velachery Lowland Basin,Coastal Lowland,50.22,18.09,4.04,0.84,0.23,2.94,39.7,70.2,Urban_High_Density,13936.0,0.84,12,1,1: Moderate
Sivaganga - Vaigai/Gundar (Parthibanur),Valley Basin,29.98,6.94,25.71,0.21,-0.06,41.85,92.1,10.0,Urban_Commercial,6890.0,0.72,4,0,0: Low
Tiruvallur - Kosasthalaiyar Basin,Northern Plain,20.7,5.54,14.65,0.65,-0.07,18.79,66.9,37.7,Industrial,3705.0,0.74,7,0,0: Low
Chennai - Adyar Basin (Nandambakkam),Coastal / Low Basin,36.67,13.83,5.67,1.17,0.22,7.49,60.9,39.2,Urban_High_Density,9902.0,0.5,8,0,0: Low
Kancheepuram - Palar Basin,Riverine Valley,21.14,6.96,17.27,0.77,-0.06,23.95,87.7,27.0,Urban_Residential,12652.0,0.98,5,0,0: Low
Chennai - Velachery Lowland Basin,Coastal Lowland,8.74,1.9,3.81,0.61,0.04,3.66,64.7,35.8,Urban_High_Density,8414.0,0.51,12,0,0: Low
Chennai - Velachery Lowland Basin,Coastal Lowland,100.05,22.28,5.58,2.38,0.85,3.56,59.0,44.4,Urban_High_Density,13139.0,0.43,12,2,2: High
Kancheepuram - Palar Basin,Riverine Valley,29.45,3.09,16.51,0.01,0.0,24.32,62.0,47.9,Urban_Residential,12820.0,0.72,5,0,0: Low
Sivaganga - Vaigai/Gundar (Parthibanur),Valley Basin,54.54,16.84,26.81,1.31,0.15,41.75,63.5,33.1,Urban_Commercial,17745.0,0.92,4,0,0: Low
Tiruvallur - Kosasthalaiyar Basin,Northern Plain,77.51,13.11,16.11,2.11,0.35,19.07,47.0,51.6,Industrial,2053.0,0.71,7,0,0: Low
Chennai - Velachery Lowland Basin,Coastal Lowland,129.91,25.37,6.49,3.29,0.54,3.72,65.8,27.8,Urban_High_Density,3312.0,0.6,12,2,2: High
Kancheepuram - Palar Basin,Riverine Valley,241.22,41.09,22.89,6.39,1.67,24.22,64.1,39.4,Urban_Residential,6793.0,0.92,5,3,3: Severe Inundation
Cuddalore - Manimuktha Basin (Virudhachalam),Riverine Plain,30.08,10.94,25.0,2.0,0.11,27.89,46.6,64.7,Agricultural_Mixed,2626.0,0.37,6,0,0: Low
Chennai - Adyar Basin (Nandambakkam),Coastal / Low Basin,70.84,9.29,5.71,1.21,0.27,7.41,62.4,37.7,Urban_High_Density,4509.0,0.44,8,0,0: Low
Ramanathapuram - Gundar Basin (Kamuthi),Estuary / Coastal,8.44,1.06,31.17,0.77,0.02,34.79,62.1,36.5,Commercial,2780.0,0.7,5,0,0: Low
Kancheepuram - Palar Basin,Riverine Valley,2.96,6.59,17.08,0.58,-0.08,23.98,84.4,17.0,Urban_Residential,13251.0,0.35,5,0,0: Low
Tiruvallur - Kosasthalaiyar Basin,Northern Plain,140.52,30.47,18.46,4.46,0.57,18.96,46.7,45.5,Industrial,3549.0,0.69,7,2,2: High
Kancheepuram - Palar Basin,Riverine Valley,12.74,2.88,17.16,0.66,0.04,23.97,66.0,34.2,Urban_Residential,3092.0,0.97,5,0,0: Low
Kancheepuram - Palar Basin,Riverine Valley,20.69,7.82,16.99,0.49,0.04,23.42,53.2,54.7,Urban_Residential,6520.0,0.46,5,0,0: Low
Sivaganga - Vaigai/Gundar (Parthibanur),Valley Basin,10.51,2.78,25.54,0.04,0.07,42.03,12.9,90.0,Urban_Commercial,7689.0,0.65,4,0,0: Low
Chennai - Madipakkam Lake Buffer,Lake Catchment,25.73,7.44,2.93,0.43,-0.06,3.43,61.1,41.2,Urban_Residential,3442.0,0.36,14,0,0: Low
Ramanathapuram - Gundar Basin (Kamuthi),Estuary / Coastal,83.14,13.04,31.27,0.87,0.17,34.77,87.8,16.8,Commercial,811.0,0.35,5,0,0: Low
Chennai - Madipakkam Lake Buffer,Lake Catchment,78.28,17.35,3.41,0.91,0.16,3.26,93.3,11.0,Urban_Residential,6836.0,0.37,14,0,0: Low
Chennai - Madipakkam Lake Buffer,Lake Catchment,68.41,14.83,4.62,2.12,0.34,2.77,70.3,32.2,Urban_Residential,10667.0,0.72,14,1,1: Moderate
Chennai - Madipakkam Lake Buffer,Lake Catchment,59.46,14.34,3.96,1.46,0.18,2.89,69.1,30.3,Urban_Residential,6675.0,0.82,14,1,1: Moderate
Tiruvallur - Kosasthalaiyar Basin,Northern Plain,45.33,11.44,16.07,2.07,0.36,18.52,57.7,48.1,Industrial,1971.0,0.56,7,0,0: Low
Ramanathapuram - Gundar Basin (Kamuthi),Estuary / Coastal,273.15,73.96,36.87,6.47,1.56,35.03,80.5,24.3,Commercial,1412.0,0.55,5,3,3: Severe Inundation
Chennai - Madipakkam Lake Buffer,Lake Catchment,41.44,12.98,4.56,2.06,0.29,3.13,51.4,49.0,Urban_Residential,3727.0,0.97,14,1,1: Moderate
Cuddalore - Manimuktha Basin (Virudhachalam),Riverine Plain,19.67,4.32,23.28,0.28,0.03,28.05,95.0,10.0,Agricultural_Mixed,2196.0,0.94,6,0,0: Low
Chennai - Madipakkam Lake Buffer,Lake Catchment,4.75,4.35,3.26,0.76,0.01,2.97,64.1,35.7,Urban_Residential,4364.0,0.91,14,0,0: Low
Sivaganga - Vaigai/Gundar (Parthibanur),Valley Basin,85.25,23.13,28.21,2.71,0.87,42.49,42.0,58.3,Urban_Commercial,16891.0,0.49,4,0,0: Low
Kancheepuram - Palar Basin,Riverine Valley,52.07,7.6,18.31,1.81,0.35,24.53,78.4,15.6,Urban_Residential,8789.0,0.33,5,0,0: Low
Cuddalore - Manimuktha Basin (Virudhachalam),Riverine Plain,78.54,19.86,24.93,1.93,0.24,28.22,58.9,48.5,Agricultural_Mixed,3236.0,0.67,6,0,0: Low
Chennai - Velachery Lowland Basin,Coastal Lowland,80.04,19.67,4.32,1.12,0.16,4.2,92.0,10.7,Urban_High_Density,9825.0,0.65,12,1,1: Moderate
Kancheepuram - Palar Basin,Riverine Valley,42.07,13.36,17.32,0.82,0.24,24.38,81.0,12.3,Urban_Residential,12529.0,0.38,5,0,0: Low
Sivaganga - Vaigai/Gundar (Parthibanur),Valley Basin,82.01,19.24,26.73,1.23,0.34,42.34,56.3,43.7,Urban_Commercial,6546.0,0.86,4,0,0: Low
Ramanathapuram - Gundar Basin (Kamuthi),Estuary / Coastal,13.9,7.61,30.8,0.4,0.03,34.71,44.8,49.3,Commercial,2069.0,0.47,5,0,0: Low
Cuddalore - Manimuktha Basin (Virudhachalam),Riverine Plain,23.78,7.74,23.26,0.26,0.04,28.07,56.1,44.5,Agricultural_Mixed,1743.0,0.67,6,0,0: Low
Chennai - Adyar Basin (Nandambakkam),Coastal / Low Basin,18.24,5.95,4.53,0.03,0.01,7.43,47.4,43.4,Urban_High_Density,9787.0,0.75,8,0,0: Low
Chennai - Velachery Lowland Basin,Coastal Lowland,104.3,31.74,6.67,3.47,0.5,3.89,94.9,10.2,Urban_High_Density,8825.0,0.5,12,2,2: High
Tiruvallur - Kosasthalaiyar Basin,Northern Plain,8.64,6.45,14.48,0.48,-0.06,19.23,77.4,16.4,Industrial,4109.0,0.62,7,0,0: Low
Tiruvallur - Kosasthalaiyar Basin,Northern Plain,19.24,7.09,14.37,0.37,0.04,18.75,63.0,30.6,Industrial,1613.0,0.39,7,0,0: Low
Sivaganga - Vaigai/Gundar (Parthibanur),Valley Basin,16.38,1.49,25.68,0.18,-0.01,42.78,75.8,20.9,Urban_Commercial,5957.0,0.82,4,0,0: Low
Ramanathapuram - Gundar Basin (Kamuthi),Estuary / Coastal,72.93,15.98,32.05,1.65,0.38,35.22,30.8,64.8,Commercial,1430.0,0.77,5,0,0: Low
Chennai - Madipakkam Lake Buffer,Lake Catchment,10.55,5.75,3.21,0.71,0.03,3.25,37.8,57.6,Urban_Residential,9727.0,0.45,14,0,0: Low
Chennai - Madipakkam Lake Buffer,Lake Catchment,140.39,37.84,6.97,4.47,0.48,3.67,59.5,49.0,Urban_Residential,17779.0,0.34,14,2,2: High
Sivaganga - Vaigai/Gundar (Parthibanur),Valley Basin,150.16,36.75,28.13,2.63,0.32,41.91,22.0,85.8,Urban_Commercial,13307.0,0.64,4,0,0: Low
Ramanathapuram - Gundar Basin (Kamuthi),Estuary / Coastal,14.23,7.73,30.69,0.29,-0.02,35.12,95.0,10.0,Commercial,3313.0,0.34,5,0,0: Low
Kancheepuram - Palar Basin,Riverine Valley,111.94,23.93,20.8,4.3,0.56,23.92,59.4,46.6,Urban_Residential,8956.0,0.45,5,1,1: Moderate
Kancheepuram - Palar Basin,Riverine Valley,304.32,82.49,24.13,7.63,0.8,24.23,5.4,81.2,Urban_Residential,6834.0,0.83,5,3,3: Severe Inundation
Kancheepuram - Palar Basin,Riverine Valley,9.17,3.13,16.98,0.48,-0.01,23.66,94.4,10.0,Urban_Residential,14225.0,1.0,5,0,0: Low
Chennai - Velachery Lowland Basin,Coastal Lowland,43.93,6.5,5.17,1.97,0.37,4.3,36.3,55.1,Urban_High_Density,15484.0,0.83,12,0,0: Low
Kancheepuram - Palar Basin,Riverine Valley,17.76,6.33,17.13,0.63,-0.07,24.35,73.9,24.5,Urban_Residential,7323.0,0.9,5,0,0: Low
Chennai - Adyar Basin (Nandambakkam),Coastal / Low Basin,242.63,60.7,10.52,6.02,1.49,7.7,79.7,20.6,Urban_High_Density,6772.0,0.75,8,3,3: Severe Inundation
Cuddalore - Manimuktha Basin (Virudhachalam),Riverine Plain,135.23,35.56,26.17,3.17,0.88,28.17,61.1,35.0,Agricultural_Mixed,1385.0,0.79,6,0,0: Low
Tiruvallur - Kosasthalaiyar Basin,Northern Plain,124.39,24.52,16.68,2.68,0.54,19.43,55.3,47.1,Industrial,997.0,0.57,7,0,0: Low
Kancheepuram - Palar Basin,Riverine Valley,67.57,15.52,18.19,1.69,0.25,24.68,77.5,31.3,Urban_Residential,6533.0,0.45,5,0,0: Low
Sivaganga - Vaigai/Gundar (Parthibanur),Valley Basin,43.86,7.55,27.56,2.06,0.37,42.06,58.3,45.1,Urban_Commercial,3652.0,0.85,4,0,0: Low
Sivaganga - Vaigai/Gundar (Parthibanur),Valley Basin,10.94,3.31,25.9,0.4,-0.04,41.38,94.7,10.9,Urban_Commercial,2828.0,0.53,4,0,0: Low
Chennai - Madipakkam Lake Buffer,Lake Catchment,18.87,7.99,2.58,0.08,0.06,3.05,40.7,57.6,Urban_Residential,8814.0,0.36,14,0,0: Low
Chennai - Adyar Basin (Nandambakkam),Coastal / Low Basin,285.04,72.53,10.87,6.37,1.68,7.15,62.6,37.1,Urban_High_Density,11910.0,0.73,8,3,3: Severe Inundation
Chennai - Adyar Basin (Nandambakkam),Coastal / Low Basin,154.04,33.79,8.49,3.99,0.75,7.22,60.1,38.6,Urban_High_Density,4457.0,0.38,8,2,2: High
Chennai - Velachery Lowland Basin,Coastal Lowland,70.2,17.67,4.76,1.56,0.24,3.44,74.9,32.3,Urban_High_Density,5505.0,0.79,12,0,0: Low
Kancheepuram - Palar Basin,Riverine Valley,59.84,19.75,18.44,1.94,0.37,24.16,64.6,40.1,Urban_Residential,5035.0,0.96,5,0,0: Low
Kancheepuram - Palar Basin,Riverine Valley,121.13,30.24,20.51,4.01,0.36,24.1,49.3,51.7,Urban_Residential,7516.0,0.42,5,1,1: Moderate
Chennai - Velachery Lowland Basin,Coastal Lowland,55.68,12.9,4.75,1.55,0.11,3.96,74.9,16.9,Urban_High_Density,6955.0,0.41,12,0,0: Low
Chennai - Adyar Basin (Nandambakkam),Coastal / Low Basin,13.87,5.59,4.72,0.22,-0.09,7.8,70.9,31.8,Urban_High_Density,13265.0,0.44,8,0,0: Low
Cuddalore - Manimuktha Basin (Virudhachalam),Riverine Plain,139.44,19.17,27.05,4.05,0.62,28.24,5.0,87.9,Agricultural_Mixed,956.0,0.55,6,1,1: Moderate
Tiruvallur - Kosasthalaiyar Basin,Northern Plain,6.53,3.61,14.72,0.72,-0.06,18.48,60.4,40.7,Industrial,1086.0,0.42,7,0,0: Low
Ramanathapuram - Gundar Basin (Kamuthi),Estuary / Coastal,48.22,13.75,31.56,1.16,0.19,35.43,81.5,17.3,Commercial,2782.0,0.73,5,0,0: Low
Chennai - Velachery Lowland Basin,Coastal Lowland,24.37,7.81,3.34,0.14,0.08,4.01,68.4,35.4,Urban_High_Density,15156.0,0.43,12,0,0: Low
Chennai - Madipakkam Lake Buffer,Lake Catchment,75.46,10.74,3.43,0.93,0.37,3.57,80.2,22.7,Urban_Residential,3041.0,0.92,14,0,0: Low
Tiruvallur - Kosasthalaiyar Basin,Northern Plain,115.79,35.77,17.06,3.06,0.72,18.88,49.3,53.4,Industrial,2028.0,0.65,7,1,1: Moderate
Chennai - Madipakkam Lake Buffer,Lake Catchment,22.54,3.17,2.66,0.16,0.06,3.58,64.2,22.5,Urban_Residential,4788.0,1.0,14,0,0: Low
Chennai - Adyar Basin (Nandambakkam),Coastal / Low Basin,78.72,15.62,6.53,2.03,0.2,7.71,60.6,41.6,Urban_High_Density,6663.0,0.68,8,1,1: Moderate
Tiruvallur - Kosasthalaiyar Basin,Northern Plain,19.85,4.79,14.18,0.18,0.05,18.98,65.8,30.9,Industrial,2346.0,0.83,7,0,0: Low
Chennai - Adyar Basin (Nandambakkam),Coastal / Low Basin,109.16,40.8,7.93,3.43,0.87,7.51,73.3,27.1,Urban_High_Density,6364.0,0.51,8,2,2: High
Sivaganga - Vaigai/Gundar (Parthibanur),Valley Basin,114.5,29.88,28.93,3.43,0.54,41.7,69.6,33.2,Urban_Commercial,10027.0,0.46,4,0,0: Low
Chennai - Madipakkam Lake Buffer,Lake Catchment,292.23,72.79,7.66,5.16,1.57,3.33,93.6,10.0,Urban_Residential,9589.0,0.35,14,3,3: Severe Inundation
Chennai - Velachery Lowland Basin,Coastal Lowland,5.49,3.93,3.99,0.79,-0.04,4.1,43.1,61.7,Urban_High_Density,4758.0,0.33,12,0,0: Low
Cuddalore - Manimuktha Basin (Virudhachalam),Riverine Plain,11.67,6.93,23.01,0.01,0.03,28.06,39.0,61.0,Agricultural_Mixed,1341.0,0.41,6,0,0: Low
Tiruvallur - Kosasthalaiyar Basin,Northern Plain,84.91,13.66,15.39,1.39,0.37,19.27,58.8,35.5,Industrial,4467.0,0.68,7,0,0: Low
Kancheepuram - Palar Basin,Riverine Valley,12.52,1.93,16.99,0.49,0.05,23.51,42.3,58.5,Urban_Residential,17731.0,0.6,5,0,0: Low
Chennai - Velachery Lowland Basin,Coastal Lowland,140.16,42.39,5.53,2.33,0.57,4.01,65.6,28.7,Urban_High_Density,10480.0,0.54,12,2,2: High
Cuddalore - Manimuktha Basin (Virudhachalam),Riverine Plain,140.65,40.55,27.23,4.23,0.55,27.86,65.0,34.3,Agricultural_Mixed,2236.0,0.96,6,1,1: Moderate
Ramanathapuram - Gundar Basin (Kamuthi),Estuary / Coastal,18.67,7.99,30.81,0.41,0.09,35.25,54.0,40.9,Commercial,860.0,0.99,5,0,0: Low
Cuddalore - Manimuktha Basin (Virudhachalam),Riverine Plain,111.66,29.31,27.11,4.11,0.35,28.13,77.8,26.2,Agricultural_Mixed,2516.0,0.44,6,0,0: Low
Tiruvallur - Kosasthalaiyar Basin,Northern Plain,86.1,35.83,16.2,2.2,0.34,18.47,32.3,62.2,Industrial,4154.0,0.66,7,1,1: Moderate
Chennai - Madipakkam Lake Buffer,Lake Catchment,38.65,14.79,4.13,1.63,0.11,3.08,79.9,18.8,Urban_Residential,10669.0,0.91,14,0,0: Low
Chennai - Madipakkam Lake Buffer,Lake Catchment,99.56,20.46,5.46,2.96,0.53,2.94,78.3,29.4,Urban_Residential,11010.0,0.68,14,1,1: Moderate
Chennai - Madipakkam Lake Buffer,Lake Catchment,16.6,1.17,2.85,0.35,0.01,3.03,70.0,27.2,Urban_Residential,9638.0,0.55,14,0,0: Low
Ramanathapuram - Gundar Basin (Kamuthi),Estuary / Coastal,297.21,75.73,38.23,7.83,1.03,35.4,49.7,49.7,Commercial,2080.0,0.98,5,3,3: Severe Inundation
Sivaganga - Vaigai/Gundar (Parthibanur),Valley Basin,87.28,36.76,29.85,4.35,0.53,42.1,49.1,51.8,Urban_Commercial,10644.0,0.85,4,0,0: Low
Tiruvallur - Kosasthalaiyar Basin,Northern Plain,58.04,19.2,15.36,1.36,0.17,19.18,34.1,60.4,Industrial,1694.0,0.3,7,0,0: Low
Chennai - Adyar Basin (Nandambakkam),Coastal / Low Basin,69.14,17.57,6.6,2.1,0.22,7.42,51.4,43.4,Urban_High_Density,12542.0,0.5,8,1,1: Moderate
Chennai - Adyar Basin (Nandambakkam),Coastal / Low Basin,39.29,7.04,5.63,1.13,0.12,6.89,45.4,51.9,Urban_High_Density,10267.0,0.38,8,0,0: Low
Chennai - Adyar Basin (Nandambakkam),Coastal / Low Basin,62.98,15.99,5.38,0.88,0.23,7.73,68.1,30.5,Urban_High_Density,7498.0,0.37,8,0,0: Low
Ramanathapuram - Gundar Basin (Kamuthi),Estuary / Coastal,8.16,2.17,30.54,0.14,-0.06,35.01,61.8,36.7,Commercial,1634.0,0.53,5,0,0: Low
Chennai - Madipakkam Lake Buffer,Lake Catchment,206.56,59.64,8.23,5.73,0.89,3.05,81.3,16.4,Urban_Residential,11225.0,0.43,14,3,3: Severe Inundation
Kancheepuram - Palar Basin,Riverine Valley,70.68,6.79,18.32,1.82,0.18,24.4,95.0,10.0,Urban_Residential,13847.0,0.93,5,0,0: Low
Kancheepuram - Palar Basin,Riverine Valley,25.93,5.33,16.99,0.49,0.08,23.75,79.9,28.1,Urban_Residential,11961.0,0.62,5,0,0: Low
Ramanathapuram - Gundar Basin (Kamuthi),Estuary / Coastal,73.31,12.26,31.65,1.25,0.1,35.13,92.4,17.1,Commercial,2131.0,0.84,5,0,0: Low
Ramanathapuram - Gundar Basin (Kamuthi),Estuary / Coastal,69.64,10.16,31.34,0.94,0.37,35.34,49.8,56.6,Commercial,4333.0,0.98,5,0,0: Low
Chennai - Madipakkam Lake Buffer,Lake Catchment,32.09,16.8,3.46,0.96,0.22,3.42,64.6,36.0,Urban_Residential,12657.0,0.98,14,0,0: Low
Chennai - Madipakkam Lake Buffer,Lake Catchment,11.95,7.84,2.68,0.18,0.01,3.62,76.8,16.9,Urban_Residential,6715.0,0.49,14,0,0: Low
Ramanathapuram - Gundar Basin (Kamuthi),Estuary / Coastal,90.18,20.55,33.39,2.99,0.37,35.04,65.1,37.7,Commercial,2449.0,0.57,5,0,0: Low
Tiruvallur - Kosasthalaiyar Basin,Northern Plain,109.92,33.62,16.75,2.75,0.78,18.82,94.2,16.0,Industrial,919.0,0.7,7,1,1: Moderate
Chennai - Velachery Lowland Basin,Coastal Lowland,55.84,12.14,5.2,2.0,0.11,3.64,71.5,22.4,Urban_High_Density,17759.0,0.72,12,1,1: Moderate
Chennai - Madipakkam Lake Buffer,Lake Catchment,254.17,53.92,9.36,6.86,1.64,3.06,41.8,57.0,Urban_Residential,11854.0,0.54,14,3,3: Severe Inundation
Kancheepuram - Palar Basin,Riverine Valley,8.44,4.64,16.83,0.33,-0.04,24.01,71.1,31.7,Urban_Residential,8835.0,0.9,5,0,0: Low
Chennai - Velachery Lowland Basin,Coastal Lowland,7.49,7.36,3.94,0.74,-0.09,3.56,57.2,35.7,Urban_High_Density,10301.0,0.6,12,0,0: Low
Kancheepuram - Palar Basin,Riverine Valley,114.41,26.93,20.6,4.1,0.81,23.78,75.8,21.4,Urban_Residential,5289.0,0.43,5,1,1: Moderate
Chennai - Adyar Basin (Nandambakkam),Coastal / Low Basin,158.44,20.0,7.2,2.7,0.75,7.36,83.7,10.0,Urban_High_Density,4168.0,0.97,8,2,2: High
Chennai - Madipakkam Lake Buffer,Lake Catchment,294.7,59.04,9.59,7.09,1.47,3.01,95.0,13.2,Urban_Residential,10223.0,0.61,14,3,3: Severe Inundation
Chennai - Madipakkam Lake Buffer,Lake Catchment,132.46,37.51,6.07,3.57,0.69,2.51,65.5,30.1,Urban_Residential,14800.0,0.37,14,2,2: High
Cuddalore - Manimuktha Basin (Virudhachalam),Riverine Plain,74.06,9.82,24.16,1.16,0.18,28.36,57.6,42.0,Agricultural_Mixed,2193.0,0.64,6,0,0: Low
Tiruvallur - Kosasthalaiyar Basin,Northern Plain,26.55,5.25,14.65,0.65,0.0,18.86,53.2,53.0,Industrial,4425.0,0.97,7,0,0: Low
Chennai - Velachery Lowland Basin,Coastal Lowland,40.65,7.67,5.32,2.12,0.23,3.89,64.4,32.3,Urban_High_Density,9895.0,0.72,12,0,0: Low
Chennai - Adyar Basin (Nandambakkam),Coastal / Low Basin,6.45,7.99,4.74,0.24,-0.02,7.26,63.2,32.8,Urban_High_Density,16797.0,0.75,8,0,0: Low
Kancheepuram - Palar Basin,Riverine Valley,70.35,19.6,18.27,1.77,0.13,24.16,88.7,13.9,Urban_Residential,10626.0,0.79,5,0,0: Low
Chennai - Velachery Lowland Basin,Coastal Lowland,77.72,15.6,4.53,1.33,0.14,3.74,19.9,72.7,Urban_High_Density,12489.0,0.54,12,1,1: Moderate
Sivaganga - Vaigai/Gundar (Parthibanur),Valley Basin,18.63,2.98,26.04,0.54,-0.07,42.24,38.7,63.7,Urban_Commercial,11845.0,0.76,4,0,0: Low
Chennai - Adyar Basin (Nandambakkam),Coastal / Low Basin,184.24,57.31,9.15,4.65,1.27,7.55,60.9,42.3,Urban_High_Density,7456.0,0.46,8,3,3: Severe Inundation
Kancheepuram - Palar Basin,Riverine Valley,140.02,42.63,19.59,3.09,0.61,24.23,61.0,39.7,Urban_Residential,2862.0,0.6,5,1,1: Moderate
Ramanathapuram - Gundar Basin (Kamuthi),Estuary / Coastal,26.31,6.14,30.42,0.02,0.04,34.87,51.9,54.9,Commercial,2217.0,0.85,5,0,0: Low
Tiruvallur - Kosasthalaiyar Basin,Northern Plain,68.53,6.44,16.05,2.05,0.33,19.34,68.2,34.2,Industrial,3974.0,0.37,7,0,0: Low
Ramanathapuram - Gundar Basin (Kamuthi),Estuary / Coastal,152.61,20.87,34.65,4.25,0.42,34.67,45.6,41.0,Commercial,2003.0,0.94,5,0,0: Low
Sivaganga - Vaigai/Gundar (Parthibanur),Valley Basin,233.51,83.4,32.58,7.08,1.63,42.06,78.1,14.6,Urban_Commercial,10730.0,0.33,4,2,2: High
Chennai - Adyar Basin (Nandambakkam),Coastal / Low Basin,69.26,6.75,6.36,1.86,0.27,7.54,70.2,23.3,Urban_High_Density,13426.0,0.91,8,0,0: Low
Cuddalore - Manimuktha Basin (Virudhachalam),Riverine Plain,2.27,3.04,23.11,0.11,0.03,28.14,50.3,38.5,Agricultural_Mixed,4346.0,0.72,6,0,0: Low
Sivaganga - Vaigai/Gundar (Parthibanur),Valley Basin,105.65,37.73,29.25,3.75,0.58,41.84,60.0,45.2,Urban_Commercial,5954.0,0.92,4,0,0: Low
Chennai - Adyar Basin (Nandambakkam),Coastal / Low Basin,184.54,67.03,11.3,6.8,1.22,7.8,44.1,55.9,Urban_High_Density,17321.0,0.39,8,3,3: Severe Inundation
Kancheepuram - Palar Basin,Riverine Valley,23.9,3.67,16.58,0.08,0.01,23.96,32.6,74.3,Urban_Residential,3077.0,0.7,5,0,0: Low
Chennai - Madipakkam Lake Buffer,Lake Catchment,88.86,22.61,4.93,2.43,0.35,2.72,52.3,51.1,Urban_Residential,7312.0,0.59,14,2,2: High
Tiruvallur - Kosasthalaiyar Basin,Northern Plain,63.91,19.12,15.52,1.52,0.24,18.43,46.2,62.9,Industrial,4292.0,0.94,7,0,0: Low
Ramanathapuram - Gundar Basin (Kamuthi),Estuary / Coastal,9.33,6.68,30.81,0.41,-0.01,35.23,34.9,77.2,Commercial,2989.0,0.87,5,0,0: Low
Tiruvallur - Kosasthalaiyar Basin,Northern Plain,50.92,15.68,15.72,1.72,0.1,19.02,33.8,67.9,Industrial,959.0,0.51,7,0,0: Low
Sivaganga - Vaigai/Gundar (Parthibanur),Valley Basin,59.79,10.89,26.64,1.14,0.3,42.44,86.5,20.2,Urban_Commercial,15997.0,0.61,4,0,0: Low
Tiruvallur - Kosasthalaiyar Basin,Northern Plain,6.69,3.57,14.45,0.45,0.03,19.25,24.3,77.0,Industrial,3996.0,0.68,7,0,0: Low
Kancheepuram - Palar Basin,Riverine Valley,13.84,5.19,16.92,0.42,0.04,24.02,75.9,17.7,Urban_Residential,13397.0,0.52,5,0,0: Low
Chennai - Adyar Basin (Nandambakkam),Coastal / Low Basin,38.1,9.53,5.94,1.44,0.13,7.58,58.0,41.6,Urban_High_Density,12121.0,0.34,8,0,0: Low
Ramanathapuram - Gundar Basin (Kamuthi),Estuary / Coastal,41.23,17.17,31.25,0.85,0.34,35.01,68.9,26.4,Commercial,4169.0,0.66,5,0,0: Low
Sivaganga - Vaigai/Gundar (Parthibanur),Valley Basin,6.53,4.04,26.12,0.62,0.06,42.18,63.9,33.9,Urban_Commercial,7126.0,0.64,4,0,0: Low
Chennai - Madipakkam Lake Buffer,Lake Catchment,66.57,8.94,3.8,1.3,0.33,2.79,56.9,50.3,Urban_Residential,14944.0,0.3,14,1,1: Moderate
Kancheepuram - Palar Basin,Riverine Valley,18.39,6.75,16.81,0.31,-0.06,24.27,52.1,53.8,Urban_Residential,12286.0,0.76,5,0,0: Low
Tiruvallur - Kosasthalaiyar Basin,Northern Plain,8.58,5.33,14.01,0.01,0.03,18.65,22.2,79.0,Industrial,2264.0,0.94,7,0,0: Low
Chennai - Madipakkam Lake Buffer,Lake Catchment,4.28,6.45,2.78,0.28,-0.05,3.23,84.3,20.2,Urban_Residential,8591.0,0.54,14,0,0: Low
Ramanathapuram - Gundar Basin (Kamuthi),Estuary / Coastal,151.34,40.35,34.59,4.19,0.64,35.24,19.7,81.0,Commercial,3799.0,0.83,5,1,1: Moderate
Kancheepuram - Palar Basin,Riverine Valley,16.23,1.94,16.81,0.31,-0.06,23.75,27.1,70.4,Urban_Residential,13429.0,0.36,5,0,0: Low
Chennai - Madipakkam Lake Buffer,Lake Catchment,146.05,30.8,6.68,4.18,0.4,3.03,58.1,39.6,Urban_Residential,3196.0,0.35,14,3,3: Severe Inundation
Chennai - Madipakkam Lake Buffer,Lake Catchment,8.52,6.68,2.9,0.4,0.04,3.74,58.0,37.0,Urban_Residential,16968.0,0.45,14,0,0: Low
Chennai - Velachery Lowland Basin,Coastal Lowland,23.34,2.46,3.67,0.47,0.04,3.88,57.7,46.4,Urban_High_Density,6967.0,0.32,12,0,0: Low
Kancheepuram - Palar Basin,Riverine Valley,20.23,1.71,17.18,0.68,0.03,24.12,56.1,47.3,Urban_Residential,9937.0,0.53,5,0,0: Low
Sivaganga - Vaigai/Gundar (Parthibanur),Valley Basin,26.21,1.18,26.23,0.73,-0.04,42.17,82.8,18.3,Urban_Commercial,7278.0,0.43,4,0,0: Low
Sivaganga - Vaigai/Gundar (Parthibanur),Valley Basin,63.4,18.97,26.84,1.34,0.31,41.93,21.8,72.0,Urban_Commercial,15109.0,0.98,4,0,0: Low
Chennai - Velachery Lowland Basin,Coastal Lowland,12.9,5.69,3.29,0.09,-0.0,3.89,79.7,15.6,Urban_High_Density,12900.0,0.68,12,0,0: Low
Chennai - Velachery Lowland Basin,Coastal Lowland,141.57,18.99,6.31,3.11,0.76,3.86,35.1,64.0,Urban_High_Density,5379.0,0.34,12,2,2: High
Sivaganga - Vaigai/Gundar (Parthibanur),Valley Basin,55.49,15.99,26.82,1.32,0.26,41.29,62.3,40.0,Urban_Commercial,9373.0,0.86,4,0,0: Low
Chennai - Velachery Lowland Basin,Coastal Lowland,66.85,9.1,4.54,1.34,0.29,3.78,61.5,29.5,Urban_High_Density,14510.0,0.47,12,1,1: Moderate
Chennai - Velachery Lowland Basin,Coastal Lowland,291.82,75.18,10.73,7.53,1.55,3.63,42.2,57.1,Urban_High_Density,6762.0,0.34,12,3,3: Severe Inundation
Sivaganga - Vaigai/Gundar (Parthibanur),Valley Basin,26.85,5.53,25.95,0.45,0.0,42.37,49.8,53.6,Urban_Commercial,16514.0,0.94,4,0,0: Low
Kancheepuram - Palar Basin,Riverine Valley,11.35,6.37,16.69,0.19,-0.0,24.35,49.6,52.3,Urban_Residential,6587.0,0.88,5,0,0: Low
Chennai - Madipakkam Lake Buffer,Lake Catchment,27.94,5.85,3.04,0.54,-0.01,3.48,66.6,23.2,Urban_Residential,17338.0,0.74,14,0,0: Low
Kancheepuram - Palar Basin,Riverine Valley,64.48,6.98,17.49,0.99,0.27,24.1,42.0,66.2,Urban_Residential,6639.0,0.51,5,0,0: Low
Chennai - Madipakkam Lake Buffer,Lake Catchment,158.53,38.89,5.9,3.4,0.57,2.59,45.4,60.2,Urban_Residential,3758.0,0.5,14,3,3: Severe Inundation
Chennai - Velachery Lowland Basin,Coastal Lowland,90.53,32.58,6.04,2.84,0.85,3.83,34.6,56.1,Urban_High_Density,4504.0,0.84,12,2,2: High
Chennai - Velachery Lowland Basin,Coastal Lowland,68.44,11.7,4.08,0.88,0.31,3.71,81.7,21.4,Urban_High_Density,9695.0,0.32,12,0,0: Low
Cuddalore - Manimuktha Basin (Virudhachalam),Riverine Plain,134.24,26.97,26.39,3.39,0.88,28.13,32.1,65.3,Agricultural_Mixed,4490.0,0.86,6,1,1: Moderate
Tiruvallur - Kosasthalaiyar Basin,Northern Plain,14.12,1.18,14.11,0.11,-0.04,19.18,34.4,65.4,Industrial,919.0,0.93,7,0,0: Low
Tiruvallur - Kosasthalaiyar Basin,Northern Plain,87.41,36.62,16.38,2.38,0.44,18.68,93.0,10.0,Industrial,1269.0,0.55,7,0,0: Low
Chennai - Madipakkam Lake Buffer,Lake Catchment,72.82,10.37,3.34,0.84,0.16,3.15,68.6,38.2,Urban_Residential,3109.0,0.66,14,1,1: Moderate
Ramanathapuram - Gundar Basin (Kamuthi),Estuary / Coastal,17.51,6.77,31.19,0.79,0.04,35.07,29.7,71.8,Commercial,2417.0,0.97,5,0,0: Low
Chennai - Velachery Lowland Basin,Coastal Lowland,310.09,80.63,10.88,7.68,1.7,3.97,52.3,50.7,Urban_High_Density,10070.0,0.86,12,3,3: Severe Inundation
Chennai - Adyar Basin (Nandambakkam),Coastal / Low Basin,16.0,6.71,4.63,0.13,0.1,7.19,45.1,52.2,Urban_High_Density,3151.0,0.81,8,0,0: Low
Chennai - Velachery Lowland Basin,Coastal Lowland,73.8,13.84,4.26,1.06,0.25,3.86,29.2,68.0,Urban_High_Density,6843.0,0.67,12,1,1: Moderate
Cuddalore - Manimuktha Basin (Virudhachalam),Riverine Plain,97.35,38.26,26.75,3.75,0.31,28.11,53.7,49.8,Agricultural_Mixed,3430.0,0.73,6,0,0: Low
Chennai - Madipakkam Lake Buffer,Lake Catchment,18.49,2.0,2.82,0.32,-0.09,3.53,78.8,26.2,Urban_Residential,16793.0,0.47,14,0,0: Low
Kancheepuram - Palar Basin,Riverine Valley,54.26,9.36,17.9,1.4,0.36,23.9,48.6,46.7,Urban_Residential,10662.0,0.94,5,0,0: Low
Chennai - Velachery Lowland Basin,Coastal Lowland,39.69,12.98,5.29,2.09,0.27,4.05,95.0,10.0,Urban_High_Density,14603.0,0.32,12,0,0: Low
Kancheepuram - Palar Basin,Riverine Valley,185.62,64.36,22.12,5.62,1.33,24.11,77.3,21.5,Urban_Residential,12577.0,0.51,5,2,2: High
Sivaganga - Vaigai/Gundar (Parthibanur),Valley Basin,20.97,1.41,25.77,0.27,0.07,42.19,53.1,56.2,Urban_Commercial,11821.0,0.79,4,0,0: Low
Sivaganga - Vaigai/Gundar (Parthibanur),Valley Basin,2.26,2.38,25.59,0.09,-0.04,41.94,84.8,33.3,Urban_Commercial,15902.0,0.55,4,0,0: Low
Chennai - Velachery Lowland Basin,Coastal Lowland,4.64,3.12,3.77,0.57,0.03,3.77,51.6,55.6,Urban_High_Density,5688.0,0.98,12,0,0: Low
Chennai - Velachery Lowland Basin,Coastal Lowland,23.06,6.67,3.29,0.09,-0.09,4.29,26.6,80.0,Urban_High_Density,11973.0,0.67,12,0,0: Low
Ramanathapuram - Gundar Basin (Kamuthi),Estuary / Coastal,78.43,9.3,31.57,1.17,0.14,34.9,39.9,63.7,Commercial,2586.0,0.57,5,0,0: Low
Cuddalore - Manimuktha Basin (Virudhachalam),Riverine Plain,113.32,27.52,25.98,2.98,0.85,27.71,52.2,46.8,Agricultural_Mixed,4065.0,0.58,6,0,0: Low
Sivaganga - Vaigai/Gundar (Parthibanur),Valley Basin,20.06,1.94,26.26,0.76,0.02,41.69,31.4,62.1,Urban_Commercial,16189.0,0.55,4,0,0: Low
Sivaganga - Vaigai/Gundar (Parthibanur),Valley Basin,69.5,16.08,26.97,1.47,0.26,41.54,12.0,83.2,Urban_Commercial,2804.0,0.84,4,0,0: Low
Chennai - Adyar Basin (Nandambakkam),Coastal / Low Basin,92.65,37.7,7.91,3.41,0.56,7.67,63.3,33.3,Urban_High_Density,9012.0,0.74,8,2,2: High
Sivaganga - Vaigai/Gundar (Parthibanur),Valley Basin,8.25,4.15,26.06,0.56,-0.06,42.32,74.6,31.1,Urban_Commercial,13984.0,0.87,4,0,0: Low
Sivaganga - Vaigai/Gundar (Parthibanur),Valley Basin,298.28,84.76,30.64,5.14,1.1,42.41,48.7,53.7,Urban_Commercial,6178.0,0.31,4,3,3: Severe Inundation
Chennai - Adyar Basin (Nandambakkam),Coastal / Low Basin,17.49,5.87,4.72,0.22,0.01,7.58,50.2,44.9,Urban_High_Density,8063.0,0.43,8,0,0: Low
Cuddalore - Manimuktha Basin (Virudhachalam),Riverine Plain,9.92,5.57,23.52,0.52,-0.09,28.17,86.8,10.0,Agricultural_Mixed,1155.0,0.49,6,0,0: Low
Tiruvallur - Kosasthalaiyar Basin,Northern Plain,88.56,24.51,18.11,4.11,0.82,18.31,67.2,31.1,Industrial,804.0,0.57,7,1,1: Moderate
Chennai - Madipakkam Lake Buffer,Lake Catchment,70.7,13.19,3.4,0.9,0.23,3.12,36.3,61.2,Urban_Residential,6954.0,0.71,14,1,1: Moderate
Kancheepuram - Palar Basin,Riverine Valley,8.64,5.5,16.54,0.04,-0.05,24.44,69.0,35.6,Urban_Residential,3405.0,0.94,5,0,0: Low
Cuddalore - Manimuktha Basin (Virudhachalam),Riverine Plain,13.6,3.61,23.33,0.33,-0.06,28.01,77.3,22.2,Agricultural_Mixed,1556.0,0.5,6,0,0: Low
Ramanathapuram - Gundar Basin (Kamuthi),Estuary / Coastal,129.1,26.71,33.31,2.91,0.37,34.72,68.3,33.9,Commercial,1268.0,0.87,5,0,0: Low
Chennai - Adyar Basin (Nandambakkam),Coastal / Low Basin,121.42,23.05,8.31,3.81,0.63,7.52,55.5,39.9,Urban_High_Density,15717.0,0.4,8,2,2: High
Ramanathapuram - Gundar Basin (Kamuthi),Estuary / Coastal,52.21,10.04,32.33,1.93,0.12,34.69,64.4,39.0,Commercial,2732.0,0.53,5,0,0: Low
Tiruvallur - Kosasthalaiyar Basin,Northern Plain,37.06,18.7,15.6,1.6,0.36,18.87,75.1,30.5,Industrial,3773.0,0.39,7,0,0: Low
Kancheepuram - Palar Basin,Riverine Valley,49.0,9.11,18.38,1.88,0.31,23.96,75.7,25.7,Urban_Residential,15326.0,0.6,5,0,0: Low
Kancheepuram - Palar Basin,Riverine Valley,51.15,8.26,18.45,1.95,0.27,24.08,90.1,13.2,Urban_Residential,14208.0,0.69,5,0,0: Low
Sivaganga - Vaigai/Gundar (Parthibanur),Valley Basin,99.86,20.65,29.29,3.79,0.79,41.97,68.2,32.6,Urban_Commercial,6167.0,0.43,4,0,0: Low
Chennai - Velachery Lowland Basin,Coastal Lowland,10.81,3.25,3.34,0.14,-0.04,3.79,73.2,28.2,Urban_High_Density,6962.0,0.81,12,0,0: Low
Chennai - Madipakkam Lake Buffer,Lake Catchment,74.09,14.63,3.52,1.02,0.36,3.08,47.9,51.1,Urban_Residential,16556.0,0.62,14,1,1: Moderate
Chennai - Velachery Lowland Basin,Coastal Lowland,138.89,18.65,6.19,2.99,0.71,3.88,76.5,18.7,Urban_High_Density,2833.0,0.78,12,2,2: High
Chennai - Adyar Basin (Nandambakkam),Coastal / Low Basin,133.09,30.89,8.25,3.75,0.76,7.27,65.4,36.5,Urban_High_Density,12024.0,0.86,8,2,2: High
Cuddalore - Manimuktha Basin (Virudhachalam),Riverine Plain,31.43,10.58,24.39,1.39,0.25,27.32,58.3,47.2,Agricultural_Mixed,1252.0,0.66,6,0,0: Low
Sivaganga - Vaigai/Gundar (Parthibanur),Valley Basin,81.56,17.01,26.68,1.18,0.19,42.09,64.5,40.5,Urban_Commercial,7769.0,0.34,4,0,0: Low
Chennai - Adyar Basin (Nandambakkam),Coastal / Low Basin,4.92,3.54,4.74,0.24,0.03,7.46,36.8,61.2,Urban_High_Density,11062.0,0.52,8,0,0: Low
Ramanathapuram - Gundar Basin (Kamuthi),Estuary / Coastal,75.25,16.31,32.0,1.6,0.3,34.43,75.3,23.3,Commercial,1443.0,0.99,5,0,0: Low
Tiruvallur - Kosasthalaiyar Basin,Northern Plain,50.82,19.02,15.2,1.2,0.24,19.03,87.0,10.0,Industrial,3550.0,0.35,7,0,0: Low
Ramanathapuram - Gundar Basin (Kamuthi),Estuary / Coastal,68.81,11.53,31.25,0.85,0.37,34.84,87.4,14.0,Commercial,1412.0,0.66,5,0,0: Low
Chennai - Adyar Basin (Nandambakkam),Coastal / Low Basin,107.41,33.67,7.32,2.82,0.56,7.67,64.8,34.6,Urban_High_Density,12644.0,0.59,8,2,2: High
Tiruvallur - Kosasthalaiyar Basin,Northern Plain,141.48,42.89,16.69,2.69,0.8,19.19,68.0,25.0,Industrial,1787.0,0.85,7,1,1: Moderate
Kancheepuram - Palar Basin,Riverine Valley,17.23,4.96,17.16,0.66,-0.01,23.83,31.1,62.6,Urban_Residential,15059.0,0.45,5,0,0: Low
Ramanathapuram - Gundar Basin (Kamuthi),Estuary / Coastal,20.32,5.89,30.68,0.28,-0.01,34.86,56.5,50.7,Commercial,4204.0,0.79,5,0,0: Low
Chennai - Velachery Lowland Basin,Coastal Lowland,106.62,30.29,7.12,3.92,0.85,3.6,21.2,74.9,Urban_High_Density,16647.0,0.55,12,2,2: High
Chennai - Adyar Basin (Nandambakkam),Coastal / Low Basin,283.84,61.79,9.04,4.54,1.5,7.98,89.0,10.8,Urban_High_Density,8853.0,0.8,8,3,3: Severe Inundation
Chennai - Adyar Basin (Nandambakkam),Coastal / Low Basin,9.99,2.32,4.63,0.13,0.05,7.86,30.9,64.5,Urban_High_Density,15285.0,0.72,8,0,0: Low
Chennai - Velachery Lowland Basin,Coastal Lowland,21.9,3.26,3.3,0.1,0.01,3.99,67.3,28.0,Urban_High_Density,6519.0,0.81,12,0,0: Low
Cuddalore - Manimuktha Basin (Virudhachalam),Riverine Plain,33.82,10.57,23.92,0.92,0.4,28.0,32.5,70.7,Agricultural_Mixed,4091.0,0.38,6,0,0: Low
Chennai - Madipakkam Lake Buffer,Lake Catchment,135.91,19.82,5.18,2.68,0.82,2.68,27.9,77.7,Urban_Residential,8499.0,0.67,14,2,2: High
Chennai - Velachery Lowland Basin,Coastal Lowland,54.01,11.68,4.33,1.13,0.11,3.89,69.3,20.7,Urban_High_Density,16978.0,0.49,12,0,0: Low
Kancheepuram - Palar Basin,Riverine Valley,66.59,11.97,18.48,1.98,0.31,24.22,83.2,11.5,Urban_Residential,9899.0,0.54,5,0,0: Low
Kancheepuram - Palar Basin,Riverine Valley,4.96,1.35,16.52,0.02,-0.01,23.65,82.5,18.3,Urban_Residential,17426.0,0.32,5,0,0: Low
Ramanathapuram - Gundar Basin (Kamuthi),Estuary / Coastal,14.6,2.99,30.98,0.58,-0.0,34.72,66.3,33.7,Commercial,3852.0,0.49,5,0,0: Low
Kancheepuram - Palar Basin,Riverine Valley,294.61,42.78,22.12,5.62,0.94,23.69,34.3,70.1,Urban_Residential,4480.0,0.93,5,3,3: Severe Inundation
Chennai - Velachery Lowland Basin,Coastal Lowland,13.43,6.46,3.69,0.49,0.0,3.55,25.4,75.5,Urban_High_Density,11451.0,0.7,12,0,0: Low
Sivaganga - Vaigai/Gundar (Parthibanur),Valley Basin,30.6,17.05,26.66,1.16,0.34,42.32,70.4,29.6,Urban_Commercial,10549.0,0.45,4,0,0: Low
Cuddalore - Manimuktha Basin (Virudhachalam),Riverine Plain,14.04,5.19,23.05,0.05,-0.02,27.69,95.0,11.1,Agricultural_Mixed,1418.0,0.5,6,0,0: Low
Chennai - Madipakkam Lake Buffer,Lake Catchment,24.01,1.66,3.28,0.78,-0.08,3.84,76.8,15.7,Urban_Residential,17776.0,1.0,14,0,0: Low
Ramanathapuram - Gundar Basin (Kamuthi),Estuary / Coastal,19.64,4.75,30.52,0.12,-0.07,34.99,41.0,54.7,Commercial,2375.0,0.53,5,0,0: Low
Kancheepuram - Palar Basin,Riverine Valley,26.91,2.39,17.11,0.61,-0.03,23.72,85.1,10.0,Urban_Residential,5525.0,0.78,5,0,0: Low
Chennai - Velachery Lowland Basin,Coastal Lowland,35.19,14.68,4.72,1.52,0.13,3.58,18.6,70.3,Urban_High_Density,12816.0,0.97,12,1,1: Moderate
Ramanathapuram - Gundar Basin (Kamuthi),Estuary / Coastal,22.54,6.06,30.84,0.44,-0.05,34.5,55.2,49.4,Commercial,1511.0,0.53,5,0,0: Low
Chennai - Adyar Basin (Nandambakkam),Coastal / Low Basin,151.8,29.07,6.76,2.26,0.72,7.97,36.5,71.3,Urban_High_Density,6351.0,0.66,8,2,2: High
Chennai - Madipakkam Lake Buffer,Lake Catchment,220.82,42.9,10.46,7.96,1.42,3.4,66.2,27.0,Urban_Residential,11617.0,0.39,14,3,3: Severe Inundation
Chennai - Velachery Lowland Basin,Coastal Lowland,68.21,10.27,4.56,1.36,0.11,3.41,25.8,82.6,Urban_High_Density,2752.0,0.93,12,1,1: Moderate
Sivaganga - Vaigai/Gundar (Parthibanur),Valley Basin,59.3,8.85,27.47,1.97,0.16,41.95,75.4,32.9,Urban_Commercial,6074.0,0.97,4,0,0: Low
Ramanathapuram - Gundar Basin (Kamuthi),Estuary / Coastal,18.77,4.55,30.78,0.38,-0.09,34.46,52.6,41.7,Commercial,4417.0,0.52,5,0,0: Low
Tiruvallur - Kosasthalaiyar Basin,Northern Plain,318.59,56.02,20.06,6.06,1.76,19.21,82.2,12.0,Industrial,618.0,0.47,7,3,3: Severe Inundation
Tiruvallur - Kosasthalaiyar Basin,Northern Plain,107.2,20.33,16.4,2.4,0.63,18.96,58.1,36.5,Industrial,4170.0,0.52,7,0,0: Low
Chennai - Madipakkam Lake Buffer,Lake Catchment,29.27,5.85,2.72,0.22,-0.01,3.33,68.1,29.7,Urban_Residential,9754.0,0.54,14,0,0: Low
Cuddalore - Manimuktha Basin (Virudhachalam),Riverine Plain,71.34,10.58,24.62,1.62,0.22,27.76,64.3,34.8,Agricultural_Mixed,1003.0,0.98,6,0,0: Low
Tiruvallur - Kosasthalaiyar Basin,Northern Plain,74.66,17.78,15.74,1.74,0.29,18.65,79.6,29.2,Industrial,1220.0,0.56,7,0,0: Low
Cuddalore - Manimuktha Basin (Virudhachalam),Riverine Plain,40.81,12.41,25.02,2.02,0.13,28.03,28.3,63.9,Agricultural_Mixed,4104.0,0.3,6,0,0: Low
Ramanathapuram - Gundar Basin (Kamuthi),Estuary / Coastal,292.28,44.86,36.68,6.28,1.53,34.57,65.8,44.9,Commercial,875.0,0.73,5,2,2: High
Ramanathapuram - Gundar Basin (Kamuthi),Estuary / Coastal,29.03,2.06,30.64,0.24,0.05,34.63,52.3,58.7,Commercial,3179.0,0.5,5,0,0: Low
Kancheepuram - Palar Basin,Riverine Valley,101.86,33.92,19.05,2.55,0.36,23.73,32.7,65.3,Urban_Residential,5128.0,0.44,5,0,0: Low
Chennai - Madipakkam Lake Buffer,Lake Catchment,24.34,4.47,2.81,0.31,0.09,2.88,61.1,30.8,Urban_Residential,12874.0,0.66,14,0,0: Low
Sivaganga - Vaigai/Gundar (Parthibanur),Valley Basin,5.25,4.8,25.66,0.16,-0.08,42.29,90.1,10.0,Urban_Commercial,13277.0,0.69,4,0,0: Low
Chennai - Adyar Basin (Nandambakkam),Coastal / Low Basin,56.59,11.15,5.68,1.18,0.38,7.37,73.7,31.7,Urban_High_Density,15260.0,0.87,8,0,0: Low
Chennai - Velachery Lowland Basin,Coastal Lowland,18.07,3.57,3.65,0.45,-0.0,3.86,72.9,29.8,Urban_High_Density,17718.0,0.68,12,0,0: Low
Tiruvallur - Kosasthalaiyar Basin,Northern Plain,115.99,34.64,16.47,2.47,0.53,19.22,42.8,54.7,Industrial,2985.0,0.87,7,1,1: Moderate
Sivaganga - Vaigai/Gundar (Parthibanur),Valley Basin,26.89,6.73,25.96,0.46,-0.01,41.97,90.1,12.4,Urban_Commercial,15375.0,0.53,4,0,0: Low
Kancheepuram - Palar Basin,Riverine Valley,39.61,7.09,18.28,1.78,0.36,24.17,35.6,60.9,Urban_Residential,6241.0,0.97,5,0,0: Low
Chennai - Velachery Lowland Basin,Coastal Lowland,17.2,6.64,3.42,0.22,0.08,4.25,69.0,37.7,Urban_High_Density,9949.0,0.67,12,0,0: Low
Chennai - Madipakkam Lake Buffer,Lake Catchment,116.76,39.65,4.93,2.43,0.68,3.38,44.1,65.9,Urban_Residential,4581.0,0.37,14,2,2: High
Chennai - Velachery Lowland Basin,Coastal Lowland,25.2,1.57,3.7,0.5,0.07,4.0,80.6,20.0,Urban_High_Density,3718.0,0.84,12,0,0: Low
Chennai - Adyar Basin (Nandambakkam),Coastal / Low Basin,60.27,14.54,6.27,1.77,0.38,7.3,49.5,45.9,Urban_High_Density,15670.0,0.37,8,1,1: Moderate
Chennai - Velachery Lowland Basin,Coastal Lowland,13.35,7.78,3.36,0.16,0.02,4.23,82.0,15.2,Urban_High_Density,5201.0,0.97,12,0,0: Low
Chennai - Madipakkam Lake Buffer,Lake Catchment,51.76,11.82,4.2,1.7,0.3,3.2,66.5,32.5,Urban_Residential,4450.0,0.45,14,1,1: Moderate
Sivaganga - Vaigai/Gundar (Parthibanur),Valley Basin,18.91,7.95,26.27,0.77,0.07,41.34,36.3,67.3,Urban_Commercial,5905.0,0.87,4,0,0: Low
Chennai - Adyar Basin (Nandambakkam),Coastal / Low Basin,111.65,36.0,6.98,2.48,0.72,6.98,27.4,58.2,Urban_High_Density,7975.0,0.55,8,2,2: High
Cuddalore - Manimuktha Basin (Virudhachalam),Riverine Plain,6.03,2.49,23.28,0.28,-0.04,28.21,52.7,47.8,Agricultural_Mixed,4085.0,0.73,6,0,0: Low
Kancheepuram - Palar Basin,Riverine Valley,4.44,5.39,16.82,0.32,-0.07,24.05,78.2,15.6,Urban_Residential,9980.0,0.65,5,0,0: Low
Chennai - Velachery Lowland Basin,Coastal Lowland,27.32,6.54,3.47,0.27,-0.06,3.73,57.7,39.4,Urban_High_Density,15484.0,0.48,12,0,0: Low
Ramanathapuram - Gundar Basin (Kamuthi),Estuary / Coastal,42.5,18.2,32.32,1.92,0.33,35.11,20.9,76.2,Commercial,2917.0,0.92,5,0,0: Low
Tiruvallur - Kosasthalaiyar Basin,Northern Plain,65.68,15.39,15.7,1.7,0.17,19.2,56.2,47.3,Industrial,2142.0,0.93,7,0,0: Low
Chennai - Velachery Lowland Basin,Coastal Lowland,79.08,19.91,5.36,2.16,0.32,3.91,60.2,33.0,Urban_High_Density,8428.0,0.62,12,1,1: Moderate
Cuddalore - Manimuktha Basin (Virudhachalam),Riverine Plain,49.85,15.28,24.59,1.59,0.38,28.07,61.1,38.9,Agricultural_Mixed,775.0,0.76,6,0,0: Low
Chennai - Velachery Lowland Basin,Coastal Lowland,24.66,4.64,3.23,0.03,-0.04,3.45,56.9,53.2,Urban_High_Density,6144.0,0.57,12,0,0: Low
Chennai - Madipakkam Lake Buffer,Lake Catchment,11.62,3.79,2.73,0.23,0.04,3.76,87.3,10.4,Urban_Residential,7479.0,0.49,14,0,0: Low
Sivaganga - Vaigai/Gundar (Parthibanur),Valley Basin,72.56,11.54,27.62,2.12,0.35,42.42,52.6,55.1,Urban_Commercial,9383.0,0.79,4,0,0: Low
Sivaganga - Vaigai/Gundar (Parthibanur),Valley Basin,150.75,40.7,29.51,4.01,0.31,42.17,79.5,28.5,Urban_Commercial,8947.0,0.75,4,0,0: Low
Ramanathapuram - Gundar Basin (Kamuthi),Estuary / Coastal,60.19,9.86,32.1,1.7,0.16,34.34,45.9,53.2,Commercial,727.0,0.57,5,0,0: Low
Kancheepuram - Palar Basin,Riverine Valley,25.75,3.69,16.87,0.37,-0.05,23.94,78.6,16.1,Urban_Residential,14141.0,0.86,5,0,0: Low
Ramanathapuram - Gundar Basin (Kamuthi),Estuary / Coastal,28.14,1.38,30.52,0.12,-0.02,35.47,67.6,26.2,Commercial,1730.0,0.38,5,0,0: Low
Kancheepuram - Palar Basin,Riverine Valley,129.12,30.96,20.01,3.51,0.64,23.82,86.7,17.4,Urban_Residential,11560.0,0.83,5,0,0: Low
Chennai - Madipakkam Lake Buffer,Lake Catchment,22.17,5.93,3.06,0.56,0.08,3.07,50.5,49.1,Urban_Residential,12310.0,0.83,14,0,0: Low
Tiruvallur - Kosasthalaiyar Basin,Northern Plain,234.82,43.06,19.23,5.23,0.81,19.46,60.8,41.6,Industrial,1074.0,0.37,7,3,3: Severe Inundation
Kancheepuram - Palar Basin,Riverine Valley,135.04,24.76,20.57,4.07,0.38,23.93,89.5,12.0,Urban_Residential,8156.0,0.76,5,1,1: Moderate
Sivaganga - Vaigai/Gundar (Parthibanur),Valley Basin,18.18,4.74,25.67,0.17,-0.07,41.76,80.8,14.7,Urban_Commercial,13168.0,0.91,4,0,0: Low
Sivaganga - Vaigai/Gundar (Parthibanur),Valley Basin,13.97,6.09,25.67,0.17,-0.01,42.16,15.0,86.1,Urban_Commercial,14591.0,0.67,4,0,0: Low
Cuddalore - Manimuktha Basin (Virudhachalam),Riverine Plain,177.25,49.31,28.69,5.69,1.03,28.56,74.5,29.3,Agricultural_Mixed,1310.0,0.86,6,2,2: High
Kancheepuram - Palar Basin,Riverine Valley,31.65,10.35,18.43,1.93,0.24,23.94,67.1,20.6,Urban_Residential,11219.0,0.96,5,0,0: Low
Chennai - Madipakkam Lake Buffer,Lake Catchment,57.33,6.03,4.16,1.66,0.21,3.38,51.1,52.6,Urban_Residential,7677.0,0.9,14,0,0: Low
Cuddalore - Manimuktha Basin (Virudhachalam),Riverine Plain,9.89,7.29,23.13,0.13,-0.03,28.36,72.0,27.4,Agricultural_Mixed,4302.0,0.41,6,0,0: Low
Cuddalore - Manimuktha Basin (Virudhachalam),Riverine Plain,73.08,17.58,25.01,2.01,0.27,28.01,70.5,25.7,Agricultural_Mixed,3033.0,0.55,6,0,0: Low
Chennai - Adyar Basin (Nandambakkam),Coastal / Low Basin,6.15,3.05,4.53,0.03,0.05,7.33,74.5,24.7,Urban_High_Density,5819.0,0.45,8,0,0: Low
Sivaganga - Vaigai/Gundar (Parthibanur),Valley Basin,75.44,8.92,26.84,1.34,0.29,42.05,77.3,33.7,Urban_Commercial,8850.0,0.91,4,0,0: Low
Ramanathapuram - Gundar Basin (Kamuthi),Estuary / Coastal,59.0,6.27,31.9,1.5,0.19,35.2,80.1,28.2,Commercial,952.0,0.56,5,0,0: Low
Ramanathapuram - Gundar Basin (Kamuthi),Estuary / Coastal,49.67,12.5,31.98,1.58,0.34,35.32,41.6,52.3,Commercial,4099.0,0.34,5,0,0: Low
Chennai - Madipakkam Lake Buffer,Lake Catchment,37.4,6.75,3.47,0.97,0.24,3.55,29.8,78.8,Urban_Residential,7654.0,0.86,14,0,0: Low
Kancheepuram - Palar Basin,Riverine Valley,136.27,39.61,19.12,2.62,0.51,23.71,44.1,58.7,Urban_Residential,17907.0,0.92,5,1,1: Moderate
Cuddalore - Manimuktha Basin (Virudhachalam),Riverine Plain,32.56,10.28,24.75,1.75,0.14,27.91,26.4,68.3,Agricultural_Mixed,1039.0,0.82,6,0,0: Low
Sivaganga - Vaigai/Gundar (Parthibanur),Valley Basin,251.83,47.14,31.81,6.31,1.2,41.59,88.3,14.6,Urban_Commercial,16289.0,0.35,4,2,2: High
Kancheepuram - Palar Basin,Riverine Valley,47.39,6.64,18.19,1.69,0.21,23.72,43.4,61.3,Urban_Residential,10172.0,0.85,5,0,0: Low
Cuddalore - Manimuktha Basin (Virudhachalam),Riverine Plain,36.86,16.71,24.16,1.16,0.3,27.99,63.4,38.6,Agricultural_Mixed,1998.0,0.87,6,0,0: Low
Kancheepuram - Palar Basin,Riverine Valley,60.64,6.9,18.17,1.67,0.34,23.72,22.9,78.5,Urban_Residential,8098.0,0.48,5,0,0: Low
Chennai - Adyar Basin (Nandambakkam),Coastal / Low Basin,43.13,14.9,6.5,2.0,0.17,7.47,29.7,69.2,Urban_High_Density,10755.0,0.56,8,1,1: Moderate
Kancheepuram - Palar Basin,Riverine Valley,16.21,5.58,17.11,0.61,-0.08,23.61,80.5,24.7,Urban_Residential,8516.0,0.55,5,0,0: Low
Ramanathapuram - Gundar Basin (Kamuthi),Estuary / Coastal,7.34,3.59,31.08,0.68,0.05,34.69,46.8,54.4,Commercial,3126.0,0.72,5,0,0: Low
Tiruvallur - Kosasthalaiyar Basin,Northern Plain,71.63,8.9,15.67,1.67,0.27,19.05,68.4,23.2,Industrial,1029.0,0.97,7,0,0: Low
Kancheepuram - Palar Basin,Riverine Valley,152.42,25.03,20.15,3.65,0.33,23.95,86.5,19.7,Urban_Residential,17107.0,0.95,5,1,1: Moderate
Chennai - Adyar Basin (Nandambakkam),Coastal / Low Basin,57.25,10.7,6.3,1.8,0.26,7.17,76.6,18.8,Urban_High_Density,8867.0,0.35,8,0,0: Low
Kancheepuram - Palar Basin,Riverine Valley,82.76,19.7,18.04,1.54,0.25,24.01,37.5,63.1,Urban_Residential,11369.0,0.69,5,0,0: Low
Chennai - Velachery Lowland Basin,Coastal Lowland,24.82,1.02,3.47,0.27,0.03,3.75,70.6,29.9,Urban_High_Density,5328.0,0.6,12,0,0: Low
Chennai - Adyar Basin (Nandambakkam),Coastal / Low Basin,18.29,3.23,4.81,0.31,-0.01,7.67,31.3,78.0,Urban_High_Density,6521.0,0.49,8,0,0: Low
Tiruvallur - Kosasthalaiyar Basin,Northern Plain,63.09,8.34,16.04,2.04,0.3,19.42,62.2,37.2,Industrial,1188.0,0.54,7,0,0: Low
Chennai - Velachery Lowland Basin,Coastal Lowland,2.69,6.55,3.2,0.0,-0.03,4.13,43.4,60.7,Urban_High_Density,5826.0,0.47,12,0,0: Low
Chennai - Adyar Basin (Nandambakkam),Coastal / Low Basin,67.34,6.74,5.38,0.88,0.34,7.59,54.6,49.0,Urban_High_Density,5569.0,0.52,8,0,0: Low
Sivaganga - Vaigai/Gundar (Parthibanur),Valley Basin,16.44,2.18,26.14,0.64,-0.07,41.81,39.4,66.6,Urban_Commercial,12283.0,0.99,4,0,0: Low
Cuddalore - Manimuktha Basin (Virudhachalam),Riverine Plain,86.09,41.77,27.39,4.39,0.65,28.02,45.2,60.2,Agricultural_Mixed,3938.0,0.76,6,0,0: Low
Chennai - Adyar Basin (Nandambakkam),Coastal / Low Basin,83.92,13.76,6.61,2.11,0.34,7.71,95.0,10.0,Urban_High_Density,7338.0,0.83,8,0,0: Low
Tiruvallur - Kosasthalaiyar Basin,Northern Plain,122.09,26.73,17.15,3.15,0.84,18.59,73.0,19.7,Industrial,1480.0,0.87,7,1,1: Moderate
Chennai - Madipakkam Lake Buffer,Lake Catchment,232.73,77.0,9.69,7.19,1.51,3.28,81.3,11.6,Urban_Residential,4021.0,0.39,14,3,3: Severe Inundation
Cuddalore - Manimuktha Basin (Virudhachalam),Riverine Plain,29.78,4.98,23.5,0.5,-0.01,28.1,55.5,40.8,Agricultural_Mixed,2916.0,0.57,6,0,0: Low
Chennai - Adyar Basin (Nandambakkam),Coastal / Low Basin,12.84,7.77,4.57,0.07,0.06,7.71,36.0,61.1,Urban_High_Density,5668.0,0.48,8,0,0: Low
Cuddalore - Manimuktha Basin (Virudhachalam),Riverine Plain,4.08,7.0,23.69,0.69,-0.02,28.47,77.1,38.6,Agricultural_Mixed,1952.0,0.79,6,0,0: Low
Kancheepuram - Palar Basin,Riverine Valley,49.81,13.56,17.87,1.37,0.35,23.73,53.6,53.1,Urban_Residential,16007.0,0.5,5,0,0: Low
Chennai - Adyar Basin (Nandambakkam),Coastal / Low Basin,133.8,38.87,8.11,3.61,0.62,7.36,83.8,14.8,Urban_High_Density,3418.0,0.52,8,2,2: High
Chennai - Velachery Lowland Basin,Coastal Lowland,222.22,68.79,9.2,6.0,0.85,3.29,83.0,24.6,Urban_High_Density,13390.0,0.38,12,3,3: Severe Inundation
Tiruvallur - Kosasthalaiyar Basin,Northern Plain,146.63,25.68,16.81,2.81,0.61,19.37,77.7,19.7,Industrial,1375.0,0.54,7,1,1: Moderate
Ramanathapuram - Gundar Basin (Kamuthi),Estuary / Coastal,36.79,9.52,31.99,1.59,0.27,35.01,86.2,22.9,Commercial,3106.0,0.94,5,0,0: Low
Ramanathapuram - Gundar Basin (Kamuthi),Estuary / Coastal,69.68,9.65,32.02,1.62,0.35,35.18,78.6,15.5,Commercial,2481.0,0.89,5,0,0: Low
Tiruvallur - Kosasthalaiyar Basin,Northern Plain,84.88,8.06,15.83,1.83,0.14,19.28,72.4,29.8,Industrial,1105.0,0.42,7,0,0: Low
Chennai - Madipakkam Lake Buffer,Lake Catchment,32.69,18.23,4.43,1.93,0.34,3.25,44.7,53.4,Urban_Residential,4070.0,0.75,14,1,1: Moderate
Tiruvallur - Kosasthalaiyar Basin,Northern Plain,67.09,17.43,15.76,1.76,0.28,18.88,79.0,21.8,Industrial,2154.0,0.84,7,0,0: Low
Kancheepuram - Palar Basin,Riverine Valley,196.41,51.9,21.18,4.68,1.74,24.59,79.0,25.1,Urban_Residential,14140.0,0.8,5,2,2: High
Tiruvallur - Kosasthalaiyar Basin,Northern Plain,63.86,19.41,15.26,1.26,0.33,18.8,88.7,11.4,Industrial,1853.0,0.34,7,0,0: Low
Tiruvallur - Kosasthalaiyar Basin,Northern Plain,76.26,16.22,15.45,1.45,0.37,19.31,78.0,22.6,Industrial,3206.0,0.45,7,0,0: Low
Cuddalore - Manimuktha Basin (Virudhachalam),Riverine Plain,30.62,9.66,24.25,1.25,0.36,28.26,88.9,17.9,Agricultural_Mixed,2091.0,0.43,6,0,0: Low
Ramanathapuram - Gundar Basin (Kamuthi),Estuary / Coastal,8.66,7.13,30.94,0.54,-0.04,35.11,95.0,10.0,Commercial,1625.0,0.96,5,0,0: Low
Chennai - Madipakkam Lake Buffer,Lake Catchment,8.09,3.12,3.19,0.69,0.05,2.78,85.3,13.6,Urban_Residential,3388.0,0.65,14,0,0: Low
Cuddalore - Manimuktha Basin (Virudhachalam),Riverine Plain,9.36,3.57,23.31,0.31,-0.08,27.78,69.6,29.4,Agricultural_Mixed,1874.0,0.57,6,0,0: Low
Ramanathapuram - Gundar Basin (Kamuthi),Estuary / Coastal,29.59,6.85,30.41,0.01,0.02,34.87,76.4,33.8,Commercial,4413.0,0.69,5,0,0: Low
Tiruvallur - Kosasthalaiyar Basin,Northern Plain,143.06,27.6,16.22,2.22,0.74,18.74,68.4,37.2,Industrial,2415.0,0.68,7,1,1: Moderate
Ramanathapuram - Gundar Basin (Kamuthi),Estuary / Coastal,103.22,25.58,33.98,3.58,0.84,35.05,44.6,53.9,Commercial,1965.0,0.42,5,0,0: Low
Sivaganga - Vaigai/Gundar (Parthibanur),Valley Basin,8.4,2.98,25.64,0.14,0.03,42.55,39.0,62.7,Urban_Commercial,10678.0,0.49,4,0,0: Low
Chennai - Adyar Basin (Nandambakkam),Coastal / Low Basin,140.69,22.74,7.33,2.83,0.85,7.31,49.4,51.7,Urban_High_Density,8705.0,0.31,8,2,2: High
Chennai - Adyar Basin (Nandambakkam),Coastal / Low Basin,301.62,48.43,10.4,5.9,1.64,7.84,60.0,43.7,Urban_High_Density,7947.0,0.53,8,3,3: Severe Inundation
Chennai - Velachery Lowland Basin,Coastal Lowland,31.2,18.75,4.3,1.1,0.29,4.04,61.8,42.0,Urban_High_Density,5856.0,0.37,12,0,0: Low
Kancheepuram - Palar Basin,Riverine Valley,76.33,9.57,18.7,2.2,0.21,23.72,68.0,25.4,Urban_Residential,15778.0,0.57,5,0,0: Low
Tiruvallur - Kosasthalaiyar Basin,Northern Plain,64.58,7.27,15.45,1.45,0.18,19.14,27.2,65.3,Industrial,2391.0,0.75,7,0,0: Low
Tiruvallur - Kosasthalaiyar Basin,Northern Plain,195.04,66.45,20.95,6.95,1.63,19.5,84.0,15.2,Industrial,2060.0,0.8,7,3,3: Severe Inundation
Sivaganga - Vaigai/Gundar (Parthibanur),Valley Basin,28.64,4.05,25.84,0.34,0.04,41.78,75.7,19.5,Urban_Commercial,3902.0,0.74,4,0,0: Low
Sivaganga - Vaigai/Gundar (Parthibanur),Valley Basin,261.18,84.37,31.19,5.69,1.77,41.99,33.1,67.7,Urban_Commercial,5028.0,0.74,4,3,3: Severe Inundation
Kancheepuram - Palar Basin,Riverine Valley,218.37,84.22,23.02,6.52,1.77,24.44,42.9,55.2,Urban_Residential,3167.0,0.87,5,3,3: Severe Inundation
Chennai - Madipakkam Lake Buffer,Lake Catchment,9.7,5.43,3.28,0.78,-0.08,3.09,43.0,55.2,Urban_Residential,8718.0,0.48,14,0,0: Low
Ramanathapuram - Gundar Basin (Kamuthi),Estuary / Coastal,281.53,59.76,36.67,6.27,0.93,34.83,73.8,30.0,Commercial,3203.0,0.49,5,3,3: Severe Inundation
Chennai - Velachery Lowland Basin,Coastal Lowland,306.95,72.38,7.87,4.67,1.67,3.41,34.8,69.0,Urban_High_Density,9980.0,0.58,12,3,3: Severe Inundation
Sivaganga - Vaigai/Gundar (Parthibanur),Valley Basin,17.54,2.02,25.66,0.16,-0.02,41.7,72.5,28.8,Urban_Commercial,7295.0,0.84,4,0,0: Low
Cuddalore - Manimuktha Basin (Virudhachalam),Riverine Plain,98.71,21.36,25.3,2.3,0.86,28.16,70.0,34.1,Agricultural_Mixed,1866.0,0.97,6,0,0: Low
Chennai - Adyar Basin (Nandambakkam),Coastal / Low Basin,23.11,1.52,4.92,0.42,-0.08,7.32,71.7,31.0,Urban_High_Density,6125.0,0.65,8,0,0: Low
Tiruvallur - Kosasthalaiyar Basin,Northern Plain,15.02,1.06,14.43,0.43,0.09,19.07,81.0,23.6,Industrial,2534.0,0.96,7,0,0: Low
Chennai - Adyar Basin (Nandambakkam),Coastal / Low Basin,7.95,5.33,4.95,0.45,-0.01,6.96,92.8,10.0,Urban_High_Density,5473.0,0.55,8,0,0: Low
Sivaganga - Vaigai/Gundar (Parthibanur),Valley Basin,78.82,15.05,27.44,1.94,0.26,42.17,58.1,46.2,Urban_Commercial,15986.0,0.74,4,0,0: Low
Sivaganga - Vaigai/Gundar (Parthibanur),Valley Basin,98.07,35.87,29.6,4.1,0.47,41.91,7.7,87.9,Urban_Commercial,11378.0,0.82,4,0,0: Low
Cuddalore - Manimuktha Basin (Virudhachalam),Riverine Plain,90.24,31.1,25.94,2.94,0.81,28.21,67.8,41.0,Agricultural_Mixed,2707.0,0.66,6,0,0: Low
Cuddalore - Manimuktha Basin (Virudhachalam),Riverine Plain,2.55,1.47,23.77,0.77,-0.03,27.88,69.6,25.7,Agricultural_Mixed,2795.0,0.77,6,0,0: Low
Chennai - Adyar Basin (Nandambakkam),Coastal / Low Basin,130.69,33.5,7.71,3.21,0.58,8.1,54.3,40.6,Urban_High_Density,16011.0,0.54,8,2,2: High
Kancheepuram - Palar Basin,Riverine Valley,4.96,7.33,16.83,0.33,0.1,24.01,37.9,62.5,Urban_Residential,9375.0,0.52,5,0,0: Low
Chennai - Adyar Basin (Nandambakkam),Coastal / Low Basin,103.61,26.33,8.64,4.14,0.6,7.37,57.5,40.6,Urban_High_Density,15365.0,0.62,8,2,2: High
Sivaganga - Vaigai/Gundar (Parthibanur),Valley Basin,24.07,3.61,25.79,0.29,0.1,41.82,80.9,20.0,Urban_Commercial,10658.0,0.33,4,0,0: Low
Chennai - Adyar Basin (Nandambakkam),Coastal / Low Basin,10.59,4.27,5.24,0.74,0.04,7.56,57.7,41.1,Urban_High_Density,4917.0,0.99,8,0,0: Low
Tiruvallur - Kosasthalaiyar Basin,Northern Plain,9.06,4.1,14.51,0.51,-0.04,18.58,55.2,49.7,Industrial,4201.0,0.69,7,0,0: Low
Kancheepuram - Palar Basin,Riverine Valley,46.09,10.98,18.03,1.53,0.26,23.68,64.3,41.2,Urban_Residential,8775.0,0.99,5,0,0: Low
Sivaganga - Vaigai/Gundar (Parthibanur),Valley Basin,2.47,2.12,25.8,0.3,-0.08,41.72,37.9,60.8,Urban_Commercial,10652.0,0.91,4,0,0: Low
Sivaganga - Vaigai/Gundar (Parthibanur),Valley Basin,69.52,8.99,27.41,1.91,0.23,41.71,83.0,18.5,Urban_Commercial,12102.0,0.78,4,0,0: Low
Chennai - Adyar Basin (Nandambakkam),Coastal / Low Basin,64.79,18.91,6.6,2.1,0.3,7.6,59.2,36.2,Urban_High_Density,17000.0,0.84,8,1,1: Moderate
Ramanathapuram - Gundar Basin (Kamuthi),Estuary / Coastal,5.73,5.5,31.04,0.64,0.06,35.18,54.9,40.8,Commercial,4356.0,0.71,5,0,0: Low
Chennai - Velachery Lowland Basin,Coastal Lowland,5.02,6.49,3.36,0.16,-0.09,4.09,45.3,61.3,Urban_High_Density,7556.0,0.31,12,0,0: Low
Sivaganga - Vaigai/Gundar (Parthibanur),Valley Basin,29.97,5.7,25.82,0.32,-0.08,42.51,13.2,84.2,Urban_Commercial,17019.0,0.66,4,0,0: Low
Chennai - Madipakkam Lake Buffer,Lake Catchment,6.18,4.52,3.08,0.58,0.05,3.68,54.4,35.9,Urban_Residential,4547.0,0.53,14,0,0: Low
Chennai - Madipakkam Lake Buffer,Lake Catchment,73.52,19.56,4.0,1.5,0.15,3.53,53.4,48.1,Urban_Residential,13558.0,0.69,14,1,1: Moderate
Sivaganga - Vaigai/Gundar (Parthibanur),Valley Basin,72.5,10.77,27.35,1.85,0.23,42.47,77.9,24.2,Urban_Commercial,12175.0,0.52,4,0,0: Low
Chennai - Velachery Lowland Basin,Coastal Lowland,41.65,6.71,4.72,1.52,0.2,4.03,50.6,49.0,Urban_High_Density,11502.0,0.79,12,0,0: Low
Ramanathapuram - Gundar Basin (Kamuthi),Estuary / Coastal,49.47,10.34,31.73,1.33,0.28,35.15,64.0,27.2,Commercial,1378.0,0.31,5,0,0: Low
Sivaganga - Vaigai/Gundar (Parthibanur),Valley Basin,28.08,5.5,26.2,0.7,-0.03,41.77,81.7,19.4,Urban_Commercial,14241.0,0.68,4,0,0: Low
Tiruvallur - Kosasthalaiyar Basin,Northern Plain,15.91,6.16,14.63,0.63,-0.07,18.49,88.7,10.0,Industrial,4348.0,0.6,7,0,0: Low
Chennai - Velachery Lowland Basin,Coastal Lowland,142.07,37.33,7.07,3.87,0.34,3.67,43.1,59.8,Urban_High_Density,17076.0,0.59,12,3,3: Severe Inundation
Chennai - Velachery Lowland Basin,Coastal Lowland,157.59,43.09,6.51,3.31,0.75,4.11,41.6,55.5,Urban_High_Density,15066.0,0.87,12,3,3: Severe Inundation
Chennai - Adyar Basin (Nandambakkam),Coastal / Low Basin,108.44,19.35,7.81,3.31,0.85,7.45,85.6,16.8,Urban_High_Density,4412.0,0.6,8,1,1: Moderate
Ramanathapuram - Gundar Basin (Kamuthi),Estuary / Coastal,204.15,50.09,37.76,7.36,1.78,35.35,23.0,78.4,Commercial,2636.0,0.43,5,3,3: Severe Inundation
Tiruvallur - Kosasthalaiyar Basin,Northern Plain,26.46,4.11,14.56,0.56,0.03,19.09,40.3,58.5,Industrial,684.0,0.99,7,0,0: Low
Kancheepuram - Palar Basin,Riverine Valley,63.47,15.05,17.61,1.11,0.17,23.74,62.2,33.7,Urban_Residential,7395.0,0.51,5,0,0: Low
Chennai - Adyar Basin (Nandambakkam),Coastal / Low Basin,21.55,1.87,5.26,0.76,-0.08,7.1,50.7,45.1,Urban_High_Density,11422.0,0.52,8,0,0: Low
Chennai - Madipakkam Lake Buffer,Lake Catchment,12.7,2.72,2.99,0.49,0.1,2.4,51.5,51.0,Urban_Residential,17006.0,0.98,14,0,0: Low
Tiruvallur - Kosasthalaiyar Basin,Northern Plain,6.44,4.66,14.6,0.6,-0.05,19.36,45.4,51.1,Industrial,4186.0,0.98,7,0,0: Low
Chennai - Madipakkam Lake Buffer,Lake Catchment,17.65,4.89,2.85,0.35,0.1,3.25,85.9,14.8,Urban_Residential,17237.0,0.58,14,0,0: Low
Tiruvallur - Kosasthalaiyar Basin,Northern Plain,13.91,6.42,14.66,0.66,-0.05,19.45,77.1,22.8,Industrial,3189.0,0.86,7,0,0: Low
Tiruvallur - Kosasthalaiyar Basin,Northern Plain,108.05,25.11,17.58,3.58,0.42,19.03,47.9,52.8,Industrial,3891.0,0.38,7,1,1: Moderate
Ramanathapuram - Gundar Basin (Kamuthi),Estuary / Coastal,57.9,18.78,32.28,1.88,0.4,34.37,69.7,23.4,Commercial,2518.0,0.46,5,0,0: Low
Chennai - Velachery Lowland Basin,Coastal Lowland,20.84,3.58,3.46,0.26,-0.01,3.46,56.6,46.4,Urban_High_Density,5345.0,0.83,12,0,0: Low
Tiruvallur - Kosasthalaiyar Basin,Northern Plain,6.81,7.87,14.23,0.23,0.08,18.87,49.1,53.5,Industrial,3430.0,0.41,7,0,0: Low
Ramanathapuram - Gundar Basin (Kamuthi),Estuary / Coastal,71.46,15.99,31.24,0.84,0.15,35.22,79.8,28.0,Commercial,1171.0,0.93,5,0,0: Low
Kancheepuram - Palar Basin,Riverine Valley,136.22,24.14,19.19,2.69,0.7,23.77,35.7,65.6,Urban_Residential,11199.0,0.66,5,0,0: Low
Sivaganga - Vaigai/Gundar (Parthibanur),Valley Basin,264.62,83.1,30.37,4.87,1.65,42.31,55.0,37.1,Urban_Commercial,14211.0,0.37,4,2,2: High
Sivaganga - Vaigai/Gundar (Parthibanur),Valley Basin,9.55,3.83,25.89,0.39,-0.1,41.51,84.5,19.5,Urban_Commercial,6191.0,0.41,4,0,0: Low
Chennai - Velachery Lowland Basin,Coastal Lowland,3.86,1.1,3.38,0.18,0.04,3.47,61.1,43.3,Urban_High_Density,11563.0,0.82,12,0,0: Low
Ramanathapuram - Gundar Basin (Kamuthi),Estuary / Coastal,27.28,6.36,30.79,0.39,0.09,34.46,82.2,10.0,Commercial,3572.0,0.76,5,0,0: Low
Kancheepuram - Palar Basin,Riverine Valley,56.19,15.53,18.53,2.03,0.34,24.07,69.1,31.8,Urban_Residential,5749.0,0.85,5,0,0: Low
Chennai - Adyar Basin (Nandambakkam),Coastal / Low Basin,96.19,35.88,8.1,3.6,0.77,7.59,83.3,24.9,Urban_High_Density,14435.0,0.67,8,2,2: High
Tiruvallur - Kosasthalaiyar Basin,Northern Plain,134.29,44.94,17.26,3.26,0.72,18.85,28.2,61.4,Industrial,1716.0,0.93,7,2,2: High
Tiruvallur - Kosasthalaiyar Basin,Northern Plain,20.41,6.75,14.63,0.63,0.06,18.83,79.5,10.0,Industrial,3133.0,0.44,7,0,0: Low
Ramanathapuram - Gundar Basin (Kamuthi),Estuary / Coastal,75.61,18.25,32.19,1.79,0.31,34.83,42.5,55.6,Commercial,2351.0,0.48,5,0,0: Low
Tiruvallur - Kosasthalaiyar Basin,Northern Plain,112.13,39.19,16.75,2.75,0.72,18.74,61.6,35.9,Industrial,4125.0,0.59,7,1,1: Moderate
Sivaganga - Vaigai/Gundar (Parthibanur),Valley Basin,29.21,6.67,26.21,0.71,0.09,42.23,60.4,39.7,Urban_Commercial,14323.0,0.33,4,0,0: Low
Chennai - Velachery Lowland Basin,Coastal Lowland,19.39,2.73,3.92,0.72,-0.08,3.89,22.2,79.9,Urban_High_Density,8017.0,0.33,12,0,0: Low
Sivaganga - Vaigai/Gundar (Parthibanur),Valley Basin,80.22,18.15,27.55,2.05,0.12,42.13,58.7,40.0,Urban_Commercial,9075.0,0.74,4,0,0: Low
Chennai - Madipakkam Lake Buffer,Lake Catchment,24.2,5.44,3.05,0.55,-0.05,2.53,75.8,37.1,Urban_Residential,7900.0,0.43,14,0,0: Low
Cuddalore - Manimuktha Basin (Virudhachalam),Riverine Plain,205.6,47.0,30.97,7.97,1.1,27.67,54.5,44.9,Agricultural_Mixed,4285.0,0.71,6,3,3: Severe Inundation
Kancheepuram - Palar Basin,Riverine Valley,50.63,11.62,17.52,1.02,0.27,24.33,85.9,13.3,Urban_Residential,11417.0,0.94,5,0,0: Low
Chennai - Madipakkam Lake Buffer,Lake Catchment,17.33,2.27,3.11,0.61,0.09,2.92,86.7,10.0,Urban_Residential,15501.0,0.34,14,0,0: Low
Cuddalore - Manimuktha Basin (Virudhachalam),Riverine Plain,11.65,6.62,23.38,0.38,0.08,27.55,56.7,49.3,Agricultural_Mixed,3960.0,0.46,6,0,0: Low
Sivaganga - Vaigai/Gundar (Parthibanur),Valley Basin,69.9,7.12,27.37,1.87,0.19,42.01,62.8,45.2,Urban_Commercial,7022.0,0.33,4,0,0: Low
Chennai - Adyar Basin (Nandambakkam),Coastal / Low Basin,194.16,84.88,11.44,6.94,1.58,7.75,45.6,55.7,Urban_High_Density,5263.0,0.92,8,3,3: Severe Inundation
Chennai - Velachery Lowland Basin,Coastal Lowland,86.91,43.01,7.66,4.46,0.51,3.89,43.9,55.4,Urban_High_Density,3300.0,0.31,12,2,2: High
Tiruvallur - Kosasthalaiyar Basin,Northern Plain,42.82,15.05,16.04,2.04,0.18,18.97,74.9,33.9,Industrial,4433.0,0.5,7,0,0: Low
Chennai - Adyar Basin (Nandambakkam),Coastal / Low Basin,50.5,7.36,5.55,1.05,0.25,7.97,61.1,32.3,Urban_High_Density,14344.0,0.58,8,0,0: Low
Cuddalore - Manimuktha Basin (Virudhachalam),Riverine Plain,257.15,46.53,28.83,5.83,0.81,27.9,49.4,52.8,Agricultural_Mixed,3998.0,0.49,6,2,2: High
Sivaganga - Vaigai/Gundar (Parthibanur),Valley Basin,45.93,19.82,27.63,2.13,0.27,41.86,43.9,49.3,Urban_Commercial,12928.0,0.45,4,0,0: Low
Sivaganga - Vaigai/Gundar (Parthibanur),Valley Basin,9.22,3.37,25.63,0.13,-0.02,41.48,61.0,32.2,Urban_Commercial,9134.0,0.96,4,0,0: Low
Kancheepuram - Palar Basin,Riverine Valley,63.14,7.97,18.62,2.12,0.2,23.98,63.3,32.8,Urban_Residential,2604.0,0.74,5,0,0: Low
Sivaganga - Vaigai/Gundar (Parthibanur),Valley Basin,5.13,2.07,25.7,0.2,-0.07,42.28,88.2,10.8,Urban_Commercial,3614.0,0.55,4,0,0: Low
Chennai - Madipakkam Lake Buffer,Lake Catchment,20.64,5.85,3.04,0.54,0.01,3.2,43.0,55.8,Urban_Residential,10622.0,0.52,14,0,0: Low
Chennai - Velachery Lowland Basin,Coastal Lowland,211.58,77.9,10.76,7.56,1.8,3.67,35.2,70.0,Urban_High_Density,15655.0,0.45,12,3,3: Severe Inundation
Chennai - Adyar Basin (Nandambakkam),Coastal / Low Basin,41.9,13.6,6.51,2.01,0.39,7.43,89.1,13.3,Urban_High_Density,7423.0,0.59,8,0,0: Low
Sivaganga - Vaigai/Gundar (Parthibanur),Valley Basin,76.09,18.6,26.96,1.46,0.17,41.66,49.8,49.5,Urban_Commercial,4940.0,0.59,4,0,0: Low
Sivaganga - Vaigai/Gundar (Parthibanur),Valley Basin,128.36,27.94,27.86,2.36,0.65,42.1,52.9,47.8,Urban_Commercial,5951.0,0.52,4,0,0: Low
Cuddalore - Manimuktha Basin (Virudhachalam),Riverine Plain,27.36,1.38,23.07,0.07,0.04,27.98,62.0,42.9,Agricultural_Mixed,4324.0,0.79,6,0,0: Low
Kancheepuram - Palar Basin,Riverine Valley,137.11,36.74,20.73,4.23,0.48,24.32,82.6,21.7,Urban_Residential,7341.0,0.84,5,1,1: Moderate
Sivaganga - Vaigai/Gundar (Parthibanur),Valley Basin,16.43,6.96,25.65,0.15,-0.08,42.1,51.5,51.9,Urban_Commercial,15015.0,0.88,4,0,0: Low
Sivaganga - Vaigai/Gundar (Parthibanur),Valley Basin,94.73,28.73,29.96,4.46,0.89,42.47,29.4,69.8,Urban_Commercial,13307.0,0.97,4,0,0: Low
Tiruvallur - Kosasthalaiyar Basin,Northern Plain,6.73,7.88,14.39,0.39,-0.1,19.4,70.7,30.5,Industrial,735.0,1.0,7,0,0: Low
Sivaganga - Vaigai/Gundar (Parthibanur),Valley Basin,102.66,28.63,28.56,3.06,0.84,41.1,70.8,29.6,Urban_Commercial,14980.0,0.46,4,0,0: Low
Chennai - Madipakkam Lake Buffer,Lake Catchment,6.7,4.45,2.54,0.04,-0.09,3.15,75.2,12.7,Urban_Residential,11485.0,0.39,14,0,0: Low
Chennai - Velachery Lowland Basin,Coastal Lowland,135.67,28.63,5.72,2.52,0.6,3.78,36.9,68.6,Urban_High_Density,5252.0,0.93,12,2,2: High
Tiruvallur - Kosasthalaiyar Basin,Northern Plain,3.12,2.59,14.72,0.72,0.0,19.09,63.3,26.7,Industrial,3232.0,0.72,7,0,0: Low
Kancheepuram - Palar Basin,Riverine Valley,75.23,8.57,17.77,1.27,0.31,23.89,49.3,45.4,Urban_Residential,6416.0,0.66,5,0,0: Low
Chennai - Madipakkam Lake Buffer,Lake Catchment,202.71,50.38,9.18,6.68,1.31,3.18,14.6,84.2,Urban_Residential,8111.0,0.97,14,3,3: Severe Inundation
Chennai - Velachery Lowland Basin,Coastal Lowland,77.43,11.0,4.79,1.59,0.26,4.04,18.5,81.1,Urban_High_Density,11488.0,0.62,12,1,1: Moderate
Chennai - Velachery Lowland Basin,Coastal Lowland,115.81,37.86,5.7,2.5,0.69,3.28,46.0,43.7,Urban_High_Density,16406.0,0.97,12,2,2: High
Chennai - Madipakkam Lake Buffer,Lake Catchment,103.4,32.15,5.63,3.13,0.42,3.05,13.7,85.2,Urban_Residential,4848.0,0.93,14,2,2: High
Kancheepuram - Palar Basin,Riverine Valley,20.28,3.7,16.92,0.42,0.03,23.97,68.3,25.4,Urban_Residential,15756.0,0.51,5,0,0: Low
Kancheepuram - Palar Basin,Riverine Valley,29.26,4.09,17.26,0.76,-0.01,24.0,47.7,59.1,Urban_Residential,2652.0,0.96,5,0,0: Low
Cuddalore - Manimuktha Basin (Virudhachalam),Riverine Plain,77.63,15.14,24.92,1.92,0.37,28.25,50.3,51.2,Agricultural_Mixed,2771.0,0.47,6,0,0: Low
Kancheepuram - Palar Basin,Riverine Valley,10.71,6.4,17.2,0.7,0.08,24.33,65.2,28.9,Urban_Residential,9305.0,0.31,5,0,0: Low
Chennai - Madipakkam Lake Buffer,Lake Catchment,2.81,4.3,2.66,0.16,-0.01,3.41,36.8,60.6,Urban_Residential,12498.0,0.58,14,0,0: Low
Sivaganga - Vaigai/Gundar (Parthibanur),Valley Basin,25.89,1.53,26.22,0.72,0.09,42.13,75.0,28.3,Urban_Commercial,2705.0,0.94,4,0,0: Low
Chennai - Madipakkam Lake Buffer,Lake Catchment,133.57,36.07,6.72,4.22,0.37,2.81,34.8,63.5,Urban_Residential,9104.0,0.38,14,3,3: Severe Inundation
Chennai - Madipakkam Lake Buffer,Lake Catchment,23.82,7.1,2.81,0.31,0.0,3.21,43.8,56.2,Urban_Residential,8441.0,0.98,14,0,0: Low
Tiruvallur - Kosasthalaiyar Basin,Northern Plain,23.82,3.64,14.01,0.01,-0.02,19.18,27.8,68.8,Industrial,3111.0,0.51,7,0,0: Low
Chennai - Adyar Basin (Nandambakkam),Coastal / Low Basin,15.39,3.34,5.21,0.71,-0.09,7.39,52.5,47.0,Urban_High_Density,3032.0,0.99,8,0,0: Low
Sivaganga - Vaigai/Gundar (Parthibanur),Valley Basin,11.29,7.27,25.52,0.02,0.05,41.77,54.9,49.5,Urban_Commercial,14011.0,0.39,4,0,0: Low
Ramanathapuram - Gundar Basin (Kamuthi),Estuary / Coastal,26.74,4.0,30.54,0.14,0.1,35.08,86.7,12.6,Commercial,4399.0,0.88,5,0,0: Low
Chennai - Adyar Basin (Nandambakkam),Coastal / Low Basin,113.56,23.14,7.81,3.31,0.86,7.47,46.6,48.3,Urban_High_Density,15119.0,0.57,8,2,2: High
Chennai - Velachery Lowland Basin,Coastal Lowland,8.27,5.94,3.52,0.32,-0.03,3.87,49.9,50.5,Urban_High_Density,14735.0,0.81,12,0,0: Low
Tiruvallur - Kosasthalaiyar Basin,Northern Plain,28.51,5.73,14.08,0.08,-0.06,18.67,80.3,14.5,Industrial,4335.0,0.68,7,0,0: Low
Chennai - Velachery Lowland Basin,Coastal Lowland,32.75,19.84,4.22,1.02,0.32,3.25,59.1,39.6,Urban_High_Density,4106.0,0.63,12,0,0: Low
Ramanathapuram - Gundar Basin (Kamuthi),Estuary / Coastal,52.4,11.11,31.94,1.54,0.28,35.31,49.2,55.9,Commercial,1336.0,0.37,5,0,0: Low
Sivaganga - Vaigai/Gundar (Parthibanur),Valley Basin,98.74,34.9,29.93,4.43,0.61,41.83,84.4,11.2,Urban_Commercial,14640.0,0.65,4,0,0: Low
Chennai - Madipakkam Lake Buffer,Lake Catchment,39.24,9.83,4.21,1.71,0.3,2.6,33.2,62.3,Urban_Residential,12849.0,0.58,14,1,1: Moderate
Sivaganga - Vaigai/Gundar (Parthibanur),Valley Basin,98.4,31.9,27.97,2.47,0.47,41.84,62.8,33.2,Urban_Commercial,8917.0,0.36,4,0,0: Low
Tiruvallur - Kosasthalaiyar Basin,Northern Plain,14.6,3.28,14.23,0.23,0.01,19.22,92.4,14.3,Industrial,1837.0,0.88,7,0,0: Low
Sivaganga - Vaigai/Gundar (Parthibanur),Valley Basin,27.51,6.32,25.59,0.09,0.04,41.72,68.4,35.4,Urban_Commercial,8262.0,0.53,4,0,0: Low
Kancheepuram - Palar Basin,Riverine Valley,53.97,19.26,18.61,2.11,0.27,23.98,77.2,18.1,Urban_Residential,16989.0,0.7,5,0,0: Low
Chennai - Madipakkam Lake Buffer,Lake Catchment,7.2,7.59,2.87,0.37,-0.02,3.36,61.0,38.6,Urban_Residential,4712.0,0.43,14,0,0: Low
Chennai - Velachery Lowland Basin,Coastal Lowland,167.61,58.06,8.27,5.07,1.49,3.73,43.5,53.5,Urban_High_Density,13840.0,0.36,12,3,3: Severe Inundation
Kancheepuram - Palar Basin,Riverine Valley,14.52,7.84,17.16,0.66,0.07,24.1,46.0,46.0,Urban_Residential,11298.0,0.38,5,0,0: Low
Kancheepuram - Palar Basin,Riverine Valley,59.82,7.73,17.92,1.42,0.34,23.46,34.3,62.1,Urban_Residential,15397.0,0.91,5,0,0: Low
Kancheepuram - Palar Basin,Riverine Valley,119.95,38.45,19.8,3.3,0.74,24.34,61.1,34.3,Urban_Residential,9819.0,0.41,5,1,1: Moderate
Ramanathapuram - Gundar Basin (Kamuthi),Estuary / Coastal,140.32,28.21,34.89,4.49,0.7,34.75,54.1,34.5,Commercial,2902.0,0.78,5,0,0: Low
Chennai - Madipakkam Lake Buffer,Lake Catchment,48.87,12.0,4.08,1.58,0.35,3.06,61.9,35.0,Urban_Residential,11230.0,0.57,14,1,1: Moderate
Ramanathapuram - Gundar Basin (Kamuthi),Estuary / Coastal,169.15,51.17,35.07,4.67,1.42,35.02,86.3,12.0,Commercial,3651.0,0.32,5,1,1: Moderate
Ramanathapuram - Gundar Basin (Kamuthi),Estuary / Coastal,22.97,1.37,30.6,0.2,0.07,34.97,40.3,68.8,Commercial,1637.0,0.51,5,0,0: Low
Kancheepuram - Palar Basin,Riverine Valley,3.87,6.51,17.04,0.54,-0.02,24.48,75.8,24.4,Urban_Residential,8912.0,0.78,5,0,0: Low
Ramanathapuram - Gundar Basin (Kamuthi),Estuary / Coastal,44.17,12.09,31.49,1.09,0.11,35.31,47.2,45.8,Commercial,821.0,0.42,5,0,0: Low
Chennai - Adyar Basin (Nandambakkam),Coastal / Low Basin,11.78,5.64,4.6,0.1,-0.05,7.52,55.8,48.6,Urban_High_Density,11275.0,0.35,8,0,0: Low
Chennai - Adyar Basin (Nandambakkam),Coastal / Low Basin,159.11,36.87,7.57,3.07,0.55,7.85,93.6,12.6,Urban_High_Density,16773.0,0.94,8,2,2: High
Cuddalore - Manimuktha Basin (Virudhachalam),Riverine Plain,40.08,7.73,24.48,1.48,0.15,28.42,39.6,54.0,Agricultural_Mixed,3078.0,0.34,6,0,0: Low
Chennai - Adyar Basin (Nandambakkam),Coastal / Low Basin,39.65,18.87,6.42,1.92,0.17,6.61,45.5,45.1,Urban_High_Density,5882.0,0.9,8,1,1: Moderate
Chennai - Adyar Basin (Nandambakkam),Coastal / Low Basin,4.1,3.99,4.68,0.18,-0.03,7.25,65.4,34.3,Urban_High_Density,15061.0,0.79,8,0,0: Low
Tiruvallur - Kosasthalaiyar Basin,Northern Plain,22.96,6.83,14.19,0.19,0.1,18.81,58.0,41.8,Industrial,2604.0,0.45,7,0,0: Low
Ramanathapuram - Gundar Basin (Kamuthi),Estuary / Coastal,52.9,13.35,32.53,2.13,0.25,35.62,33.4,65.7,Commercial,933.0,0.37,5,0,0: Low
Sivaganga - Vaigai/Gundar (Parthibanur),Valley Basin,51.19,18.2,27.02,1.52,0.19,42.24,25.5,76.7,Urban_Commercial,9679.0,0.57,4,0,0: Low
Cuddalore - Manimuktha Basin (Virudhachalam),Riverine Plain,49.99,7.33,24.43,1.43,0.28,28.2,80.8,23.8,Agricultural_Mixed,2208.0,0.94,6,0,0: Low
Ramanathapuram - Gundar Basin (Kamuthi),Estuary / Coastal,99.92,23.98,34.55,4.15,0.84,34.93,77.9,23.4,Commercial,1432.0,0.95,5,0,0: Low
Chennai - Adyar Basin (Nandambakkam),Coastal / Low Basin,137.35,18.39,7.23,2.73,0.66,8.51,40.5,63.9,Urban_High_Density,12916.0,0.56,8,2,2: High
Sivaganga - Vaigai/Gundar (Parthibanur),Valley Basin,19.0,6.13,26.03,0.53,-0.0,41.96,33.2,63.4,Urban_Commercial,11998.0,0.32,4,0,0: Low
Kancheepuram - Palar Basin,Riverine Valley,69.9,6.15,18.44,1.94,0.32,23.88,64.0,35.9,Urban_Residential,4917.0,0.85,5,0,0: Low
Chennai - Madipakkam Lake Buffer,Lake Catchment,63.26,12.71,4.1,1.6,0.28,3.09,71.5,25.9,Urban_Residential,13091.0,0.97,14,1,1: Moderate
Chennai - Adyar Basin (Nandambakkam),Coastal / Low Basin,9.07,1.07,5.07,0.57,-0.01,7.92,54.7,37.3,Urban_High_Density,5277.0,0.62,8,0,0: Low
Kancheepuram - Palar Basin,Riverine Valley,27.67,5.8,17.05,0.55,0.01,23.72,25.1,74.2,Urban_Residential,6467.0,0.65,5,0,0: Low
Kancheepuram - Palar Basin,Riverine Valley,105.23,41.06,19.11,2.61,0.52,24.42,45.9,59.6,Urban_Residential,10962.0,0.91,5,0,0: Low
Chennai - Adyar Basin (Nandambakkam),Coastal / Low Basin,27.5,6.06,4.73,0.23,-0.03,7.9,80.1,15.8,Urban_High_Density,14383.0,0.66,8,0,0: Low
Chennai - Adyar Basin (Nandambakkam),Coastal / Low Basin,97.53,20.66,8.06,3.56,0.74,7.39,82.6,20.8,Urban_High_Density,6111.0,0.48,8,1,1: Moderate
Tiruvallur - Kosasthalaiyar Basin,Northern Plain,36.74,18.45,15.67,1.67,0.28,18.52,61.9,30.3,Industrial,716.0,0.79,7,0,0: Low
Chennai - Adyar Basin (Nandambakkam),Coastal / Low Basin,55.14,15.65,5.97,1.47,0.39,7.56,78.3,24.5,Urban_High_Density,15247.0,0.37,8,0,0: Low
Chennai - Adyar Basin (Nandambakkam),Coastal / Low Basin,101.4,21.05,8.19,3.69,0.89,7.05,47.8,52.4,Urban_High_Density,15835.0,0.59,8,2,2: High
Chennai - Velachery Lowland Basin,Coastal Lowland,180.67,66.02,10.47,7.27,1.33,4.32,88.6,13.1,Urban_High_Density,15531.0,0.76,12,3,3: Severe Inundation
Chennai - Velachery Lowland Basin,Coastal Lowland,64.23,8.36,4.39,1.19,0.19,3.38,62.0,43.8,Urban_High_Density,6166.0,0.94,12,0,0: Low
Chennai - Adyar Basin (Nandambakkam),Coastal / Low Basin,8.18,3.45,5.14,0.64,0.03,7.62,48.6,53.5,Urban_High_Density,14314.0,0.35,8,0,0: Low
Tiruvallur - Kosasthalaiyar Basin,Northern Plain,135.96,22.14,16.72,2.72,0.47,18.2,57.8,41.6,Industrial,2208.0,0.53,7,1,1: Moderate
Ramanathapuram - Gundar Basin (Kamuthi),Estuary / Coastal,123.76,18.2,34.72,4.32,0.34,35.06,42.8,58.4,Commercial,834.0,0.55,5,0,0: Low
Cuddalore - Manimuktha Basin (Virudhachalam),Riverine Plain,20.64,4.4,23.01,0.01,-0.08,28.28,71.4,29.4,Agricultural_Mixed,1796.0,0.67,6,0,0: Low
Cuddalore - Manimuktha Basin (Virudhachalam),Riverine Plain,31.18,15.28,24.31,1.31,0.31,28.44,33.1,76.2,Agricultural_Mixed,3640.0,0.38,6,0,0: Low
Ramanathapuram - Gundar Basin (Kamuthi),Estuary / Coastal,129.18,30.92,32.64,2.24,0.53,35.24,79.2,22.7,Commercial,771.0,0.67,5,0,0: Low
Sivaganga - Vaigai/Gundar (Parthibanur),Valley Basin,308.51,70.71,30.35,4.85,1.01,42.03,95.0,11.8,Urban_Commercial,5427.0,0.82,4,2,2: High
Sivaganga - Vaigai/Gundar (Parthibanur),Valley Basin,2.33,7.91,25.99,0.49,-0.02,42.32,42.1,53.1,Urban_Commercial,17570.0,0.35,4,0,0: Low
Chennai - Velachery Lowland Basin,Coastal Lowland,25.99,6.38,3.5,0.3,-0.1,2.87,67.8,38.8,Urban_High_Density,7657.0,0.86,12,0,0: Low
Chennai - Madipakkam Lake Buffer,Lake Catchment,306.39,46.18,8.76,6.26,0.89,2.97,55.6,44.2,Urban_Residential,11373.0,0.87,14,3,3: Severe Inundation
Chennai - Velachery Lowland Basin,Coastal Lowland,6.81,7.05,3.62,0.42,0.04,3.97,26.2,76.4,Urban_High_Density,4952.0,0.77,12,0,0: Low
Tiruvallur - Kosasthalaiyar Basin,Northern Plain,27.51,3.02,14.66,0.66,-0.04,18.86,43.2,60.7,Industrial,687.0,0.42,7,0,0: Low
Cuddalore - Manimuktha Basin (Virudhachalam),Riverine Plain,65.74,18.56,24.44,1.44,0.1,28.81,48.4,47.2,Agricultural_Mixed,1556.0,0.77,6,0,0: Low
Chennai - Madipakkam Lake Buffer,Lake Catchment,57.04,12.68,4.14,1.64,0.11,2.81,52.6,53.1,Urban_Residential,11690.0,0.57,14,1,1: Moderate
Tiruvallur - Kosasthalaiyar Basin,Northern Plain,101.41,35.19,16.43,2.43,0.63,19.41,87.5,11.5,Industrial,2566.0,0.95,7,0,0: Low
Kancheepuram - Palar Basin,Riverine Valley,147.01,23.5,19.2,2.7,0.76,23.72,89.3,10.0,Urban_Residential,12829.0,0.85,5,0,0: Low
Sivaganga - Vaigai/Gundar (Parthibanur),Valley Basin,49.89,10.91,27.26,1.76,0.24,41.95,82.7,15.0,Urban_Commercial,4417.0,0.95,4,0,0: Low
Sivaganga - Vaigai/Gundar (Parthibanur),Valley Basin,9.34,5.0,25.83,0.33,-0.08,41.76,25.8,88.9,Urban_Commercial,9185.0,0.75,4,0,0: Low
Chennai - Velachery Lowland Basin,Coastal Lowland,30.83,7.75,4.33,1.13,0.3,3.33,36.1,56.3,Urban_High_Density,6183.0,0.88,12,0,0: Low
Cuddalore - Manimuktha Basin (Virudhachalam),Riverine Plain,40.69,18.79,24.37,1.37,0.16,27.68,60.6,33.6,Agricultural_Mixed,4098.0,0.87,6,0,0: Low
Chennai - Adyar Basin (Nandambakkam),Coastal / Low Basin,27.87,5.37,5.2,0.7,0.04,7.62,26.2,68.3,Urban_High_Density,16467.0,0.99,8,0,0: Low
Cuddalore - Manimuktha Basin (Virudhachalam),Riverine Plain,144.16,36.68,26.71,3.71,0.36,28.06,65.9,33.8,Agricultural_Mixed,2055.0,0.75,6,1,1: Moderate
Tiruvallur - Kosasthalaiyar Basin,Northern Plain,58.3,10.2,15.7,1.7,0.37,19.26,54.3,43.2,Industrial,2418.0,0.57,7,0,0: Low
Tiruvallur - Kosasthalaiyar Basin,Northern Plain,12.4,1.55,14.16,0.16,-0.03,18.83,50.3,46.2,Industrial,3795.0,0.91,7,0,0: Low
Tiruvallur - Kosasthalaiyar Basin,Northern Plain,29.13,5.71,14.03,0.03,-0.07,18.87,82.6,13.6,Industrial,2899.0,0.48,7,0,0: Low
Kancheepuram - Palar Basin,Riverine Valley,112.82,31.63,20.63,4.13,0.39,23.38,69.2,37.6,Urban_Residential,10715.0,0.66,5,0,0: Low
Chennai - Adyar Basin (Nandambakkam),Coastal / Low Basin,8.44,2.67,4.77,0.27,0.09,7.86,24.1,70.3,Urban_High_Density,8498.0,0.59,8,0,0: Low
Chennai - Adyar Basin (Nandambakkam),Coastal / Low Basin,26.84,1.42,5.28,0.78,-0.1,7.52,52.3,42.4,Urban_High_Density,4470.0,0.4,8,0,0: Low
Ramanathapuram - Gundar Basin (Kamuthi),Estuary / Coastal,20.99,2.5,30.93,0.53,0.07,34.85,73.5,20.0,Commercial,3496.0,0.95,5,0,0: Low
Cuddalore - Manimuktha Basin (Virudhachalam),Riverine Plain,15.33,3.23,23.78,0.78,0.1,27.67,65.7,33.7,Agricultural_Mixed,3149.0,0.53,6,0,0: Low
Kancheepuram - Palar Basin,Riverine Valley,57.98,15.87,17.95,1.45,0.13,23.74,57.9,38.3,Urban_Residential,13097.0,0.87,5,0,0: Low
Tiruvallur - Kosasthalaiyar Basin,Northern Plain,43.61,8.12,15.44,1.44,0.37,19.09,85.3,24.7,Industrial,2903.0,0.88,7,0,0: Low
Chennai - Madipakkam Lake Buffer,Lake Catchment,156.4,31.53,6.09,3.59,0.67,3.53,62.0,41.5,Urban_Residential,3142.0,0.8,14,3,3: Severe Inundation
Cuddalore - Manimuktha Basin (Virudhachalam),Riverine Plain,75.0,19.08,24.12,1.12,0.27,28.19,63.7,40.9,Agricultural_Mixed,4476.0,0.6,6,0,0: Low
Chennai - Adyar Basin (Nandambakkam),Coastal / Low Basin,305.31,76.66,10.97,6.47,1.33,7.94,74.3,26.7,Urban_High_Density,10661.0,0.69,8,3,3: Severe Inundation
Sivaganga - Vaigai/Gundar (Parthibanur),Valley Basin,33.19,18.35,26.74,1.24,0.29,42.42,21.9,74.0,Urban_Commercial,9196.0,0.85,4,0,0: Low
Sivaganga - Vaigai/Gundar (Parthibanur),Valley Basin,20.89,2.45,25.91,0.41,-0.04,42.55,47.4,49.1,Urban_Commercial,16698.0,0.74,4,0,0: Low
Kancheepuram - Palar Basin,Riverine Valley,64.44,14.52,17.88,1.38,0.28,23.79,87.4,17.1,Urban_Residential,6415.0,0.45,5,0,0: Low
Chennai - Velachery Lowland Basin,Coastal Lowland,48.43,18.74,4.19,0.99,0.32,4.01,53.1,41.9,Urban_High_Density,2978.0,0.57,12,0,0: Low
Chennai - Adyar Basin (Nandambakkam),Coastal / Low Basin,171.77,71.49,11.56,7.06,1.64,8.01,47.4,58.8,Urban_High_Density,7394.0,0.41,8,3,3: Severe Inundation
Cuddalore - Manimuktha Basin (Virudhachalam),Riverine Plain,100.8,21.89,25.9,2.9,0.59,28.0,95.0,10.0,Agricultural_Mixed,2206.0,0.5,6,0,0: Low
Chennai - Velachery Lowland Basin,Coastal Lowland,6.83,4.34,3.51,0.31,-0.06,3.14,83.9,11.6,Urban_High_Density,3849.0,0.96,12,0,0: Low
Chennai - Adyar Basin (Nandambakkam),Coastal / Low Basin,73.88,15.61,6.68,2.18,0.14,7.68,63.1,39.3,Urban_High_Density,6310.0,0.52,8,0,0: Low
Ramanathapuram - Gundar Basin (Kamuthi),Estuary / Coastal,10.97,5.31,31.18,0.78,0.01,34.84,39.6,61.1,Commercial,1790.0,1.0,5,0,0: Low
Chennai - Madipakkam Lake Buffer,Lake Catchment,34.91,16.72,4.59,2.09,0.38,3.1,43.7,57.1,Urban_Residential,14926.0,0.91,14,1,1: Moderate
Chennai - Adyar Basin (Nandambakkam),Coastal / Low Basin,19.64,1.05,4.82,0.32,-0.05,7.46,65.9,37.8,Urban_High_Density,13134.0,0.5,8,0,0: Low
Sivaganga - Vaigai/Gundar (Parthibanur),Valley Basin,9.23,7.51,25.73,0.23,-0.01,42.33,62.3,36.5,Urban_Commercial,11244.0,0.53,4,0,0: Low
Ramanathapuram - Gundar Basin (Kamuthi),Estuary / Coastal,27.49,3.64,30.79,0.39,0.01,35.1,49.2,56.9,Commercial,3645.0,0.31,5,0,0: Low
Tiruvallur - Kosasthalaiyar Basin,Northern Plain,24.3,1.16,14.19,0.19,-0.05,18.75,89.4,20.2,Industrial,1084.0,0.59,7,0,0: Low
Cuddalore - Manimuktha Basin (Virudhachalam),Riverine Plain,112.88,44.7,25.59,2.59,0.3,28.35,58.0,46.4,Agricultural_Mixed,1251.0,0.3,6,0,0: Low
Chennai - Velachery Lowland Basin,Coastal Lowland,152.04,37.09,7.68,4.48,0.35,4.37,46.0,53.4,Urban_High_Density,5809.0,0.77,12,3,3: Severe Inundation
Ramanathapuram - Gundar Basin (Kamuthi),Estuary / Coastal,16.23,6.09,30.68,0.28,0.05,35.19,85.4,18.4,Commercial,1959.0,0.68,5,0,0: Low
Sivaganga - Vaigai/Gundar (Parthibanur),Valley Basin,5.68,5.16,25.97,0.47,0.06,41.81,62.2,29.2,Urban_Commercial,14635.0,0.76,4,0,0: Low
Tiruvallur - Kosasthalaiyar Basin,Northern Plain,9.18,5.08,14.27,0.27,0.07,18.87,65.2,38.0,Industrial,2032.0,0.54,7,0,0: Low
Chennai - Madipakkam Lake Buffer,Lake Catchment,77.55,7.96,3.38,0.88,0.22,3.24,76.5,26.7,Urban_Residential,17009.0,0.82,14,0,0: Low
Tiruvallur - Kosasthalaiyar Basin,Northern Plain,269.05,79.54,18.61,4.61,1.67,18.58,83.7,17.5,Industrial,2340.0,0.94,7,3,3: Severe Inundation
Ramanathapuram - Gundar Basin (Kamuthi),Estuary / Coastal,234.07,49.19,35.43,5.03,1.79,34.72,75.2,23.1,Commercial,4197.0,0.74,5,2,2: High
Cuddalore - Manimuktha Basin (Virudhachalam),Riverine Plain,29.36,1.55,23.58,0.58,0.03,28.01,57.6,50.7,Agricultural_Mixed,1143.0,0.33,6,0,0: Low
Chennai - Madipakkam Lake Buffer,Lake Catchment,84.18,18.27,3.78,1.28,0.26,3.76,63.3,36.5,Urban_Residential,6053.0,0.34,14,1,1: Moderate
Chennai - Adyar Basin (Nandambakkam),Coastal / Low Basin,48.1,17.41,5.45,0.95,0.3,7.55,11.1,86.4,Urban_High_Density,15849.0,0.88,8,1,1: Moderate
Cuddalore - Manimuktha Basin (Virudhachalam),Riverine Plain,18.89,5.16,23.01,0.01,-0.03,28.02,54.1,43.9,Agricultural_Mixed,2995.0,0.39,6,0,0: Low
Tiruvallur - Kosasthalaiyar Basin,Northern Plain,9.23,7.77,14.71,0.71,-0.04,19.22,64.9,27.3,Industrial,3730.0,0.89,7,0,0: Low
Sivaganga - Vaigai/Gundar (Parthibanur),Valley Basin,20.04,6.05,26.07,0.57,0.04,41.85,77.6,25.0,Urban_Commercial,8345.0,0.9,4,0,0: Low
Cuddalore - Manimuktha Basin (Virudhachalam),Riverine Plain,50.8,13.93,23.91,0.91,0.39,27.61,64.8,33.7,Agricultural_Mixed,4474.0,0.65,6,0,0: Low
Chennai - Madipakkam Lake Buffer,Lake Catchment,58.86,15.73,3.55,1.05,0.38,2.67,64.3,47.3,Urban_Residential,4895.0,0.82,14,1,1: Moderate
Tiruvallur - Kosasthalaiyar Basin,Northern Plain,113.11,44.81,17.77,3.77,0.55,19.2,85.8,21.1,Industrial,2700.0,0.41,7,1,1: Moderate
Chennai - Madipakkam Lake Buffer,Lake Catchment,159.12,41.88,6.69,4.19,0.45,3.1,54.0,38.3,Urban_Residential,10967.0,0.59,14,3,3: Severe Inundation
Chennai - Adyar Basin (Nandambakkam),Coastal / Low Basin,13.48,5.13,4.73,0.23,0.07,7.28,51.8,46.6,Urban_High_Density,5593.0,0.31,8,0,0: Low
Chennai - Velachery Lowland Basin,Coastal Lowland,15.57,6.86,3.45,0.25,-0.02,3.59,63.1,36.7,Urban_High_Density,13345.0,0.75,12,0,0: Low
Kancheepuram - Palar Basin,Riverine Valley,58.27,15.73,18.03,1.53,0.16,23.98,70.8,30.7,Urban_Residential,7735.0,0.93,5,0,0: Low
Kancheepuram - Palar Basin,Riverine Valley,27.0,5.84,16.58,0.08,-0.02,24.23,53.0,48.6,Urban_Residential,17862.0,0.8,5,0,0: Low
Sivaganga - Vaigai/Gundar (Parthibanur),Valley Basin,9.89,7.54,25.52,0.02,-0.06,41.85,63.9,33.0,Urban_Commercial,11823.0,0.69,4,0,0: Low
Chennai - Madipakkam Lake Buffer,Lake Catchment,91.58,23.36,6.4,3.9,0.47,3.29,94.3,10.0,Urban_Residential,11271.0,0.75,14,2,2: High
Tiruvallur - Kosasthalaiyar Basin,Northern Plain,57.31,17.31,14.87,0.87,0.37,19.33,54.7,53.4,Industrial,1237.0,0.74,7,0,0: Low
Tiruvallur - Kosasthalaiyar Basin,Northern Plain,70.59,7.14,15.52,1.52,0.29,19.04,58.6,41.9,Industrial,1351.0,0.56,7,0,0: Low
Ramanathapuram - Gundar Basin (Kamuthi),Estuary / Coastal,17.86,5.19,30.51,0.11,0.02,35.04,49.9,44.2,Commercial,1505.0,0.9,5,0,0: Low
Tiruvallur - Kosasthalaiyar Basin,Northern Plain,54.98,9.15,16.18,2.18,0.24,18.91,85.2,11.5,Industrial,2824.0,0.3,7,0,0: Low
Cuddalore - Manimuktha Basin (Virudhachalam),Riverine Plain,27.16,1.28,23.03,0.03,0.08,28.13,75.9,18.1,Agricultural_Mixed,820.0,0.93,6,0,0: Low
Chennai - Velachery Lowland Basin,Coastal Lowland,7.37,5.92,3.74,0.54,0.01,3.93,57.5,36.7,Urban_High_Density,13376.0,0.6,12,0,0: Low
Sivaganga - Vaigai/Gundar (Parthibanur),Valley Basin,69.02,10.32,27.23,1.73,0.21,41.95,59.8,41.3,Urban_Commercial,9165.0,0.55,4,0,0: Low
Cuddalore - Manimuktha Basin (Virudhachalam),Riverine Plain,180.17,65.24,30.64,7.64,0.9,27.61,37.5,57.5,Agricultural_Mixed,3611.0,0.4,6,3,3: Severe Inundation
Cuddalore - Manimuktha Basin (Virudhachalam),Riverine Plain,148.21,20.85,25.66,2.66,0.8,28.26,57.2,48.4,Agricultural_Mixed,3090.0,0.7,6,0,0: Low
Chennai - Velachery Lowland Basin,Coastal Lowland,23.82,1.22,3.6,0.4,0.07,3.59,48.2,53.6,Urban_High_Density,7189.0,0.43,12,0,0: Low
Ramanathapuram - Gundar Basin (Kamuthi),Estuary / Coastal,62.39,16.95,31.52,1.12,0.14,34.63,82.0,20.5,Commercial,600.0,0.98,5,0,0: Low
Tiruvallur - Kosasthalaiyar Basin,Northern Plain,4.33,1.54,14.47,0.47,0.08,18.65,47.1,55.4,Industrial,2013.0,0.96,7,0,0: Low
Ramanathapuram - Gundar Basin (Kamuthi),Estuary / Coastal,111.31,26.23,33.06,2.66,0.79,34.74,50.3,55.1,Commercial,1512.0,0.52,5,0,0: Low
Tiruvallur - Kosasthalaiyar Basin,Northern Plain,68.54,6.61,15.32,1.32,0.2,19.22,95.0,15.7,Industrial,1265.0,0.49,7,0,0: Low
Chennai - Madipakkam Lake Buffer,Lake Catchment,39.13,14.62,4.67,2.17,0.12,3.03,31.2,66.6,Urban_Residential,10144.0,0.4,14,1,1: Moderate
Chennai - Madipakkam Lake Buffer,Lake Catchment,16.62,1.14,3.08,0.58,-0.0,2.78,68.3,27.9,Urban_Residential,6834.0,0.73,14,0,0: Low
Cuddalore - Manimuktha Basin (Virudhachalam),Riverine Plain,67.02,11.82,24.95,1.95,0.32,28.62,46.1,54.5,Agricultural_Mixed,2706.0,0.55,6,0,0: Low
Cuddalore - Manimuktha Basin (Virudhachalam),Riverine Plain,65.47,15.43,24.75,1.75,0.13,28.15,79.1,22.6,Agricultural_Mixed,2553.0,0.69,6,0,0: Low
Chennai - Adyar Basin (Nandambakkam),Coastal / Low Basin,3.04,1.66,4.96,0.46,0.07,7.04,56.2,45.2,Urban_High_Density,17765.0,0.77,8,0,0: Low
Chennai - Velachery Lowland Basin,Coastal Lowland,79.38,8.87,4.17,0.97,0.31,3.36,77.3,13.5,Urban_High_Density,7342.0,0.85,12,0,0: Low
Kancheepuram - Palar Basin,Riverine Valley,131.53,23.19,19.2,2.7,0.46,24.01,74.8,34.0,Urban_Residential,2803.0,0.71,5,0,0: Low
Chennai - Madipakkam Lake Buffer,Lake Catchment,3.73,4.98,3.02,0.52,-0.07,2.83,77.9,15.2,Urban_Residential,12832.0,0.88,14,0,0: Low
Chennai - Velachery Lowland Basin,Coastal Lowland,137.84,19.82,5.5,2.3,0.72,3.63,78.5,26.4,Urban_High_Density,8191.0,0.96,12,2,2: High
Cuddalore - Manimuktha Basin (Virudhachalam),Riverine Plain,27.44,2.12,23.56,0.56,0.07,28.27,89.1,16.7,Agricultural_Mixed,4200.0,0.78,6,0,0: Low
Ramanathapuram - Gundar Basin (Kamuthi),Estuary / Coastal,29.6,1.39,30.69,0.29,-0.04,34.23,51.2,54.3,Commercial,1814.0,0.67,5,0,0: Low
Cuddalore - Manimuktha Basin (Virudhachalam),Riverine Plain,53.34,9.64,24.21,1.21,0.16,28.34,70.5,18.3,Agricultural_Mixed,3435.0,0.57,6,0,0: Low
Ramanathapuram - Gundar Basin (Kamuthi),Estuary / Coastal,24.92,5.37,31.17,0.77,0.08,34.84,10.7,88.1,Commercial,4022.0,0.36,5,0,0: Low
Tiruvallur - Kosasthalaiyar Basin,Northern Plain,201.89,53.66,19.77,5.77,1.3,19.01,61.7,40.2,Industrial,3626.0,0.8,7,3,3: Severe Inundation
Kancheepuram - Palar Basin,Riverine Valley,109.07,38.44,20.5,4.0,0.62,24.48,68.2,28.9,Urban_Residential,13613.0,0.46,5,1,1: Moderate
Tiruvallur - Kosasthalaiyar Basin,Northern Plain,25.14,4.55,14.69,0.69,0.07,19.05,56.9,37.9,Industrial,1199.0,0.82,7,0,0: Low
Cuddalore - Manimuktha Basin (Virudhachalam),Riverine Plain,26.61,5.94,23.7,0.7,-0.07,27.53,55.9,36.8,Agricultural_Mixed,2094.0,0.7,6,0,0: Low
Chennai - Adyar Basin (Nandambakkam),Coastal / Low Basin,147.59,31.11,8.93,4.43,0.85,7.46,93.5,10.0,Urban_High_Density,17889.0,0.72,8,2,2: High
Cuddalore - Manimuktha Basin (Virudhachalam),Riverine Plain,156.52,26.85,25.54,2.54,0.78,27.81,35.9,65.0,Agricultural_Mixed,2575.0,0.95,6,0,0: Low
Chennai - Madipakkam Lake Buffer,Lake Catchment,80.39,8.47,3.87,1.37,0.15,3.2,78.1,22.7,Urban_Residential,14236.0,0.77,14,0,0: Low
Cuddalore - Manimuktha Basin (Virudhachalam),Riverine Plain,49.62,9.73,25.16,2.16,0.25,27.86,70.2,27.6,Agricultural_Mixed,2914.0,0.64,6,0,0: Low
Chennai - Madipakkam Lake Buffer,Lake Catchment,148.68,20.11,6.78,4.28,0.86,2.82,72.3,28.7,Urban_Residential,11909.0,0.36,14,2,2: High
Tiruvallur - Kosasthalaiyar Basin,Northern Plain,7.77,7.28,14.12,0.12,0.04,18.99,15.2,78.5,Industrial,2188.0,0.74,7,0,0: Low
Chennai - Adyar Basin (Nandambakkam),Coastal / Low Basin,28.53,3.91,4.77,0.27,-0.01,7.43,55.5,42.1,Urban_High_Density,12248.0,0.74,8,0,0: Low
Chennai - Velachery Lowland Basin,Coastal Lowland,24.88,2.13,3.46,0.26,-0.0,3.44,73.4,34.2,Urban_High_Density,5604.0,0.38,12,0,0: Low
Tiruvallur - Kosasthalaiyar Basin,Northern Plain,15.67,6.12,14.37,0.37,-0.07,18.64,58.3,35.4,Industrial,897.0,0.46,7,0,0: Low
Tiruvallur - Kosasthalaiyar Basin,Northern Plain,71.44,10.61,15.48,1.48,0.38,19.03,63.1,41.2,Industrial,1693.0,0.36,7,0,0: Low
Cuddalore - Manimuktha Basin (Virudhachalam),Riverine Plain,28.13,3.99,23.73,0.73,-0.04,27.88,75.4,30.0,Agricultural_Mixed,3305.0,0.47,6,0,0: Low
Sivaganga - Vaigai/Gundar (Parthibanur),Valley Basin,12.23,1.32,26.22,0.72,0.09,42.28,60.4,40.9,Urban_Commercial,14584.0,0.78,4,0,0: Low
Ramanathapuram - Gundar Basin (Kamuthi),Estuary / Coastal,37.95,17.13,31.84,1.44,0.35,34.57,81.1,26.7,Commercial,2744.0,0.64,5,0,0: Low
Tiruvallur - Kosasthalaiyar Basin,Northern Plain,12.88,4.5,14.14,0.14,-0.02,18.6,62.9,39.5,Industrial,2166.0,0.94,7,0,0: Low
Ramanathapuram - Gundar Basin (Kamuthi),Estuary / Coastal,10.84,3.39,30.72,0.32,-0.03,35.21,11.4,73.9,Commercial,1122.0,0.34,5,0,0: Low
Ramanathapuram - Gundar Basin (Kamuthi),Estuary / Coastal,42.91,18.29,31.44,1.04,0.11,35.09,35.9,63.7,Commercial,1634.0,0.71,5,0,0: Low
Chennai - Velachery Lowland Basin,Coastal Lowland,20.28,1.83,3.43,0.23,0.03,3.89,85.1,19.1,Urban_High_Density,12548.0,0.66,12,0,0: Low
Chennai - Velachery Lowland Basin,Coastal Lowland,54.9,17.87,4.41,1.21,0.11,3.81,63.5,31.5,Urban_High_Density,3831.0,0.6,12,1,1: Moderate
Chennai - Velachery Lowland Basin,Coastal Lowland,67.03,12.82,4.25,1.05,0.13,3.82,37.3,67.8,Urban_High_Density,7823.0,0.61,12,1,1: Moderate
Kancheepuram - Palar Basin,Riverine Valley,143.84,44.55,19.56,3.06,0.84,23.95,85.2,10.0,Urban_Residential,11052.0,0.91,5,1,1: Moderate
Ramanathapuram - Gundar Basin (Kamuthi),Estuary / Coastal,70.91,9.18,31.49,1.09,0.31,35.54,95.0,10.8,Commercial,4068.0,0.82,5,0,0: Low
Cuddalore - Manimuktha Basin (Virudhachalam),Riverine Plain,48.84,7.43,24.27,1.27,0.12,28.16,41.5,56.8,Agricultural_Mixed,1639.0,0.91,6,0,0: Low
Ramanathapuram - Gundar Basin (Kamuthi),Estuary / Coastal,2.59,5.04,30.52,0.12,-0.1,35.21,55.4,42.9,Commercial,1450.0,0.53,5,0,0: Low
Tiruvallur - Kosasthalaiyar Basin,Northern Plain,4.08,3.06,14.69,0.69,0.04,18.54,65.6,34.1,Industrial,910.0,0.33,7,0,0: Low
Chennai - Velachery Lowland Basin,Coastal Lowland,52.27,16.8,4.2,1.0,0.15,3.47,61.7,32.7,Urban_High_Density,7502.0,0.59,12,0,0: Low
Tiruvallur - Kosasthalaiyar Basin,Northern Plain,51.38,9.63,16.07,2.07,0.19,18.7,46.7,49.2,Industrial,835.0,0.32,7,0,0: Low
Chennai - Velachery Lowland Basin,Coastal Lowland,95.38,35.65,6.49,3.29,0.75,4.61,57.5,46.3,Urban_High_Density,8827.0,0.92,12,2,2: High
Kancheepuram - Palar Basin,Riverine Valley,19.65,7.12,16.56,0.06,0.01,24.35,16.1,84.1,Urban_Residential,13189.0,0.93,5,0,0: Low
Cuddalore - Manimuktha Basin (Virudhachalam),Riverine Plain,26.2,5.3,23.19,0.19,0.0,28.27,91.3,14.0,Agricultural_Mixed,1467.0,0.4,6,0,0: Low
Chennai - Madipakkam Lake Buffer,Lake Catchment,135.57,31.47,5.19,2.69,0.5,2.85,34.0,53.4,Urban_Residential,17444.0,0.37,14,2,2: High
Chennai - Velachery Lowland Basin,Coastal Lowland,134.18,21.16,6.08,2.88,0.49,3.9,57.5,39.5,Urban_High_Density,11362.0,0.45,12,2,2: High
Sivaganga - Vaigai/Gundar (Parthibanur),Valley Basin,51.26,17.88,27.64,2.14,0.27,42.36,63.3,44.6,Urban_Commercial,12325.0,0.55,4,0,0: Low
Kancheepuram - Palar Basin,Riverine Valley,27.65,2.28,16.64,0.14,-0.0,24.14,34.8,56.5,Urban_Residential,3527.0,0.99,5,0,0: Low
Sivaganga - Vaigai/Gundar (Parthibanur),Valley Basin,84.43,15.67,27.34,1.84,0.11,41.63,56.7,36.0,Urban_Commercial,14074.0,0.91,4,0,0: Low
Kancheepuram - Palar Basin,Riverine Valley,120.68,27.07,19.35,2.85,0.71,24.2,69.1,33.1,Urban_Residential,16978.0,0.74,5,0,0: Low
Cuddalore - Manimuktha Basin (Virudhachalam),Riverine Plain,43.23,9.02,24.58,1.58,0.37,28.05,47.6,48.3,Agricultural_Mixed,1110.0,0.44,6,0,0: Low
Ramanathapuram - Gundar Basin (Kamuthi),Estuary / Coastal,124.93,43.73,34.63,4.23,0.87,35.28,42.8,58.8,Commercial,1746.0,0.4,5,0,0: Low
Chennai - Velachery Lowland Basin,Coastal Lowland,67.39,18.97,4.83,1.63,0.3,4.13,83.9,21.3,Urban_High_Density,15072.0,0.6,12,1,1: Moderate
Chennai - Adyar Basin (Nandambakkam),Coastal / Low Basin,68.83,18.54,5.99,1.49,0.13,7.6,14.5,85.6,Urban_High_Density,16748.0,0.99,8,1,1: Moderate
Tiruvallur - Kosasthalaiyar Basin,Northern Plain,76.28,9.58,15.67,1.67,0.12,19.03,36.6,67.7,Industrial,1295.0,0.37,7,0,0: Low
Chennai - Madipakkam Lake Buffer,Lake Catchment,17.55,6.84,2.71,0.21,0.07,3.37,64.9,28.3,Urban_Residential,8540.0,0.41,14,0,0: Low
Tiruvallur - Kosasthalaiyar Basin,Northern Plain,22.41,5.19,14.73,0.73,-0.07,19.02,82.3,25.2,Industrial,2062.0,0.55,7,0,0: Low
Chennai - Madipakkam Lake Buffer,Lake Catchment,16.14,2.05,3.12,0.62,-0.05,3.19,58.6,39.3,Urban_Residential,14906.0,0.52,14,0,0: Low
Kancheepuram - Palar Basin,Riverine Valley,99.51,21.35,20.16,3.66,0.78,24.47,72.1,25.7,Urban_Residential,10081.0,0.35,5,0,0: Low
Chennai - Madipakkam Lake Buffer,Lake Catchment,148.16,28.19,4.73,2.23,0.46,2.99,22.0,71.7,Urban_Residential,9308.0,0.74,14,2,2: High
Tiruvallur - Kosasthalaiyar Basin,Northern Plain,136.8,21.01,17.32,3.32,0.72,19.01,72.7,35.9,Industrial,2857.0,0.39,7,0,0: Low
Ramanathapuram - Gundar Basin (Kamuthi),Estuary / Coastal,213.2,64.17,36.89,6.49,1.33,34.97,87.4,14.5,Commercial,2599.0,0.85,5,2,2: High
Chennai - Velachery Lowland Basin,Coastal Lowland,114.42,39.91,6.0,2.8,0.7,4.0,62.6,43.0,Urban_High_Density,5859.0,0.33,12,2,2: High
Chennai - Madipakkam Lake Buffer,Lake Catchment,51.05,7.83,4.69,2.19,0.19,2.93,59.3,39.5,Urban_Residential,10514.0,0.31,14,1,1: Moderate
Sivaganga - Vaigai/Gundar (Parthibanur),Valley Basin,23.94,1.26,25.89,0.39,0.01,42.02,62.9,37.1,Urban_Commercial,4462.0,0.94,4,0,0: Low
Kancheepuram - Palar Basin,Riverine Valley,20.74,3.62,17.0,0.5,0.1,24.28,17.6,78.2,Urban_Residential,13870.0,1.0,5,0,0: Low
Chennai - Madipakkam Lake Buffer,Lake Catchment,78.01,9.73,3.61,1.11,0.17,3.08,91.3,10.0,Urban_Residential,17000.0,0.92,14,1,1: Moderate
Ramanathapuram - Gundar Basin (Kamuthi),Estuary / Coastal,58.53,18.35,31.99,1.59,0.14,34.75,48.0,47.6,Commercial,3744.0,0.59,5,0,0: Low
Tiruvallur - Kosasthalaiyar Basin,Northern Plain,75.4,9.57,15.85,1.85,0.16,18.33,27.4,67.9,Industrial,2741.0,0.69,7,0,0: Low
Chennai - Madipakkam Lake Buffer,Lake Catchment,217.62,55.84,8.94,6.44,0.9,3.21,65.3,29.0,Urban_Residential,16049.0,0.92,14,3,3: Severe Inundation
Chennai - Velachery Lowland Basin,Coastal Lowland,114.31,19.54,5.65,2.45,0.47,3.93,78.3,25.8,Urban_High_Density,17179.0,0.84,12,1,1: Moderate
Kancheepuram - Palar Basin,Riverine Valley,18.35,3.33,17.23,0.73,0.02,24.1,71.5,29.7,Urban_Residential,15063.0,0.44,5,0,0: Low
Sivaganga - Vaigai/Gundar (Parthibanur),Valley Basin,19.45,4.28,26.0,0.5,0.04,41.63,91.6,10.0,Urban_Commercial,10684.0,0.5,4,0,0: Low
Chennai - Madipakkam Lake Buffer,Lake Catchment,36.89,10.96,4.42,1.92,0.17,3.89,73.9,28.1,Urban_Residential,13849.0,0.79,14,0,0: Low
Tiruvallur - Kosasthalaiyar Basin,Northern Plain,69.48,12.04,16.01,2.01,0.31,19.22,90.8,12.9,Industrial,1800.0,0.36,7,0,0: Low
Chennai - Velachery Lowland Basin,Coastal Lowland,70.52,16.41,4.69,1.49,0.14,3.49,69.0,24.4,Urban_High_Density,17988.0,0.98,12,1,1: Moderate
Tiruvallur - Kosasthalaiyar Basin,Northern Plain,156.38,30.03,17.16,3.16,0.58,19.24,48.1,48.3,Industrial,1301.0,0.8,7,1,1: Moderate
Chennai - Madipakkam Lake Buffer,Lake Catchment,10.19,2.18,2.96,0.46,-0.03,2.78,39.6,53.9,Urban_Residential,9685.0,0.6,14,0,0: Low
Cuddalore - Manimuktha Basin (Virudhachalam),Riverine Plain,257.5,41.75,29.64,6.64,0.89,28.01,82.3,12.1,Agricultural_Mixed,1369.0,0.71,6,2,2: High
Sivaganga - Vaigai/Gundar (Parthibanur),Valley Basin,229.28,47.51,32.67,7.17,1.02,42.06,94.2,10.0,Urban_Commercial,8034.0,0.63,4,1,1: Moderate
Ramanathapuram - Gundar Basin (Kamuthi),Estuary / Coastal,291.98,43.42,36.86,6.46,1.2,34.96,40.3,62.5,Commercial,4026.0,0.61,5,3,3: Severe Inundation
Chennai - Adyar Basin (Nandambakkam),Coastal / Low Basin,9.29,4.43,4.55,0.05,-0.08,7.68,44.0,55.5,Urban_High_Density,5756.0,0.56,8,0,0: Low
Kancheepuram - Palar Basin,Riverine Valley,46.02,16.91,18.39,1.89,0.25,23.82,85.9,11.9,Urban_Residential,13906.0,0.64,5,0,0: Low
Sivaganga - Vaigai/Gundar (Parthibanur),Valley Basin,34.4,6.92,26.73,1.23,0.23,42.26,93.7,10.0,Urban_Commercial,17402.0,0.76,4,0,0: Low
Kancheepuram - Palar Basin,Riverine Valley,22.95,4.35,17.08,0.58,0.06,24.51,82.2,10.0,Urban_Residential,9904.0,0.91,5,0,0: Low
Chennai - Velachery Lowland Basin,Coastal Lowland,277.93,78.29,8.05,4.85,1.05,3.77,79.7,19.7,Urban_High_Density,9930.0,0.46,12,3,3: Severe Inundation
Cuddalore - Manimuktha Basin (Virudhachalam),Riverine Plain,65.61,9.86,24.19,1.19,0.34,27.9,73.2,28.8,Agricultural_Mixed,4183.0,0.71,6,0,0: Low
Tiruvallur - Kosasthalaiyar Basin,Northern Plain,21.23,7.74,14.25,0.25,-0.1,18.64,43.4,58.8,Industrial,3470.0,0.5,7,0,0: Low
Kancheepuram - Palar Basin,Riverine Valley,42.54,17.94,18.35,1.85,0.26,24.24,59.5,46.4,Urban_Residential,6101.0,0.9,5,0,0: Low
Ramanathapuram - Gundar Basin (Kamuthi),Estuary / Coastal,162.53,49.57,35.72,5.32,1.13,34.71,26.1,76.7,Commercial,1454.0,0.74,5,2,2: High
Chennai - Velachery Lowland Basin,Coastal Lowland,24.12,6.17,3.66,0.46,-0.07,3.62,28.6,75.5,Urban_High_Density,6250.0,0.39,12,0,0: Low
Sivaganga - Vaigai/Gundar (Parthibanur),Valley Basin,62.24,14.99,27.44,1.94,0.37,41.68,27.8,71.3,Urban_Commercial,9098.0,0.83,4,0,0: Low
Chennai - Velachery Lowland Basin,Coastal Lowland,26.42,1.58,3.35,0.15,-0.04,4.27,66.8,39.4,Urban_High_Density,8721.0,0.86,12,0,0: Low
Ramanathapuram - Gundar Basin (Kamuthi),Estuary / Coastal,64.18,16.61,31.99,1.59,0.15,34.95,16.4,80.4,Commercial,3861.0,0.35,5,0,0: Low
Tiruvallur - Kosasthalaiyar Basin,Northern Plain,39.71,17.29,15.72,1.72,0.2,18.68,74.3,26.0,Industrial,1422.0,0.74,7,0,0: Low
Tiruvallur - Kosasthalaiyar Basin,Northern Plain,6.08,7.67,14.55,0.55,0.02,18.79,95.0,10.0,Industrial,1483.0,0.48,7,0,0: Low
Cuddalore - Manimuktha Basin (Virudhachalam),Riverine Plain,17.7,7.44,23.73,0.73,-0.1,28.03,44.6,57.4,Agricultural_Mixed,883.0,0.44,6,0,0: Low
Kancheepuram - Palar Basin,Riverine Valley,19.14,1.25,17.09,0.59,0.04,24.27,47.0,46.9,Urban_Residential,10314.0,0.84,5,0,0: Low
Kancheepuram - Palar Basin,Riverine Valley,39.89,6.43,17.77,1.27,0.18,24.06,80.4,16.7,Urban_Residential,17782.0,0.73,5,0,0: Low
Tiruvallur - Kosasthalaiyar Basin,Northern Plain,3.56,2.36,14.72,0.72,0.04,18.89,58.7,35.4,Industrial,1362.0,0.68,7,0,0: Low
Tiruvallur - Kosasthalaiyar Basin,Northern Plain,164.28,42.26,19.64,5.64,1.63,19.04,28.4,65.4,Industrial,3663.0,0.79,7,3,3: Severe Inundation
Chennai - Adyar Basin (Nandambakkam),Coastal / Low Basin,95.03,30.3,8.88,4.38,0.76,7.5,87.6,11.3,Urban_High_Density,4792.0,0.37,8,2,2: High
Chennai - Madipakkam Lake Buffer,Lake Catchment,131.62,28.44,5.2,2.7,0.86,3.43,25.2,73.8,Urban_Residential,2534.0,0.6,14,3,3: Severe Inundation
Cuddalore - Manimuktha Basin (Virudhachalam),Riverine Plain,155.72,42.71,27.36,4.36,0.32,27.99,89.1,14.9,Agricultural_Mixed,3729.0,0.33,6,1,1: Moderate
Cuddalore - Manimuktha Basin (Virudhachalam),Riverine Plain,6.94,4.34,23.32,0.32,-0.0,28.05,42.0,51.9,Agricultural_Mixed,1637.0,0.72,6,0,0: Low
Sivaganga - Vaigai/Gundar (Parthibanur),Valley Basin,64.29,8.9,27.46,1.96,0.28,42.06,76.7,16.5,Urban_Commercial,5063.0,0.35,4,0,0: Low
Chennai - Madipakkam Lake Buffer,Lake Catchment,225.08,80.44,7.6,5.1,1.23,3.43,60.8,39.8,Urban_Residential,13826.0,0.45,14,3,3: Severe Inundation
Ramanathapuram - Gundar Basin (Kamuthi),Estuary / Coastal,18.06,5.83,30.57,0.17,0.04,35.12,58.4,47.9,Commercial,1754.0,0.54,5,0,0: Low
Chennai - Adyar Basin (Nandambakkam),Coastal / Low Basin,15.72,7.82,5.11,0.61,0.07,8.5,47.8,60.4,Urban_High_Density,4182.0,0.59,8,0,0: Low
Tiruvallur - Kosasthalaiyar Basin,Northern Plain,9.4,7.51,14.53,0.53,-0.08,18.86,62.5,40.7,Industrial,1410.0,0.38,7,0,0: Low
Chennai - Madipakkam Lake Buffer,Lake Catchment,181.56,79.97,9.46,6.96,0.87,3.99,55.9,46.3,Urban_Residential,3493.0,0.88,14,3,3: Severe Inundation
Tiruvallur - Kosasthalaiyar Basin,Northern Plain,4.52,1.33,14.53,0.53,0.02,19.02,41.3,59.2,Industrial,2189.0,0.85,7,0,0: Low
Cuddalore - Manimuktha Basin (Virudhachalam),Riverine Plain,17.82,6.08,23.6,0.6,0.02,27.94,83.6,12.9,Agricultural_Mixed,1845.0,0.77,6,0,0: Low
Chennai - Adyar Basin (Nandambakkam),Coastal / Low Basin,6.87,2.81,4.64,0.14,-0.06,7.36,40.0,62.5,Urban_High_Density,8710.0,0.51,8,0,0: Low
Cuddalore - Manimuktha Basin (Virudhachalam),Riverine Plain,43.65,17.11,24.5,1.5,0.1,27.33,48.4,54.2,Agricultural_Mixed,4072.0,0.75,6,0,0: Low
Chennai - Velachery Lowland Basin,Coastal Lowland,87.1,19.77,6.61,3.41,0.38,3.98,16.9,82.0,Urban_High_Density,6529.0,0.44,12,2,2: High
Sivaganga - Vaigai/Gundar (Parthibanur),Valley Basin,142.82,30.4,29.38,3.88,0.53,42.1,56.0,47.9,Urban_Commercial,13437.0,0.55,4,0,0: Low
Sivaganga - Vaigai/Gundar (Parthibanur),Valley Basin,80.57,7.27,27.26,1.76,0.3,41.96,40.3,55.9,Urban_Commercial,6906.0,0.89,4,0,0: Low
Kancheepuram - Palar Basin,Riverine Valley,27.95,7.11,16.75,0.25,-0.05,23.78,50.8,49.0,Urban_Residential,15490.0,0.85,5,0,0: Low
Chennai - Madipakkam Lake Buffer,Lake Catchment,42.79,14.4,3.67,1.17,0.18,3.08,42.5,46.9,Urban_Residential,12785.0,0.85,14,1,1: Moderate
Tiruvallur - Kosasthalaiyar Basin,Northern Plain,12.71,5.32,14.05,0.05,-0.04,19.34,15.1,89.5,Industrial,2649.0,0.57,7,0,0: Low
Kancheepuram - Palar Basin,Riverine Valley,10.69,7.07,16.77,0.27,-0.05,23.76,37.2,55.2,Urban_Residential,9415.0,0.76,5,0,0: Low
Ramanathapuram - Gundar Basin (Kamuthi),Estuary / Coastal,98.9,26.12,33.4,3.0,0.41,35.13,70.2,25.9,Commercial,850.0,0.63,5,0,0: Low
Chennai - Madipakkam Lake Buffer,Lake Catchment,49.6,12.07,3.89,1.39,0.29,2.65,48.7,52.7,Urban_Residential,4656.0,0.99,14,1,1: Moderate
Chennai - Adyar Basin (Nandambakkam),Coastal / Low Basin,2.97,3.82,4.73,0.23,-0.05,7.05,58.5,37.2,Urban_High_Density,10879.0,0.99,8,0,0: Low
Kancheepuram - Palar Basin,Riverine Valley,26.05,3.24,16.73,0.23,-0.03,23.81,27.9,68.2,Urban_Residential,15100.0,0.79,5,0,0: Low
Cuddalore - Manimuktha Basin (Virudhachalam),Riverine Plain,35.56,17.85,24.57,1.57,0.28,27.84,69.0,31.0,Agricultural_Mixed,1758.0,0.44,6,0,0: Low
Chennai - Velachery Lowland Basin,Coastal Lowland,53.63,14.78,5.15,1.95,0.2,4.24,20.2,83.6,Urban_High_Density,7907.0,0.6,12,1,1: Moderate
Tiruvallur - Kosasthalaiyar Basin,Northern Plain,284.64,53.42,18.65,4.65,1.51,19.11,63.5,35.3,Industrial,1095.0,0.83,7,3,3: Severe Inundation
Cuddalore - Manimuktha Basin (Virudhachalam),Riverine Plain,59.28,19.38,23.85,0.85,0.19,28.27,8.6,90.0,Agricultural_Mixed,839.0,0.84,6,0,0: Low
Cuddalore - Manimuktha Basin (Virudhachalam),Riverine Plain,279.35,52.71,29.6,6.6,0.94,28.15,42.5,58.2,Agricultural_Mixed,2986.0,0.45,6,3,3: Severe Inundation
Ramanathapuram - Gundar Basin (Kamuthi),Estuary / Coastal,5.26,4.82,31.09,0.69,0.04,34.83,60.1,38.1,Commercial,1615.0,0.49,5,0,0: Low
Chennai - Madipakkam Lake Buffer,Lake Catchment,203.43,55.1,7.82,5.32,0.8,3.24,67.9,31.1,Urban_Residential,4161.0,0.94,14,3,3: Severe Inundation
Chennai - Velachery Lowland Basin,Coastal Lowland,128.45,27.67,5.58,2.38,0.66,3.8,51.2,43.1,Urban_High_Density,16943.0,0.81,12,2,2: High
Chennai - Madipakkam Lake Buffer,Lake Catchment,97.63,19.23,5.19,2.69,0.77,3.16,90.7,11.8,Urban_Residential,4829.0,0.98,14,1,1: Moderate
Kancheepuram - Palar Basin,Riverine Valley,214.58,58.72,22.64,6.14,1.43,23.96,66.6,41.7,Urban_Residential,2767.0,0.63,5,3,3: Severe Inundation
Sivaganga - Vaigai/Gundar (Parthibanur),Valley Basin,64.39,19.74,26.36,0.86,0.25,41.59,26.5,73.9,Urban_Commercial,15872.0,0.3,4,0,0: Low
Kancheepuram - Palar Basin,Riverine Valley,103.9,23.31,20.14,3.64,0.79,24.02,40.4,55.0,Urban_Residential,6137.0,0.44,5,0,0: Low
Chennai - Madipakkam Lake Buffer,Lake Catchment,32.51,13.0,4.6,2.1,0.11,3.52,74.5,35.7,Urban_Residential,13900.0,0.88,14,1,1: Moderate
Kancheepuram - Palar Basin,Riverine Valley,20.91,1.83,17.05,0.55,-0.05,23.75,83.6,14.4,Urban_Residential,14048.0,0.33,5,0,0: Low
Cuddalore - Manimuktha Basin (Virudhachalam),Riverine Plain,284.54,78.73,27.52,4.52,0.92,28.12,41.8,56.4,Agricultural_Mixed,3384.0,0.55,6,3,3: Severe Inundation
Kancheepuram - Palar Basin,Riverine Valley,99.01,30.06,18.8,2.3,0.32,24.05,59.2,40.3,Urban_Residential,17455.0,0.75,5,0,0: Low
Kancheepuram - Palar Basin,Riverine Valley,53.01,18.68,18.56,2.06,0.4,23.4,51.1,42.0,Urban_Residential,2568.0,0.97,5,0,0: Low
Chennai - Madipakkam Lake Buffer,Lake Catchment,74.41,17.95,3.92,1.42,0.21,3.05,21.8,76.8,Urban_Residential,12152.0,0.98,14,1,1: Moderate
Cuddalore - Manimuktha Basin (Virudhachalam),Riverine Plain,92.79,24.79,25.94,2.94,0.48,28.05,68.0,34.4,Agricultural_Mixed,4475.0,0.68,6,0,0: Low
Chennai - Velachery Lowland Basin,Coastal Lowland,9.91,7.5,3.93,0.73,0.0,4.39,65.4,33.8,Urban_High_Density,14066.0,0.62,12,0,0: Low
Chennai - Adyar Basin (Nandambakkam),Coastal / Low Basin,128.9,37.53,7.54,3.04,0.6,7.78,57.1,43.3,Urban_High_Density,14662.0,0.75,8,2,2: High
Cuddalore - Manimuktha Basin (Virudhachalam),Riverine Plain,217.87,53.27,29.6,6.6,1.02,27.69,75.1,15.7,Agricultural_Mixed,1891.0,0.47,6,2,2: High
Chennai - Adyar Basin (Nandambakkam),Coastal / Low Basin,43.62,16.96,6.29,1.79,0.18,7.1,58.2,41.3,Urban_High_Density,4743.0,0.9,8,0,0: Low
Chennai - Madipakkam Lake Buffer,Lake Catchment,51.7,16.23,3.73,1.23,0.26,3.24,60.0,36.8,Urban_Residential,14188.0,0.42,14,1,1: Moderate
Cuddalore - Manimuktha Basin (Virudhachalam),Riverine Plain,80.25,15.02,24.59,1.59,0.12,28.27,26.8,70.9,Agricultural_Mixed,2218.0,0.82,6,0,0: Low
Ramanathapuram - Gundar Basin (Kamuthi),Estuary / Coastal,27.68,6.88,30.65,0.25,0.08,34.82,45.7,48.8,Commercial,2607.0,0.45,5,0,0: Low
Sivaganga - Vaigai/Gundar (Parthibanur),Valley Basin,31.8,11.79,27.46,1.96,0.23,42.25,55.6,30.9,Urban_Commercial,5987.0,0.66,4,0,0: Low
Ramanathapuram - Gundar Basin (Kamuthi),Estuary / Coastal,29.67,7.06,31.11,0.71,0.04,35.69,24.3,63.2,Commercial,2075.0,0.45,5,0,0: Low
Ramanathapuram - Gundar Basin (Kamuthi),Estuary / Coastal,275.72,53.48,37.02,6.62,1.05,35.26,60.4,48.1,Commercial,3768.0,0.79,5,3,3: Severe Inundation
Chennai - Madipakkam Lake Buffer,Lake Catchment,106.09,29.67,6.0,3.5,0.58,3.39,58.2,48.1,Urban_Residential,17296.0,0.69,14,2,2: High
Tiruvallur - Kosasthalaiyar Basin,Northern Plain,26.42,2.98,14.2,0.2,-0.0,18.95,74.7,24.7,Industrial,4109.0,0.99,7,0,0: Low
Kancheepuram - Palar Basin,Riverine Valley,75.04,18.4,18.17,1.67,0.11,23.58,42.0,56.5,Urban_Residential,16729.0,0.98,5,0,0: Low
Sivaganga - Vaigai/Gundar (Parthibanur),Valley Basin,5.16,4.77,26.11,0.61,-0.02,42.01,83.3,10.0,Urban_Commercial,13158.0,0.69,4,0,0: Low
Tiruvallur - Kosasthalaiyar Basin,Northern Plain,12.58,3.21,14.73,0.73,0.07,19.6,53.3,50.3,Industrial,3462.0,0.73,7,0,0: Low
Ramanathapuram - Gundar Basin (Kamuthi),Estuary / Coastal,21.45,3.87,31.07,0.67,0.06,34.83,95.0,12.3,Commercial,1532.0,0.9,5,0,0: Low
Ramanathapuram - Gundar Basin (Kamuthi),Estuary / Coastal,106.56,20.81,33.14,2.74,0.87,35.06,94.6,10.0,Commercial,1030.0,0.7,5,0,0: Low
Tiruvallur - Kosasthalaiyar Basin,Northern Plain,24.75,2.22,14.71,0.71,-0.08,18.97,83.6,10.0,Industrial,1568.0,0.4,7,0,0: Low
Tiruvallur - Kosasthalaiyar Basin,Northern Plain,8.2,1.83,14.52,0.52,0.05,18.72,49.4,44.6,Industrial,2498.0,0.4,7,0,0: Low
Chennai - Adyar Basin (Nandambakkam),Coastal / Low Basin,156.59,21.49,8.59,4.09,0.79,7.24,17.5,80.6,Urban_High_Density,6425.0,0.99,8,2,2: High
Sivaganga - Vaigai/Gundar (Parthibanur),Valley Basin,9.32,5.44,25.79,0.29,-0.02,41.87,50.2,44.9,Urban_Commercial,11450.0,0.41,4,0,0: Low
Kancheepuram - Palar Basin,Riverine Valley,9.59,5.35,17.09,0.59,0.05,23.15,75.3,22.9,Urban_Residential,13505.0,0.59,5,0,0: Low
Tiruvallur - Kosasthalaiyar Basin,Northern Plain,116.62,33.96,16.45,2.45,0.41,18.65,60.2,44.6,Industrial,2038.0,0.72,7,1,1: Moderate
Tiruvallur - Kosasthalaiyar Basin,Northern Plain,20.29,2.35,14.33,0.33,0.07,19.08,60.9,39.3,Industrial,4422.0,0.49,7,0,0: Low
Chennai - Adyar Basin (Nandambakkam),Coastal / Low Basin,121.79,24.45,7.87,3.37,0.71,7.48,74.0,24.1,Urban_High_Density,15139.0,0.8,8,1,1: Moderate
Sivaganga - Vaigai/Gundar (Parthibanur),Valley Basin,39.96,9.79,26.89,1.39,0.21,41.73,65.2,32.5,Urban_Commercial,8009.0,0.76,4,0,0: Low
Sivaganga - Vaigai/Gundar (Parthibanur),Valley Basin,126.56,38.23,29.05,3.55,0.32,42.54,78.8,19.1,Urban_Commercial,9862.0,0.48,4,0,0: Low
Chennai - Velachery Lowland Basin,Coastal Lowland,73.02,7.14,4.99,1.79,0.32,3.37,57.6,38.3,Urban_High_Density,5769.0,0.47,12,1,1: Moderate
Cuddalore - Manimuktha Basin (Virudhachalam),Riverine Plain,146.39,26.83,25.9,2.9,0.81,27.56,51.2,39.9,Agricultural_Mixed,4229.0,0.51,6,0,0: Low
Cuddalore - Manimuktha Basin (Virudhachalam),Riverine Plain,73.07,6.86,24.68,1.68,0.33,27.41,77.5,21.6,Agricultural_Mixed,1491.0,0.69,6,0,0: Low
Ramanathapuram - Gundar Basin (Kamuthi),Estuary / Coastal,48.52,15.18,32.58,2.18,0.34,35.1,75.1,22.2,Commercial,2548.0,0.78,5,0,0: Low
Chennai - Madipakkam Lake Buffer,Lake Catchment,29.81,3.71,3.25,0.75,-0.02,2.86,63.4,36.2,Urban_Residential,12070.0,0.47,14,0,0: Low
Chennai - Madipakkam Lake Buffer,Lake Catchment,4.02,6.79,2.84,0.34,0.0,3.23,39.7,62.6,Urban_Residential,4691.0,0.83,14,0,0: Low
Sivaganga - Vaigai/Gundar (Parthibanur),Valley Basin,21.19,6.99,26.1,0.6,-0.06,42.45,21.0,80.5,Urban_Commercial,16645.0,0.98,4,0,0: Low
Kancheepuram - Palar Basin,Riverine Valley,104.18,22.55,19.58,3.08,0.62,23.95,44.8,56.1,Urban_Residential,6451.0,0.63,5,0,0: Low
Cuddalore - Manimuktha Basin (Virudhachalam),Riverine Plain,154.88,22.28,26.27,3.27,0.49,27.66,22.4,68.4,Agricultural_Mixed,1577.0,0.6,6,1,1: Moderate
Chennai - Velachery Lowland Basin,Coastal Lowland,208.92,69.4,8.18,4.98,1.62,3.92,46.5,48.0,Urban_High_Density,14564.0,0.76,12,3,3: Severe Inundation
Kancheepuram - Palar Basin,Riverine Valley,177.26,44.25,23.51,7.01,1.12,23.78,69.1,25.2,Urban_Residential,16175.0,0.48,5,2,2: High
Chennai - Madipakkam Lake Buffer,Lake Catchment,73.41,12.3,3.44,0.94,0.2,3.34,70.5,25.8,Urban_Residential,10422.0,0.79,14,1,1: Moderate
Tiruvallur - Kosasthalaiyar Basin,Northern Plain,77.05,16.96,15.94,1.94,0.4,18.9,71.3,29.5,Industrial,2526.0,0.52,7,0,0: Low
Tiruvallur - Kosasthalaiyar Basin,Northern Plain,31.99,9.27,15.79,1.79,0.33,18.51,51.0,43.1,Industrial,3547.0,0.95,7,0,0: Low
Cuddalore - Manimuktha Basin (Virudhachalam),Riverine Plain,45.78,8.0,24.75,1.75,0.24,28.4,71.0,34.0,Agricultural_Mixed,1920.0,0.43,6,0,0: Low
Chennai - Madipakkam Lake Buffer,Lake Catchment,134.51,25.3,4.98,2.48,0.33,3.11,63.4,40.4,Urban_Residential,9700.0,0.36,14,2,2: High
Chennai - Madipakkam Lake Buffer,Lake Catchment,23.32,6.21,2.83,0.33,-0.08,3.03,42.5,63.9,Urban_Residential,12195.0,0.54,14,0,0: Low
Kancheepuram - Palar Basin,Riverine Valley,13.76,5.33,17.13,0.63,0.06,23.73,76.6,21.0,Urban_Residential,8626.0,0.93,5,0,0: Low
Ramanathapuram - Gundar Basin (Kamuthi),Estuary / Coastal,7.55,7.03,30.89,0.49,0.1,34.72,49.7,46.4,Commercial,3624.0,0.4,5,0,0: Low
Chennai - Velachery Lowland Basin,Coastal Lowland,3.91,4.05,3.51,0.31,-0.06,3.72,68.0,37.2,Urban_High_Density,6660.0,0.88,12,0,0: Low
Cuddalore - Manimuktha Basin (Virudhachalam),Riverine Plain,63.71,8.26,23.91,0.91,0.16,28.12,38.5,57.6,Agricultural_Mixed,4037.0,0.68,6,0,0: Low
Ramanathapuram - Gundar Basin (Kamuthi),Estuary / Coastal,58.53,6.06,31.25,0.85,0.13,34.96,58.1,53.3,Commercial,3592.0,0.75,5,0,0: Low
Chennai - Madipakkam Lake Buffer,Lake Catchment,23.19,7.38,2.85,0.35,-0.05,2.86,86.4,18.2,Urban_Residential,12731.0,0.35,14,0,0: Low
Cuddalore - Manimuktha Basin (Virudhachalam),Riverine Plain,171.92,58.71,30.05,7.05,1.47,27.82,73.8,28.4,Agricultural_Mixed,4145.0,0.78,6,2,2: High
Sivaganga - Vaigai/Gundar (Parthibanur),Valley Basin,2.77,4.62,25.75,0.25,-0.09,41.88,78.0,18.9,Urban_Commercial,5108.0,0.57,4,0,0: Low
Chennai - Velachery Lowland Basin,Coastal Lowland,34.69,18.11,4.07,0.87,0.21,3.86,62.9,32.1,Urban_High_Density,6370.0,0.94,12,0,0: Low
Cuddalore - Manimuktha Basin (Virudhachalam),Riverine Plain,24.35,7.52,23.0,0.0,-0.05,27.67,5.0,89.4,Agricultural_Mixed,1390.0,0.85,6,0,0: Low
Ramanathapuram - Gundar Basin (Kamuthi),Estuary / Coastal,160.93,65.64,35.21,4.81,1.21,35.43,24.0,78.8,Commercial,1224.0,0.87,5,2,2: High
Chennai - Madipakkam Lake Buffer,Lake Catchment,48.84,15.46,4.06,1.56,0.38,3.46,84.3,12.1,Urban_Residential,17522.0,0.31,14,0,0: Low
Ramanathapuram - Gundar Basin (Kamuthi),Estuary / Coastal,72.54,9.61,32.25,1.85,0.27,35.13,69.5,28.9,Commercial,4111.0,0.68,5,0,0: Low
Tiruvallur - Kosasthalaiyar Basin,Northern Plain,19.36,3.23,14.31,0.31,0.09,18.83,70.7,40.4,Industrial,4406.0,0.83,7,0,0: Low
Tiruvallur - Kosasthalaiyar Basin,Northern Plain,36.14,7.24,15.89,1.89,0.3,18.85,95.0,11.3,Industrial,3605.0,0.74,7,0,0: Low
Ramanathapuram - Gundar Basin (Kamuthi),Estuary / Coastal,67.03,12.79,31.52,1.12,0.36,35.16,40.4,60.0,Commercial,1724.0,0.96,5,0,0: Low
Tiruvallur - Kosasthalaiyar Basin,Northern Plain,28.56,5.33,14.18,0.18,-0.02,19.82,83.8,12.8,Industrial,1771.0,0.37,7,0,0: Low
Tiruvallur - Kosasthalaiyar Basin,Northern Plain,175.09,49.59,19.45,5.45,1.42,19.26,71.1,36.1,Industrial,3710.0,0.57,7,2,2: High
Ramanathapuram - Gundar Basin (Kamuthi),Estuary / Coastal,14.31,2.5,30.89,0.49,0.08,34.79,95.0,10.0,Commercial,1557.0,0.81,5,0,0: Low
Kancheepuram - Palar Basin,Riverine Valley,4.96,7.91,16.57,0.07,-0.07,24.33,77.4,28.2,Urban_Residential,2720.0,0.89,5,0,0: Low
Ramanathapuram - Gundar Basin (Kamuthi),Estuary / Coastal,10.83,1.76,30.98,0.58,-0.07,35.09,62.2,37.7,Commercial,1003.0,0.99,5,0,0: Low
Ramanathapuram - Gundar Basin (Kamuthi),Estuary / Coastal,133.1,33.68,34.27,3.87,0.8,34.93,64.1,31.1,Commercial,2497.0,0.83,5,0,0: Low
Kancheepuram - Palar Basin,Riverine Valley,141.86,26.3,19.46,2.96,0.43,24.04,62.2,38.4,Urban_Residential,9397.0,0.55,5,0,0: Low
Chennai - Velachery Lowland Basin,Coastal Lowland,66.25,15.07,4.37,1.17,0.34,3.73,47.0,57.5,Urban_High_Density,15848.0,0.45,12,1,1: Moderate
Ramanathapuram - Gundar Basin (Kamuthi),Estuary / Coastal,196.99,45.99,37.9,7.5,0.92,34.94,57.3,43.3,Commercial,1999.0,0.58,5,2,2: High
Ramanathapuram - Gundar Basin (Kamuthi),Estuary / Coastal,139.29,42.45,34.82,4.42,0.48,35.67,84.9,21.2,Commercial,1167.0,0.83,5,0,0: Low
Chennai - Madipakkam Lake Buffer,Lake Catchment,123.97,43.46,5.51,3.01,0.88,3.9,72.4,29.8,Urban_Residential,12359.0,0.58,14,2,2: High
Kancheepuram - Palar Basin,Riverine Valley,86.72,20.43,18.92,2.42,0.44,24.4,65.4,32.7,Urban_Residential,17399.0,0.54,5,0,0: Low
Chennai - Adyar Basin (Nandambakkam),Coastal / Low Basin,149.77,24.78,8.27,3.77,0.66,8.04,73.6,22.5,Urban_High_Density,7511.0,0.84,8,2,2: High
Chennai - Madipakkam Lake Buffer,Lake Catchment,20.16,1.32,2.64,0.14,-0.02,2.79,87.3,10.0,Urban_Residential,5035.0,0.71,14,0,0: Low
Chennai - Adyar Basin (Nandambakkam),Coastal / Low Basin,138.08,38.42,8.27,3.77,0.36,7.1,40.1,60.6,Urban_High_Density,10811.0,0.39,8,2,2: High
Kancheepuram - Palar Basin,Riverine Valley,14.67,5.68,17.2,0.7,-0.07,23.93,62.2,38.0,Urban_Residential,7344.0,0.66,5,0,0: Low
Ramanathapuram - Gundar Basin (Kamuthi),Estuary / Coastal,159.25,25.53,34.71,4.31,0.38,34.88,73.7,26.8,Commercial,4218.0,0.68,5,0,0: Low
Sivaganga - Vaigai/Gundar (Parthibanur),Valley Basin,76.73,17.77,27.59,2.09,0.12,41.72,41.1,58.1,Urban_Commercial,5611.0,0.62,4,0,0: Low
Tiruvallur - Kosasthalaiyar Basin,Northern Plain,7.26,4.7,14.04,0.04,-0.07,18.63,77.4,31.7,Industrial,4312.0,0.85,7,0,0: Low
Kancheepuram - Palar Basin,Riverine Valley,14.26,5.7,17.27,0.77,0.08,24.27,55.0,39.4,Urban_Residential,12794.0,0.74,5,0,0: Low
Tiruvallur - Kosasthalaiyar Basin,Northern Plain,65.83,10.57,15.61,1.61,0.23,18.78,88.1,16.4,Industrial,3065.0,0.94,7,0,0: Low
Kancheepuram - Palar Basin,Riverine Valley,23.93,4.48,16.65,0.15,0.05,23.94,77.5,25.8,Urban_Residential,13701.0,0.91,5,0,0: Low
Tiruvallur - Kosasthalaiyar Basin,Northern Plain,36.02,15.95,15.77,1.77,0.19,19.25,73.4,25.3,Industrial,1659.0,0.84,7,0,0: Low
Kancheepuram - Palar Basin,Riverine Valley,29.92,2.47,17.02,0.52,0.09,24.39,62.0,43.5,Urban_Residential,15548.0,0.64,5,0,0: Low
Kancheepuram - Palar Basin,Riverine Valley,56.23,10.36,17.3,0.8,0.33,24.05,60.4,39.2,Urban_Residential,12950.0,0.37,5,0,0: Low
Ramanathapuram - Gundar Basin (Kamuthi),Estuary / Coastal,117.86,36.67,34.85,4.45,0.44,34.83,31.0,60.4,Commercial,2337.0,0.51,5,1,1: Moderate
Cuddalore - Manimuktha Basin (Virudhachalam),Riverine Plain,46.12,19.26,24.35,1.35,0.17,28.41,41.2,58.9,Agricultural_Mixed,4231.0,0.59,6,0,0: Low
Chennai - Adyar Basin (Nandambakkam),Coastal / Low Basin,19.24,3.4,4.56,0.06,-0.06,7.41,43.1,55.0,Urban_High_Density,17562.0,0.58,8,0,0: Low
Sivaganga - Vaigai/Gundar (Parthibanur),Valley Basin,27.5,6.55,25.91,0.41,-0.03,42.04,36.4,55.9,Urban_Commercial,11173.0,0.3,4,0,0: Low
Chennai - Velachery Lowland Basin,Coastal Lowland,19.68,2.97,3.27,0.07,0.0,3.32,51.3,61.1,Urban_High_Density,4698.0,0.44,12,0,0: Low
Chennai - Adyar Basin (Nandambakkam),Coastal / Low Basin,73.91,10.56,6.1,1.6,0.12,8.08,64.5,38.6,Urban_High_Density,7822.0,0.54,8,0,0: Low
Chennai - Velachery Lowland Basin,Coastal Lowland,306.33,64.68,8.98,5.78,1.67,3.53,66.1,31.6,Urban_High_Density,16935.0,0.51,12,3,3: Severe Inundation
Sivaganga - Vaigai/Gundar (Parthibanur),Valley Basin,75.99,12.9,26.87,1.37,0.28,42.09,50.9,47.9,Urban_Commercial,14674.0,0.39,4,0,0: Low
Chennai - Velachery Lowland Basin,Coastal Lowland,29.79,6.8,3.74,0.54,0.09,3.63,38.2,54.8,Urban_High_Density,10295.0,0.84,12,0,0: Low
Ramanathapuram - Gundar Basin (Kamuthi),Estuary / Coastal,43.66,9.65,32.26,1.86,0.2,34.93,49.1,42.2,Commercial,3048.0,0.39,5,0,0: Low
Kancheepuram - Palar Basin,Riverine Valley,67.27,9.32,17.75,1.25,0.19,23.85,51.1,45.7,Urban_Residential,4252.0,0.42,5,0,0: Low
Kancheepuram - Palar Basin,Riverine Valley,101.93,20.33,20.09,3.59,0.71,23.62,16.4,77.8,Urban_Residential,17711.0,0.32,5,1,1: Moderate
Cuddalore - Manimuktha Basin (Virudhachalam),Riverine Plain,9.81,7.81,23.58,0.58,0.02,28.32,38.7,57.9,Agricultural_Mixed,2209.0,0.35,6,0,0: Low
Cuddalore - Manimuktha Basin (Virudhachalam),Riverine Plain,19.9,5.06,23.7,0.7,0.06,28.13,68.3,34.1,Agricultural_Mixed,1666.0,0.65,6,0,0: Low
Chennai - Velachery Lowland Basin,Coastal Lowland,143.25,40.62,5.72,2.52,0.49,4.15,71.7,22.6,Urban_High_Density,10043.0,0.59,12,2,2: High
Chennai - Madipakkam Lake Buffer,Lake Catchment,16.78,5.53,2.76,0.26,0.1,3.28,86.4,23.6,Urban_Residential,15987.0,0.36,14,0,0: Low
Chennai - Adyar Basin (Nandambakkam),Coastal / Low Basin,84.43,6.36,6.46,1.96,0.34,7.39,92.2,18.5,Urban_High_Density,6596.0,0.73,8,0,0: Low
Kancheepuram - Palar Basin,Riverine Valley,68.97,14.19,18.26,1.76,0.18,23.94,38.7,60.0,Urban_Residential,6270.0,0.69,5,0,0: Low
Sivaganga - Vaigai/Gundar (Parthibanur),Valley Basin,6.5,7.13,25.79,0.29,-0.01,42.1,51.1,56.3,Urban_Commercial,10337.0,0.52,4,0,0: Low
Tiruvallur - Kosasthalaiyar Basin,Northern Plain,28.17,4.65,14.14,0.14,-0.05,18.38,59.6,37.7,Industrial,4382.0,0.46,7,0,0: Low
Cuddalore - Manimuktha Basin (Virudhachalam),Riverine Plain,84.53,14.3,23.94,0.94,0.12,28.36,59.0,41.3,Agricultural_Mixed,736.0,0.75,6,0,0: Low
Sivaganga - Vaigai/Gundar (Parthibanur),Valley Basin,250.01,65.35,33.3,7.8,1.73,41.85,80.9,22.4,Urban_Commercial,12342.0,0.89,4,2,2: High
Chennai - Velachery Lowland Basin,Coastal Lowland,182.02,84.04,7.79,4.59,1.32,3.62,65.4,41.3,Urban_High_Density,11733.0,0.65,12,3,3: Severe Inundation
Chennai - Adyar Basin (Nandambakkam),Coastal / Low Basin,108.47,32.13,6.72,2.22,0.71,7.47,83.7,14.1,Urban_High_Density,5736.0,0.6,8,1,1: Moderate
Kancheepuram - Palar Basin,Riverine Valley,15.22,7.92,17.01,0.51,-0.07,24.15,87.2,10.1,Urban_Residential,11168.0,1.0,5,0,0: Low
Chennai - Velachery Lowland Basin,Coastal Lowland,106.49,42.62,6.45,3.25,0.78,4.1,35.8,70.5,Urban_High_Density,5351.0,0.41,12,2,2: High
Chennai - Madipakkam Lake Buffer,Lake Catchment,48.85,12.17,3.95,1.45,0.14,3.31,62.4,46.5,Urban_Residential,15371.0,0.35,14,1,1: Moderate
Cuddalore - Manimuktha Basin (Virudhachalam),Riverine Plain,13.42,3.2,23.29,0.29,0.08,28.0,52.0,49.2,Agricultural_Mixed,1122.0,0.64,6,0,0: Low
Kancheepuram - Palar Basin,Riverine Valley,3.26,3.52,16.7,0.2,-0.02,24.48,65.0,37.0,Urban_Residential,4874.0,0.9,5,0,0: Low
Cuddalore - Manimuktha Basin (Virudhachalam),Riverine Plain,5.69,3.01,23.78,0.78,-0.03,27.5,90.2,13.5,Agricultural_Mixed,2189.0,0.97,6,0,0: Low
Sivaganga - Vaigai/Gundar (Parthibanur),Valley Basin,100.47,36.82,27.73,2.23,0.38,41.93,86.2,16.0,Urban_Commercial,12006.0,0.43,4,0,0: Low
Sivaganga - Vaigai/Gundar (Parthibanur),Valley Basin,73.17,6.97,26.88,1.38,0.2,42.0,47.4,54.9,Urban_Commercial,3660.0,0.34,4,0,0: Low
Chennai - Madipakkam Lake Buffer,Lake Catchment,45.68,14.72,4.14,1.64,0.35,3.38,89.8,10.0,Urban_Residential,17116.0,0.81,14,0,0: Low
Tiruvallur - Kosasthalaiyar Basin,Northern Plain,19.96,4.87,14.03,0.03,0.05,18.57,54.6,53.2,Industrial,684.0,0.36,7,0,0: Low
Ramanathapuram - Gundar Basin (Kamuthi),Estuary / Coastal,116.08,25.59,33.66,3.26,0.44,34.2,39.9,60.8,Commercial,843.0,0.34,5,0,0: Low
Ramanathapuram - Gundar Basin (Kamuthi),Estuary / Coastal,59.71,6.96,31.51,1.11,0.38,34.5,22.9,72.0,Commercial,4465.0,0.33,5,0,0: Low
Sivaganga - Vaigai/Gundar (Parthibanur),Valley Basin,18.37,4.38,26.03,0.53,0.01,41.6,27.5,71.7,Urban_Commercial,4708.0,0.85,4,0,0: Low
Sivaganga - Vaigai/Gundar (Parthibanur),Valley Basin,302.16,58.67,30.02,4.52,1.59,42.43,33.4,69.9,Urban_Commercial,2522.0,0.82,4,2,2: High
Chennai - Adyar Basin (Nandambakkam),Coastal / Low Basin,11.32,5.11,4.7,0.2,0.07,7.57,27.6,84.6,Urban_High_Density,3902.0,0.33,8,0,0: Low
Chennai - Madipakkam Lake Buffer,Lake Catchment,73.95,14.79,3.45,0.95,0.37,3.13,61.0,38.9,Urban_Residential,5590.0,0.97,14,1,1: Moderate
Chennai - Velachery Lowland Basin,Coastal Lowland,139.91,41.21,7.02,3.82,0.68,3.61,57.0,37.6,Urban_High_Density,16829.0,0.37,12,3,3: Severe Inundation
Ramanathapuram - Gundar Basin (Kamuthi),Estuary / Coastal,4.95,4.12,30.61,0.21,-0.02,35.19,71.0,37.0,Commercial,1653.0,0.63,5,0,0: Low
Chennai - Madipakkam Lake Buffer,Lake Catchment,13.44,6.34,2.88,0.38,-0.04,3.64,92.0,13.1,Urban_Residential,5207.0,0.58,14,0,0: Low
Chennai - Velachery Lowland Basin,Coastal Lowland,19.84,2.88,3.57,0.37,-0.02,3.81,70.8,32.7,Urban_High_Density,13384.0,0.87,12,0,0: Low
Chennai - Velachery Lowland Basin,Coastal Lowland,18.11,7.0,3.91,0.71,0.07,3.89,9.9,90.0,Urban_High_Density,12820.0,0.59,12,0,0: Low
Chennai - Velachery Lowland Basin,Coastal Lowland,32.31,16.08,4.39,1.19,0.11,3.7,80.8,24.2,Urban_High_Density,5946.0,0.66,12,0,0: Low
Cuddalore - Manimuktha Basin (Virudhachalam),Riverine Plain,33.79,10.86,24.53,1.53,0.17,27.87,58.4,50.1,Agricultural_Mixed,4338.0,0.74,6,0,0: Low
Ramanathapuram - Gundar Basin (Kamuthi),Estuary / Coastal,70.98,18.63,31.97,1.57,0.36,34.96,42.5,59.5,Commercial,3515.0,0.85,5,0,0: Low
Tiruvallur - Kosasthalaiyar Basin,Northern Plain,49.13,8.37,15.11,1.11,0.1,19.3,44.0,52.7,Industrial,1630.0,0.62,7,0,0: Low
Chennai - Adyar Basin (Nandambakkam),Coastal / Low Basin,23.99,5.38,4.77,0.27,0.06,7.42,59.9,39.3,Urban_High_Density,15350.0,0.86,8,0,0: Low
Chennai - Velachery Lowland Basin,Coastal Lowland,46.23,19.06,4.87,1.67,0.34,3.8,72.6,22.9,Urban_High_Density,14511.0,0.41,12,1,1: Moderate
Ramanathapuram - Gundar Basin (Kamuthi),Estuary / Coastal,313.28,76.01,36.77,6.37,1.47,34.83,34.6,56.9,Commercial,3918.0,0.58,5,3,3: Severe Inundation
Ramanathapuram - Gundar Basin (Kamuthi),Estuary / Coastal,178.6,75.01,36.92,6.52,1.39,34.79,37.8,60.8,Commercial,2998.0,0.4,5,2,2: High
Sivaganga - Vaigai/Gundar (Parthibanur),Valley Basin,79.71,14.77,27.68,2.18,0.11,41.72,89.2,13.2,Urban_Commercial,5346.0,0.93,4,0,0: Low
Ramanathapuram - Gundar Basin (Kamuthi),Estuary / Coastal,182.43,73.1,38.26,7.86,0.95,34.43,88.7,17.3,Commercial,2719.0,0.43,5,2,2: High
Chennai - Madipakkam Lake Buffer,Lake Catchment,29.7,4.36,3.0,0.5,-0.03,3.17,68.8,28.0,Urban_Residential,6991.0,0.87,14,0,0: Low
Sivaganga - Vaigai/Gundar (Parthibanur),Valley Basin,130.65,27.55,29.07,3.57,0.69,42.26,52.8,50.3,Urban_Commercial,2950.0,0.45,4,0,0: Low
Tiruvallur - Kosasthalaiyar Basin,Northern Plain,176.71,42.13,18.66,4.66,1.02,19.23,80.5,16.2,Industrial,3642.0,0.82,7,2,2: High
Kancheepuram - Palar Basin,Riverine Valley,157.68,41.87,19.84,3.34,0.55,24.06,51.2,48.9,Urban_Residential,17271.0,0.5,5,1,1: Moderate
Ramanathapuram - Gundar Basin (Kamuthi),Estuary / Coastal,20.89,7.39,30.8,0.4,-0.02,34.92,58.6,43.6,Commercial,1246.0,0.55,5,0,0: Low
Chennai - Velachery Lowland Basin,Coastal Lowland,159.14,19.35,6.67,3.47,0.46,3.66,80.4,29.8,Urban_High_Density,15607.0,0.63,12,2,2: High
Tiruvallur - Kosasthalaiyar Basin,Northern Plain,57.41,12.7,15.93,1.93,0.27,18.86,78.4,26.9,Industrial,2611.0,0.31,7,0,0: Low
Tiruvallur - Kosasthalaiyar Basin,Northern Plain,23.66,6.81,14.55,0.55,-0.01,19.15,75.7,23.2,Industrial,4493.0,0.93,7,0,0: Low
Kancheepuram - Palar Basin,Riverine Valley,28.68,7.14,16.69,0.19,-0.0,24.22,83.6,10.0,Urban_Residential,4028.0,0.65,5,0,0: Low
Cuddalore - Manimuktha Basin (Virudhachalam),Riverine Plain,18.6,4.58,23.29,0.29,0.01,27.88,78.4,18.9,Agricultural_Mixed,4222.0,0.61,6,0,0: Low
Cuddalore - Manimuktha Basin (Virudhachalam),Riverine Plain,6.99,4.19,23.19,0.19,0.08,27.8,49.0,49.8,Agricultural_Mixed,3825.0,0.81,6,0,0: Low
Tiruvallur - Kosasthalaiyar Basin,Northern Plain,15.57,2.83,14.16,0.16,-0.1,18.98,63.0,38.4,Industrial,714.0,0.89,7,0,0: Low
Chennai - Velachery Lowland Basin,Coastal Lowland,44.57,15.01,4.62,1.42,0.1,3.96,20.7,74.4,Urban_High_Density,17447.0,0.6,12,1,1: Moderate
Chennai - Madipakkam Lake Buffer,Lake Catchment,115.81,27.45,4.99,2.49,0.32,3.3,61.7,43.8,Urban_Residential,12521.0,0.72,14,2,2: High
Kancheepuram - Palar Basin,Riverine Valley,143.73,31.56,20.52,4.02,0.32,23.79,90.7,13.0,Urban_Residential,5663.0,0.41,5,1,1: Moderate
Kancheepuram - Palar Basin,Riverine Valley,49.22,15.01,17.89,1.39,0.34,24.55,95.0,10.0,Urban_Residential,12019.0,0.49,5,0,0: Low
Chennai - Madipakkam Lake Buffer,Lake Catchment,82.89,14.48,4.46,1.96,0.25,3.62,26.9,70.0,Urban_Residential,11360.0,0.66,14,1,1: Moderate
Chennai - Adyar Basin (Nandambakkam),Coastal / Low Basin,8.44,6.31,5.08,0.58,0.07,7.44,58.9,41.6,Urban_High_Density,13417.0,0.49,8,0,0: Low
Cuddalore - Manimuktha Basin (Virudhachalam),Riverine Plain,145.08,38.34,26.76,3.76,0.33,28.44,84.2,14.5,Agricultural_Mixed,1829.0,0.76,6,0,0: Low
Kancheepuram - Palar Basin,Riverine Valley,26.99,5.06,16.58,0.08,-0.04,24.03,83.9,21.6,Urban_Residential,12053.0,0.51,5,0,0: Low
Chennai - Madipakkam Lake Buffer,Lake Catchment,216.01,55.11,9.87,7.37,1.12,2.57,27.6,69.8,Urban_Residential,15426.0,0.38,14,3,3: Severe Inundation
Cuddalore - Manimuktha Basin (Virudhachalam),Riverine Plain,136.28,42.6,26.33,3.33,0.38,27.95,64.9,35.2,Agricultural_Mixed,2036.0,0.42,6,0,0: Low
Tiruvallur - Kosasthalaiyar Basin,Northern Plain,29.74,6.03,14.41,0.41,0.02,19.4,64.9,32.6,Industrial,1108.0,0.51,7,0,0: Low
Sivaganga - Vaigai/Gundar (Parthibanur),Valley Basin,192.47,46.47,32.19,6.69,1.32,41.51,26.5,76.9,Urban_Commercial,5445.0,0.97,4,2,2: High
Tiruvallur - Kosasthalaiyar Basin,Northern Plain,9.56,1.33,14.12,0.12,-0.03,18.82,78.2,18.0,Industrial,4286.0,0.89,7,0,0: Low
Sivaganga - Vaigai/Gundar (Parthibanur),Valley Basin,21.22,6.23,25.74,0.24,-0.0,42.03,79.5,24.7,Urban_Commercial,16217.0,0.34,4,0,0: Low
Kancheepuram - Palar Basin,Riverine Valley,15.67,3.28,16.52,0.02,0.06,23.95,93.6,10.0,Urban_Residential,5017.0,0.87,5,0,0: Low
Chennai - Velachery Lowland Basin,Coastal Lowland,32.21,10.96,5.02,1.82,0.17,3.81,92.2,11.7,Urban_High_Density,5955.0,0.89,12,0,0: Low
Chennai - Madipakkam Lake Buffer,Lake Catchment,230.44,83.19,9.69,7.19,1.52,3.49,72.2,34.6,Urban_Residential,8303.0,0.78,14,3,3: Severe Inundation
Chennai - Velachery Lowland Basin,Coastal Lowland,18.85,5.85,3.65,0.45,0.0,3.93,65.2,35.5,Urban_High_Density,17958.0,0.96,12,0,0: Low
Chennai - Madipakkam Lake Buffer,Lake Catchment,52.67,12.65,3.59,1.09,0.13,3.59,62.4,27.0,Urban_Residential,6172.0,0.4,14,1,1: Moderate
Ramanathapuram - Gundar Basin (Kamuthi),Estuary / Coastal,15.11,6.98,30.53,0.13,-0.05,35.42,54.5,46.1,Commercial,4218.0,0.41,5,0,0: Low
Kancheepuram - Palar Basin,Riverine Valley,123.47,21.23,19.71,3.21,0.68,23.35,66.9,36.0,Urban_Residential,3155.0,0.33,5,0,0: Low
Chennai - Madipakkam Lake Buffer,Lake Catchment,60.14,8.17,4.07,1.57,0.39,2.96,18.3,74.9,Urban_Residential,16775.0,0.65,14,1,1: Moderate
Chennai - Adyar Basin (Nandambakkam),Coastal / Low Basin,194.73,57.06,10.86,6.36,1.78,7.46,87.9,10.0,Urban_High_Density,15537.0,0.86,8,3,3: Severe Inundation
Chennai - Adyar Basin (Nandambakkam),Coastal / Low Basin,66.15,12.17,6.2,1.7,0.32,7.39,81.6,22.9,Urban_High_Density,13610.0,0.88,8,0,0: Low
Cuddalore - Manimuktha Basin (Virudhachalam),Riverine Plain,11.16,3.93,23.64,0.64,-0.0,28.02,93.4,10.0,Agricultural_Mixed,2294.0,0.4,6,0,0: Low
Kancheepuram - Palar Basin,Riverine Valley,319.27,56.28,21.54,5.04,1.11,24.34,95.0,10.0,Urban_Residential,15636.0,0.85,5,3,3: Severe Inundation
Chennai - Adyar Basin (Nandambakkam),Coastal / Low Basin,129.65,42.47,8.08,3.58,0.61,7.55,53.9,57.9,Urban_High_Density,10340.0,0.76,8,2,2: High
Cuddalore - Manimuktha Basin (Virudhachalam),Riverine Plain,25.99,5.6,23.69,0.69,-0.04,28.42,74.8,32.3,Agricultural_Mixed,1252.0,0.74,6,0,0: Low
Ramanathapuram - Gundar Basin (Kamuthi),Estuary / Coastal,48.32,12.64,32.07,1.67,0.35,35.38,85.0,10.0,Commercial,1747.0,0.69,5,0,0: Low
Kancheepuram - Palar Basin,Riverine Valley,5.93,3.47,16.54,0.04,0.02,23.87,90.7,11.2,Urban_Residential,12871.0,0.68,5,0,0: Low
Kancheepuram - Palar Basin,Riverine Valley,28.18,6.98,17.28,0.78,-0.09,23.49,61.2,39.0,Urban_Residential,16122.0,1.0,5,0,0: Low
Chennai - Adyar Basin (Nandambakkam),Coastal / Low Basin,12.82,3.72,5.09,0.59,-0.03,7.63,82.1,31.0,Urban_High_Density,12551.0,0.65,8,0,0: Low
Tiruvallur - Kosasthalaiyar Basin,Northern Plain,63.76,13.44,15.04,1.04,0.2,19.29,75.9,12.3,Industrial,1274.0,0.54,7,0,0: Low
Sivaganga - Vaigai/Gundar (Parthibanur),Valley Basin,12.96,4.06,26.04,0.54,-0.01,42.17,35.0,64.0,Urban_Commercial,3814.0,0.92,4,0,0: Low
Ramanathapuram - Gundar Basin (Kamuthi),Estuary / Coastal,121.89,24.51,33.24,2.84,0.74,35.03,75.6,23.9,Commercial,2690.0,0.34,5,0,0: Low
Chennai - Velachery Lowland Basin,Coastal Lowland,9.93,1.61,3.96,0.76,0.07,3.46,58.2,43.3,Urban_High_Density,7011.0,0.65,12,0,0: Low
Ramanathapuram - Gundar Basin (Kamuthi),Estuary / Coastal,256.02,46.63,34.92,4.52,1.65,34.41,72.0,24.5,Commercial,3562.0,0.57,5,2,2: High
Chennai - Velachery Lowland Basin,Coastal Lowland,319.78,63.02,10.58,7.38,0.85,3.54,69.8,29.2,Urban_High_Density,5642.0,0.96,12,3,3: Severe Inundation
Cuddalore - Manimuktha Basin (Virudhachalam),Riverine Plain,280.88,56.57,30.32,7.32,0.93,27.74,69.6,34.5,Agricultural_Mixed,1482.0,0.68,6,3,3: Severe Inundation
Chennai - Madipakkam Lake Buffer,Lake Catchment,63.64,19.02,4.33,1.83,0.32,3.11,44.9,55.7,Urban_Residential,7074.0,0.75,14,1,1: Moderate
Chennai - Velachery Lowland Basin,Coastal Lowland,206.59,49.75,9.39,6.19,1.12,3.77,37.8,63.3,Urban_High_Density,9847.0,0.84,12,3,3: Severe Inundation
Cuddalore - Manimuktha Basin (Virudhachalam),Riverine Plain,80.84,15.33,24.4,1.4,0.11,28.16,90.5,10.0,Agricultural_Mixed,3220.0,0.39,6,0,0: Low
Chennai - Madipakkam Lake Buffer,Lake Catchment,16.21,1.66,2.97,0.47,-0.04,3.34,38.5,61.0,Urban_Residential,11678.0,0.72,14,0,0: Low
Ramanathapuram - Gundar Basin (Kamuthi),Estuary / Coastal,44.74,18.21,31.43,1.03,0.18,34.83,78.6,24.5,Commercial,869.0,0.89,5,0,0: Low
Chennai - Adyar Basin (Nandambakkam),Coastal / Low Basin,118.89,27.45,8.25,3.75,0.87,7.55,75.7,22.8,Urban_High_Density,10375.0,0.35,8,2,2: High
Tiruvallur - Kosasthalaiyar Basin,Northern Plain,14.46,7.47,14.53,0.53,0.05,19.44,61.6,36.7,Industrial,1230.0,0.85,7,0,0: Low
Chennai - Velachery Lowland Basin,Coastal Lowland,9.98,1.34,3.57,0.37,0.05,4.0,42.8,54.1,Urban_High_Density,3928.0,0.73,12,0,0: Low
Sivaganga - Vaigai/Gundar (Parthibanur),Valley Basin,4.59,5.18,25.94,0.44,0.02,41.79,86.7,16.6,Urban_Commercial,2878.0,0.91,4,0,0: Low
Tiruvallur - Kosasthalaiyar Basin,Northern Plain,49.81,16.05,14.83,0.83,0.22,19.31,79.3,21.5,Industrial,2200.0,0.48,7,0,0: Low
Cuddalore - Manimuktha Basin (Virudhachalam),Riverine Plain,99.91,37.42,26.36,3.36,0.84,28.0,45.0,60.6,Agricultural_Mixed,2287.0,0.98,6,0,0: Low
Cuddalore - Manimuktha Basin (Virudhachalam),Riverine Plain,10.16,7.5,23.75,0.75,-0.04,28.1,69.3,21.3,Agricultural_Mixed,1144.0,0.34,6,0,0: Low
Chennai - Adyar Basin (Nandambakkam),Coastal / Low Basin,29.34,7.76,5.16,0.66,-0.05,6.92,87.0,10.0,Urban_High_Density,13215.0,0.86,8,0,0: Low
Sivaganga - Vaigai/Gundar (Parthibanur),Valley Basin,9.43,3.2,26.14,0.64,-0.06,41.6,89.6,12.4,Urban_Commercial,5909.0,0.8,4,0,0: Low
Kancheepuram - Palar Basin,Riverine Valley,21.05,1.8,16.7,0.2,-0.04,24.21,63.8,40.0,Urban_Residential,13024.0,0.47,5,0,0: Low
Cuddalore - Manimuktha Basin (Virudhachalam),Riverine Plain,56.87,16.55,24.07,1.07,0.18,28.06,95.0,10.0,Agricultural_Mixed,3443.0,0.41,6,0,0: Low
Ramanathapuram - Gundar Basin (Kamuthi),Estuary / Coastal,31.86,9.28,31.24,0.84,0.24,35.05,52.1,52.0,Commercial,1268.0,0.58,5,0,0: Low
Sivaganga - Vaigai/Gundar (Parthibanur),Valley Basin,22.1,7.45,25.63,0.13,-0.01,41.77,82.9,14.1,Urban_Commercial,7048.0,0.73,4,0,0: Low
Kancheepuram - Palar Basin,Riverine Valley,287.15,69.23,22.0,5.5,1.5,23.09,28.8,75.7,Urban_Residential,7525.0,0.63,5,3,3: Severe Inundation
Chennai - Adyar Basin (Nandambakkam),Coastal / Low Basin,264.05,49.54,9.58,5.08,1.17,8.01,79.3,16.0,Urban_High_Density,7292.0,0.58,8,3,3: Severe Inundation
Chennai - Adyar Basin (Nandambakkam),Coastal / Low Basin,62.09,14.83,6.48,1.98,0.37,6.78,70.6,30.2,Urban_High_Density,14223.0,0.48,8,1,1: Moderate
Chennai - Madipakkam Lake Buffer,Lake Catchment,134.89,34.98,5.14,2.64,0.51,3.58,39.3,55.7,Urban_Residential,15867.0,0.87,14,2,2: High
Cuddalore - Manimuktha Basin (Virudhachalam),Riverine Plain,127.23,33.62,26.2,3.2,0.52,28.75,83.9,10.0,Agricultural_Mixed,2904.0,0.55,6,0,0: Low
Tiruvallur - Kosasthalaiyar Basin,Northern Plain,286.06,77.9,21.51,7.51,1.72,18.93,84.0,10.0,Industrial,2091.0,0.73,7,3,3: Severe Inundation
Ramanathapuram - Gundar Basin (Kamuthi),Estuary / Coastal,130.08,44.3,34.52,4.12,0.59,34.59,31.1,70.5,Commercial,4266.0,0.48,5,0,0: Low
Kancheepuram - Palar Basin,Riverine Valley,46.06,9.02,18.3,1.8,0.31,24.5,45.5,53.6,Urban_Residential,7900.0,0.31,5,0,0: Low
Cuddalore - Manimuktha Basin (Virudhachalam),Riverine Plain,31.25,18.18,24.65,1.65,0.19,27.73,31.9,67.8,Agricultural_Mixed,687.0,0.39,6,0,0: Low
Sivaganga - Vaigai/Gundar (Parthibanur),Valley Basin,105.56,31.58,28.11,2.61,0.33,41.83,51.9,48.3,Urban_Commercial,7451.0,0.5,4,0,0: Low
Tiruvallur - Kosasthalaiyar Basin,Northern Plain,73.86,14.51,15.87,1.87,0.23,19.19,45.6,64.1,Industrial,4225.0,0.36,7,0,0: Low
Cuddalore - Manimuktha Basin (Virudhachalam),Riverine Plain,65.5,8.5,24.17,1.17,0.14,27.98,75.1,26.0,Agricultural_Mixed,2239.0,0.74,6,0,0: Low
Cuddalore - Manimuktha Basin (Virudhachalam),Riverine Plain,54.61,14.0,23.99,0.99,0.24,28.18,62.0,43.5,Agricultural_Mixed,2961.0,0.79,6,0,0: Low
Cuddalore - Manimuktha Basin (Virudhachalam),Riverine Plain,196.87,60.47,30.53,7.53,1.35,27.77,73.7,25.9,Agricultural_Mixed,2450.0,0.7,6,3,3: Severe Inundation
Chennai - Madipakkam Lake Buffer,Lake Catchment,93.66,19.35,4.77,2.27,0.39,3.48,87.3,16.9,Urban_Residential,16787.0,0.96,14,1,1: Moderate
Chennai - Madipakkam Lake Buffer,Lake Catchment,136.62,42.67,6.34,3.84,0.87,2.91,65.2,40.7,Urban_Residential,8894.0,0.38,14,3,3: Severe Inundation
Chennai - Velachery Lowland Basin,Coastal Lowland,66.39,6.02,4.12,0.92,0.11,3.18,79.6,22.2,Urban_High_Density,12463.0,0.97,12,0,0: Low
Ramanathapuram - Gundar Basin (Kamuthi),Estuary / Coastal,16.56,7.82,30.82,0.42,-0.03,35.11,48.9,54.8,Commercial,1537.0,0.55,5,0,0: Low
Tiruvallur - Kosasthalaiyar Basin,Northern Plain,28.09,2.38,14.6,0.6,0.03,19.25,84.7,11.6,Industrial,833.0,0.46,7,0,0: Low
Ramanathapuram - Gundar Basin (Kamuthi),Estuary / Coastal,299.18,63.45,37.4,7.0,1.36,35.12,49.1,55.5,Commercial,2079.0,0.56,5,3,3: Severe Inundation
Ramanathapuram - Gundar Basin (Kamuthi),Estuary / Coastal,95.09,26.26,34.0,3.6,0.55,35.96,33.1,66.0,Commercial,1555.0,0.82,5,0,0: Low
Cuddalore - Manimuktha Basin (Virudhachalam),Riverine Plain,20.26,2.64,23.21,0.21,0.07,28.34,63.2,33.7,Agricultural_Mixed,1544.0,0.95,6,0,0: Low
Chennai - Adyar Basin (Nandambakkam),Coastal / Low Basin,22.56,3.11,5.05,0.55,-0.01,7.69,56.4,36.8,Urban_High_Density,9621.0,0.78,8,0,0: Low
Ramanathapuram - Gundar Basin (Kamuthi),Estuary / Coastal,28.15,7.69,30.87,0.47,-0.09,35.48,82.7,14.9,Commercial,1362.0,0.97,5,0,0: Low
Kancheepuram - Palar Basin,Riverine Valley,80.43,9.47,18.61,2.11,0.22,24.13,67.5,32.2,Urban_Residential,9463.0,0.74,5,0,0: Low
Chennai - Madipakkam Lake Buffer,Lake Catchment,167.98,42.83,9.45,6.95,1.69,3.53,62.3,21.7,Urban_Residential,11460.0,0.54,14,3,3: Severe Inundation
Sivaganga - Vaigai/Gundar (Parthibanur),Valley Basin,137.57,25.11,29.05,3.55,0.39,42.08,62.0,40.2,Urban_Commercial,15986.0,0.39,4,0,0: Low
Ramanathapuram - Gundar Basin (Kamuthi),Estuary / Coastal,7.08,4.43,31.16,0.76,-0.03,34.91,57.5,49.7,Commercial,3338.0,0.3,5,0,0: Low
Tiruvallur - Kosasthalaiyar Basin,Northern Plain,6.75,2.92,14.77,0.77,0.08,18.9,78.9,22.4,Industrial,2936.0,0.83,7,0,0: Low
Kancheepuram - Palar Basin,Riverine Valley,109.2,19.07,19.67,3.17,0.88,24.7,79.4,24.5,Urban_Residential,11391.0,0.76,5,0,0: Low
Sivaganga - Vaigai/Gundar (Parthibanur),Valley Basin,9.2,6.89,26.03,0.53,-0.01,41.9,59.6,44.6,Urban_Commercial,4442.0,0.79,4,0,0: Low
Cuddalore - Manimuktha Basin (Virudhachalam),Riverine Plain,37.85,11.5,24.59,1.59,0.12,28.12,53.6,43.8,Agricultural_Mixed,1754.0,0.63,6,0,0: Low
Cuddalore - Manimuktha Basin (Virudhachalam),Riverine Plain,44.11,16.81,24.51,1.51,0.13,28.32,13.7,84.3,Agricultural_Mixed,3938.0,0.8,6,0,0: Low
Ramanathapuram - Gundar Basin (Kamuthi),Estuary / Coastal,84.2,9.65,31.57,1.17,0.14,35.32,74.7,22.0,Commercial,4014.0,0.91,5,0,0: Low
Cuddalore - Manimuktha Basin (Virudhachalam),Riverine Plain,262.4,49.08,27.82,4.82,1.71,27.96,69.9,35.3,Agricultural_Mixed,2561.0,0.47,6,2,2: High
Tiruvallur - Kosasthalaiyar Basin,Northern Plain,121.0,34.2,17.7,3.7,0.34,18.94,50.4,48.1,Industrial,1686.0,0.9,7,1,1: Moderate
Chennai - Madipakkam Lake Buffer,Lake Catchment,25.29,3.28,2.83,0.33,0.06,2.94,25.3,77.4,Urban_Residential,14976.0,0.41,14,0,0: Low
Tiruvallur - Kosasthalaiyar Basin,Northern Plain,42.19,7.9,15.13,1.13,0.36,18.91,36.4,59.4,Industrial,1053.0,0.52,7,0,0: Low
Chennai - Madipakkam Lake Buffer,Lake Catchment,5.23,7.13,2.51,0.01,0.04,3.31,39.2,71.1,Urban_Residential,17565.0,0.96,14,0,0: Low
Ramanathapuram - Gundar Basin (Kamuthi),Estuary / Coastal,57.31,16.61,32.13,1.73,0.25,35.17,81.7,19.3,Commercial,3672.0,0.55,5,0,0: Low
Sivaganga - Vaigai/Gundar (Parthibanur),Valley Basin,64.1,12.82,26.31,0.81,0.18,42.09,34.1,62.4,Urban_Commercial,16968.0,0.97,4,0,0: Low
Chennai - Velachery Lowland Basin,Coastal Lowland,5.7,7.24,3.92,0.72,-0.01,3.78,67.8,34.0,Urban_High_Density,10969.0,0.99,12,0,0: Low
Cuddalore - Manimuktha Basin (Virudhachalam),Riverine Plain,71.04,9.14,24.27,1.27,0.22,28.33,74.4,24.7,Agricultural_Mixed,1163.0,0.66,6,0,0: Low
Sivaganga - Vaigai/Gundar (Parthibanur),Valley Basin,25.79,3.34,25.65,0.15,-0.01,42.07,27.1,77.9,Urban_Commercial,3117.0,0.98,4,0,0: Low
Chennai - Velachery Lowland Basin,Coastal Lowland,35.79,15.53,4.01,0.81,0.1,3.84,59.5,34.5,Urban_High_Density,16833.0,0.62,12,0,0: Low
Chennai - Adyar Basin (Nandambakkam),Coastal / Low Basin,14.16,4.41,4.74,0.24,-0.08,7.73,60.3,38.2,Urban_High_Density,7288.0,0.66,8,0,0: Low
Chennai - Velachery Lowland Basin,Coastal Lowland,248.5,75.44,10.93,7.73,0.96,3.28,95.0,10.0,Urban_High_Density,6547.0,0.66,12,3,3: Severe Inundation
Sivaganga - Vaigai/Gundar (Parthibanur),Valley Basin,14.62,6.9,25.57,0.07,0.02,41.84,78.4,10.0,Urban_Commercial,13708.0,0.65,4,0,0: Low
Sivaganga - Vaigai/Gundar (Parthibanur),Valley Basin,42.26,6.89,27.63,2.13,0.18,42.32,41.3,60.1,Urban_Commercial,9292.0,0.34,4,0,0: Low
Tiruvallur - Kosasthalaiyar Basin,Northern Plain,14.34,3.1,14.25,0.25,0.06,19.06,89.5,10.0,Industrial,3810.0,0.96,7,0,0: Low
Chennai - Velachery Lowland Basin,Coastal Lowland,269.28,78.59,10.82,7.62,0.89,3.78,71.7,33.8,Urban_High_Density,8286.0,0.58,12,3,3: Severe Inundation
Chennai - Adyar Basin (Nandambakkam),Coastal / Low Basin,107.59,30.49,7.2,2.7,0.76,7.35,53.8,46.0,Urban_High_Density,13846.0,0.72,8,2,2: High
Sivaganga - Vaigai/Gundar (Parthibanur),Valley Basin,70.2,16.67,27.12,1.62,0.21,42.11,51.1,47.4,Urban_Commercial,5180.0,0.77,4,0,0: Low
Kancheepuram - Palar Basin,Riverine Valley,156.75,22.43,18.99,2.49,0.58,23.76,61.8,41.7,Urban_Residential,15176.0,0.33,5,0,0: Low
Tiruvallur - Kosasthalaiyar Basin,Northern Plain,82.59,19.44,14.87,0.87,0.15,19.31,65.8,36.2,Industrial,1469.0,0.32,7,0,0: Low
Cuddalore - Manimuktha Basin (Virudhachalam),Riverine Plain,26.52,3.76,23.25,0.25,0.0,28.07,38.9,54.8,Agricultural_Mixed,825.0,0.47,6,0,0: Low
Sivaganga - Vaigai/Gundar (Parthibanur),Valley Basin,27.62,1.68,25.89,0.39,0.04,41.92,37.9,57.8,Urban_Commercial,2757.0,0.71,4,0,0: Low
Kancheepuram - Palar Basin,Riverine Valley,253.24,79.06,21.68,5.18,1.61,23.89,78.2,19.6,Urban_Residential,4463.0,0.62,5,3,3: Severe Inundation
Cuddalore - Manimuktha Basin (Virudhachalam),Riverine Plain,124.5,43.5,26.56,3.56,0.61,28.38,30.4,75.2,Agricultural_Mixed,2541.0,0.49,6,1,1: Moderate
Chennai - Adyar Basin (Nandambakkam),Coastal / Low Basin,137.99,41.77,7.68,3.18,0.34,7.56,77.0,19.5,Urban_High_Density,17389.0,0.3,8,2,2: High
Chennai - Madipakkam Lake Buffer,Lake Catchment,248.88,50.75,10.19,7.69,1.72,3.24,44.7,60.4,Urban_Residential,15008.0,0.75,14,3,3: Severe Inundation
Chennai - Madipakkam Lake Buffer,Lake Catchment,9.35,6.07,3.14,0.64,-0.08,3.64,41.6,65.0,Urban_Residential,6841.0,0.86,14,0,0: Low
Ramanathapuram - Gundar Basin (Kamuthi),Estuary / Coastal,36.79,17.79,32.38,1.98,0.19,34.75,79.1,28.7,Commercial,4119.0,0.56,5,0,0: Low
Tiruvallur - Kosasthalaiyar Basin,Northern Plain,17.89,3.15,14.71,0.71,0.01,18.52,63.5,47.4,Industrial,946.0,0.44,7,0,0: Low
Tiruvallur - Kosasthalaiyar Basin,Northern Plain,23.79,2.8,14.1,0.1,-0.06,19.3,44.4,54.2,Industrial,4300.0,0.66,7,0,0: Low
Chennai - Madipakkam Lake Buffer,Lake Catchment,10.82,4.91,2.98,0.48,-0.01,3.4,81.8,23.8,Urban_Residential,16944.0,0.87,14,0,0: Low
Ramanathapuram - Gundar Basin (Kamuthi),Estuary / Coastal,17.54,1.69,31.17,0.77,0.1,34.93,11.4,85.9,Commercial,4468.0,0.34,5,0,0: Low
Kancheepuram - Palar Basin,Riverine Valley,106.75,24.0,20.99,4.49,0.76,23.96,65.5,38.1,Urban_Residential,9962.0,0.78,5,0,0: Low
Cuddalore - Manimuktha Basin (Virudhachalam),Riverine Plain,268.74,80.2,28.17,5.17,1.1,27.91,86.5,14.0,Agricultural_Mixed,2556.0,0.3,6,3,3: Severe Inundation
Chennai - Adyar Basin (Nandambakkam),Coastal / Low Basin,9.67,5.37,4.62,0.12,0.04,7.69,89.9,14.7,Urban_High_Density,15815.0,0.56,8,0,0: Low
Cuddalore - Manimuktha Basin (Virudhachalam),Riverine Plain,41.44,14.58,24.2,1.2,0.14,27.95,69.1,31.6,Agricultural_Mixed,1498.0,0.76,6,0,0: Low
Chennai - Adyar Basin (Nandambakkam),Coastal / Low Basin,29.59,6.79,5.11,0.61,0.04,7.58,91.8,15.4,Urban_High_Density,6276.0,0.94,8,0,0: Low
Chennai - Velachery Lowland Basin,Coastal Lowland,56.49,16.8,4.53,1.33,0.31,3.53,86.3,15.7,Urban_High_Density,11765.0,0.73,12,0,0: Low
Sivaganga - Vaigai/Gundar (Parthibanur),Valley Basin,86.26,21.97,29.99,4.49,0.74,41.68,21.2,78.3,Urban_Commercial,3614.0,0.75,4,0,0: Low
Chennai - Adyar Basin (Nandambakkam),Coastal / Low Basin,229.24,56.69,12.17,7.67,0.92,7.52,37.7,59.4,Urban_High_Density,9598.0,0.46,8,3,3: Severe Inundation
Chennai - Adyar Basin (Nandambakkam),Coastal / Low Basin,67.93,18.25,6.54,2.04,0.38,8.0,83.2,27.6,Urban_High_Density,11378.0,0.31,8,0,0: Low
Tiruvallur - Kosasthalaiyar Basin,Northern Plain,82.93,18.62,15.92,1.92,0.12,19.49,79.1,19.4,Industrial,2864.0,0.34,7,0,0: Low
Chennai - Velachery Lowland Basin,Coastal Lowland,49.26,12.27,5.14,1.94,0.38,3.77,30.4,68.5,Urban_High_Density,9427.0,0.56,12,1,1: Moderate
Tiruvallur - Kosasthalaiyar Basin,Northern Plain,71.61,18.99,15.49,1.49,0.35,18.74,26.2,79.6,Industrial,2166.0,0.45,7,0,0: Low
Tiruvallur - Kosasthalaiyar Basin,Northern Plain,19.0,2.02,14.04,0.04,-0.09,18.92,73.2,31.5,Industrial,957.0,0.65,7,0,0: Low
Tiruvallur - Kosasthalaiyar Basin,Northern Plain,29.25,7.84,14.2,0.2,-0.07,17.94,51.6,49.3,Industrial,4237.0,0.7,7,0,0: Low
Cuddalore - Manimuktha Basin (Virudhachalam),Riverine Plain,46.17,17.94,24.44,1.44,0.27,27.78,76.1,24.8,Agricultural_Mixed,1413.0,0.31,6,0,0: Low
Ramanathapuram - Gundar Basin (Kamuthi),Estuary / Coastal,87.84,35.46,34.78,4.38,0.4,35.49,88.5,20.0,Commercial,3503.0,0.36,5,0,0: Low
Chennai - Velachery Lowland Basin,Coastal Lowland,88.71,23.43,6.07,2.87,0.66,3.67,41.7,48.4,Urban_High_Density,8015.0,0.66,12,2,2: High
Cuddalore - Manimuktha Basin (Virudhachalam),Riverine Plain,9.43,4.78,23.36,0.36,-0.06,27.98,35.2,60.6,Agricultural_Mixed,2469.0,0.81,6,0,0: Low
Chennai - Velachery Lowland Basin,Coastal Lowland,11.18,7.21,3.27,0.07,0.09,3.38,59.3,39.0,Urban_High_Density,6405.0,0.88,12,0,0: Low
Cuddalore - Manimuktha Basin (Virudhachalam),Riverine Plain,20.92,1.68,23.29,0.29,-0.04,28.02,52.5,42.4,Agricultural_Mixed,2579.0,0.66,6,0,0: Low
Sivaganga - Vaigai/Gundar (Parthibanur),Valley Basin,95.13,42.77,29.23,3.73,0.55,41.72,87.5,16.2,Urban_Commercial,10619.0,0.56,4,0,0: Low
Ramanathapuram - Gundar Basin (Kamuthi),Estuary / Coastal,22.61,4.92,30.75,0.35,0.09,35.09,66.1,35.2,Commercial,4477.0,0.36,5,0,0: Low
Chennai - Madipakkam Lake Buffer,Lake Catchment,11.45,3.02,2.98,0.48,0.1,2.99,49.1,48.9,Urban_Residential,11069.0,0.93,14,0,0: Low
Tiruvallur - Kosasthalaiyar Basin,Northern Plain,308.23,60.77,20.54,6.54,1.03,18.79,41.4,53.9,Industrial,1484.0,0.4,7,3,3: Severe Inundation
Cuddalore - Manimuktha Basin (Virudhachalam),Riverine Plain,4.11,4.75,23.63,0.63,0.01,27.5,70.4,23.6,Agricultural_Mixed,775.0,0.74,6,0,0: Low
Chennai - Velachery Lowland Basin,Coastal Lowland,69.85,10.99,4.3,1.1,0.16,3.53,27.5,64.2,Urban_High_Density,15336.0,0.88,12,1,1: Moderate
Tiruvallur - Kosasthalaiyar Basin,Northern Plain,195.69,79.97,20.38,6.38,1.39,18.74,57.8,44.2,Industrial,2230.0,0.56,7,3,3: Severe Inundation
Sivaganga - Vaigai/Gundar (Parthibanur),Valley Basin,116.56,39.6,29.55,4.05,0.34,41.75,18.8,75.7,Urban_Commercial,2941.0,0.59,4,0,0: Low
Chennai - Adyar Basin (Nandambakkam),Coastal / Low Basin,16.34,5.02,4.62,0.12,0.05,7.71,68.0,29.0,Urban_High_Density,8017.0,0.57,8,0,0: Low
Sivaganga - Vaigai/Gundar (Parthibanur),Valley Basin,16.07,7.28,26.14,0.64,-0.09,41.72,70.0,24.3,Urban_Commercial,10043.0,0.41,4,0,0: Low
Cuddalore - Manimuktha Basin (Virudhachalam),Riverine Plain,24.0,4.29,23.36,0.36,-0.1,27.99,44.8,45.8,Agricultural_Mixed,1767.0,0.43,6,0,0: Low
Tiruvallur - Kosasthalaiyar Basin,Northern Plain,116.59,29.98,17.46,3.46,0.66,18.81,66.7,29.0,Industrial,2876.0,0.84,7,1,1: Moderate
Cuddalore - Manimuktha Basin (Virudhachalam),Riverine Plain,134.0,20.81,25.89,2.89,0.6,27.7,68.7,37.5,Agricultural_Mixed,615.0,0.74,6,0,0: Low
Kancheepuram - Palar Basin,Riverine Valley,9.04,7.6,16.89,0.39,0.07,23.75,64.3,34.9,Urban_Residential,13092.0,0.41,5,0,0: Low
Chennai - Adyar Basin (Nandambakkam),Coastal / Low Basin,88.55,44.65,8.3,3.8,0.49,7.4,89.8,10.0,Urban_High_Density,4344.0,0.61,8,2,2: High
Chennai - Velachery Lowland Basin,Coastal Lowland,158.81,44.17,7.5,4.3,0.56,3.4,23.8,64.2,Urban_High_Density,15380.0,0.56,12,3,3: Severe Inundation
Ramanathapuram - Gundar Basin (Kamuthi),Estuary / Coastal,81.5,12.23,31.58,1.18,0.14,35.28,59.6,45.7,Commercial,2628.0,0.75,5,0,0: Low
Cuddalore - Manimuktha Basin (Virudhachalam),Riverine Plain,126.66,25.62,27.34,4.34,0.44,27.89,52.3,44.8,Agricultural_Mixed,3519.0,0.85,6,1,1: Moderate
Chennai - Adyar Basin (Nandambakkam),Coastal / Low Basin,11.11,5.97,4.69,0.19,-0.06,7.7,73.0,21.6,Urban_High_Density,13082.0,1.0,8,0,0: Low
Ramanathapuram - Gundar Basin (Kamuthi),Estuary / Coastal,10.58,5.72,31.1,0.7,-0.08,35.26,83.1,10.0,Commercial,3929.0,0.68,5,0,0: Low
Chennai - Adyar Basin (Nandambakkam),Coastal / Low Basin,223.72,76.53,9.98,5.48,0.81,7.29,48.3,38.8,Urban_High_Density,14384.0,0.66,8,3,3: Severe Inundation
Ramanathapuram - Gundar Basin (Kamuthi),Estuary / Coastal,2.2,6.37,30.54,0.14,-0.09,34.99,62.4,46.7,Commercial,3286.0,0.83,5,0,0: Low
Kancheepuram - Palar Basin,Riverine Valley,60.12,12.71,18.69,2.19,0.2,24.05,51.5,48.8,Urban_Residential,13702.0,0.96,5,0,0: Low
Chennai - Madipakkam Lake Buffer,Lake Catchment,84.49,6.96,4.28,1.78,0.21,2.66,43.8,54.9,Urban_Residential,17564.0,0.7,14,1,1: Moderate
Chennai - Velachery Lowland Basin,Coastal Lowland,118.36,35.94,7.2,4.0,0.31,3.87,64.2,30.3,Urban_High_Density,16705.0,0.38,12,2,2: High
Ramanathapuram - Gundar Basin (Kamuthi),Estuary / Coastal,111.86,43.83,34.89,4.49,0.49,34.63,26.0,72.0,Commercial,894.0,0.74,5,1,1: Moderate
Chennai - Madipakkam Lake Buffer,Lake Catchment,19.4,5.14,2.53,0.03,-0.01,3.68,81.5,10.0,Urban_Residential,16316.0,0.95,14,0,0: Low
Ramanathapuram - Gundar Basin (Kamuthi),Estuary / Coastal,77.78,17.76,31.64,1.24,0.15,34.27,78.2,20.8,Commercial,2921.0,0.61,5,0,0: Low
Chennai - Velachery Lowland Basin,Coastal Lowland,15.89,2.39,3.66,0.46,-0.02,3.72,28.9,72.3,Urban_High_Density,6738.0,0.85,12,0,0: Low
Cuddalore - Manimuktha Basin (Virudhachalam),Riverine Plain,159.12,28.09,26.36,3.36,0.57,28.09,61.4,42.2,Agricultural_Mixed,2799.0,0.35,6,0,0: Low
Chennai - Adyar Basin (Nandambakkam),Coastal / Low Basin,9.43,4.54,5.22,0.72,0.02,7.64,49.9,49.5,Urban_High_Density,10637.0,0.69,8,0,0: Low
Chennai - Madipakkam Lake Buffer,Lake Catchment,22.11,3.02,2.81,0.31,0.08,2.98,82.0,20.8,Urban_Residential,4294.0,0.47,14,0,0: Low
Tiruvallur - Kosasthalaiyar Basin,Northern Plain,4.73,2.93,14.8,0.8,-0.02,19.04,31.9,64.4,Industrial,767.0,0.92,7,0,0: Low
Chennai - Velachery Lowland Basin,Coastal Lowland,64.59,16.43,4.19,0.99,0.15,3.8,55.8,40.2,Urban_High_Density,6423.0,0.84,12,1,1: Moderate
Cuddalore - Manimuktha Basin (Virudhachalam),Riverine Plain,120.63,34.52,25.32,2.32,0.83,28.23,81.1,13.8,Agricultural_Mixed,1615.0,0.3,6,0,0: Low
Chennai - Velachery Lowland Basin,Coastal Lowland,29.62,6.33,3.2,0.0,-0.06,3.5,62.7,37.7,Urban_High_Density,6067.0,0.75,12,0,0: Low
Cuddalore - Manimuktha Basin (Virudhachalam),Riverine Plain,55.26,16.65,24.09,1.09,0.23,27.96,30.3,65.9,Agricultural_Mixed,2345.0,0.45,6,0,0: Low
Kancheepuram - Palar Basin,Riverine Valley,226.03,48.96,24.31,7.81,1.19,24.3,57.3,44.5,Urban_Residential,12843.0,0.58,5,3,3: Severe Inundation
Kancheepuram - Palar Basin,Riverine Valley,11.62,4.86,16.54,0.04,0.06,24.3,33.7,67.5,Urban_Residential,14568.0,0.91,5,0,0: Low
Chennai - Madipakkam Lake Buffer,Lake Catchment,170.3,41.29,7.61,5.11,1.73,2.8,48.5,55.5,Urban_Residential,16221.0,0.63,14,3,3: Severe Inundation
Chennai - Adyar Basin (Nandambakkam),Coastal / Low Basin,3.11,1.91,4.97,0.47,0.01,7.81,62.9,36.4,Urban_High_Density,11260.0,0.76,8,0,0: Low
Kancheepuram - Palar Basin,Riverine Valley,3.6,3.64,16.79,0.29,0.03,24.09,38.1,39.6,Urban_Residential,17998.0,0.38,5,0,0: Low
Ramanathapuram - Gundar Basin (Kamuthi),Estuary / Coastal,253.06,44.65,36.91,6.51,1.4,35.01,44.1,53.5,Commercial,3312.0,0.97,5,2,2: High
Chennai - Madipakkam Lake Buffer,Lake Catchment,9.87,2.65,3.04,0.54,0.08,3.4,58.3,38.6,Urban_Residential,8338.0,1.0,14,0,0: Low
Ramanathapuram - Gundar Basin (Kamuthi),Estuary / Coastal,36.01,19.35,31.61,1.21,0.19,34.76,88.4,16.6,Commercial,1734.0,0.61,5,0,0: Low
Chennai - Velachery Lowland Basin,Coastal Lowland,17.52,3.12,3.7,0.5,0.1,3.74,89.2,10.6,Urban_High_Density,14294.0,0.56,12,0,0: Low
Cuddalore - Manimuktha Basin (Virudhachalam),Riverine Plain,4.9,2.23,23.68,0.68,0.04,28.05,62.4,36.1,Agricultural_Mixed,957.0,0.93,6,0,0: Low
Cuddalore - Manimuktha Basin (Virudhachalam),Riverine Plain,107.91,34.11,26.08,3.08,0.31,27.91,91.8,10.0,Agricultural_Mixed,1239.0,0.93,6,0,0: Low
Sivaganga - Vaigai/Gundar (Parthibanur),Valley Basin,18.07,4.56,25.92,0.42,0.01,41.77,42.4,53.4,Urban_Commercial,6772.0,0.37,4,0,0: Low
Chennai - Adyar Basin (Nandambakkam),Coastal / Low Basin,144.02,40.57,8.04,3.54,0.6,7.42,20.2,73.1,Urban_High_Density,13802.0,0.9,8,2,2: High
Chennai - Adyar Basin (Nandambakkam),Coastal / Low Basin,105.97,40.5,8.03,3.53,0.57,7.41,68.1,27.5,Urban_High_Density,11126.0,0.62,8,2,2: High
Chennai - Adyar Basin (Nandambakkam),Coastal / Low Basin,26.75,3.82,5.06,0.56,-0.08,7.49,52.5,61.3,Urban_High_Density,8161.0,0.36,8,0,0: Low
Sivaganga - Vaigai/Gundar (Parthibanur),Valley Basin,16.73,4.86,26.07,0.57,0.08,41.53,63.8,36.9,Urban_Commercial,6308.0,0.31,4,0,0: Low
Chennai - Adyar Basin (Nandambakkam),Coastal / Low Basin,66.33,9.28,5.69,1.19,0.31,8.18,68.6,32.1,Urban_High_Density,5674.0,0.67,8,0,0: Low
Kancheepuram - Palar Basin,Riverine Valley,62.75,18.88,18.34,1.84,0.19,23.91,73.5,31.3,Urban_Residential,6823.0,0.77,5,0,0: Low
Chennai - Madipakkam Lake Buffer,Lake Catchment,74.24,12.98,3.72,1.22,0.37,2.85,79.2,17.9,Urban_Residential,7910.0,0.92,14,1,1: Moderate
Tiruvallur - Kosasthalaiyar Basin,Northern Plain,20.01,5.63,14.28,0.28,-0.07,19.63,71.3,27.5,Industrial,1876.0,0.93,7,0,0: Low
Ramanathapuram - Gundar Basin (Kamuthi),Estuary / Coastal,132.83,37.0,34.72,4.32,0.79,35.07,48.1,48.9,Commercial,1182.0,0.76,5,0,0: Low
Ramanathapuram - Gundar Basin (Kamuthi),Estuary / Coastal,13.11,3.26,30.74,0.34,0.09,34.7,67.5,38.3,Commercial,711.0,0.45,5,0,0: Low
Chennai - Adyar Basin (Nandambakkam),Coastal / Low Basin,149.03,29.15,8.53,4.03,0.9,6.99,65.2,42.2,Urban_High_Density,8662.0,0.87,8,2,2: High
Tiruvallur - Kosasthalaiyar Basin,Northern Plain,59.7,9.08,14.96,0.96,0.26,18.9,85.0,16.9,Industrial,4487.0,0.59,7,0,0: Low
Sivaganga - Vaigai/Gundar (Parthibanur),Valley Basin,9.4,2.8,25.9,0.4,-0.02,41.6,74.6,19.4,Urban_Commercial,14853.0,0.42,4,0,0: Low
Chennai - Madipakkam Lake Buffer,Lake Catchment,122.99,26.26,5.76,3.26,0.68,3.25,30.8,71.4,Urban_Residential,7277.0,0.79,14,2,2: High
Sivaganga - Vaigai/Gundar (Parthibanur),Valley Basin,79.35,15.69,26.8,1.3,0.34,42.54,63.4,43.1,Urban_Commercial,15209.0,0.39,4,0,0: Low
Tiruvallur - Kosasthalaiyar Basin,Northern Plain,19.65,4.49,14.42,0.42,0.05,18.59,37.0,58.6,Industrial,1399.0,0.96,7,0,0: Low
Chennai - Madipakkam Lake Buffer,Lake Catchment,151.6,28.62,5.01,2.51,0.65,3.08,65.0,32.2,Urban_Residential,17250.0,0.48,14,2,2: High
Chennai - Velachery Lowland Basin,Coastal Lowland,95.03,20.51,7.34,4.14,0.78,3.49,61.4,39.4,Urban_High_Density,4945.0,0.66,12,2,2: High
Cuddalore - Manimuktha Basin (Virudhachalam),Riverine Plain,104.11,29.26,26.14,3.14,0.82,27.92,46.0,52.1,Agricultural_Mixed,694.0,0.98,6,0,0: Low
Chennai - Madipakkam Lake Buffer,Lake Catchment,10.72,4.56,2.67,0.17,0.05,3.09,68.4,34.4,Urban_Residential,6667.0,0.38,14,0,0: Low
Cuddalore - Manimuktha Basin (Virudhachalam),Riverine Plain,30.41,11.32,23.81,0.81,0.17,27.97,95.0,10.0,Agricultural_Mixed,3453.0,0.58,6,0,0: Low
Chennai - Adyar Basin (Nandambakkam),Coastal / Low Basin,5.42,6.88,4.77,0.27,-0.01,7.47,35.4,70.4,Urban_High_Density,8831.0,0.68,8,0,0: Low
Ramanathapuram - Gundar Basin (Kamuthi),Estuary / Coastal,17.96,2.84,30.77,0.37,0.02,35.18,67.9,37.1,Commercial,1066.0,0.34,5,0,0: Low
Sivaganga - Vaigai/Gundar (Parthibanur),Valley Basin,25.31,4.31,25.9,0.4,-0.05,42.24,34.6,70.9,Urban_Commercial,7762.0,0.63,4,0,0: Low
Chennai - Adyar Basin (Nandambakkam),Coastal / Low Basin,156.86,30.89,7.21,2.71,0.7,7.45,89.6,13.0,Urban_High_Density,14175.0,0.61,8,2,2: High
Tiruvallur - Kosasthalaiyar Basin,Northern Plain,50.61,17.8,16.2,2.2,0.37,19.22,53.0,52.9,Industrial,4186.0,0.84,7,0,0: Low
Cuddalore - Manimuktha Basin (Virudhachalam),Riverine Plain,28.39,5.78,23.46,0.46,0.06,27.81,65.8,41.0,Agricultural_Mixed,1429.0,0.33,6,0,0: Low
Kancheepuram - Palar Basin,Riverine Valley,96.61,38.5,19.53,3.03,0.7,23.94,76.8,28.7,Urban_Residential,3345.0,0.86,5,0,0: Low
Chennai - Velachery Lowland Basin,Coastal Lowland,57.35,11.74,4.05,0.85,0.36,3.79,72.4,32.3,Urban_High_Density,12368.0,0.72,12,0,0: Low
Chennai - Velachery Lowland Basin,Coastal Lowland,107.19,38.22,6.78,3.58,0.35,4.15,16.4,68.7,Urban_High_Density,5190.0,0.92,12,2,2: High
Chennai - Madipakkam Lake Buffer,Lake Catchment,27.75,1.06,2.6,0.1,0.05,3.25,29.0,69.1,Urban_Residential,6641.0,0.44,14,0,0: Low
Cuddalore - Manimuktha Basin (Virudhachalam),Riverine Plain,142.75,18.05,27.21,4.21,0.35,27.72,58.8,49.2,Agricultural_Mixed,862.0,0.6,6,0,0: Low
Kancheepuram - Palar Basin,Riverine Valley,12.52,4.9,16.98,0.48,0.02,24.17,20.1,87.6,Urban_Residential,11567.0,0.76,5,0,0: Low
Chennai - Adyar Basin (Nandambakkam),Coastal / Low Basin,16.17,7.19,5.19,0.69,0.05,7.25,62.4,33.8,Urban_High_Density,14184.0,0.92,8,0,0: Low
Chennai - Madipakkam Lake Buffer,Lake Catchment,6.96,1.91,2.65,0.15,0.09,3.6,33.8,60.3,Urban_Residential,15155.0,0.58,14,0,0: Low
Sivaganga - Vaigai/Gundar (Parthibanur),Valley Basin,25.27,5.6,25.68,0.18,-0.09,41.79,49.2,46.0,Urban_Commercial,7398.0,0.76,4,0,0: Low
Chennai - Velachery Lowland Basin,Coastal Lowland,63.18,13.93,5.33,2.13,0.37,3.94,64.3,36.4,Urban_High_Density,7704.0,0.34,12,1,1: Moderate
Chennai - Velachery Lowland Basin,Coastal Lowland,75.82,10.6,4.43,1.23,0.38,3.83,60.7,37.7,Urban_High_Density,13217.0,0.73,12,0,0: Low
Sivaganga - Vaigai/Gundar (Parthibanur),Valley Basin,8.93,3.94,26.24,0.74,-0.06,42.25,23.9,71.8,Urban_Commercial,16431.0,0.68,4,0,0: Low
Kancheepuram - Palar Basin,Riverine Valley,37.47,7.63,18.58,2.08,0.25,24.05,57.5,47.6,Urban_Residential,6113.0,0.63,5,0,0: Low
Chennai - Madipakkam Lake Buffer,Lake Catchment,6.98,4.5,3.26,0.76,0.02,2.77,81.0,17.4,Urban_Residential,13454.0,0.69,14,0,0: Low
Kancheepuram - Palar Basin,Riverine Valley,11.83,6.11,17.05,0.55,-0.09,24.23,70.5,25.2,Urban_Residential,16204.0,0.86,5,0,0: Low
Sivaganga - Vaigai/Gundar (Parthibanur),Valley Basin,115.0,44.85,29.66,4.16,0.88,41.93,58.5,38.2,Urban_Commercial,14673.0,0.81,4,0,0: Low
Sivaganga - Vaigai/Gundar (Parthibanur),Valley Basin,148.74,29.16,28.95,3.45,0.31,42.12,67.8,28.5,Urban_Commercial,11951.0,0.8,4,0,0: Low
Ramanathapuram - Gundar Basin (Kamuthi),Estuary / Coastal,29.94,1.56,30.99,0.59,0.01,34.64,27.7,66.0,Commercial,4170.0,0.35,5,0,0: Low
Chennai - Adyar Basin (Nandambakkam),Coastal / Low Basin,5.12,5.77,4.67,0.17,-0.0,7.03,65.1,25.6,Urban_High_Density,3820.0,0.97,8,0,0: Low
Tiruvallur - Kosasthalaiyar Basin,Northern Plain,2.05,7.55,14.59,0.59,0.04,19.46,81.2,14.7,Industrial,861.0,0.99,7,0,0: Low
Chennai - Adyar Basin (Nandambakkam),Coastal / Low Basin,27.67,5.53,4.76,0.26,0.05,7.38,53.5,45.0,Urban_High_Density,3273.0,0.63,8,0,0: Low
Sivaganga - Vaigai/Gundar (Parthibanur),Valley Basin,21.24,6.63,25.99,0.49,-0.06,42.3,88.8,16.9,Urban_Commercial,14722.0,0.63,4,0,0: Low
Chennai - Madipakkam Lake Buffer,Lake Catchment,31.58,19.28,4.51,2.01,0.39,3.02,30.7,67.9,Urban_Residential,13098.0,0.69,14,1,1: Moderate
Chennai - Adyar Basin (Nandambakkam),Coastal / Low Basin,21.5,7.92,5.05,0.55,-0.09,6.93,34.3,65.2,Urban_High_Density,14398.0,0.45,8,0,0: Low
Chennai - Madipakkam Lake Buffer,Lake Catchment,37.61,10.0,4.03,1.53,0.4,2.89,67.2,23.8,Urban_Residential,16672.0,0.78,14,1,1: Moderate
Chennai - Adyar Basin (Nandambakkam),Coastal / Low Basin,219.78,45.11,11.88,7.38,1.5,7.35,46.2,58.7,Urban_High_Density,11293.0,0.92,8,3,3: Severe Inundation
Tiruvallur - Kosasthalaiyar Basin,Northern Plain,64.07,9.83,15.86,1.86,0.3,19.14,55.8,43.7,Industrial,4051.0,0.4,7,0,0: Low
Chennai - Velachery Lowland Basin,Coastal Lowland,26.62,5.17,3.58,0.38,0.08,3.99,79.3,19.2,Urban_High_Density,14897.0,0.86,12,0,0: Low
Cuddalore - Manimuktha Basin (Virudhachalam),Riverine Plain,2.48,5.07,23.63,0.63,0.01,28.14,58.8,45.2,Agricultural_Mixed,2996.0,0.71,6,0,0: Low
Sivaganga - Vaigai/Gundar (Parthibanur),Valley Basin,63.14,13.88,27.37,1.87,0.2,41.78,59.5,35.6,Urban_Commercial,13957.0,0.77,4,0,0: Low
Sivaganga - Vaigai/Gundar (Parthibanur),Valley Basin,65.56,8.42,26.82,1.32,0.15,42.34,95.0,10.0,Urban_Commercial,6416.0,0.4,4,0,0: Low
Tiruvallur - Kosasthalaiyar Basin,Northern Plain,139.03,35.38,16.91,2.91,0.73,18.72,91.3,27.3,Industrial,4161.0,0.89,7,1,1: Moderate
Kancheepuram - Palar Basin,Riverine Valley,251.15,70.56,21.31,4.81,1.29,23.97,33.8,59.4,Urban_Residential,7661.0,0.57,5,3,3: Severe Inundation
Chennai - Adyar Basin (Nandambakkam),Coastal / Low Basin,136.95,34.83,8.09,3.59,0.54,7.42,81.5,12.7,Urban_High_Density,4685.0,0.78,8,2,2: High
Ramanathapuram - Gundar Basin (Kamuthi),Estuary / Coastal,85.36,44.43,32.99,2.59,0.75,34.98,66.3,29.9,Commercial,2568.0,0.65,5,0,0: Low
Chennai - Velachery Lowland Basin,Coastal Lowland,13.25,7.21,3.88,0.68,0.01,3.89,56.5,38.4,Urban_High_Density,11566.0,0.74,12,0,0: Low
Cuddalore - Manimuktha Basin (Virudhachalam),Riverine Plain,40.41,17.09,24.41,1.41,0.24,28.48,79.6,17.4,Agricultural_Mixed,1718.0,0.6,6,0,0: Low
Chennai - Adyar Basin (Nandambakkam),Coastal / Low Basin,27.11,5.13,4.58,0.08,-0.03,7.74,88.6,13.0,Urban_High_Density,3429.0,0.94,8,0,0: Low
Sivaganga - Vaigai/Gundar (Parthibanur),Valley Basin,10.42,2.29,25.75,0.25,-0.02,41.38,64.9,31.4,Urban_Commercial,3453.0,0.88,4,0,0: Low
Tiruvallur - Kosasthalaiyar Basin,Northern Plain,156.33,29.56,17.94,3.94,0.74,18.52,42.3,57.0,Industrial,3851.0,0.91,7,2,2: High
Chennai - Madipakkam Lake Buffer,Lake Catchment,94.75,24.59,4.77,2.27,0.89,3.0,78.4,17.4,Urban_Residential,13457.0,0.79,14,2,2: High
Kancheepuram - Palar Basin,Riverine Valley,313.85,44.45,24.08,7.58,1.03,23.94,81.0,20.1,Urban_Residential,2534.0,0.61,5,3,3: Severe Inundation
Cuddalore - Manimuktha Basin (Virudhachalam),Riverine Plain,58.4,6.96,24.01,1.01,0.4,27.44,31.4,68.4,Agricultural_Mixed,2507.0,0.39,6,0,0: Low
Cuddalore - Manimuktha Basin (Virudhachalam),Riverine Plain,116.78,30.78,25.81,2.81,0.47,27.88,60.9,39.6,Agricultural_Mixed,3517.0,0.79,6,0,0: Low
Ramanathapuram - Gundar Basin (Kamuthi),Estuary / Coastal,28.17,4.69,30.47,0.07,-0.02,34.5,48.7,53.4,Commercial,1592.0,0.66,5,0,0: Low
Tiruvallur - Kosasthalaiyar Basin,Northern Plain,305.17,47.01,21.38,7.38,1.5,18.88,66.1,32.0,Industrial,3440.0,0.48,7,3,3: Severe Inundation
Cuddalore - Manimuktha Basin (Virudhachalam),Riverine Plain,157.85,26.38,27.36,4.36,0.67,28.63,66.1,30.5,Agricultural_Mixed,4157.0,1.0,6,1,1: Moderate
Chennai - Adyar Basin (Nandambakkam),Coastal / Low Basin,314.75,77.21,11.69,7.19,0.91,7.8,72.2,21.2,Urban_High_Density,14422.0,0.9,8,3,3: Severe Inundation
Tiruvallur - Kosasthalaiyar Basin,Northern Plain,66.55,19.78,15.36,1.36,0.27,19.22,58.9,40.6,Industrial,2616.0,0.75,7,0,0: Low
Ramanathapuram - Gundar Basin (Kamuthi),Estuary / Coastal,147.92,37.61,34.79,4.39,0.65,34.39,19.5,81.0,Commercial,4451.0,0.76,5,1,1: Moderate
Sivaganga - Vaigai/Gundar (Parthibanur),Valley Basin,14.99,7.92,26.28,0.78,-0.03,41.88,53.7,38.3,Urban_Commercial,7959.0,0.54,4,0,0: Low
Chennai - Velachery Lowland Basin,Coastal Lowland,19.68,5.74,3.65,0.45,0.09,3.77,52.7,47.9,Urban_High_Density,5726.0,0.73,12,0,0: Low
Chennai - Velachery Lowland Basin,Coastal Lowland,5.89,2.9,3.91,0.71,0.07,3.75,72.8,22.8,Urban_High_Density,6455.0,0.4,12,0,0: Low
Chennai - Madipakkam Lake Buffer,Lake Catchment,41.3,12.28,4.02,1.52,0.22,3.58,37.6,59.8,Urban_Residential,3722.0,0.49,14,1,1: Moderate
Tiruvallur - Kosasthalaiyar Basin,Northern Plain,9.02,2.4,14.17,0.17,-0.05,18.79,54.8,49.0,Industrial,2550.0,0.35,7,0,0: Low
Chennai - Madipakkam Lake Buffer,Lake Catchment,78.27,18.13,3.38,0.88,0.21,3.37,62.0,42.7,Urban_Residential,10983.0,0.63,14,1,1: Moderate
Chennai - Madipakkam Lake Buffer,Lake Catchment,35.68,17.98,4.51,2.01,0.24,3.64,41.5,61.8,Urban_Residential,3672.0,0.63,14,1,1: Moderate
Kancheepuram - Palar Basin,Riverine Valley,61.91,15.19,18.24,1.74,0.23,23.74,84.3,10.0,Urban_Residential,10342.0,0.35,5,0,0: Low
Chennai - Velachery Lowland Basin,Coastal Lowland,48.49,19.66,4.78,1.58,0.37,3.41,60.1,45.0,Urban_High_Density,14993.0,0.46,12,1,1: Moderate
Sivaganga - Vaigai/Gundar (Parthibanur),Valley Basin,40.04,15.87,27.29,1.79,0.21,41.82,34.1,60.4,Urban_Commercial,10739.0,1.0,4,0,0: Low
Cuddalore - Manimuktha Basin (Virudhachalam),Riverine Plain,21.99,5.35,23.19,0.19,0.08,28.05,80.3,17.1,Agricultural_Mixed,2217.0,0.83,6,0,0: Low
Sivaganga - Vaigai/Gundar (Parthibanur),Valley Basin,81.35,7.16,26.45,0.95,0.4,42.14,32.1,67.5,Urban_Commercial,12820.0,0.64,4,0,0: Low
Ramanathapuram - Gundar Basin (Kamuthi),Estuary / Coastal,13.47,5.0,30.56,0.16,-0.02,35.02,88.5,11.3,Commercial,3109.0,0.84,5,0,0: Low
Cuddalore - Manimuktha Basin (Virudhachalam),Riverine Plain,141.25,19.66,25.46,2.46,0.69,28.15,70.9,37.3,Agricultural_Mixed,3421.0,0.4,6,0,0: Low
Ramanathapuram - Gundar Basin (Kamuthi),Estuary / Coastal,24.33,4.57,30.45,0.05,0.08,35.58,72.3,28.7,Commercial,1695.0,0.76,5,0,0: Low
Cuddalore - Manimuktha Basin (Virudhachalam),Riverine Plain,9.65,3.05,23.59,0.59,-0.07,28.04,29.4,61.0,Agricultural_Mixed,3482.0,0.6,6,0,0: Low
Ramanathapuram - Gundar Basin (Kamuthi),Estuary / Coastal,146.13,23.45,34.89,4.49,0.59,35.21,32.1,60.9,Commercial,3381.0,0.43,5,0,0: Low
Kancheepuram - Palar Basin,Riverine Valley,5.54,7.45,17.07,0.57,-0.03,24.61,57.5,42.5,Urban_Residential,5301.0,0.92,5,0,0: Low
Kancheepuram - Palar Basin,Riverine Valley,69.08,6.95,17.82,1.32,0.27,23.9,88.6,10.0,Urban_Residential,5208.0,0.67,5,0,0: Low
Chennai - Madipakkam Lake Buffer,Lake Catchment,38.75,14.6,4.25,1.75,0.13,3.06,63.0,35.2,Urban_Residential,9770.0,0.59,14,1,1: Moderate
Tiruvallur - Kosasthalaiyar Basin,Northern Plain,121.0,20.46,16.67,2.67,0.41,18.85,38.2,67.8,Industrial,4419.0,0.57,7,1,1: Moderate
Cuddalore - Manimuktha Basin (Virudhachalam),Riverine Plain,113.04,25.81,27.41,4.41,0.43,28.34,55.7,36.5,Agricultural_Mixed,1315.0,0.7,6,0,0: Low
Chennai - Madipakkam Lake Buffer,Lake Catchment,65.99,7.85,3.48,0.98,0.11,2.98,36.5,65.4,Urban_Residential,11394.0,0.82,14,1,1: Moderate
Sivaganga - Vaigai/Gundar (Parthibanur),Valley Basin,18.31,1.16,26.2,0.7,-0.03,42.06,94.9,16.0,Urban_Commercial,9717.0,0.57,4,0,0: Low
Kancheepuram - Palar Basin,Riverine Valley,13.5,3.2,16.56,0.06,-0.09,23.84,80.0,20.6,Urban_Residential,13656.0,0.58,5,0,0: Low
Chennai - Velachery Lowland Basin,Coastal Lowland,62.13,16.72,4.94,1.74,0.39,4.56,68.6,28.8,Urban_High_Density,5448.0,0.74,12,1,1: Moderate
Kancheepuram - Palar Basin,Riverine Valley,35.67,17.59,18.39,1.89,0.22,24.06,49.1,56.0,Urban_Residential,4171.0,0.65,5,0,0: Low
Chennai - Velachery Lowland Basin,Coastal Lowland,223.84,55.13,8.66,5.46,1.37,3.61,72.7,32.1,Urban_High_Density,5476.0,0.49,12,3,3: Severe Inundation
Cuddalore - Manimuktha Basin (Virudhachalam),Riverine Plain,40.37,7.28,23.94,0.94,0.33,28.11,74.6,21.5,Agricultural_Mixed,1676.0,0.67,6,0,0: Low
Cuddalore - Manimuktha Basin (Virudhachalam),Riverine Plain,9.47,2.99,23.51,0.51,0.03,28.04,59.1,36.0,Agricultural_Mixed,1973.0,0.74,6,0,0: Low
Ramanathapuram - Gundar Basin (Kamuthi),Estuary / Coastal,53.42,19.11,31.3,0.9,0.16,35.27,49.1,51.2,Commercial,2550.0,0.94,5,0,0: Low
Chennai - Velachery Lowland Basin,Coastal Lowland,18.19,6.84,3.99,0.79,0.07,4.08,43.8,56.4,Urban_High_Density,14350.0,0.97,12,0,0: Low
Chennai - Adyar Basin (Nandambakkam),Coastal / Low Basin,6.63,3.48,4.71,0.21,-0.01,7.13,32.3,69.7,Urban_High_Density,15056.0,0.35,8,0,0: Low
Sivaganga - Vaigai/Gundar (Parthibanur),Valley Basin,80.04,10.49,26.45,0.95,0.36,41.71,69.7,26.0,Urban_Commercial,9479.0,0.49,4,0,0: Low
Chennai - Madipakkam Lake Buffer,Lake Catchment,23.69,7.43,2.58,0.08,0.06,3.26,64.1,33.5,Urban_Residential,13422.0,0.53,14,0,0: Low
Ramanathapuram - Gundar Basin (Kamuthi),Estuary / Coastal,21.98,5.98,30.82,0.42,0.0,35.01,39.9,55.1,Commercial,3628.0,0.63,5,0,0: Low
Cuddalore - Manimuktha Basin (Virudhachalam),Riverine Plain,26.65,4.98,23.6,0.6,-0.09,28.07,83.5,20.3,Agricultural_Mixed,4037.0,0.44,6,0,0: Low
Sivaganga - Vaigai/Gundar (Parthibanur),Valley Basin,53.18,12.16,27.62,2.12,0.36,41.79,61.3,32.9,Urban_Commercial,7226.0,0.66,4,0,0: Low
Chennai - Madipakkam Lake Buffer,Lake Catchment,50.71,19.8,3.43,0.93,0.14,3.16,49.9,44.7,Urban_Residential,15685.0,0.46,14,1,1: Moderate
Tiruvallur - Kosasthalaiyar Basin,Northern Plain,13.4,6.23,14.0,0.0,0.08,18.87,79.6,19.5,Industrial,2194.0,0.92,7,0,0: Low
Chennai - Adyar Basin (Nandambakkam),Coastal / Low Basin,154.71,19.95,6.73,2.23,0.79,7.24,81.6,19.5,Urban_High_Density,15744.0,0.51,8,1,1: Moderate
Chennai - Velachery Lowland Basin,Coastal Lowland,25.14,3.48,3.36,0.16,0.09,3.87,42.5,53.6,Urban_High_Density,12271.0,0.64,12,0,0: Low
Chennai - Velachery Lowland Basin,Coastal Lowland,48.67,10.61,4.67,1.47,0.18,3.83,29.6,62.3,Urban_High_Density,14994.0,0.75,12,1,1: Moderate
Ramanathapuram - Gundar Basin (Kamuthi),Estuary / Coastal,87.66,37.74,34.26,3.86,0.36,35.12,66.4,35.9,Commercial,2365.0,0.41,5,0,0: Low
Chennai - Adyar Basin (Nandambakkam),Coastal / Low Basin,159.28,20.13,7.0,2.5,0.35,7.52,89.5,10.0,Urban_High_Density,15352.0,0.56,8,1,1: Moderate
Tiruvallur - Kosasthalaiyar Basin,Northern Plain,93.81,39.93,17.5,3.5,0.6,19.07,60.8,37.8,Industrial,4074.0,0.75,7,1,1: Moderate
Kancheepuram - Palar Basin,Riverine Valley,55.19,13.92,18.1,1.6,0.31,24.31,66.5,46.5,Urban_Residential,10488.0,0.32,5,0,0: Low
Sivaganga - Vaigai/Gundar (Parthibanur),Valley Basin,32.89,15.96,26.59,1.09,0.34,41.93,52.9,39.8,Urban_Commercial,7919.0,0.94,4,0,0: Low
Cuddalore - Manimuktha Basin (Virudhachalam),Riverine Plain,58.93,17.15,24.18,1.18,0.38,28.37,67.7,39.4,Agricultural_Mixed,3492.0,0.38,6,0,0: Low
Kancheepuram - Palar Basin,Riverine Valley,2.18,5.63,16.72,0.22,-0.07,23.91,10.8,75.4,Urban_Residential,2959.0,0.88,5,0,0: Low
Cuddalore - Manimuktha Basin (Virudhachalam),Riverine Plain,103.29,37.49,26.13,3.13,0.48,28.4,39.7,60.1,Agricultural_Mixed,2152.0,0.89,6,0,0: Low
Ramanathapuram - Gundar Basin (Kamuthi),Estuary / Coastal,123.75,30.44,32.73,2.33,0.88,35.32,66.6,39.1,Commercial,1649.0,0.95,5,0,0: Low
Cuddalore - Manimuktha Basin (Virudhachalam),Riverine Plain,69.81,9.17,24.37,1.37,0.16,28.23,40.6,66.0,Agricultural_Mixed,3041.0,0.9,6,0,0: Low
Chennai - Adyar Basin (Nandambakkam),Coastal / Low Basin,151.18,42.39,7.61,3.11,0.82,7.45,70.1,28.0,Urban_High_Density,13831.0,0.59,8,2,2: High
Chennai - Adyar Basin (Nandambakkam),Coastal / Low Basin,29.61,6.24,5.13,0.63,-0.08,7.7,55.6,38.5,Urban_High_Density,8775.0,0.64,8,0,0: Low
Sivaganga - Vaigai/Gundar (Parthibanur),Valley Basin,6.3,1.93,25.57,0.07,-0.04,42.05,22.7,70.1,Urban_Commercial,13913.0,0.68,4,0,0: Low
Ramanathapuram - Gundar Basin (Kamuthi),Estuary / Coastal,123.65,41.08,34.41,4.01,0.39,35.23,61.6,35.4,Commercial,3320.0,0.44,5,0,0: Low
Sivaganga - Vaigai/Gundar (Parthibanur),Valley Basin,23.39,1.9,25.93,0.43,-0.04,41.81,56.4,42.6,Urban_Commercial,5104.0,0.63,4,0,0: Low
Tiruvallur - Kosasthalaiyar Basin,Northern Plain,307.69,40.09,20.43,6.43,1.67,18.48,77.8,10.0,Industrial,3696.0,0.85,7,3,3: Severe Inundation
Chennai - Madipakkam Lake Buffer,Lake Catchment,24.03,4.91,2.68,0.18,-0.07,3.24,45.3,59.1,Urban_Residential,4559.0,0.86,14,0,0: Low
Cuddalore - Manimuktha Basin (Virudhachalam),Riverine Plain,31.78,7.43,24.81,1.81,0.15,27.52,68.7,30.4,Agricultural_Mixed,3184.0,0.89,6,0,0: Low
Chennai - Velachery Lowland Basin,Coastal Lowland,9.41,1.96,3.51,0.31,0.1,3.73,50.5,49.6,Urban_High_Density,8565.0,0.45,12,0,0: Low
Cuddalore - Manimuktha Basin (Virudhachalam),Riverine Plain,50.84,15.91,24.91,1.91,0.16,28.15,58.8,40.7,Agricultural_Mixed,989.0,0.56,6,0,0: Low
Chennai - Adyar Basin (Nandambakkam),Coastal / Low Basin,26.23,2.78,4.68,0.18,0.08,7.82,55.4,42.5,Urban_High_Density,5724.0,0.69,8,0,0: Low
Cuddalore - Manimuktha Basin (Virudhachalam),Riverine Plain,6.5,6.33,23.0,0.0,-0.01,28.03,74.3,23.4,Agricultural_Mixed,3585.0,0.47,6,0,0: Low
Sivaganga - Vaigai/Gundar (Parthibanur),Valley Basin,77.81,13.66,26.56,1.06,0.35,41.79,44.4,55.8,Urban_Commercial,7882.0,0.78,4,0,0: Low
Kancheepuram - Palar Basin,Riverine Valley,11.39,1.27,16.73,0.23,-0.07,23.4,43.7,57.3,Urban_Residential,3911.0,0.9,5,0,0: Low
Ramanathapuram - Gundar Basin (Kamuthi),Estuary / Coastal,11.92,1.11,30.53,0.13,-0.03,35.11,73.5,17.8,Commercial,661.0,0.38,5,0,0: Low
Cuddalore - Manimuktha Basin (Virudhachalam),Riverine Plain,132.14,30.86,25.43,2.43,0.42,27.97,23.1,73.1,Agricultural_Mixed,1908.0,0.99,6,0,0: Low
Chennai - Madipakkam Lake Buffer,Lake Catchment,6.9,4.45,3.26,0.76,0.08,3.56,57.3,41.2,Urban_Residential,17247.0,0.97,14,0,0: Low
Cuddalore - Manimuktha Basin (Virudhachalam),Riverine Plain,64.94,9.11,24.84,1.84,0.12,28.32,84.3,19.8,Agricultural_Mixed,3473.0,0.66,6,0,0: Low
Chennai - Adyar Basin (Nandambakkam),Coastal / Low Basin,101.47,20.64,7.8,3.3,0.34,7.5,52.2,44.0,Urban_High_Density,14912.0,0.83,8,2,2: High
Kancheepuram - Palar Basin,Riverine Valley,20.53,7.04,16.76,0.26,-0.08,23.81,73.2,23.1,Urban_Residential,16211.0,0.93,5,0,0: Low
Chennai - Adyar Basin (Nandambakkam),Coastal / Low Basin,15.66,1.38,5.3,0.8,-0.03,7.79,74.2,23.4,Urban_High_Density,9419.0,0.68,8,0,0: Low
Ramanathapuram - Gundar Basin (Kamuthi),Estuary / Coastal,19.31,4.52,30.67,0.27,0.04,35.26,87.9,20.1,Commercial,1871.0,0.87,5,0,0: Low
Tiruvallur - Kosasthalaiyar Basin,Northern Plain,107.15,43.32,17.52,3.52,0.51,19.52,82.6,15.2,Industrial,654.0,0.55,7,1,1: Moderate
Tiruvallur - Kosasthalaiyar Basin,Northern Plain,37.96,8.95,14.97,0.97,0.26,18.93,60.1,33.7,Industrial,3700.0,0.9,7,0,0: Low
Kancheepuram - Palar Basin,Riverine Valley,82.07,11.59,18.08,1.58,0.21,24.07,73.9,22.5,Urban_Residential,3184.0,0.79,5,0,0: Low
Chennai - Adyar Basin (Nandambakkam),Coastal / Low Basin,30.08,13.76,5.95,1.45,0.37,7.31,58.4,43.1,Urban_High_Density,8671.0,0.69,8,0,0: Low
Tiruvallur - Kosasthalaiyar Basin,Northern Plain,29.16,2.68,14.36,0.36,-0.1,19.13,80.6,10.0,Industrial,1053.0,0.62,7,0,0: Low
Tiruvallur - Kosasthalaiyar Basin,Northern Plain,11.42,4.26,14.69,0.69,-0.06,18.87,46.2,53.5,Industrial,4472.0,0.52,7,0,0: Low
Ramanathapuram - Gundar Basin (Kamuthi),Estuary / Coastal,3.14,1.64,30.94,0.54,0.07,35.2,51.9,51.2,Commercial,3373.0,0.81,5,0,0: Low
Chennai - Madipakkam Lake Buffer,Lake Catchment,29.95,7.5,2.6,0.1,0.01,3.42,67.9,27.3,Urban_Residential,11804.0,0.63,14,0,0: Low
Sivaganga - Vaigai/Gundar (Parthibanur),Valley Basin,112.37,27.42,28.15,2.65,0.66,41.74,78.6,21.1,Urban_Commercial,17013.0,0.48,4,0,0: Low
Ramanathapuram - Gundar Basin (Kamuthi),Estuary / Coastal,127.48,36.03,33.83,3.43,0.39,34.98,30.8,80.8,Commercial,3063.0,0.47,5,0,0: Low
Chennai - Velachery Lowland Basin,Coastal Lowland,46.95,17.49,4.08,0.88,0.36,3.6,84.4,15.3,Urban_High_Density,10727.0,0.62,12,0,0: Low
Chennai - Velachery Lowland Basin,Coastal Lowland,27.44,5.67,3.69,0.49,0.09,3.95,31.8,75.8,Urban_High_Density,6365.0,0.67,12,0,0: Low
Kancheepuram - Palar Basin,Riverine Valley,69.61,6.51,18.37,1.87,0.11,23.93,28.8,67.8,Urban_Residential,10420.0,0.79,5,0,0: Low
Ramanathapuram - Gundar Basin (Kamuthi),Estuary / Coastal,8.58,1.84,30.64,0.24,-0.01,35.77,78.4,25.8,Commercial,2936.0,0.33,5,0,0: Low
Chennai - Adyar Basin (Nandambakkam),Coastal / Low Basin,142.22,41.42,6.84,2.34,0.49,8.04,16.3,77.1,Urban_High_Density,5328.0,0.5,8,2,2: High
Sivaganga - Vaigai/Gundar (Parthibanur),Valley Basin,8.07,1.11,26.07,0.57,-0.02,41.98,69.5,30.5,Urban_Commercial,5628.0,0.97,4,0,0: Low
Chennai - Velachery Lowland Basin,Coastal Lowland,292.05,64.92,8.0,4.8,1.16,3.48,56.5,42.3,Urban_High_Density,6547.0,0.51,12,3,3: Severe Inundation
Kancheepuram - Palar Basin,Riverine Valley,12.1,2.71,17.25,0.75,-0.02,23.97,66.6,28.7,Urban_Residential,14775.0,0.8,5,0,0: Low
Tiruvallur - Kosasthalaiyar Basin,Northern Plain,6.59,3.78,14.45,0.45,-0.09,18.73,52.4,48.0,Industrial,1764.0,0.67,7,0,0: Low
Kancheepuram - Palar Basin,Riverine Valley,147.23,28.59,19.46,2.96,0.74,23.4,85.2,18.9,Urban_Residential,10653.0,0.99,5,1,1: Moderate
Chennai - Adyar Basin (Nandambakkam),Coastal / Low Basin,81.99,9.43,5.45,0.95,0.38,8.1,46.3,63.4,Urban_High_Density,6243.0,0.86,8,0,0: Low
Cuddalore - Manimuktha Basin (Virudhachalam),Riverine Plain,195.36,78.98,29.29,6.29,1.32,27.75,41.2,45.6,Agricultural_Mixed,2186.0,0.55,6,3,3: Severe Inundation
Chennai - Velachery Lowland Basin,Coastal Lowland,24.74,7.93,3.95,0.75,0.07,3.91,85.2,10.0,Urban_High_Density,12438.0,0.58,12,0,0: Low
Tiruvallur - Kosasthalaiyar Basin,Northern Plain,17.56,7.29,14.24,0.24,0.09,18.72,37.4,58.5,Industrial,4050.0,0.82,7,0,0: Low
Ramanathapuram - Gundar Basin (Kamuthi),Estuary / Coastal,18.33,5.33,30.71,0.31,0.09,35.6,46.0,49.7,Commercial,2169.0,0.72,5,0,0: Low
Tiruvallur - Kosasthalaiyar Basin,Northern Plain,13.57,3.17,14.09,0.09,0.06,18.35,54.4,59.4,Industrial,1136.0,0.69,7,0,0: Low
Sivaganga - Vaigai/Gundar (Parthibanur),Valley Basin,26.77,1.47,25.52,0.02,-0.1,41.57,83.2,13.7,Urban_Commercial,16865.0,0.42,4,0,0: Low
Sivaganga - Vaigai/Gundar (Parthibanur),Valley Basin,139.3,19.19,28.9,3.4,0.65,41.54,79.4,19.5,Urban_Commercial,5568.0,0.77,4,0,0: Low
Chennai - Adyar Basin (Nandambakkam),Coastal / Low Basin,315.95,51.2,9.36,4.86,1.39,7.06,26.7,68.9,Urban_High_Density,10072.0,0.77,8,3,3: Severe Inundation
Tiruvallur - Kosasthalaiyar Basin,Northern Plain,95.4,26.12,18.39,4.39,0.63,19.06,42.1,56.6,Industrial,3013.0,0.86,7,1,1: Moderate
Chennai - Madipakkam Lake Buffer,Lake Catchment,19.26,1.35,2.61,0.11,-0.01,3.25,57.0,37.7,Urban_Residential,6598.0,0.33,14,0,0: Low
Kancheepuram - Palar Basin,Riverine Valley,13.76,1.98,16.89,0.39,0.08,24.2,67.8,28.2,Urban_Residential,15834.0,0.44,5,0,0: Low
Kancheepuram - Palar Basin,Riverine Valley,67.22,13.72,17.6,1.1,0.24,23.99,51.6,45.7,Urban_Residential,10136.0,0.57,5,0,0: Low
Chennai - Madipakkam Lake Buffer,Lake Catchment,18.6,3.5,2.95,0.45,-0.1,3.53,86.5,18.4,Urban_Residential,6551.0,0.31,14,0,0: Low
Chennai - Madipakkam Lake Buffer,Lake Catchment,55.11,7.82,3.99,1.49,0.23,3.22,82.6,17.0,Urban_Residential,11108.0,0.54,14,0,0: Low
Tiruvallur - Kosasthalaiyar Basin,Northern Plain,88.0,31.4,18.18,4.18,0.57,18.45,25.5,71.7,Industrial,3760.0,0.96,7,1,1: Moderate
Chennai - Velachery Lowland Basin,Coastal Lowland,17.91,7.59,3.23,0.03,-0.04,4.09,45.9,50.1,Urban_High_Density,3433.0,0.83,12,0,0: Low
Ramanathapuram - Gundar Basin (Kamuthi),Estuary / Coastal,9.84,6.57,31.08,0.68,-0.06,34.7,48.3,49.7,Commercial,3784.0,0.42,5,0,0: Low
Chennai - Adyar Basin (Nandambakkam),Coastal / Low Basin,29.67,4.43,4.86,0.36,0.1,7.97,82.0,23.4,Urban_High_Density,6033.0,0.83,8,0,0: Low
Chennai - Madipakkam Lake Buffer,Lake Catchment,44.03,17.06,3.52,1.02,0.3,3.15,45.4,58.3,Urban_Residential,13237.0,0.59,14,0,0: Low
Sivaganga - Vaigai/Gundar (Parthibanur),Valley Basin,11.55,5.44,26.09,0.59,-0.07,41.98,89.3,15.6,Urban_Commercial,4808.0,0.97,4,0,0: Low
Chennai - Adyar Basin (Nandambakkam),Coastal / Low Basin,80.78,8.47,5.81,1.31,0.14,7.92,64.8,36.6,Urban_High_Density,5942.0,0.97,8,0,0: Low
Chennai - Velachery Lowland Basin,Coastal Lowland,24.61,5.26,3.79,0.59,0.1,3.99,28.6,63.6,Urban_High_Density,7768.0,0.4,12,0,0: Low
Chennai - Adyar Basin (Nandambakkam),Coastal / Low Basin,2.67,2.06,5.21,0.71,-0.1,7.72,51.5,47.2,Urban_High_Density,9150.0,0.42,8,0,0: Low
Kancheepuram - Palar Basin,Riverine Valley,49.79,15.2,18.61,2.11,0.2,23.64,22.0,71.8,Urban_Residential,10318.0,0.63,5,0,0: Low
Chennai - Madipakkam Lake Buffer,Lake Catchment,44.43,12.61,3.93,1.43,0.16,3.04,56.6,51.0,Urban_Residential,12083.0,0.39,14,1,1: Moderate
Sivaganga - Vaigai/Gundar (Parthibanur),Valley Basin,34.93,18.22,26.36,0.86,0.36,41.36,55.2,40.7,Urban_Commercial,5205.0,0.41,4,0,0: Low
Ramanathapuram - Gundar Basin (Kamuthi),Estuary / Coastal,27.0,1.88,30.9,0.5,0.03,35.21,56.7,41.6,Commercial,3841.0,0.55,5,0,0: Low
Cuddalore - Manimuktha Basin (Virudhachalam),Riverine Plain,8.64,4.97,23.06,0.06,0.03,28.28,86.6,16.5,Agricultural_Mixed,2186.0,0.38,6,0,0: Low
Sivaganga - Vaigai/Gundar (Parthibanur),Valley Basin,113.97,29.47,29.24,3.74,0.7,41.99,89.2,21.2,Urban_Commercial,6451.0,0.76,4,0,0: Low
Sivaganga - Vaigai/Gundar (Parthibanur),Valley Basin,21.12,5.22,25.67,0.17,0.08,41.6,84.3,20.3,Urban_Commercial,16687.0,0.65,4,0,0: Low
Chennai - Velachery Lowland Basin,Coastal Lowland,20.72,7.2,3.43,0.23,-0.07,3.96,83.5,22.2,Urban_High_Density,3702.0,0.61,12,0,0: Low
Chennai - Adyar Basin (Nandambakkam),Coastal / Low Basin,84.76,8.41,5.86,1.36,0.34,7.34,65.0,34.8,Urban_High_Density,16263.0,0.9,8,0,0: Low
Sivaganga - Vaigai/Gundar (Parthibanur),Valley Basin,22.03,2.94,25.58,0.08,0.07,41.71,75.1,18.1,Urban_Commercial,16703.0,0.59,4,0,0: Low
Tiruvallur - Kosasthalaiyar Basin,Northern Plain,22.2,5.14,14.76,0.76,0.04,18.98,65.0,36.7,Industrial,3438.0,0.91,7,0,0: Low
Chennai - Madipakkam Lake Buffer,Lake Catchment,73.41,7.46,3.59,1.09,0.11,3.4,95.0,12.4,Urban_Residential,16712.0,0.59,14,0,0: Low
Ramanathapuram - Gundar Basin (Kamuthi),Estuary / Coastal,84.88,16.85,32.43,2.03,0.21,34.97,28.4,64.0,Commercial,4459.0,0.66,5,0,0: Low
Ramanathapuram - Gundar Basin (Kamuthi),Estuary / Coastal,19.29,5.86,30.57,0.17,0.02,35.25,65.5,37.1,Commercial,2108.0,0.9,5,0,0: Low
Sivaganga - Vaigai/Gundar (Parthibanur),Valley Basin,70.0,13.49,27.57,2.07,0.15,42.02,75.6,16.3,Urban_Commercial,15826.0,0.5,4,0,0: Low
Chennai - Madipakkam Lake Buffer,Lake Catchment,78.43,7.65,3.97,1.47,0.3,3.13,5.0,90.0,Urban_Residential,13700.0,0.58,14,1,1: Moderate
Chennai - Madipakkam Lake Buffer,Lake Catchment,159.15,39.04,6.65,4.15,0.86,2.9,69.5,36.0,Urban_Residential,16646.0,0.45,14,3,3: Severe Inundation
Chennai - Adyar Basin (Nandambakkam),Coastal / Low Basin,38.86,17.2,5.8,1.3,0.16,7.56,85.7,10.0,Urban_High_Density,12642.0,0.55,8,0,0: Low
Chennai - Madipakkam Lake Buffer,Lake Catchment,29.38,1.53,2.9,0.4,-0.04,2.79,92.7,10.0,Urban_Residential,14490.0,0.46,14,0,0: Low
Ramanathapuram - Gundar Basin (Kamuthi),Estuary / Coastal,33.97,8.32,32.45,2.05,0.28,35.17,74.0,16.4,Commercial,2158.0,0.36,5,0,0: Low
Sivaganga - Vaigai/Gundar (Parthibanur),Valley Basin,50.13,12.42,26.75,1.25,0.28,42.49,32.7,64.9,Urban_Commercial,5444.0,0.77,4,0,0: Low
Kancheepuram - Palar Basin,Riverine Valley,28.05,2.15,16.68,0.18,-0.07,24.25,25.3,80.2,Urban_Residential,11163.0,0.7,5,0,0: Low
Chennai - Velachery Lowland Basin,Coastal Lowland,4.39,7.94,3.8,0.6,0.06,3.68,91.3,10.0,Urban_High_Density,12381.0,0.97,12,0,0: Low
Ramanathapuram - Gundar Basin (Kamuthi),Estuary / Coastal,15.37,1.4,31.0,0.6,0.0,35.1,40.0,61.8,Commercial,3343.0,0.92,5,0,0: Low
Kancheepuram - Palar Basin,Riverine Valley,56.55,15.36,17.46,0.96,0.14,23.82,82.8,22.6,Urban_Residential,16757.0,0.43,5,0,0: Low
Chennai - Adyar Basin (Nandambakkam),Coastal / Low Basin,132.01,42.54,7.31,2.81,0.55,7.47,70.0,30.8,Urban_High_Density,5432.0,0.59,8,2,2: High
Cuddalore - Manimuktha Basin (Virudhachalam),Riverine Plain,3.28,2.28,23.55,0.55,0.1,28.35,34.3,65.4,Agricultural_Mixed,2700.0,0.97,6,0,0: Low
Chennai - Adyar Basin (Nandambakkam),Coastal / Low Basin,29.29,2.7,5.21,0.71,-0.07,7.24,42.9,52.9,Urban_High_Density,6417.0,0.62,8,0,0: Low
Sivaganga - Vaigai/Gundar (Parthibanur),Valley Basin,91.9,37.03,28.93,3.43,0.45,42.39,56.6,49.0,Urban_Commercial,9262.0,0.73,4,0,0: Low
Sivaganga - Vaigai/Gundar (Parthibanur),Valley Basin,233.28,44.68,32.09,6.59,1.42,42.68,89.4,10.5,Urban_Commercial,8204.0,0.48,4,1,1: Moderate
Chennai - Adyar Basin (Nandambakkam),Coastal / Low Basin,6.5,3.78,4.79,0.29,-0.04,7.73,70.9,36.2,Urban_High_Density,4943.0,0.42,8,0,0: Low
Kancheepuram - Palar Basin,Riverine Valley,4.06,7.54,16.59,0.09,-0.05,24.08,54.6,47.1,Urban_Residential,17909.0,0.7,5,0,0: Low
Chennai - Adyar Basin (Nandambakkam),Coastal / Low Basin,20.39,4.21,4.72,0.22,0.04,7.76,25.0,78.4,Urban_High_Density,6799.0,0.55,8,0,0: Low
Chennai - Madipakkam Lake Buffer,Lake Catchment,82.49,10.18,3.82,1.32,0.3,3.4,68.5,28.7,Urban_Residential,5237.0,0.44,14,1,1: Moderate
Sivaganga - Vaigai/Gundar (Parthibanur),Valley Basin,8.57,4.36,25.76,0.26,0.01,42.32,62.7,36.7,Urban_Commercial,7844.0,0.37,4,0,0: Low
Ramanathapuram - Gundar Basin (Kamuthi),Estuary / Coastal,23.48,1.92,30.58,0.18,0.04,35.66,34.3,66.1,Commercial,4468.0,0.6,5,0,0: Low
Chennai - Madipakkam Lake Buffer,Lake Catchment,180.34,80.89,7.68,5.18,1.12,2.8,83.7,13.6,Urban_Residential,7865.0,0.89,14,3,3: Severe Inundation
Ramanathapuram - Gundar Basin (Kamuthi),Estuary / Coastal,96.48,35.23,34.38,3.98,0.76,35.55,29.5,72.8,Commercial,921.0,0.94,5,0,0: Low
Chennai - Madipakkam Lake Buffer,Lake Catchment,8.4,4.56,3.13,0.63,-0.09,2.9,49.3,45.9,Urban_Residential,6107.0,0.72,14,0,0: Low
Chennai - Adyar Basin (Nandambakkam),Coastal / Low Basin,75.39,13.0,5.68,1.18,0.29,7.87,67.1,33.7,Urban_High_Density,10824.0,0.41,8,0,0: Low
Chennai - Adyar Basin (Nandambakkam),Coastal / Low Basin,14.69,2.19,4.68,0.18,-0.06,7.26,55.9,37.1,Urban_High_Density,16392.0,0.37,8,0,0: Low
Ramanathapuram - Gundar Basin (Kamuthi),Estuary / Coastal,37.78,7.51,32.05,1.65,0.35,35.09,70.0,26.3,Commercial,4223.0,0.64,5,0,0: Low
Ramanathapuram - Gundar Basin (Kamuthi),Estuary / Coastal,88.96,18.22,34.41,4.01,0.63,34.77,59.3,42.0,Commercial,1192.0,0.49,5,0,0: Low
Cuddalore - Manimuktha Basin (Virudhachalam),Riverine Plain,151.71,39.89,26.5,3.5,0.9,27.93,44.4,50.9,Agricultural_Mixed,1175.0,0.64,6,1,1: Moderate
Chennai - Madipakkam Lake Buffer,Lake Catchment,26.56,7.45,3.27,0.77,0.04,3.38,35.2,62.5,Urban_Residential,13290.0,0.89,14,0,0: Low
Cuddalore - Manimuktha Basin (Virudhachalam),Riverine Plain,22.41,4.59,23.35,0.35,-0.04,27.99,45.3,44.4,Agricultural_Mixed,2964.0,0.66,6,0,0: Low
Chennai - Madipakkam Lake Buffer,Lake Catchment,23.88,4.33,3.29,0.79,-0.09,3.38,83.1,17.3,Urban_Residential,16612.0,0.59,14,0,0: Low
Tiruvallur - Kosasthalaiyar Basin,Northern Plain,131.48,26.27,16.89,2.89,0.54,19.17,59.7,36.6,Industrial,2722.0,0.91,7,1,1: Moderate
Cuddalore - Manimuktha Basin (Virudhachalam),Riverine Plain,74.57,9.41,25.0,2.0,0.26,27.98,79.8,27.8,Agricultural_Mixed,2331.0,0.97,6,0,0: Low
Chennai - Madipakkam Lake Buffer,Lake Catchment,10.16,6.43,2.6,0.1,0.06,3.2,74.5,25.1,Urban_Residential,6316.0,0.57,14,0,0: Low
Chennai - Velachery Lowland Basin,Coastal Lowland,132.96,23.58,7.23,4.03,0.83,3.61,80.6,14.9,Urban_High_Density,7627.0,0.72,12,2,2: High
Chennai - Madipakkam Lake Buffer,Lake Catchment,57.28,9.73,3.56,1.06,0.39,3.3,42.3,53.6,Urban_Residential,4691.0,0.82,14,1,1: Moderate
Ramanathapuram - Gundar Basin (Kamuthi),Estuary / Coastal,136.08,28.42,33.43,3.03,0.39,34.52,47.2,54.2,Commercial,2960.0,0.99,5,0,0: Low
Ramanathapuram - Gundar Basin (Kamuthi),Estuary / Coastal,8.39,4.88,31.0,0.6,0.08,34.89,83.9,28.6,Commercial,864.0,0.31,5,0,0: Low
Tiruvallur - Kosasthalaiyar Basin,Northern Plain,39.55,13.64,15.3,1.3,0.37,19.34,60.1,40.9,Industrial,2655.0,0.43,7,0,0: Low
Kancheepuram - Palar Basin,Riverine Valley,41.96,18.97,18.38,1.88,0.18,24.23,80.6,18.1,Urban_Residential,5392.0,0.31,5,0,0: Low
Chennai - Madipakkam Lake Buffer,Lake Catchment,303.8,60.4,8.06,5.56,1.1,3.11,38.9,64.5,Urban_Residential,12640.0,0.55,14,3,3: Severe Inundation
Ramanathapuram - Gundar Basin (Kamuthi),Estuary / Coastal,14.49,1.89,30.47,0.07,0.02,35.4,53.8,39.0,Commercial,2398.0,0.37,5,0,0: Low
Chennai - Madipakkam Lake Buffer,Lake Catchment,253.3,48.3,9.27,6.77,1.27,3.5,57.5,43.4,Urban_Residential,7862.0,0.39,14,3,3: Severe Inundation
Sivaganga - Vaigai/Gundar (Parthibanur),Valley Basin,18.5,4.97,25.92,0.42,-0.08,42.64,68.5,31.8,Urban_Commercial,16146.0,0.54,4,0,0: Low
Ramanathapuram - Gundar Basin (Kamuthi),Estuary / Coastal,185.79,41.06,35.67,5.27,1.39,35.13,67.3,43.8,Commercial,3444.0,0.32,5,1,1: Moderate
Tiruvallur - Kosasthalaiyar Basin,Northern Plain,30.86,15.65,15.96,1.96,0.13,19.39,75.0,18.8,Industrial,3698.0,0.4,7,0,0: Low
Chennai - Velachery Lowland Basin,Coastal Lowland,2.62,5.0,3.4,0.2,0.07,3.74,94.8,14.6,Urban_High_Density,2575.0,0.62,12,0,0: Low
Chennai - Velachery Lowland Basin,Coastal Lowland,163.28,69.68,8.71,5.51,1.08,3.4,41.4,57.8,Urban_High_Density,15171.0,0.94,12,3,3: Severe Inundation
Ramanathapuram - Gundar Basin (Kamuthi),Estuary / Coastal,106.51,25.33,33.89,3.49,0.55,34.8,48.7,53.6,Commercial,841.0,0.41,5,0,0: Low
Ramanathapuram - Gundar Basin (Kamuthi),Estuary / Coastal,54.13,12.63,32.06,1.66,0.17,34.72,79.0,26.1,Commercial,2668.0,0.59,5,0,0: Low
Chennai - Adyar Basin (Nandambakkam),Coastal / Low Basin,20.43,3.23,4.68,0.18,-0.08,7.46,53.0,42.2,Urban_High_Density,16756.0,0.75,8,0,0: Low
Tiruvallur - Kosasthalaiyar Basin,Northern Plain,69.23,18.31,15.66,1.66,0.23,19.23,41.4,46.9,Industrial,3612.0,0.73,7,0,0: Low
Chennai - Adyar Basin (Nandambakkam),Coastal / Low Basin,202.35,82.62,12.36,7.86,1.61,7.61,71.2,31.1,Urban_High_Density,14810.0,0.7,8,3,3: Severe Inundation
Ramanathapuram - Gundar Basin (Kamuthi),Estuary / Coastal,23.03,2.64,30.6,0.2,0.03,35.29,75.2,28.4,Commercial,2703.0,0.88,5,0,0: Low
Chennai - Madipakkam Lake Buffer,Lake Catchment,20.95,6.7,2.72,0.22,-0.09,3.02,45.0,53.7,Urban_Residential,3142.0,0.88,14,0,0: Low
Sivaganga - Vaigai/Gundar (Parthibanur),Valley Basin,7.47,5.49,25.75,0.25,-0.0,42.17,69.3,33.4,Urban_Commercial,7627.0,0.45,4,0,0: Low
Cuddalore - Manimuktha Basin (Virudhachalam),Riverine Plain,12.14,1.31,23.31,0.31,0.01,27.84,69.9,42.3,Agricultural_Mixed,2526.0,0.38,6,0,0: Low
Kancheepuram - Palar Basin,Riverine Valley,25.99,1.09,17.25,0.75,0.07,23.66,42.0,49.1,Urban_Residential,16644.0,0.61,5,0,0: Low
Ramanathapuram - Gundar Basin (Kamuthi),Estuary / Coastal,35.13,19.12,31.46,1.06,0.37,35.35,17.7,80.8,Commercial,3042.0,0.81,5,0,0: Low
Chennai - Madipakkam Lake Buffer,Lake Catchment,141.13,20.85,5.53,3.03,0.46,3.5,79.7,24.7,Urban_Residential,12733.0,0.34,14,2,2: High
Cuddalore - Manimuktha Basin (Virudhachalam),Riverine Plain,258.82,72.07,30.27,7.27,1.02,27.48,47.6,46.0,Agricultural_Mixed,2271.0,0.91,6,3,3: Severe Inundation
Sivaganga - Vaigai/Gundar (Parthibanur),Valley Basin,104.0,26.03,28.93,3.43,0.57,41.7,79.5,19.6,Urban_Commercial,13838.0,0.34,4,0,0: Low
Chennai - Madipakkam Lake Buffer,Lake Catchment,63.0,13.03,4.66,2.16,0.14,4.05,68.7,29.2,Urban_Residential,12494.0,0.91,14,1,1: Moderate
Chennai - Madipakkam Lake Buffer,Lake Catchment,71.22,15.73,4.07,1.57,0.27,3.38,50.3,53.9,Urban_Residential,14930.0,0.98,14,1,1: Moderate
Ramanathapuram - Gundar Basin (Kamuthi),Estuary / Coastal,61.21,12.86,31.49,1.09,0.2,35.18,73.9,26.9,Commercial,2086.0,0.48,5,0,0: Low
Cuddalore - Manimuktha Basin (Virudhachalam),Riverine Plain,22.45,7.22,23.27,0.27,-0.07,27.75,93.7,10.0,Agricultural_Mixed,1799.0,0.58,6,0,0: Low
Chennai - Madipakkam Lake Buffer,Lake Catchment,95.22,21.35,6.85,4.35,0.43,3.24,83.6,27.3,Urban_Residential,16535.0,0.5,14,2,2: High
Kancheepuram - Palar Basin,Riverine Valley,224.13,47.26,21.24,4.74,1.76,23.59,47.6,40.0,Urban_Residential,4152.0,0.7,5,2,2: High
Chennai - Adyar Basin (Nandambakkam),Coastal / Low Basin,19.86,1.7,4.61,0.11,0.0,7.15,51.6,41.2,Urban_High_Density,14486.0,0.64,8,0,0: Low
Chennai - Velachery Lowland Basin,Coastal Lowland,22.71,5.94,3.54,0.34,-0.08,3.74,18.4,77.3,Urban_High_Density,9079.0,0.56,12,0,0: Low
Sivaganga - Vaigai/Gundar (Parthibanur),Valley Basin,250.48,68.84,32.74,7.24,1.37,41.56,64.2,38.1,Urban_Commercial,7263.0,0.68,4,2,2: High
Sivaganga - Vaigai/Gundar (Parthibanur),Valley Basin,121.89,32.77,27.79,2.29,0.67,41.93,52.6,50.2,Urban_Commercial,11988.0,0.6,4,0,0: Low
Cuddalore - Manimuktha Basin (Virudhachalam),Riverine Plain,63.38,13.83,24.95,1.95,0.34,28.55,76.7,18.8,Agricultural_Mixed,3210.0,0.75,6,0,0: Low
Chennai - Madipakkam Lake Buffer,Lake Catchment,73.06,7.93,4.05,1.55,0.37,2.84,46.5,51.0,Urban_Residential,11230.0,0.78,14,1,1: Moderate
Chennai - Velachery Lowland Basin,Coastal Lowland,21.16,1.43,3.24,0.04,-0.03,3.99,93.6,12.9,Urban_High_Density,15165.0,0.66,12,0,0: Low
Cuddalore - Manimuktha Basin (Virudhachalam),Riverine Plain,157.33,25.53,25.68,2.68,0.5,28.2,73.8,33.6,Agricultural_Mixed,3759.0,0.89,6,0,0: Low
Chennai - Adyar Basin (Nandambakkam),Coastal / Low Basin,14.95,3.78,5.1,0.6,0.0,7.9,81.9,16.6,Urban_High_Density,4731.0,0.31,8,0,0: Low
Chennai - Adyar Basin (Nandambakkam),Coastal / Low Basin,54.67,8.86,5.49,0.99,0.25,7.13,86.0,10.0,Urban_High_Density,10377.0,0.32,8,0,0: Low
Tiruvallur - Kosasthalaiyar Basin,Northern Plain,53.58,7.55,15.86,1.86,0.31,18.52,95.0,10.3,Industrial,4124.0,0.56,7,0,0: Low
Kancheepuram - Palar Basin,Riverine Valley,41.16,13.33,18.24,1.74,0.36,23.84,88.2,10.9,Urban_Residential,5064.0,0.92,5,0,0: Low
Tiruvallur - Kosasthalaiyar Basin,Northern Plain,10.61,3.66,14.64,0.64,-0.02,19.04,70.8,35.4,Industrial,1072.0,0.69,7,0,0: Low
Ramanathapuram - Gundar Basin (Kamuthi),Estuary / Coastal,52.06,6.72,31.55,1.15,0.16,34.26,72.6,26.2,Commercial,999.0,0.45,5,0,0: Low
Tiruvallur - Kosasthalaiyar Basin,Northern Plain,120.17,40.48,16.72,2.72,0.71,19.08,56.2,38.3,Industrial,4193.0,0.5,7,1,1: Moderate
Kancheepuram - Palar Basin,Riverine Valley,65.93,9.62,17.81,1.31,0.14,24.25,68.4,36.9,Urban_Residential,12484.0,0.54,5,0,0: Low
Tiruvallur - Kosasthalaiyar Basin,Northern Plain,17.65,3.06,14.13,0.13,0.02,19.06,39.5,66.8,Industrial,3007.0,0.96,7,0,0: Low
Chennai - Madipakkam Lake Buffer,Lake Catchment,104.85,21.12,6.65,4.15,0.71,3.27,53.9,41.3,Urban_Residential,15424.0,0.6,14,2,2: High
Tiruvallur - Kosasthalaiyar Basin,Northern Plain,4.57,7.31,14.6,0.6,-0.09,19.07,69.5,38.3,Industrial,782.0,0.79,7,0,0: Low
Cuddalore - Manimuktha Basin (Virudhachalam),Riverine Plain,2.07,1.56,23.42,0.42,0.03,27.43,45.4,54.3,Agricultural_Mixed,1698.0,0.64,6,0,0: Low
Kancheepuram - Palar Basin,Riverine Valley,38.29,15.4,17.33,0.83,0.17,24.1,65.2,31.6,Urban_Residential,17729.0,0.82,5,0,0: Low
Sivaganga - Vaigai/Gundar (Parthibanur),Valley Basin,62.73,14.41,26.6,1.1,0.3,42.53,33.6,63.3,Urban_Commercial,4525.0,0.31,4,0,0: Low
Ramanathapuram - Gundar Basin (Kamuthi),Estuary / Coastal,7.54,6.42,30.76,0.36,-0.01,35.4,47.9,47.9,Commercial,1712.0,0.33,5,0,0: Low
Kancheepuram - Palar Basin,Riverine Valley,54.12,12.52,17.74,1.24,0.36,24.29,65.6,36.6,Urban_Residential,17796.0,0.5,5,0,0: Low
Cuddalore - Manimuktha Basin (Virudhachalam),Riverine Plain,47.67,14.39,24.12,1.12,0.11,27.96,61.0,41.1,Agricultural_Mixed,1711.0,0.64,6,0,0: Low
Chennai - Adyar Basin (Nandambakkam),Coastal / Low Basin,85.67,42.95,8.69,4.19,0.63,7.36,67.7,28.0,Urban_High_Density,13032.0,0.39,8,2,2: High
Chennai - Velachery Lowland Basin,Coastal Lowland,64.07,17.15,4.88,1.68,0.13,3.94,53.8,53.9,Urban_High_Density,17578.0,0.4,12,1,1: Moderate
Chennai - Adyar Basin (Nandambakkam),Coastal / Low Basin,11.8,2.49,4.73,0.23,0.02,7.1,57.8,33.3,Urban_High_Density,14838.0,0.7,8,0,0: Low
Chennai - Madipakkam Lake Buffer,Lake Catchment,289.43,57.87,8.67,6.17,1.05,3.93,54.2,42.8,Urban_Residential,7906.0,0.73,14,3,3: Severe Inundation
Chennai - Velachery Lowland Basin,Coastal Lowland,86.7,18.77,7.05,3.85,0.86,4.22,33.0,65.5,Urban_High_Density,9349.0,0.96,12,2,2: High
Cuddalore - Manimuktha Basin (Virudhachalam),Riverine Plain,85.62,20.91,27.46,4.46,0.32,27.94,17.5,75.9,Agricultural_Mixed,2551.0,0.86,6,0,0: Low
Cuddalore - Manimuktha Basin (Virudhachalam),Riverine Plain,10.77,1.28,23.04,0.04,0.04,27.98,51.8,42.0,Agricultural_Mixed,4033.0,0.91,6,0,0: Low
Chennai - Madipakkam Lake Buffer,Lake Catchment,116.17,35.0,4.98,2.48,0.63,3.23,76.7,35.7,Urban_Residential,14780.0,0.51,14,2,2: High
Ramanathapuram - Gundar Basin (Kamuthi),Estuary / Coastal,65.09,9.89,32.34,1.94,0.29,34.97,54.2,44.2,Commercial,2772.0,0.93,5,0,0: Low
Tiruvallur - Kosasthalaiyar Basin,Northern Plain,12.36,5.21,14.47,0.47,0.02,18.76,60.9,44.4,Industrial,2037.0,0.47,7,0,0: Low
Ramanathapuram - Gundar Basin (Kamuthi),Estuary / Coastal,122.59,40.94,34.05,3.65,0.68,34.99,41.0,58.2,Commercial,2739.0,0.45,5,1,1: Moderate
Cuddalore - Manimuktha Basin (Virudhachalam),Riverine Plain,57.24,17.23,25.11,2.11,0.18,28.34,49.5,52.0,Agricultural_Mixed,2758.0,0.38,6,0,0: Low
Cuddalore - Manimuktha Basin (Virudhachalam),Riverine Plain,23.53,7.69,23.25,0.25,-0.05,28.64,74.4,28.4,Agricultural_Mixed,1049.0,0.67,6,0,0: Low
Chennai - Madipakkam Lake Buffer,Lake Catchment,120.28,33.29,5.13,2.63,0.39,3.36,93.3,10.2,Urban_Residential,9194.0,0.96,14,2,2: High
Kancheepuram - Palar Basin,Riverine Valley,301.23,47.47,21.61,5.11,1.28,23.37,72.7,24.0,Urban_Residential,16857.0,0.8,5,3,3: Severe Inundation
Chennai - Adyar Basin (Nandambakkam),Coastal / Low Basin,15.73,7.69,5.16,0.66,0.01,7.68,43.1,58.4,Urban_High_Density,17120.0,0.73,8,0,0: Low
Tiruvallur - Kosasthalaiyar Basin,Northern Plain,44.17,14.91,16.03,2.03,0.27,19.52,61.5,37.9,Industrial,4386.0,0.96,7,0,0: Low
Ramanathapuram - Gundar Basin (Kamuthi),Estuary / Coastal,21.11,1.53,30.52,0.12,0.07,34.98,70.5,27.9,Commercial,3663.0,0.51,5,0,0: Low
Tiruvallur - Kosasthalaiyar Basin,Northern Plain,174.87,76.17,20.76,6.76,1.03,19.25,66.7,33.4,Industrial,1071.0,0.62,7,3,3: Severe Inundation
Ramanathapuram - Gundar Basin (Kamuthi),Estuary / Coastal,37.77,11.36,31.59,1.19,0.32,34.79,73.1,24.6,Commercial,4352.0,0.42,5,0,0: Low
Chennai - Adyar Basin (Nandambakkam),Coastal / Low Basin,21.39,4.55,5.22,0.72,-0.02,8.01,76.5,26.0,Urban_High_Density,6836.0,0.61,8,0,0: Low
Cuddalore - Manimuktha Basin (Virudhachalam),Riverine Plain,188.54,41.96,30.29,7.29,1.36,28.23,34.8,71.0,Agricultural_Mixed,2242.0,0.45,6,2,2: High
Chennai - Madipakkam Lake Buffer,Lake Catchment,2.37,7.29,2.61,0.11,0.05,2.81,93.1,12.4,Urban_Residential,11237.0,0.54,14,0,0: Low
Sivaganga - Vaigai/Gundar (Parthibanur),Valley Basin,43.39,18.6,27.11,1.61,0.25,41.84,70.5,32.0,Urban_Commercial,16747.0,0.39,4,0,0: Low
Sivaganga - Vaigai/Gundar (Parthibanur),Valley Basin,22.87,3.15,25.68,0.18,0.01,42.23,55.7,42.4,Urban_Commercial,6668.0,0.8,4,0,0: Low
Tiruvallur - Kosasthalaiyar Basin,Northern Plain,45.82,7.7,15.39,1.39,0.11,19.35,29.6,70.2,Industrial,1056.0,0.42,7,0,0: Low
Chennai - Velachery Lowland Basin,Coastal Lowland,61.94,17.48,5.4,2.2,0.33,4.02,82.6,17.0,Urban_High_Density,2682.0,0.78,12,1,1: Moderate
Chennai - Velachery Lowland Basin,Coastal Lowland,10.18,1.37,3.24,0.04,0.03,3.92,83.2,20.2,Urban_High_Density,15053.0,0.94,12,0,0: Low
Chennai - Velachery Lowland Basin,Coastal Lowland,77.09,13.21,4.25,1.05,0.31,3.55,64.4,29.0,Urban_High_Density,17163.0,0.9,12,1,1: Moderate
Sivaganga - Vaigai/Gundar (Parthibanur),Valley Basin,2.58,1.59,26.07,0.57,-0.06,41.65,50.4,49.1,Urban_Commercial,10810.0,0.44,4,0,0: Low
Cuddalore - Manimuktha Basin (Virudhachalam),Riverine Plain,73.29,19.09,24.97,1.97,0.22,28.4,75.3,37.8,Agricultural_Mixed,2504.0,0.44,6,0,0: Low
Chennai - Adyar Basin (Nandambakkam),Coastal / Low Basin,61.66,16.66,6.52,2.02,0.17,7.35,87.0,16.1,Urban_High_Density,14754.0,0.64,8,0,0: Low
Tiruvallur - Kosasthalaiyar Basin,Northern Plain,72.33,10.03,15.79,1.79,0.28,18.34,76.6,23.7,Industrial,2518.0,0.45,7,0,0: Low
Kancheepuram - Palar Basin,Riverine Valley,14.86,1.07,16.72,0.22,-0.01,24.09,63.5,33.6,Urban_Residential,6565.0,0.73,5,0,0: Low
Ramanathapuram - Gundar Basin (Kamuthi),Estuary / Coastal,31.36,17.93,31.27,0.87,0.17,35.34,94.5,10.0,Commercial,3529.0,0.77,5,0,0: Low
Chennai - Adyar Basin (Nandambakkam),Coastal / Low Basin,97.91,29.42,8.4,3.9,0.62,6.97,86.8,10.9,Urban_High_Density,6084.0,0.31,8,1,1: Moderate
Chennai - Madipakkam Lake Buffer,Lake Catchment,8.75,6.58,3.1,0.6,-0.08,3.26,28.6,72.4,Urban_Residential,17055.0,0.4,14,0,0: Low
Chennai - Adyar Basin (Nandambakkam),Coastal / Low Basin,101.2,43.14,8.3,3.8,0.64,8.0,63.6,33.3,Urban_High_Density,5913.0,0.35,8,2,2: High
Tiruvallur - Kosasthalaiyar Basin,Northern Plain,2.81,3.2,14.62,0.62,0.07,19.11,64.9,35.0,Industrial,1943.0,0.7,7,0,0: Low
Cuddalore - Manimuktha Basin (Virudhachalam),Riverine Plain,71.73,15.43,24.54,1.54,0.34,27.92,75.3,21.2,Agricultural_Mixed,1477.0,0.39,6,0,0: Low
Chennai - Velachery Lowland Basin,Coastal Lowland,16.66,1.88,3.79,0.59,-0.03,4.03,51.5,46.8,Urban_High_Density,6952.0,0.72,12,0,0: Low
Kancheepuram - Palar Basin,Riverine Valley,106.51,33.76,20.64,4.14,0.41,24.1,64.7,37.2,Urban_Residential,13436.0,0.41,5,1,1: Moderate
Sivaganga - Vaigai/Gundar (Parthibanur),Valley Basin,45.19,9.18,26.65,1.15,0.32,41.65,82.5,19.2,Urban_Commercial,7050.0,0.96,4,0,0: Low
Cuddalore - Manimuktha Basin (Virudhachalam),Riverine Plain,25.65,6.51,23.24,0.24,-0.08,28.32,35.7,69.8,Agricultural_Mixed,1395.0,0.61,6,0,0: Low
Chennai - Adyar Basin (Nandambakkam),Coastal / Low Basin,163.2,64.98,10.3,5.8,1.26,8.13,27.1,70.9,Urban_High_Density,11051.0,0.49,8,3,3: Severe Inundation
Sivaganga - Vaigai/Gundar (Parthibanur),Valley Basin,82.69,12.87,27.4,1.9,0.17,42.07,62.4,34.4,Urban_Commercial,13755.0,0.36,4,0,0: Low
Ramanathapuram - Gundar Basin (Kamuthi),Estuary / Coastal,115.44,27.63,34.11,3.71,0.35,34.72,67.8,31.6,Commercial,706.0,0.95,5,0,0: Low
Chennai - Velachery Lowland Basin,Coastal Lowland,263.26,68.12,10.39,7.19,1.07,4.25,74.1,20.8,Urban_High_Density,16770.0,0.81,12,3,3: Severe Inundation
Cuddalore - Manimuktha Basin (Virudhachalam),Riverine Plain,4.09,8.0,23.55,0.55,0.08,28.1,64.6,34.2,Agricultural_Mixed,4404.0,0.45,6,0,0: Low
Kancheepuram - Palar Basin,Riverine Valley,113.95,36.43,18.95,2.45,0.54,23.8,35.0,67.0,Urban_Residential,11164.0,0.31,5,1,1: Moderate
Cuddalore - Manimuktha Basin (Virudhachalam),Riverine Plain,3.42,3.92,23.52,0.52,0.08,28.3,53.0,49.1,Agricultural_Mixed,2428.0,0.55,6,0,0: Low
Chennai - Velachery Lowland Basin,Coastal Lowland,10.85,3.03,3.82,0.62,-0.0,3.99,41.0,60.2,Urban_High_Density,13654.0,0.64,12,0,0: Low
Tiruvallur - Kosasthalaiyar Basin,Northern Plain,50.44,17.15,15.99,1.99,0.12,19.02,90.7,10.5,Industrial,1729.0,0.73,7,0,0: Low
Kancheepuram - Palar Basin,Riverine Valley,22.08,3.63,17.05,0.55,0.0,23.84,35.7,58.6,Urban_Residential,8084.0,0.39,5,0,0: Low
Kancheepuram - Palar Basin,Riverine Valley,23.31,4.22,16.56,0.06,0.03,23.39,51.4,38.5,Urban_Residential,3652.0,0.83,5,0,0: Low
Chennai - Velachery Lowland Basin,Coastal Lowland,70.86,12.95,4.1,0.9,0.26,4.02,55.0,39.0,Urban_High_Density,12580.0,0.95,12,1,1: Moderate
Cuddalore - Manimuktha Basin (Virudhachalam),Riverine Plain,29.05,7.18,23.11,0.11,0.03,27.6,27.3,76.0,Agricultural_Mixed,4165.0,0.37,6,0,0: Low
Tiruvallur - Kosasthalaiyar Basin,Northern Plain,22.02,4.07,14.51,0.51,-0.04,19.21,54.3,46.3,Industrial,619.0,0.53,7,0,0: Low
Ramanathapuram - Gundar Basin (Kamuthi),Estuary / Coastal,23.5,1.59,31.14,0.74,-0.01,34.85,72.8,26.8,Commercial,3619.0,0.82,5,0,0: Low
Chennai - Madipakkam Lake Buffer,Lake Catchment,44.14,14.71,3.77,1.27,0.21,2.53,43.8,57.2,Urban_Residential,6153.0,0.47,14,1,1: Moderate
Tiruvallur - Kosasthalaiyar Basin,Northern Plain,286.42,75.2,21.02,7.02,1.07,18.97,60.1,30.1,Industrial,2759.0,0.62,7,3,3: Severe Inundation
Chennai - Madipakkam Lake Buffer,Lake Catchment,73.48,12.71,4.21,1.71,0.26,3.05,47.8,46.8,Urban_Residential,16426.0,0.68,14,1,1: Moderate
Ramanathapuram - Gundar Basin (Kamuthi),Estuary / Coastal,29.51,7.72,31.03,0.63,0.06,34.49,66.4,27.5,Commercial,2506.0,0.87,5,0,0: Low
Kancheepuram - Palar Basin,Riverine Valley,38.47,8.7,17.48,0.98,0.25,24.22,52.9,42.0,Urban_Residential,11944.0,0.37,5,0,0: Low
Chennai - Adyar Basin (Nandambakkam),Coastal / Low Basin,146.41,34.59,7.37,2.87,0.58,7.38,80.0,28.6,Urban_High_Density,14544.0,0.37,8,2,2: High
Chennai - Velachery Lowland Basin,Coastal Lowland,26.12,1.75,3.91,0.71,-0.03,4.11,59.7,39.1,Urban_High_Density,4670.0,0.79,12,0,0: Low
Kancheepuram - Palar Basin,Riverine Valley,109.29,30.58,19.08,2.58,0.68,24.06,60.8,41.5,Urban_Residential,4489.0,0.7,5,0,0: Low
Kancheepuram - Palar Basin,Riverine Valley,31.0,17.26,17.73,1.23,0.14,23.78,51.3,45.5,Urban_Residential,8416.0,0.88,5,0,0: Low
Chennai - Velachery Lowland Basin,Coastal Lowland,3.16,6.11,3.71,0.51,-0.02,3.4,67.7,35.1,Urban_High_Density,6402.0,0.83,12,0,0: Low
Sivaganga - Vaigai/Gundar (Parthibanur),Valley Basin,23.33,1.69,26.29,0.79,0.08,41.36,69.1,35.0,Urban_Commercial,12443.0,0.86,4,0,0: Low
Chennai - Velachery Lowland Basin,Coastal Lowland,40.36,8.17,4.02,0.82,0.37,3.75,60.9,43.7,Urban_High_Density,11671.0,0.73,12,0,0: Low
Chennai - Adyar Basin (Nandambakkam),Coastal / Low Basin,65.0,7.61,6.26,1.76,0.13,7.51,63.5,38.7,Urban_High_Density,6969.0,0.6,8,0,0: Low
Ramanathapuram - Gundar Basin (Kamuthi),Estuary / Coastal,26.34,6.35,30.57,0.17,-0.1,34.92,72.2,26.9,Commercial,1613.0,0.57,5,0,0: Low
Cuddalore - Manimuktha Basin (Virudhachalam),Riverine Plain,155.29,40.93,26.12,3.12,0.89,28.08,83.8,13.2,Agricultural_Mixed,4450.0,0.68,6,1,1: Moderate
Cuddalore - Manimuktha Basin (Virudhachalam),Riverine Plain,10.45,7.32,23.09,0.09,0.09,27.84,38.3,60.9,Agricultural_Mixed,3481.0,0.64,6,0,0: Low
Chennai - Madipakkam Lake Buffer,Lake Catchment,276.54,81.16,7.85,5.35,1.51,3.75,44.9,48.6,Urban_Residential,9792.0,0.45,14,3,3: Severe Inundation
Tiruvallur - Kosasthalaiyar Basin,Northern Plain,99.39,25.77,18.16,4.16,0.5,18.73,66.0,37.7,Industrial,2198.0,0.99,7,1,1: Moderate
Sivaganga - Vaigai/Gundar (Parthibanur),Valley Basin,31.62,12.88,27.31,1.81,0.11,42.0,86.5,20.9,Urban_Commercial,11229.0,0.58,4,0,0: Low
Chennai - Adyar Basin (Nandambakkam),Coastal / Low Basin,71.78,18.0,6.23,1.73,0.39,7.48,72.9,23.3,Urban_High_Density,16211.0,0.39,8,0,0: Low
Tiruvallur - Kosasthalaiyar Basin,Northern Plain,24.85,4.34,14.06,0.06,-0.06,19.23,37.2,60.9,Industrial,1187.0,0.71,7,0,0: Low
Tiruvallur - Kosasthalaiyar Basin,Northern Plain,11.42,7.64,14.77,0.77,0.07,19.33,74.0,28.4,Industrial,1477.0,0.37,7,0,0: Low
Kancheepuram - Palar Basin,Riverine Valley,13.81,3.04,16.57,0.07,-0.06,24.07,91.6,12.1,Urban_Residential,6210.0,0.32,5,0,0: Low
Sivaganga - Vaigai/Gundar (Parthibanur),Valley Basin,95.85,39.95,29.04,3.54,0.74,41.69,50.1,52.8,Urban_Commercial,7936.0,0.57,4,0,0: Low
Kancheepuram - Palar Basin,Riverine Valley,247.76,81.57,23.86,7.36,0.99,24.05,69.9,30.9,Urban_Residential,4210.0,0.88,5,3,3: Severe Inundation
Chennai - Velachery Lowland Basin,Coastal Lowland,10.93,6.88,3.82,0.62,-0.02,3.49,37.3,64.0,Urban_High_Density,4371.0,0.82,12,0,0: Low
Cuddalore - Manimuktha Basin (Virudhachalam),Riverine Plain,63.73,18.49,24.09,1.09,0.36,28.13,81.8,26.1,Agricultural_Mixed,1431.0,0.69,6,0,0: Low
Tiruvallur - Kosasthalaiyar Basin,Northern Plain,32.54,8.84,16.12,2.12,0.39,18.62,49.1,50.1,Industrial,2511.0,0.92,7,0,0: Low
Chennai - Adyar Basin (Nandambakkam),Coastal / Low Basin,45.36,10.42,6.14,1.64,0.26,7.64,71.5,25.0,Urban_High_Density,3970.0,0.78,8,0,0: Low
Ramanathapuram - Gundar Basin (Kamuthi),Estuary / Coastal,20.12,2.98,30.83,0.43,-0.08,35.2,72.5,25.9,Commercial,1697.0,0.37,5,0,0: Low
Cuddalore - Manimuktha Basin (Virudhachalam),Riverine Plain,59.78,8.45,24.98,1.98,0.2,28.27,70.9,37.5,Agricultural_Mixed,4059.0,0.59,6,0,0: Low
Kancheepuram - Palar Basin,Riverine Valley,229.88,50.83,23.27,6.77,1.75,24.14,46.6,42.1,Urban_Residential,16826.0,0.51,5,3,3: Severe Inundation
Ramanathapuram - Gundar Basin (Kamuthi),Estuary / Coastal,19.96,4.69,30.98,0.58,-0.01,35.0,81.9,18.1,Commercial,4484.0,0.53,5,0,0: Low
Ramanathapuram - Gundar Basin (Kamuthi),Estuary / Coastal,197.64,52.03,37.52,7.12,1.69,35.26,76.6,28.3,Commercial,4283.0,0.84,5,2,2: High
Sivaganga - Vaigai/Gundar (Parthibanur),Valley Basin,15.99,2.11,26.26,0.76,-0.07,42.12,83.9,14.8,Urban_Commercial,14552.0,0.77,4,0,0: Low
Sivaganga - Vaigai/Gundar (Parthibanur),Valley Basin,6.27,6.11,26.15,0.65,-0.05,41.94,77.5,30.2,Urban_Commercial,15717.0,0.86,4,0,0: Low
Ramanathapuram - Gundar Basin (Kamuthi),Estuary / Coastal,7.85,7.39,30.99,0.59,-0.08,35.15,84.7,22.0,Commercial,4343.0,0.48,5,0,0: Low
Chennai - Adyar Basin (Nandambakkam),Coastal / Low Basin,160.67,55.2,9.16,4.66,1.65,7.51,53.8,55.7,Urban_High_Density,6521.0,0.49,8,3,3: Severe Inundation
Tiruvallur - Kosasthalaiyar Basin,Northern Plain,2.29,5.29,14.8,0.8,0.08,19.07,51.6,45.0,Industrial,1282.0,0.74,7,0,0: Low
Cuddalore - Manimuktha Basin (Virudhachalam),Riverine Plain,99.25,24.16,27.4,4.4,0.36,27.78,84.3,22.8,Agricultural_Mixed,3339.0,0.91,6,0,0: Low
Tiruvallur - Kosasthalaiyar Basin,Northern Plain,140.02,22.02,17.0,3.0,0.43,18.75,63.6,32.8,Industrial,827.0,0.3,7,1,1: Moderate
Sivaganga - Vaigai/Gundar (Parthibanur),Valley Basin,45.7,8.7,26.37,0.87,0.36,41.73,48.8,56.1,Urban_Commercial,7608.0,0.87,4,0,0: Low
Ramanathapuram - Gundar Basin (Kamuthi),Estuary / Coastal,84.85,11.78,31.34,0.94,0.2,35.0,56.8,37.7,Commercial,2360.0,0.7,5,0,0: Low
Chennai - Velachery Lowland Basin,Coastal Lowland,110.81,41.62,7.27,4.07,0.7,4.06,44.0,55.2,Urban_High_Density,17250.0,0.5,12,2,2: High
Chennai - Madipakkam Lake Buffer,Lake Catchment,278.36,80.81,10.25,7.75,1.55,3.53,15.7,76.4,Urban_Residential,2682.0,0.47,14,3,3: Severe Inundation
Cuddalore - Manimuktha Basin (Virudhachalam),Riverine Plain,95.19,41.71,26.58,3.58,0.67,28.01,37.9,56.7,Agricultural_Mixed,2940.0,0.51,6,1,1: Moderate
Cuddalore - Manimuktha Basin (Virudhachalam),Riverine Plain,81.35,13.25,25.04,2.04,0.26,27.92,88.0,10.0,Agricultural_Mixed,2850.0,0.88,6,0,0: Low
Tiruvallur - Kosasthalaiyar Basin,Northern Plain,14.11,4.67,14.47,0.47,0.06,19.49,76.9,26.4,Industrial,4055.0,0.72,7,0,0: Low
Tiruvallur - Kosasthalaiyar Basin,Northern Plain,230.24,77.91,21.36,7.36,1.71,19.41,67.0,34.1,Industrial,784.0,0.54,7,3,3: Severe Inundation
Chennai - Madipakkam Lake Buffer,Lake Catchment,56.08,7.2,4.41,1.91,0.19,2.97,52.7,54.6,Urban_Residential,17774.0,0.43,14,1,1: Moderate
Chennai - Velachery Lowland Basin,Coastal Lowland,2.5,5.1,3.32,0.12,0.06,3.99,79.2,15.5,Urban_High_Density,16984.0,0.51,12,0,0: Low
Kancheepuram - Palar Basin,Riverine Valley,156.69,41.61,20.44,3.94,0.72,24.12,62.0,49.0,Urban_Residential,3096.0,0.66,5,1,1: Moderate
Chennai - Adyar Basin (Nandambakkam),Coastal / Low Basin,276.56,42.56,9.08,4.58,1.28,7.44,70.3,33.3,Urban_High_Density,4952.0,0.76,8,3,3: Severe Inundation
Tiruvallur - Kosasthalaiyar Basin,Northern Plain,11.21,6.3,14.03,0.03,-0.02,18.7,22.8,73.3,Industrial,617.0,0.98,7,0,0: Low
Cuddalore - Manimuktha Basin (Virudhachalam),Riverine Plain,76.81,14.03,23.94,0.94,0.14,28.27,85.7,19.3,Agricultural_Mixed,3120.0,0.81,6,0,0: Low
Tiruvallur - Kosasthalaiyar Basin,Northern Plain,8.34,4.61,14.65,0.65,0.02,18.85,57.7,45.9,Industrial,3185.0,0.53,7,0,0: Low
Ramanathapuram - Gundar Basin (Kamuthi),Estuary / Coastal,27.05,5.78,30.71,0.31,-0.09,35.22,81.9,12.3,Commercial,3398.0,0.64,5,0,0: Low
Ramanathapuram - Gundar Basin (Kamuthi),Estuary / Coastal,4.27,3.97,30.44,0.04,0.04,35.03,43.5,53.2,Commercial,980.0,0.52,5,0,0: Low
Cuddalore - Manimuktha Basin (Virudhachalam),Riverine Plain,89.63,20.87,25.95,2.95,0.56,28.05,69.0,24.9,Agricultural_Mixed,744.0,0.64,6,0,0: Low
Cuddalore - Manimuktha Basin (Virudhachalam),Riverine Plain,43.67,14.37,24.66,1.66,0.34,27.94,71.2,32.6,Agricultural_Mixed,2993.0,0.79,6,0,0: Low
Cuddalore - Manimuktha Basin (Virudhachalam),Riverine Plain,52.88,6.63,25.01,2.01,0.36,27.54,29.3,68.2,Agricultural_Mixed,4341.0,0.79,6,0,0: Low
Chennai - Velachery Lowland Basin,Coastal Lowland,309.07,55.85,8.82,5.62,1.04,3.37,47.4,56.6,Urban_High_Density,11687.0,0.5,12,3,3: Severe Inundation
Chennai - Madipakkam Lake Buffer,Lake Catchment,66.95,8.45,3.7,1.2,0.17,2.97,51.9,44.9,Urban_Residential,6845.0,0.59,14,1,1: Moderate
Tiruvallur - Kosasthalaiyar Basin,Northern Plain,10.38,5.48,14.77,0.77,-0.06,19.21,52.6,46.7,Industrial,1606.0,0.55,7,0,0: Low
Chennai - Velachery Lowland Basin,Coastal Lowland,7.03,6.16,3.96,0.76,-0.02,4.33,43.4,51.6,Urban_High_Density,16558.0,0.95,12,0,0: Low
Tiruvallur - Kosasthalaiyar Basin,Northern Plain,113.76,43.14,16.69,2.69,0.38,19.13,65.2,36.5,Industrial,2872.0,0.76,7,1,1: Moderate
Kancheepuram - Palar Basin,Riverine Valley,116.17,21.59,19.94,3.44,0.75,23.87,57.6,39.7,Urban_Residential,7834.0,0.41,5,0,0: Low
Kancheepuram - Palar Basin,Riverine Valley,27.55,5.61,16.79,0.29,-0.03,23.22,76.4,28.7,Urban_Residential,5067.0,0.88,5,0,0: Low
Chennai - Adyar Basin (Nandambakkam),Coastal / Low Basin,34.6,17.27,5.98,1.48,0.15,7.22,17.0,81.8,Urban_High_Density,11373.0,0.55,8,0,0: Low
Ramanathapuram - Gundar Basin (Kamuthi),Estuary / Coastal,6.55,7.57,31.04,0.64,-0.06,35.17,52.9,53.3,Commercial,3729.0,0.96,5,0,0: Low
Chennai - Velachery Lowland Basin,Coastal Lowland,291.3,42.09,8.11,4.91,1.68,3.72,40.1,60.5,Urban_High_Density,14811.0,0.51,12,3,3: Severe Inundation
Tiruvallur - Kosasthalaiyar Basin,Northern Plain,2.84,5.59,14.75,0.75,-0.1,18.79,24.8,71.0,Industrial,1155.0,0.64,7,0,0: Low
Ramanathapuram - Gundar Basin (Kamuthi),Estuary / Coastal,30.5,9.35,31.72,1.32,0.14,34.84,5.0,82.1,Commercial,907.0,0.33,5,0,0: Low
Tiruvallur - Kosasthalaiyar Basin,Northern Plain,67.23,6.01,16.14,2.14,0.15,18.47,49.6,48.6,Industrial,1008.0,0.66,7,0,0: Low
Chennai - Adyar Basin (Nandambakkam),Coastal / Low Basin,2.89,2.8,5.24,0.74,-0.02,7.29,68.9,32.2,Urban_High_Density,7058.0,0.68,8,0,0: Low
Tiruvallur - Kosasthalaiyar Basin,Northern Plain,25.63,5.24,14.69,0.69,0.01,18.78,87.7,15.9,Industrial,3443.0,0.83,7,0,0: Low
Chennai - Madipakkam Lake Buffer,Lake Catchment,33.12,18.64,3.33,0.83,0.34,3.6,47.4,59.6,Urban_Residential,13650.0,0.48,14,1,1: Moderate
Sivaganga - Vaigai/Gundar (Parthibanur),Valley Basin,9.8,6.68,26.15,0.65,0.04,41.74,58.6,36.0,Urban_Commercial,11341.0,0.5,4,0,0: Low
Chennai - Adyar Basin (Nandambakkam),Coastal / Low Basin,12.22,1.41,5.26,0.76,-0.04,7.53,45.7,49.5,Urban_High_Density,4289.0,0.43,8,0,0: Low
Kancheepuram - Palar Basin,Riverine Valley,120.17,19.69,20.82,4.32,0.52,23.53,56.0,42.1,Urban_Residential,11986.0,0.73,5,1,1: Moderate
Chennai - Velachery Lowland Basin,Coastal Lowland,14.01,5.98,3.35,0.15,0.07,3.7,41.8,62.7,Urban_High_Density,11532.0,0.66,12,0,0: Low
Chennai - Madipakkam Lake Buffer,Lake Catchment,53.95,18.04,3.76,1.26,0.16,3.48,79.9,23.1,Urban_Residential,10389.0,0.35,14,0,0: Low
Chennai - Adyar Basin (Nandambakkam),Coastal / Low Basin,16.91,3.24,4.96,0.46,-0.08,7.1,80.3,13.3,Urban_High_Density,5315.0,0.59,8,0,0: Low
Chennai - Madipakkam Lake Buffer,Lake Catchment,3.93,2.85,2.83,0.33,-0.04,3.22,75.6,23.5,Urban_Residential,7349.0,0.83,14,0,0: Low
Chennai - Velachery Lowland Basin,Coastal Lowland,142.21,24.41,6.59,3.39,0.61,4.02,65.5,29.1,Urban_High_Density,15210.0,0.63,12,2,2: High
Chennai - Velachery Lowland Basin,Coastal Lowland,24.2,6.18,3.39,0.19,-0.04,4.62,81.1,16.6,Urban_High_Density,10112.0,0.86,12,0,0: Low
Chennai - Velachery Lowland Basin,Coastal Lowland,38.6,8.49,4.06,0.86,0.1,3.02,61.4,41.8,Urban_High_Density,2562.0,0.7,12,0,0: Low
Kancheepuram - Palar Basin,Riverine Valley,47.15,9.35,18.45,1.95,0.15,23.54,55.2,44.1,Urban_Residential,17890.0,0.46,5,0,0: Low
Cuddalore - Manimuktha Basin (Virudhachalam),Riverine Plain,14.64,4.84,23.37,0.37,0.0,28.15,81.9,16.6,Agricultural_Mixed,3521.0,0.45,6,0,0: Low
Sivaganga - Vaigai/Gundar (Parthibanur),Valley Basin,76.17,14.79,27.67,2.17,0.32,41.94,83.2,14.1,Urban_Commercial,5594.0,0.5,4,0,0: Low
Ramanathapuram - Gundar Basin (Kamuthi),Estuary / Coastal,11.46,1.57,30.83,0.43,-0.1,34.68,83.6,20.6,Commercial,4152.0,0.93,5,0,0: Low
Chennai - Velachery Lowland Basin,Coastal Lowland,150.7,27.95,7.64,4.44,0.73,3.98,40.0,58.6,Urban_High_Density,7169.0,0.94,12,3,3: Severe Inundation
Kancheepuram - Palar Basin,Riverine Valley,26.02,2.68,17.17,0.67,-0.04,23.77,67.9,23.7,Urban_Residential,7602.0,0.42,5,0,0: Low
Chennai - Madipakkam Lake Buffer,Lake Catchment,115.27,43.64,6.15,3.65,0.52,3.3,48.9,44.6,Urban_Residential,7318.0,0.57,14,2,2: High
Chennai - Velachery Lowland Basin,Coastal Lowland,85.92,25.93,5.73,2.53,0.38,4.08,37.8,63.2,Urban_High_Density,3944.0,0.35,12,2,2: High
Tiruvallur - Kosasthalaiyar Basin,Northern Plain,154.39,32.34,17.34,3.34,0.43,18.4,47.3,53.6,Industrial,2286.0,0.72,7,1,1: Moderate
Cuddalore - Manimuktha Basin (Virudhachalam),Riverine Plain,128.83,35.96,27.18,4.18,0.82,28.15,83.9,15.2,Agricultural_Mixed,1230.0,0.86,6,0,0: Low
Sivaganga - Vaigai/Gundar (Parthibanur),Valley Basin,6.02,2.9,26.29,0.79,-0.08,42.14,24.7,77.2,Urban_Commercial,15303.0,0.94,4,0,0: Low
Kancheepuram - Palar Basin,Riverine Valley,252.5,83.27,22.07,5.57,1.22,23.84,41.4,52.1,Urban_Residential,10925.0,0.76,5,3,3: Severe Inundation
Sivaganga - Vaigai/Gundar (Parthibanur),Valley Basin,23.33,2.14,25.98,0.48,0.04,41.71,26.3,81.2,Urban_Commercial,5019.0,0.55,4,0,0: Low
Tiruvallur - Kosasthalaiyar Basin,Northern Plain,28.13,3.5,14.09,0.09,-0.08,18.94,73.9,23.9,Industrial,4065.0,0.63,7,0,0: Low
Kancheepuram - Palar Basin,Riverine Valley,3.47,2.12,16.7,0.2,0.05,23.78,58.0,37.4,Urban_Residential,4178.0,0.9,5,0,0: Low
Chennai - Madipakkam Lake Buffer,Lake Catchment,66.72,11.6,4.58,2.08,0.12,3.27,41.8,59.4,Urban_Residential,15044.0,0.41,14,1,1: Moderate
Chennai - Adyar Basin (Nandambakkam),Coastal / Low Basin,55.5,7.53,5.79,1.29,0.3,7.48,81.6,18.3,Urban_High_Density,7989.0,0.95,8,0,0: Low
Ramanathapuram - Gundar Basin (Kamuthi),Estuary / Coastal,143.98,43.97,34.42,4.02,0.49,35.09,45.2,52.5,Commercial,2656.0,0.73,5,1,1: Moderate
Cuddalore - Manimuktha Basin (Virudhachalam),Riverine Plain,300.73,53.98,29.58,6.58,1.3,27.64,7.2,89.6,Agricultural_Mixed,1379.0,0.57,6,3,3: Severe Inundation
Chennai - Velachery Lowland Basin,Coastal Lowland,274.29,80.4,10.67,7.47,1.5,3.99,83.3,12.0,Urban_High_Density,7963.0,0.41,12,3,3: Severe Inundation
Tiruvallur - Kosasthalaiyar Basin,Northern Plain,278.38,77.99,20.17,6.17,0.9,18.9,85.5,14.3,Industrial,2628.0,0.97,7,3,3: Severe Inundation
Ramanathapuram - Gundar Basin (Kamuthi),Estuary / Coastal,16.52,7.02,30.83,0.43,0.05,35.59,18.2,77.4,Commercial,3833.0,0.87,5,0,0: Low
Chennai - Adyar Basin (Nandambakkam),Coastal / Low Basin,61.4,15.07,5.69,1.19,0.38,7.13,90.8,10.9,Urban_High_Density,9939.0,0.72,8,0,0: Low
Ramanathapuram - Gundar Basin (Kamuthi),Estuary / Coastal,8.71,4.43,31.09,0.69,0.06,35.45,38.9,63.1,Commercial,628.0,0.41,5,0,0: Low
Sivaganga - Vaigai/Gundar (Parthibanur),Valley Basin,13.2,7.9,26.14,0.64,0.05,41.94,31.3,74.7,Urban_Commercial,7604.0,0.99,4,0,0: Low
Sivaganga - Vaigai/Gundar (Parthibanur),Valley Basin,14.56,4.67,25.57,0.07,0.06,41.46,80.3,14.6,Urban_Commercial,11002.0,0.92,4,0,0: Low
Chennai - Adyar Basin (Nandambakkam),Coastal / Low Basin,3.01,6.95,4.51,0.01,0.02,7.54,27.6,73.2,Urban_High_Density,8136.0,0.86,8,0,0: Low
Sivaganga - Vaigai/Gundar (Parthibanur),Valley Basin,52.18,10.72,27.32,1.82,0.19,41.55,76.2,18.2,Urban_Commercial,17192.0,0.31,4,0,0: Low
Chennai - Adyar Basin (Nandambakkam),Coastal / Low Basin,84.51,13.77,5.44,0.94,0.36,7.77,58.2,40.1,Urban_High_Density,6101.0,0.83,8,1,1: Moderate
Kancheepuram - Palar Basin,Riverine Valley,47.5,9.49,17.74,1.24,0.2,24.01,53.6,46.4,Urban_Residential,7361.0,0.79,5,0,0: Low
Chennai - Adyar Basin (Nandambakkam),Coastal / Low Basin,48.95,16.48,5.6,1.1,0.22,7.46,93.3,17.0,Urban_High_Density,10254.0,0.6,8,0,0: Low
Chennai - Madipakkam Lake Buffer,Lake Catchment,58.16,7.26,3.87,1.37,0.16,3.68,43.6,53.2,Urban_Residential,9209.0,0.6,14,1,1: Moderate
Sivaganga - Vaigai/Gundar (Parthibanur),Valley Basin,20.74,5.48,25.98,0.48,0.08,41.77,89.4,12.4,Urban_Commercial,7778.0,0.5,4,0,0: Low
Chennai - Velachery Lowland Basin,Coastal Lowland,164.2,63.91,8.87,5.67,1.15,3.63,68.4,30.7,Urban_High_Density,8510.0,0.58,12,3,3: Severe Inundation
Chennai - Madipakkam Lake Buffer,Lake Catchment,101.14,26.76,6.24,3.74,0.3,3.09,55.0,41.2,Urban_Residential,11991.0,0.78,14,2,2: High
Kancheepuram - Palar Basin,Riverine Valley,74.74,10.02,18.25,1.75,0.32,24.38,63.7,36.4,Urban_Residential,10539.0,0.46,5,0,0: Low
Tiruvallur - Kosasthalaiyar Basin,Northern Plain,2.03,3.54,14.49,0.49,0.05,18.5,78.3,22.3,Industrial,1992.0,0.52,7,0,0: Low
Cuddalore - Manimuktha Basin (Virudhachalam),Riverine Plain,27.82,2.48,23.3,0.3,-0.01,28.0,74.1,31.8,Agricultural_Mixed,1567.0,0.77,6,0,0: Low
Chennai - Adyar Basin (Nandambakkam),Coastal / Low Basin,39.71,9.67,6.37,1.87,0.3,7.48,66.9,29.0,Urban_High_Density,7288.0,0.44,8,0,0: Low
Sivaganga - Vaigai/Gundar (Parthibanur),Valley Basin,128.25,20.95,29.05,3.55,0.68,42.18,45.4,58.2,Urban_Commercial,15955.0,0.75,4,0,0: Low
Chennai - Madipakkam Lake Buffer,Lake Catchment,148.69,21.9,6.15,3.65,0.4,3.26,40.0,58.0,Urban_Residential,5737.0,0.44,14,2,2: High
Kancheepuram - Palar Basin,Riverine Valley,151.82,33.2,20.9,4.4,0.74,24.61,48.0,50.5,Urban_Residential,16820.0,0.55,5,1,1: Moderate
Kancheepuram - Palar Basin,Riverine Valley,125.96,30.27,18.74,2.24,0.31,24.78,84.8,24.2,Urban_Residential,6319.0,1.0,5,0,0: Low
Ramanathapuram - Gundar Basin (Kamuthi),Estuary / Coastal,76.36,6.24,31.48,1.08,0.26,34.75,16.2,87.2,Commercial,2395.0,0.84,5,0,0: Low
Kancheepuram - Palar Basin,Riverine Valley,77.87,12.74,18.1,1.6,0.14,23.81,77.7,20.7,Urban_Residential,5639.0,0.52,5,0,0: Low
Chennai - Madipakkam Lake Buffer,Lake Catchment,22.4,6.28,2.71,0.21,-0.0,2.56,73.2,25.8,Urban_Residential,13679.0,0.59,14,0,0: Low
Chennai - Madipakkam Lake Buffer,Lake Catchment,101.45,37.08,5.91,3.41,0.71,3.2,30.7,70.7,Urban_Residential,9577.0,0.88,14,2,2: High
Ramanathapuram - Gundar Basin (Kamuthi),Estuary / Coastal,59.37,9.41,32.23,1.83,0.35,35.01,57.0,46.4,Commercial,4045.0,0.76,5,0,0: Low
Chennai - Velachery Lowland Basin,Coastal Lowland,22.97,5.4,3.21,0.01,0.02,3.62,45.8,58.0,Urban_High_Density,17528.0,0.72,12,0,0: Low
Cuddalore - Manimuktha Basin (Virudhachalam),Riverine Plain,26.24,3.74,23.31,0.31,-0.03,27.98,91.6,14.8,Agricultural_Mixed,3484.0,0.91,6,0,0: Low
Chennai - Velachery Lowland Basin,Coastal Lowland,62.77,18.58,4.91,1.71,0.38,3.53,70.8,25.7,Urban_High_Density,6259.0,0.47,12,1,1: Moderate
Chennai - Adyar Basin (Nandambakkam),Coastal / Low Basin,45.93,17.36,5.79,1.29,0.3,7.54,33.8,59.1,Urban_High_Density,11149.0,0.72,8,0,0: Low
Tiruvallur - Kosasthalaiyar Basin,Northern Plain,46.02,9.1,15.29,1.29,0.28,18.78,87.8,10.0,Industrial,2394.0,0.77,7,0,0: Low
Chennai - Adyar Basin (Nandambakkam),Coastal / Low Basin,40.12,12.07,6.37,1.87,0.33,7.29,85.9,10.1,Urban_High_Density,14201.0,0.85,8,0,0: Low
Ramanathapuram - Gundar Basin (Kamuthi),Estuary / Coastal,251.08,61.73,37.94,7.54,0.87,35.79,89.9,20.7,Commercial,2485.0,0.84,5,2,2: High
Sivaganga - Vaigai/Gundar (Parthibanur),Valley Basin,229.92,80.14,32.04,6.54,1.23,41.94,15.4,84.1,Urban_Commercial,16596.0,0.56,4,3,3: Severe Inundation
Sivaganga - Vaigai/Gundar (Parthibanur),Valley Basin,41.69,18.15,26.42,0.92,0.23,42.07,30.2,70.5,Urban_Commercial,11801.0,0.55,4,0,0: Low
Sivaganga - Vaigai/Gundar (Parthibanur),Valley Basin,105.25,21.19,28.0,2.5,0.6,42.26,58.9,48.0,Urban_Commercial,7345.0,0.44,4,0,0: Low
Sivaganga - Vaigai/Gundar (Parthibanur),Valley Basin,103.95,19.49,29.47,3.97,0.55,41.84,71.0,35.4,Urban_Commercial,5705.0,0.98,4,0,0: Low
Chennai - Velachery Lowland Basin,Coastal Lowland,11.44,4.26,3.76,0.56,-0.03,3.89,60.7,37.3,Urban_High_Density,8300.0,0.45,12,0,0: Low
Tiruvallur - Kosasthalaiyar Basin,Northern Plain,135.55,23.93,17.41,3.41,0.67,19.21,60.4,35.7,Industrial,3310.0,0.95,7,1,1: Moderate
Chennai - Adyar Basin (Nandambakkam),Coastal / Low Basin,65.4,11.58,6.68,2.18,0.14,7.34,52.0,56.6,Urban_High_Density,3311.0,0.94,8,1,1: Moderate
Chennai - Adyar Basin (Nandambakkam),Coastal / Low Basin,228.85,41.72,11.25,6.75,0.99,7.19,87.3,10.0,Urban_High_Density,7549.0,0.71,8,3,3: Severe Inundation
Kancheepuram - Palar Basin,Riverine Valley,120.24,38.02,20.79,4.29,0.52,23.91,53.3,47.3,Urban_Residential,11422.0,0.5,5,1,1: Moderate
Ramanathapuram - Gundar Basin (Kamuthi),Estuary / Coastal,52.14,6.95,32.06,1.66,0.28,34.89,31.1,67.2,Commercial,3795.0,0.35,5,0,0: Low
Ramanathapuram - Gundar Basin (Kamuthi),Estuary / Coastal,83.41,19.19,32.6,2.2,0.13,34.56,30.9,68.6,Commercial,2676.0,0.98,5,0,0: Low
Chennai - Adyar Basin (Nandambakkam),Coastal / Low Basin,27.61,6.99,4.92,0.42,0.04,7.45,55.0,36.8,Urban_High_Density,8782.0,0.86,8,0,0: Low
Sivaganga - Vaigai/Gundar (Parthibanur),Valley Basin,31.52,11.62,26.53,1.03,0.18,42.46,54.7,58.4,Urban_Commercial,6414.0,0.43,4,0,0: Low
Chennai - Velachery Lowland Basin,Coastal Lowland,127.55,26.53,7.16,3.96,0.75,3.75,82.7,10.0,Urban_High_Density,7315.0,0.5,12,2,2: High
Chennai - Velachery Lowland Basin,Coastal Lowland,20.19,3.3,3.69,0.49,0.07,4.36,55.0,48.8,Urban_High_Density,4215.0,0.84,12,0,0: Low
Chennai - Velachery Lowland Basin,Coastal Lowland,84.89,15.65,4.96,1.76,0.2,3.78,79.3,21.0,Urban_High_Density,2816.0,0.55,12,1,1: Moderate
Tiruvallur - Kosasthalaiyar Basin,Northern Plain,7.14,3.14,14.52,0.52,-0.0,19.25,87.7,16.9,Industrial,1638.0,0.82,7,0,0: Low
Tiruvallur - Kosasthalaiyar Basin,Northern Plain,272.98,49.8,21.04,7.04,1.5,19.08,69.7,27.3,Industrial,1980.0,0.7,7,3,3: Severe Inundation
Chennai - Madipakkam Lake Buffer,Lake Catchment,52.84,16.93,3.78,1.28,0.34,3.45,40.3,54.2,Urban_Residential,17451.0,0.63,14,1,1: Moderate
Kancheepuram - Palar Basin,Riverine Valley,107.51,43.49,20.49,3.99,0.52,23.59,28.0,74.6,Urban_Residential,16949.0,0.79,5,1,1: Moderate
Chennai - Velachery Lowland Basin,Coastal Lowland,72.86,18.89,4.0,0.8,0.29,3.61,37.3,56.3,Urban_High_Density,4166.0,0.51,12,1,1: Moderate
Sivaganga - Vaigai/Gundar (Parthibanur),Valley Basin,8.71,4.61,26.07,0.57,0.06,41.95,43.2,56.4,Urban_Commercial,3285.0,0.49,4,0,0: Low
Kancheepuram - Palar Basin,Riverine Valley,302.1,72.23,22.14,5.64,1.08,24.3,84.2,23.3,Urban_Residential,12258.0,0.68,5,3,3: Severe Inundation
Chennai - Velachery Lowland Basin,Coastal Lowland,40.99,7.16,4.03,0.83,0.33,3.54,52.6,59.5,Urban_High_Density,3758.0,0.56,12,0,0: Low
Tiruvallur - Kosasthalaiyar Basin,Northern Plain,293.77,54.04,21.86,7.86,1.1,19.47,45.4,46.0,Industrial,668.0,0.39,7,3,3: Severe Inundation
Cuddalore - Manimuktha Basin (Virudhachalam),Riverine Plain,23.26,3.07,23.15,0.15,0.09,28.19,83.3,22.6,Agricultural_Mixed,1305.0,0.78,6,0,0: Low
Chennai - Adyar Basin (Nandambakkam),Coastal / Low Basin,17.3,5.37,4.56,0.06,0.02,7.27,50.3,37.6,Urban_High_Density,4136.0,0.56,8,0,0: Low
Chennai - Madipakkam Lake Buffer,Lake Catchment,2.99,5.66,3.06,0.56,-0.09,3.56,52.1,42.7,Urban_Residential,15955.0,0.83,14,0,0: Low
Chennai - Velachery Lowland Basin,Coastal Lowland,104.42,39.71,6.35,3.15,0.46,4.12,60.9,40.4,Urban_High_Density,3640.0,1.0,12,2,2: High
Chennai - Velachery Lowland Basin,Coastal Lowland,120.34,34.49,6.85,3.65,0.37,3.77,61.2,35.0,Urban_High_Density,10052.0,0.57,12,2,2: High
Cuddalore - Manimuktha Basin (Virudhachalam),Riverine Plain,24.07,7.02,23.2,0.2,-0.08,28.11,72.1,35.7,Agricultural_Mixed,3285.0,0.46,6,0,0: Low
Kancheepuram - Palar Basin,Riverine Valley,20.7,6.37,16.97,0.47,-0.09,23.79,42.7,52.6,Urban_Residential,4064.0,0.69,5,0,0: Low
Cuddalore - Manimuktha Basin (Virudhachalam),Riverine Plain,77.17,15.25,23.95,0.95,0.35,27.85,28.6,65.0,Agricultural_Mixed,861.0,0.95,6,0,0: Low
Chennai - Madipakkam Lake Buffer,Lake Catchment,24.77,1.01,2.52,0.02,-0.03,3.15,71.1,29.0,Urban_Residential,5785.0,0.52,14,0,0: Low
Chennai - Velachery Lowland Basin,Coastal Lowland,21.63,1.84,3.58,0.38,-0.05,4.14,70.4,23.0,Urban_High_Density,16435.0,0.89,12,0,0: Low
Chennai - Madipakkam Lake Buffer,Lake Catchment,241.03,64.39,9.34,6.84,1.17,3.19,77.8,19.7,Urban_Residential,10250.0,0.71,14,3,3: Severe Inundation
Chennai - Velachery Lowland Basin,Coastal Lowland,57.24,17.95,4.96,1.76,0.22,3.74,77.0,23.5,Urban_High_Density,14773.0,0.9,12,1,1: Moderate
Chennai - Velachery Lowland Basin,Coastal Lowland,17.1,3.85,3.62,0.42,0.05,4.17,93.4,10.0,Urban_High_Density,15954.0,0.68,12,0,0: Low
Chennai - Velachery Lowland Basin,Coastal Lowland,28.99,7.45,3.68,0.48,-0.09,3.41,56.9,36.2,Urban_High_Density,6343.0,0.43,12,0,0: Low
Sivaganga - Vaigai/Gundar (Parthibanur),Valley Basin,33.64,10.37,27.09,1.59,0.38,41.68,63.3,40.8,Urban_Commercial,4446.0,0.84,4,0,0: Low
Ramanathapuram - Gundar Basin (Kamuthi),Estuary / Coastal,70.32,8.71,32.57,2.17,0.15,34.65,49.9,54.8,Commercial,3257.0,0.33,5,0,0: Low
Sivaganga - Vaigai/Gundar (Parthibanur),Valley Basin,28.2,2.31,25.74,0.24,0.0,41.26,73.6,24.8,Urban_Commercial,10972.0,0.7,4,0,0: Low
Chennai - Adyar Basin (Nandambakkam),Coastal / Low Basin,45.06,13.75,5.64,1.14,0.28,7.69,69.2,29.7,Urban_High_Density,9676.0,1.0,8,0,0: Low
Tiruvallur - Kosasthalaiyar Basin,Northern Plain,4.14,1.57,14.04,0.04,-0.05,18.78,74.7,18.4,Industrial,2612.0,0.94,7,0,0: Low
Chennai - Madipakkam Lake Buffer,Lake Catchment,50.25,18.94,4.54,2.04,0.29,3.23,68.8,33.9,Urban_Residential,7319.0,0.31,14,1,1: Moderate
Ramanathapuram - Gundar Basin (Kamuthi),Estuary / Coastal,48.32,15.72,31.93,1.53,0.39,35.4,80.5,15.4,Commercial,614.0,0.39,5,0,0: Low
Chennai - Adyar Basin (Nandambakkam),Coastal / Low Basin,15.92,3.43,5.05,0.55,-0.08,7.68,54.0,50.4,Urban_High_Density,11741.0,0.45,8,0,0: Low
Kancheepuram - Palar Basin,Riverine Valley,69.92,19.84,17.96,1.46,0.21,23.91,26.5,71.8,Urban_Residential,7902.0,0.99,5,0,0: Low
Chennai - Velachery Lowland Basin,Coastal Lowland,8.81,5.01,3.38,0.18,0.04,4.05,94.9,11.3,Urban_High_Density,9253.0,0.72,12,0,0: Low
Chennai - Velachery Lowland Basin,Coastal Lowland,99.77,27.7,6.7,3.5,0.48,3.8,56.7,36.8,Urban_High_Density,11799.0,0.99,12,2,2: High
Tiruvallur - Kosasthalaiyar Basin,Northern Plain,18.86,7.05,14.47,0.47,-0.01,19.19,78.2,10.0,Industrial,1541.0,0.69,7,0,0: Low
Tiruvallur - Kosasthalaiyar Basin,Northern Plain,64.23,9.17,15.85,1.85,0.26,18.58,72.9,19.4,Industrial,2057.0,0.74,7,0,0: Low
Tiruvallur - Kosasthalaiyar Basin,Northern Plain,35.74,16.47,15.25,1.25,0.34,18.79,95.0,10.0,Industrial,3669.0,0.41,7,0,0: Low
Chennai - Adyar Basin (Nandambakkam),Coastal / Low Basin,19.36,1.8,4.76,0.26,0.03,7.68,69.2,35.8,Urban_High_Density,7757.0,0.7,8,0,0: Low
Sivaganga - Vaigai/Gundar (Parthibanur),Valley Basin,87.07,38.77,28.84,3.34,0.63,41.84,51.7,56.0,Urban_Commercial,15396.0,0.48,4,0,0: Low
Chennai - Madipakkam Lake Buffer,Lake Catchment,72.64,12.68,3.62,1.12,0.23,2.74,79.4,21.5,Urban_Residential,17688.0,0.42,14,1,1: Moderate
Sivaganga - Vaigai/Gundar (Parthibanur),Valley Basin,299.05,43.71,33.32,7.82,0.84,42.03,34.4,65.9,Urban_Commercial,4234.0,0.93,4,3,3: Severe Inundation
Kancheepuram - Palar Basin,Riverine Valley,216.25,78.77,23.34,6.84,1.76,24.32,55.2,39.7,Urban_Residential,3522.0,0.91,5,3,3: Severe Inundation
Chennai - Madipakkam Lake Buffer,Lake Catchment,28.2,1.32,2.88,0.38,0.05,3.24,12.1,89.4,Urban_Residential,11191.0,0.51,14,0,0: Low
Chennai - Velachery Lowland Basin,Coastal Lowland,20.87,3.2,3.49,0.29,-0.02,3.47,34.3,62.1,Urban_High_Density,11554.0,0.8,12,0,0: Low
Ramanathapuram - Gundar Basin (Kamuthi),Estuary / Coastal,7.56,2.41,30.54,0.14,0.03,34.26,48.8,57.2,Commercial,2124.0,0.72,5,0,0: Low
Ramanathapuram - Gundar Basin (Kamuthi),Estuary / Coastal,2.67,2.56,30.48,0.08,0.09,34.47,94.1,12.3,Commercial,4352.0,0.6,5,0,0: Low
Chennai - Velachery Lowland Basin,Coastal Lowland,43.17,7.62,4.29,1.09,0.27,4.02,89.5,15.4,Urban_High_Density,16226.0,0.69,12,0,0: Low
Cuddalore - Manimuktha Basin (Virudhachalam),Riverine Plain,49.38,9.89,24.13,1.13,0.37,28.23,23.6,76.1,Agricultural_Mixed,1617.0,0.79,6,0,0: Low
Kancheepuram - Palar Basin,Riverine Valley,10.07,1.63,16.68,0.18,-0.03,24.12,92.2,16.2,Urban_Residential,5826.0,0.36,5,0,0: Low
Ramanathapuram - Gundar Basin (Kamuthi),Estuary / Coastal,5.02,6.99,30.54,0.14,0.07,35.07,79.9,21.0,Commercial,4215.0,0.41,5,0,0: Low
Chennai - Velachery Lowland Basin,Coastal Lowland,34.51,9.2,5.21,2.01,0.2,3.73,63.1,35.5,Urban_High_Density,15553.0,0.8,12,1,1: Moderate
Ramanathapuram - Gundar Basin (Kamuthi),Estuary / Coastal,67.71,8.14,32.51,2.11,0.34,35.02,19.8,73.7,Commercial,2810.0,0.49,5,0,0: Low
Chennai - Madipakkam Lake Buffer,Lake Catchment,107.05,19.9,6.15,3.65,0.75,3.19,61.1,42.5,Urban_Residential,11373.0,0.78,14,2,2: High
Cuddalore - Manimuktha Basin (Virudhachalam),Riverine Plain,238.18,84.74,29.0,6.0,1.28,27.79,85.9,15.5,Agricultural_Mixed,3252.0,0.92,6,3,3: Severe Inundation
Sivaganga - Vaigai/Gundar (Parthibanur),Valley Basin,81.25,12.16,27.0,1.5,0.15,41.97,69.7,25.9,Urban_Commercial,5537.0,0.8,4,0,0: Low
Chennai - Madipakkam Lake Buffer,Lake Catchment,5.13,7.73,2.64,0.14,-0.07,3.02,71.2,28.0,Urban_Residential,11514.0,0.41,14,0,0: Low
Sivaganga - Vaigai/Gundar (Parthibanur),Valley Basin,13.97,5.13,26.27,0.77,-0.03,41.85,46.6,45.7,Urban_Commercial,16721.0,0.99,4,0,0: Low
Chennai - Velachery Lowland Basin,Coastal Lowland,73.56,6.53,4.61,1.41,0.11,3.89,72.8,35.3,Urban_High_Density,10759.0,0.53,12,0,0: Low
Tiruvallur - Kosasthalaiyar Basin,Northern Plain,13.45,4.89,14.41,0.41,-0.02,19.0,40.7,58.0,Industrial,1974.0,0.64,7,0,0: Low
Chennai - Madipakkam Lake Buffer,Lake Catchment,2.84,6.86,2.6,0.1,-0.07,2.96,48.4,52.6,Urban_Residential,12231.0,0.94,14,0,0: Low
Chennai - Madipakkam Lake Buffer,Lake Catchment,18.7,7.32,2.76,0.26,-0.04,3.21,95.0,10.0,Urban_Residential,4027.0,0.81,14,0,0: Low
Chennai - Velachery Lowland Basin,Coastal Lowland,33.56,14.65,4.69,1.49,0.25,4.24,74.5,20.2,Urban_High_Density,11681.0,0.65,12,0,0: Low
Chennai - Velachery Lowland Basin,Coastal Lowland,78.49,16.77,4.07,0.87,0.27,3.25,88.3,10.0,Urban_High_Density,3347.0,0.41,12,0,0: Low
Kancheepuram - Palar Basin,Riverine Valley,29.77,7.72,17.05,0.55,0.05,23.97,44.4,61.4,Urban_Residential,4104.0,0.36,5,0,0: Low
Cuddalore - Manimuktha Basin (Virudhachalam),Riverine Plain,64.99,10.76,24.01,1.01,0.37,28.02,85.1,20.8,Agricultural_Mixed,685.0,0.58,6,0,0: Low
Kancheepuram - Palar Basin,Riverine Valley,143.2,31.45,21.0,4.5,0.58,24.4,61.8,39.8,Urban_Residential,12762.0,0.62,5,1,1: Moderate
Chennai - Adyar Basin (Nandambakkam),Coastal / Low Basin,5.06,1.88,4.84,0.34,0.07,7.56,50.1,55.6,Urban_High_Density,5022.0,0.88,8,0,0: Low
Cuddalore - Manimuktha Basin (Virudhachalam),Riverine Plain,131.84,25.15,25.59,2.59,0.37,27.66,84.0,22.6,Agricultural_Mixed,3326.0,0.79,6,0,0: Low
Kancheepuram - Palar Basin,Riverine Valley,9.99,7.23,16.97,0.47,-0.03,23.87,57.7,40.3,Urban_Residential,16951.0,0.62,5,0,0: Low
Sivaganga - Vaigai/Gundar (Parthibanur),Valley Basin,138.95,34.96,28.67,3.17,0.46,42.12,54.3,50.3,Urban_Commercial,17094.0,0.98,4,0,0: Low
Cuddalore - Manimuktha Basin (Virudhachalam),Riverine Plain,83.86,11.61,24.53,1.53,0.18,28.38,52.5,43.9,Agricultural_Mixed,3474.0,0.43,6,0,0: Low
Tiruvallur - Kosasthalaiyar Basin,Northern Plain,66.31,18.48,16.11,2.11,0.37,18.98,56.9,44.4,Industrial,1007.0,0.63,7,0,0: Low
Chennai - Velachery Lowland Basin,Coastal Lowland,17.54,7.28,3.28,0.08,-0.07,3.41,37.8,55.6,Urban_High_Density,10712.0,0.93,12,0,0: Low
Tiruvallur - Kosasthalaiyar Basin,Northern Plain,133.65,23.84,17.74,3.74,0.43,19.17,45.7,52.4,Industrial,2089.0,0.46,7,1,1: Moderate
Chennai - Adyar Basin (Nandambakkam),Coastal / Low Basin,123.38,35.52,7.53,3.03,0.66,7.33,44.2,53.5,Urban_High_Density,11100.0,0.73,8,2,2: High
Ramanathapuram - Gundar Basin (Kamuthi),Estuary / Coastal,9.03,2.23,31.14,0.74,0.07,35.3,34.5,61.8,Commercial,3408.0,0.35,5,0,0: Low
Ramanathapuram - Gundar Basin (Kamuthi),Estuary / Coastal,250.56,51.87,36.21,5.81,1.45,35.2,65.4,39.2,Commercial,3200.0,0.78,5,2,2: High
Sivaganga - Vaigai/Gundar (Parthibanur),Valley Basin,27.18,3.26,26.14,0.64,-0.02,41.55,76.9,18.0,Urban_Commercial,15221.0,0.67,4,0,0: Low
Chennai - Madipakkam Lake Buffer,Lake Catchment,88.8,31.29,6.66,4.16,0.69,3.15,70.8,24.5,Urban_Residential,11031.0,0.44,14,2,2: High
Tiruvallur - Kosasthalaiyar Basin,Northern Plain,21.63,1.5,14.67,0.67,0.09,19.35,73.8,30.7,Industrial,2668.0,0.65,7,0,0: Low
Kancheepuram - Palar Basin,Riverine Valley,61.6,6.76,18.09,1.59,0.29,24.4,50.6,54.1,Urban_Residential,15415.0,0.85,5,0,0: Low
Ramanathapuram - Gundar Basin (Kamuthi),Estuary / Coastal,2.56,3.07,30.86,0.46,0.06,35.1,75.6,28.0,Commercial,4078.0,0.98,5,0,0: Low
Chennai - Madipakkam Lake Buffer,Lake Catchment,71.08,9.37,3.39,0.89,0.12,3.19,45.2,56.2,Urban_Residential,15156.0,0.72,14,1,1: Moderate
Ramanathapuram - Gundar Basin (Kamuthi),Estuary / Coastal,313.38,61.49,37.17,6.77,1.61,35.52,47.2,62.7,Commercial,1003.0,0.38,5,3,3: Severe Inundation
Cuddalore - Manimuktha Basin (Virudhachalam),Riverine Plain,208.6,54.71,30.22,7.22,1.21,27.9,52.8,47.4,Agricultural_Mixed,4383.0,0.55,6,3,3: Severe Inundation
Kancheepuram - Palar Basin,Riverine Valley,16.9,3.19,16.71,0.21,0.01,24.22,70.6,34.8,Urban_Residential,8579.0,0.51,5,0,0: Low
Chennai - Madipakkam Lake Buffer,Lake Catchment,5.33,1.96,2.78,0.28,0.0,3.04,89.1,13.5,Urban_Residential,13413.0,0.77,14,0,0: Low
Ramanathapuram - Gundar Basin (Kamuthi),Estuary / Coastal,189.72,52.36,35.23,4.83,1.64,35.38,55.4,55.3,Commercial,1970.0,0.84,5,1,1: Moderate
Chennai - Madipakkam Lake Buffer,Lake Catchment,41.22,13.76,4.07,1.57,0.37,3.19,38.8,61.1,Urban_Residential,8254.0,0.75,14,1,1: Moderate
Chennai - Adyar Basin (Nandambakkam),Coastal / Low Basin,50.59,6.54,6.33,1.83,0.31,7.69,94.8,10.0,Urban_High_Density,11953.0,0.93,8,0,0: Low
Chennai - Adyar Basin (Nandambakkam),Coastal / Low Basin,19.31,5.29,4.56,0.06,-0.01,7.9,72.5,35.8,Urban_High_Density,5592.0,0.43,8,0,0: Low
Kancheepuram - Palar Basin,Riverine Valley,9.4,2.52,17.07,0.57,-0.07,23.85,67.3,40.9,Urban_Residential,11273.0,0.66,5,0,0: Low
Chennai - Velachery Lowland Basin,Coastal Lowland,65.68,6.85,4.86,1.66,0.32,4.15,38.8,66.2,Urban_High_Density,9692.0,0.34,12,1,1: Moderate
Sivaganga - Vaigai/Gundar (Parthibanur),Valley Basin,18.32,3.49,25.8,0.3,0.02,42.06,70.6,24.3,Urban_Commercial,17308.0,0.6,4,0,0: Low
Ramanathapuram - Gundar Basin (Kamuthi),Estuary / Coastal,14.16,5.9,31.09,0.69,0.02,34.99,85.6,19.7,Commercial,2875.0,0.6,5,0,0: Low
Ramanathapuram - Gundar Basin (Kamuthi),Estuary / Coastal,16.36,2.56,30.58,0.18,-0.04,34.69,66.8,35.5,Commercial,2599.0,0.49,5,0,0: Low
Kancheepuram - Palar Basin,Riverine Valley,21.61,7.65,17.2,0.7,-0.08,24.54,93.2,11.2,Urban_Residential,13916.0,0.33,5,0,0: Low
Cuddalore - Manimuktha Basin (Virudhachalam),Riverine Plain,90.11,26.72,27.02,4.02,0.6,28.01,66.8,32.2,Agricultural_Mixed,3903.0,0.84,6,0,0: Low
Ramanathapuram - Gundar Basin (Kamuthi),Estuary / Coastal,86.09,39.3,33.76,3.36,0.42,35.37,26.8,72.8,Commercial,2852.0,0.73,5,0,0: Low
Tiruvallur - Kosasthalaiyar Basin,Northern Plain,108.77,32.86,17.76,3.76,0.43,19.39,62.9,37.3,Industrial,2693.0,0.39,7,1,1: Moderate
Tiruvallur - Kosasthalaiyar Basin,Northern Plain,14.3,7.49,14.64,0.64,0.06,19.17,64.7,33.4,Industrial,4245.0,0.41,7,0,0: Low
Tiruvallur - Kosasthalaiyar Basin,Northern Plain,33.51,6.42,16.06,2.06,0.11,19.05,92.5,10.0,Industrial,3341.0,0.84,7,0,0: Low
Tiruvallur - Kosasthalaiyar Basin,Northern Plain,22.94,7.48,14.49,0.49,0.04,18.89,78.2,18.1,Industrial,629.0,0.79,7,0,0: Low
Kancheepuram - Palar Basin,Riverine Valley,17.29,2.08,16.76,0.26,0.04,23.11,70.0,30.0,Urban_Residential,17867.0,0.65,5,0,0: Low
Tiruvallur - Kosasthalaiyar Basin,Northern Plain,74.33,15.05,15.11,1.11,0.19,18.84,35.1,69.9,Industrial,2565.0,0.42,7,0,0: Low
Chennai - Adyar Basin (Nandambakkam),Coastal / Low Basin,57.41,10.14,5.37,0.87,0.38,7.27,87.6,10.6,Urban_High_Density,10038.0,0.4,8,0,0: Low
Chennai - Adyar Basin (Nandambakkam),Coastal / Low Basin,92.55,36.28,8.52,4.02,0.47,7.87,43.8,60.6,Urban_High_Density,3469.0,0.68,8,2,2: High
Sivaganga - Vaigai/Gundar (Parthibanur),Valley Basin,54.02,9.72,26.65,1.15,0.17,41.9,78.3,22.6,Urban_Commercial,12118.0,0.65,4,0,0: Low
Chennai - Madipakkam Lake Buffer,Lake Catchment,20.35,5.97,3.08,0.58,0.01,3.49,46.6,57.5,Urban_Residential,16748.0,0.54,14,0,0: Low
Chennai - Adyar Basin (Nandambakkam),Coastal / Low Basin,306.57,69.02,9.58,5.08,1.75,7.51,12.7,90.0,Urban_High_Density,16643.0,0.32,8,3,3: Severe Inundation
Chennai - Madipakkam Lake Buffer,Lake Catchment,149.29,28.19,5.83,3.33,0.54,3.21,36.6,54.7,Urban_Residential,13289.0,0.7,14,3,3: Severe Inundation
Sivaganga - Vaigai/Gundar (Parthibanur),Valley Basin,67.57,12.59,26.5,1.0,0.18,42.02,36.3,48.3,Urban_Commercial,5361.0,0.67,4,0,0: Low
Chennai - Adyar Basin (Nandambakkam),Coastal / Low Basin,50.03,10.0,6.12,1.62,0.14,7.12,26.7,80.8,Urban_High_Density,5869.0,0.42,8,1,1: Moderate
Chennai - Adyar Basin (Nandambakkam),Coastal / Low Basin,5.41,1.09,4.82,0.32,-0.05,7.6,74.1,27.2,Urban_High_Density,14150.0,0.42,8,0,0: Low
Sivaganga - Vaigai/Gundar (Parthibanur),Valley Basin,17.64,1.54,25.54,0.04,-0.01,41.91,69.0,36.7,Urban_Commercial,5676.0,0.84,4,0,0: Low
Sivaganga - Vaigai/Gundar (Parthibanur),Valley Basin,231.05,56.68,32.46,6.96,0.86,42.13,52.4,40.8,Urban_Commercial,9583.0,0.76,4,2,2: High
Chennai - Madipakkam Lake Buffer,Lake Catchment,8.92,2.54,2.63,0.13,-0.01,3.24,57.3,44.6,Urban_Residential,13334.0,0.95,14,0,0: Low
Chennai - Velachery Lowland Basin,Coastal Lowland,151.8,38.5,6.69,3.49,0.58,3.91,59.7,39.0,Urban_High_Density,6378.0,0.47,12,3,3: Severe Inundation
Ramanathapuram - Gundar Basin (Kamuthi),Estuary / Coastal,109.86,32.72,34.51,4.11,0.46,34.74,61.5,40.7,Commercial,3305.0,0.61,5,0,0: Low
Cuddalore - Manimuktha Basin (Virudhachalam),Riverine Plain,18.72,3.63,23.0,0.0,0.05,27.95,85.0,15.1,Agricultural_Mixed,1662.0,0.99,6,0,0: Low
Tiruvallur - Kosasthalaiyar Basin,Northern Plain,39.47,10.36,14.91,0.91,0.36,18.68,63.1,33.2,Industrial,1566.0,0.97,7,0,0: Low
Chennai - Velachery Lowland Basin,Coastal Lowland,44.34,14.89,4.86,1.66,0.12,4.1,72.1,26.4,Urban_High_Density,17189.0,0.69,12,1,1: Moderate
Ramanathapuram - Gundar Basin (Kamuthi),Estuary / Coastal,67.16,9.48,32.14,1.74,0.22,34.9,65.9,33.2,Commercial,1003.0,0.77,5,0,0: Low
Cuddalore - Manimuktha Basin (Virudhachalam),Riverine Plain,17.58,3.47,23.8,0.8,-0.04,27.97,57.7,42.6,Agricultural_Mixed,2693.0,0.56,6,0,0: Low
Chennai - Adyar Basin (Nandambakkam),Coastal / Low Basin,157.96,38.33,8.46,3.96,0.62,7.59,77.0,18.0,Urban_High_Density,14467.0,0.52,8,2,2: High
Chennai - Velachery Lowland Basin,Coastal Lowland,44.95,19.59,4.38,1.18,0.37,4.01,64.1,36.8,Urban_High_Density,3042.0,0.53,12,1,1: Moderate
Chennai - Velachery Lowland Basin,Coastal Lowland,76.24,18.05,5.17,1.97,0.16,4.37,84.6,10.0,Urban_High_Density,12777.0,0.7,12,1,1: Moderate
Kancheepuram - Palar Basin,Riverine Valley,103.04,38.1,19.11,2.61,0.7,24.11,67.2,23.9,Urban_Residential,13946.0,0.88,5,0,0: Low
Chennai - Madipakkam Lake Buffer,Lake Catchment,79.42,18.06,3.62,1.12,0.36,2.88,87.8,14.8,Urban_Residential,5923.0,0.69,14,1,1: Moderate
Tiruvallur - Kosasthalaiyar Basin,Northern Plain,111.47,18.54,18.46,4.46,0.82,18.92,93.4,10.0,Industrial,3764.0,0.76,7,1,1: Moderate
Ramanathapuram - Gundar Basin (Kamuthi),Estuary / Coastal,192.67,84.61,37.35,6.95,1.43,35.01,80.4,28.2,Commercial,1596.0,0.95,5,2,2: High
Chennai - Madipakkam Lake Buffer,Lake Catchment,120.28,23.74,6.66,4.16,0.71,3.23,73.0,23.5,Urban_Residential,14518.0,0.9,14,2,2: High
Kancheepuram - Palar Basin,Riverine Valley,96.44,34.06,20.36,3.86,0.81,23.42,51.4,44.0,Urban_Residential,13254.0,0.31,5,1,1: Moderate
Chennai - Madipakkam Lake Buffer,Lake Catchment,287.6,68.01,10.42,7.92,1.23,3.11,35.3,71.6,Urban_Residential,2556.0,0.55,14,3,3: Severe Inundation
Sivaganga - Vaigai/Gundar (Parthibanur),Valley Basin,17.27,2.31,26.13,0.63,0.01,41.96,52.1,49.9,Urban_Commercial,14983.0,0.8,4,0,0: Low
Ramanathapuram - Gundar Basin (Kamuthi),Estuary / Coastal,21.39,6.71,30.43,0.03,-0.04,35.26,83.5,19.3,Commercial,1513.0,0.91,5,0,0: Low
Tiruvallur - Kosasthalaiyar Basin,Northern Plain,9.96,4.45,14.67,0.67,0.0,19.24,68.7,30.4,Industrial,3731.0,0.47,7,0,0: Low
Chennai - Adyar Basin (Nandambakkam),Coastal / Low Basin,40.87,19.29,6.63,2.13,0.21,7.55,71.4,28.8,Urban_High_Density,3358.0,0.38,8,0,0: Low
Sivaganga - Vaigai/Gundar (Parthibanur),Valley Basin,58.83,9.79,27.33,1.83,0.21,42.12,46.2,52.7,Urban_Commercial,10545.0,0.64,4,0,0: Low
Sivaganga - Vaigai/Gundar (Parthibanur),Valley Basin,170.5,70.05,31.21,5.71,1.3,41.84,65.9,32.5,Urban_Commercial,11095.0,0.76,4,1,1: Moderate
Ramanathapuram - Gundar Basin (Kamuthi),Estuary / Coastal,299.93,46.97,38.04,7.64,1.43,35.22,55.7,50.0,Commercial,912.0,0.76,5,3,3: Severe Inundation
Sivaganga - Vaigai/Gundar (Parthibanur),Valley Basin,28.32,2.56,25.88,0.38,-0.03,41.91,91.1,10.0,Urban_Commercial,12771.0,0.91,4,0,0: Low
Chennai - Adyar Basin (Nandambakkam),Coastal / Low Basin,140.02,42.44,7.22,2.72,0.89,7.23,65.9,37.3,Urban_High_Density,11909.0,0.94,8,2,2: High
Ramanathapuram - Gundar Basin (Kamuthi),Estuary / Coastal,84.67,14.11,32.5,2.1,0.37,35.33,48.0,53.7,Commercial,2243.0,0.97,5,0,0: Low
Cuddalore - Manimuktha Basin (Virudhachalam),Riverine Plain,127.52,31.17,26.89,3.89,0.51,28.08,65.9,33.4,Agricultural_Mixed,1521.0,0.67,6,0,0: Low
Chennai - Madipakkam Lake Buffer,Lake Catchment,14.81,6.23,2.51,0.01,-0.02,2.77,82.4,20.6,Urban_Residential,6179.0,0.55,14,0,0: Low
Chennai - Adyar Basin (Nandambakkam),Coastal / Low Basin,3.23,1.89,4.84,0.34,-0.03,7.36,84.2,17.1,Urban_High_Density,10548.0,0.76,8,0,0: Low
Tiruvallur - Kosasthalaiyar Basin,Northern Plain,49.13,16.89,15.83,1.83,0.31,19.39,68.6,39.8,Industrial,4023.0,0.73,7,0,0: Low
Chennai - Velachery Lowland Basin,Coastal Lowland,35.06,12.79,4.08,0.88,0.23,4.03,89.5,13.6,Urban_High_Density,3000.0,0.32,12,0,0: Low
Chennai - Adyar Basin (Nandambakkam),Coastal / Low Basin,179.79,70.15,11.78,7.28,1.25,7.04,36.5,60.0,Urban_High_Density,13144.0,0.43,8,3,3: Severe Inundation
Chennai - Adyar Basin (Nandambakkam),Coastal / Low Basin,5.83,1.96,4.75,0.25,0.07,7.52,17.1,78.4,Urban_High_Density,6952.0,0.45,8,0,0: Low
Cuddalore - Manimuktha Basin (Virudhachalam),Riverine Plain,136.5,23.64,27.13,4.13,0.82,27.89,43.2,52.4,Agricultural_Mixed,1644.0,0.91,6,1,1: Moderate
Chennai - Adyar Basin (Nandambakkam),Coastal / Low Basin,9.48,5.68,5.08,0.58,0.09,7.66,52.9,39.2,Urban_High_Density,17325.0,0.67,8,0,0: Low
Chennai - Adyar Basin (Nandambakkam),Coastal / Low Basin,21.85,6.7,5.13,0.63,0.01,7.26,65.0,33.0,Urban_High_Density,13419.0,0.59,8,0,0: Low
Cuddalore - Manimuktha Basin (Virudhachalam),Riverine Plain,7.69,1.81,23.18,0.18,0.02,27.88,55.2,42.9,Agricultural_Mixed,3611.0,0.57,6,0,0: Low
Tiruvallur - Kosasthalaiyar Basin,Northern Plain,51.06,15.74,15.64,1.64,0.12,18.2,72.0,28.3,Industrial,2303.0,0.61,7,0,0: Low
Kancheepuram - Palar Basin,Riverine Valley,114.38,35.51,19.48,2.98,0.64,23.98,89.9,10.0,Urban_Residential,5953.0,0.93,5,0,0: Low
Tiruvallur - Kosasthalaiyar Basin,Northern Plain,12.67,2.29,14.31,0.31,-0.06,19.06,39.0,62.5,Industrial,1132.0,0.64,7,0,0: Low
Cuddalore - Manimuktha Basin (Virudhachalam),Riverine Plain,79.15,18.47,25.05,2.05,0.23,28.4,88.3,16.6,Agricultural_Mixed,4315.0,0.86,6,0,0: Low
Chennai - Velachery Lowland Basin,Coastal Lowland,6.23,7.37,3.59,0.39,0.08,3.98,52.5,48.3,Urban_High_Density,2880.0,0.43,12,0,0: Low
Kancheepuram - Palar Basin,Riverine Valley,110.44,38.35,20.64,4.14,0.67,24.08,16.5,83.5,Urban_Residential,10960.0,0.61,5,1,1: Moderate
Ramanathapuram - Gundar Basin (Kamuthi),Estuary / Coastal,50.12,8.92,31.75,1.35,0.1,34.88,48.9,43.3,Commercial,3039.0,0.45,5,0,0: Low
Sivaganga - Vaigai/Gundar (Parthibanur),Valley Basin,126.18,38.15,28.33,2.83,0.33,41.7,49.1,60.4,Urban_Commercial,6738.0,0.6,4,0,0: Low
Chennai - Adyar Basin (Nandambakkam),Coastal / Low Basin,32.52,19.16,5.71,1.21,0.37,7.63,74.8,19.1,Urban_High_Density,12348.0,0.67,8,0,0: Low
Chennai - Velachery Lowland Basin,Coastal Lowland,4.62,2.87,3.24,0.04,-0.09,3.72,71.2,32.2,Urban_High_Density,2589.0,0.69,12,0,0: Low
Tiruvallur - Kosasthalaiyar Basin,Northern Plain,81.79,16.23,15.27,1.27,0.38,19.29,37.5,61.8,Industrial,918.0,0.45,7,0,0: Low
Cuddalore - Manimuktha Basin (Virudhachalam),Riverine Plain,277.34,63.3,30.1,7.1,1.41,28.14,67.1,27.3,Agricultural_Mixed,1095.0,0.72,6,3,3: Severe Inundation
Chennai - Velachery Lowland Basin,Coastal Lowland,81.31,18.18,5.03,1.83,0.16,4.18,70.8,34.4,Urban_High_Density,7867.0,0.49,12,1,1: Moderate
Ramanathapuram - Gundar Basin (Kamuthi),Estuary / Coastal,53.88,14.41,32.26,1.86,0.28,34.22,77.4,28.8,Commercial,1488.0,0.91,5,0,0: Low
Tiruvallur - Kosasthalaiyar Basin,Northern Plain,29.66,6.5,14.26,0.26,-0.03,19.38,77.3,20.7,Industrial,1221.0,0.69,7,0,0: Low
Cuddalore - Manimuktha Basin (Virudhachalam),Riverine Plain,32.51,13.0,24.33,1.33,0.31,28.33,49.9,47.3,Agricultural_Mixed,2376.0,0.79,6,0,0: Low
Cuddalore - Manimuktha Basin (Virudhachalam),Riverine Plain,48.55,9.44,23.9,0.9,0.36,28.06,69.4,35.6,Agricultural_Mixed,1060.0,0.94,6,0,0: Low
Chennai - Velachery Lowland Basin,Coastal Lowland,39.11,11.22,5.38,2.18,0.4,3.82,51.7,44.4,Urban_High_Density,2568.0,0.66,12,1,1: Moderate
Cuddalore - Manimuktha Basin (Virudhachalam),Riverine Plain,26.26,2.49,23.05,0.05,-0.05,28.1,22.4,71.5,Agricultural_Mixed,1308.0,0.91,6,0,0: Low
Cuddalore - Manimuktha Basin (Virudhachalam),Riverine Plain,188.48,66.04,28.08,5.08,1.27,27.8,73.6,30.2,Agricultural_Mixed,3600.0,0.55,6,2,2: High
Kancheepuram - Palar Basin,Riverine Valley,34.98,17.82,17.55,1.05,0.15,23.76,61.9,35.7,Urban_Residential,6937.0,0.54,5,0,0: Low
Sivaganga - Vaigai/Gundar (Parthibanur),Valley Basin,71.78,14.97,26.81,1.31,0.23,41.73,74.4,23.2,Urban_Commercial,6065.0,0.65,4,0,0: Low
Sivaganga - Vaigai/Gundar (Parthibanur),Valley Basin,15.72,3.07,25.75,0.25,-0.02,41.75,80.6,17.6,Urban_Commercial,8648.0,0.83,4,0,0: Low
Chennai - Velachery Lowland Basin,Coastal Lowland,52.33,15.18,5.06,1.86,0.27,3.94,77.8,12.8,Urban_High_Density,7233.0,0.52,12,0,0: Low
Sivaganga - Vaigai/Gundar (Parthibanur),Valley Basin,60.68,6.42,26.37,0.87,0.27,42.36,65.4,33.6,Urban_Commercial,10364.0,0.72,4,0,0: Low
Chennai - Madipakkam Lake Buffer,Lake Catchment,21.36,4.82,2.79,0.29,0.03,3.21,48.5,58.9,Urban_Residential,12412.0,0.76,14,0,0: Low
Tiruvallur - Kosasthalaiyar Basin,Northern Plain,159.51,33.31,17.0,3.0,0.77,19.01,88.1,19.0,Industrial,3836.0,0.52,7,1,1: Moderate
Chennai - Velachery Lowland Basin,Coastal Lowland,13.16,4.76,3.3,0.1,-0.03,4.02,68.3,32.3,Urban_High_Density,2795.0,0.87,12,0,0: Low
Ramanathapuram - Gundar Basin (Kamuthi),Estuary / Coastal,8.42,6.0,31.12,0.72,0.05,34.71,52.1,44.1,Commercial,1885.0,0.55,5,0,0: Low
Chennai - Adyar Basin (Nandambakkam),Coastal / Low Basin,149.37,31.25,6.94,2.44,0.65,7.65,79.5,19.3,Urban_High_Density,3580.0,0.37,8,1,1: Moderate
Kancheepuram - Palar Basin,Riverine Valley,153.47,44.29,19.32,2.82,0.42,23.59,64.4,37.8,Urban_Residential,11243.0,0.64,5,1,1: Moderate
Sivaganga - Vaigai/Gundar (Parthibanur),Valley Basin,86.32,39.54,29.48,3.98,0.48,42.23,83.3,16.3,Urban_Commercial,11203.0,0.92,4,0,0: Low
Kancheepuram - Palar Basin,Riverine Valley,117.55,39.47,20.7,4.2,0.81,23.9,44.9,52.9,Urban_Residential,11675.0,0.97,5,1,1: Moderate
Chennai - Madipakkam Lake Buffer,Lake Catchment,24.03,1.45,2.63,0.13,-0.02,2.75,48.1,53.3,Urban_Residential,4450.0,0.61,14,0,0: Low
Sivaganga - Vaigai/Gundar (Parthibanur),Valley Basin,49.62,10.84,26.43,0.93,0.39,41.72,34.0,73.5,Urban_Commercial,17206.0,0.62,4,0,0: Low
Chennai - Adyar Basin (Nandambakkam),Coastal / Low Basin,62.66,17.37,5.43,0.93,0.31,7.8,68.4,27.9,Urban_High_Density,14953.0,0.99,8,0,0: Low
Chennai - Adyar Basin (Nandambakkam),Coastal / Low Basin,22.73,1.95,5.02,0.52,-0.09,7.57,66.2,38.5,Urban_High_Density,5680.0,0.54,8,0,0: Low
Cuddalore - Manimuktha Basin (Virudhachalam),Riverine Plain,256.77,54.72,30.36,7.36,0.94,27.59,38.7,54.5,Agricultural_Mixed,835.0,0.52,6,3,3: Severe Inundation
Cuddalore - Manimuktha Basin (Virudhachalam),Riverine Plain,288.58,74.18,27.58,4.58,1.42,28.16,78.5,24.8,Agricultural_Mixed,4144.0,0.94,6,3,3: Severe Inundation
Kancheepuram - Palar Basin,Riverine Valley,58.82,17.5,18.3,1.8,0.12,23.97,91.2,20.6,Urban_Residential,17661.0,0.7,5,0,0: Low
Ramanathapuram - Gundar Basin (Kamuthi),Estuary / Coastal,295.86,57.25,35.41,5.01,1.39,34.55,80.9,15.0,Commercial,2420.0,0.84,5,2,2: High
Cuddalore - Manimuktha Basin (Virudhachalam),Riverine Plain,167.21,63.79,28.65,5.65,0.91,27.41,12.9,79.8,Agricultural_Mixed,1818.0,0.54,6,2,2: High
Cuddalore - Manimuktha Basin (Virudhachalam),Riverine Plain,88.57,27.4,26.11,3.11,0.67,28.21,43.8,56.0,Agricultural_Mixed,1091.0,0.72,6,0,0: Low
Cuddalore - Manimuktha Basin (Virudhachalam),Riverine Plain,51.9,8.94,25.13,2.13,0.31,28.16,46.8,54.9,Agricultural_Mixed,4369.0,0.7,6,0,0: Low
Chennai - Velachery Lowland Basin,Coastal Lowland,110.8,21.66,6.51,3.31,0.71,3.95,80.7,15.3,Urban_High_Density,3006.0,0.31,12,2,2: High
Sivaganga - Vaigai/Gundar (Parthibanur),Valley Basin,104.08,19.94,29.12,3.62,0.3,42.02,77.2,18.9,Urban_Commercial,10885.0,0.5,4,0,0: Low
Kancheepuram - Palar Basin,Riverine Valley,82.56,9.69,17.43,0.93,0.26,23.9,84.5,19.4,Urban_Residential,17079.0,0.96,5,0,0: Low
Chennai - Velachery Lowland Basin,Coastal Lowland,37.07,18.44,4.66,1.46,0.15,3.81,62.5,31.8,Urban_High_Density,11386.0,0.81,12,0,0: Low
Chennai - Velachery Lowland Basin,Coastal Lowland,7.09,2.06,3.67,0.47,-0.08,3.87,87.6,11.2,Urban_High_Density,16099.0,0.51,12,0,0: Low
Kancheepuram - Palar Basin,Riverine Valley,23.06,3.6,16.7,0.2,0.02,23.55,78.1,23.9,Urban_Residential,16307.0,0.44,5,0,0: Low
Chennai - Adyar Basin (Nandambakkam),Coastal / Low Basin,157.29,33.36,8.25,3.75,0.82,7.47,54.1,46.5,Urban_High_Density,9528.0,0.75,8,2,2: High
Cuddalore - Manimuktha Basin (Virudhachalam),Riverine Plain,4.17,4.77,23.29,0.29,-0.03,28.2,36.9,60.2,Agricultural_Mixed,2392.0,0.48,6,0,0: Low
Ramanathapuram - Gundar Basin (Kamuthi),Estuary / Coastal,77.93,18.49,32.02,1.62,0.18,35.15,61.6,43.7,Commercial,2576.0,0.84,5,0,0: Low
Chennai - Adyar Basin (Nandambakkam),Coastal / Low Basin,307.42,63.84,9.11,4.61,0.82,7.67,73.9,29.1,Urban_High_Density,6489.0,0.85,8,3,3: Severe Inundation
Chennai - Velachery Lowland Basin,Coastal Lowland,135.4,32.19,6.15,2.95,0.82,3.29,89.0,15.2,Urban_High_Density,5892.0,0.62,12,2,2: High
Chennai - Madipakkam Lake Buffer,Lake Catchment,26.24,7.88,2.9,0.4,-0.01,3.08,26.2,80.0,Urban_Residential,13638.0,0.69,14,0,0: Low
Chennai - Madipakkam Lake Buffer,Lake Catchment,284.73,53.7,9.66,7.16,1.25,3.31,43.0,49.4,Urban_Residential,14120.0,0.78,14,3,3: Severe Inundation
Tiruvallur - Kosasthalaiyar Basin,Northern Plain,34.05,15.96,15.54,1.54,0.29,18.37,69.2,38.4,Industrial,1464.0,0.48,7,0,0: Low
Cuddalore - Manimuktha Basin (Virudhachalam),Riverine Plain,114.28,33.53,26.47,3.47,0.65,27.94,79.0,20.8,Agricultural_Mixed,1720.0,0.85,6,0,0: Low
Cuddalore - Manimuktha Basin (Virudhachalam),Riverine Plain,21.53,4.59,23.27,0.27,-0.09,28.33,40.7,56.9,Agricultural_Mixed,2350.0,0.5,6,0,0: Low
Chennai - Adyar Basin (Nandambakkam),Coastal / Low Basin,88.31,39.09,7.17,2.67,0.76,7.05,27.2,69.3,Urban_High_Density,4014.0,0.58,8,2,2: High
Chennai - Adyar Basin (Nandambakkam),Coastal / Low Basin,28.11,6.57,4.69,0.19,0.04,7.49,88.5,15.9,Urban_High_Density,12816.0,0.69,8,0,0: Low
Ramanathapuram - Gundar Basin (Kamuthi),Estuary / Coastal,70.75,16.26,31.24,0.84,0.29,34.82,52.1,50.0,Commercial,3143.0,0.43,5,0,0: Low
Ramanathapuram - Gundar Basin (Kamuthi),Estuary / Coastal,92.44,21.39,34.69,4.29,0.81,35.08,87.1,10.0,Commercial,1404.0,0.73,5,0,0: Low
Chennai - Madipakkam Lake Buffer,Lake Catchment,205.27,64.86,8.94,6.44,1.25,3.32,71.1,26.2,Urban_Residential,13349.0,0.95,14,3,3: Severe Inundation
Chennai - Madipakkam Lake Buffer,Lake Catchment,22.38,5.0,2.55,0.05,-0.09,2.98,41.9,63.9,Urban_Residential,7959.0,0.73,14,0,0: Low
Kancheepuram - Palar Basin,Riverine Valley,20.13,6.38,16.65,0.15,-0.0,23.61,56.0,36.6,Urban_Residential,3945.0,0.69,5,0,0: Low
Chennai - Velachery Lowland Basin,Coastal Lowland,16.06,5.81,3.82,0.62,-0.09,3.82,93.1,10.0,Urban_High_Density,17758.0,0.85,12,0,0: Low
Cuddalore - Manimuktha Basin (Virudhachalam),Riverine Plain,254.93,80.22,28.04,5.04,0.84,28.13,67.7,26.2,Agricultural_Mixed,1525.0,0.63,6,3,3: Severe Inundation
Chennai - Madipakkam Lake Buffer,Lake Catchment,13.47,6.27,3.26,0.76,0.07,3.72,46.0,54.2,Urban_Residential,11552.0,0.59,14,0,0: Low
Chennai - Madipakkam Lake Buffer,Lake Catchment,62.02,18.04,3.58,1.08,0.31,3.17,72.8,23.4,Urban_Residential,6438.0,1.0,14,1,1: Moderate
Ramanathapuram - Gundar Basin (Kamuthi),Estuary / Coastal,2.69,4.95,31.1,0.7,0.07,34.69,90.1,10.0,Commercial,2169.0,0.86,5,0,0: Low
Cuddalore - Manimuktha Basin (Virudhachalam),Riverine Plain,39.3,16.31,24.9,1.9,0.13,27.95,95.0,10.0,Agricultural_Mixed,2842.0,0.65,6,0,0: Low
Tiruvallur - Kosasthalaiyar Basin,Northern Plain,139.67,31.13,16.85,2.85,0.57,19.0,49.0,54.1,Industrial,2883.0,0.43,7,1,1: Moderate
Tiruvallur - Kosasthalaiyar Basin,Northern Plain,13.28,7.17,14.49,0.49,0.04,18.75,56.6,47.0,Industrial,2197.0,0.59,7,0,0: Low
Kancheepuram - Palar Basin,Riverine Valley,18.78,3.78,17.22,0.72,-0.01,23.94,54.9,52.0,Urban_Residential,11619.0,0.57,5,0,0: Low
Chennai - Velachery Lowland Basin,Coastal Lowland,59.08,17.58,4.58,1.38,0.17,4.01,60.4,37.6,Urban_High_Density,14553.0,0.78,12,1,1: Moderate
Tiruvallur - Kosasthalaiyar Basin,Northern Plain,19.98,5.52,14.16,0.16,-0.05,18.99,32.8,67.3,Industrial,2759.0,0.71,7,0,0: Low
Kancheepuram - Palar Basin,Riverine Valley,57.68,10.11,17.43,0.93,0.16,23.74,13.9,77.4,Urban_Residential,5439.0,0.45,5,0,0: Low
Tiruvallur - Kosasthalaiyar Basin,Northern Plain,6.64,7.03,14.48,0.48,-0.08,19.1,69.1,24.4,Industrial,1288.0,0.61,7,0,0: Low
Ramanathapuram - Gundar Basin (Kamuthi),Estuary / Coastal,9.56,2.98,31.18,0.78,-0.09,35.7,76.4,27.5,Commercial,3812.0,0.83,5,0,0: Low
Cuddalore - Manimuktha Basin (Virudhachalam),Riverine Plain,45.2,10.39,24.3,1.3,0.2,28.13,83.1,10.0,Agricultural_Mixed,4020.0,0.54,6,0,0: Low
Ramanathapuram - Gundar Basin (Kamuthi),Estuary / Coastal,301.87,52.93,36.26,5.86,1.77,34.75,70.3,32.1,Commercial,3588.0,0.37,5,2,2: High
Chennai - Adyar Basin (Nandambakkam),Coastal / Low Basin,83.54,6.74,5.57,1.07,0.29,8.1,68.1,38.4,Urban_High_Density,11323.0,0.6,8,0,0: Low
Ramanathapuram - Gundar Basin (Kamuthi),Estuary / Coastal,58.27,18.38,31.87,1.47,0.1,35.15,39.5,63.3,Commercial,1947.0,0.72,5,0,0: Low
Cuddalore - Manimuktha Basin (Virudhachalam),Riverine Plain,145.6,24.97,26.91,3.91,0.76,28.25,76.9,23.6,Agricultural_Mixed,1074.0,0.72,6,0,0: Low
Tiruvallur - Kosasthalaiyar Basin,Northern Plain,32.31,18.92,16.01,2.01,0.16,19.5,23.2,75.1,Industrial,1715.0,0.83,7,0,0: Low
Kancheepuram - Palar Basin,Riverine Valley,100.25,41.47,19.01,2.51,0.37,23.82,45.1,57.4,Urban_Residential,17809.0,0.72,5,0,0: Low
Kancheepuram - Palar Basin,Riverine Valley,92.66,37.66,19.29,2.79,0.88,23.75,9.2,90.0,Urban_Residential,10332.0,0.92,5,1,1: Moderate
Ramanathapuram - Gundar Basin (Kamuthi),Estuary / Coastal,11.72,7.31,30.83,0.43,-0.03,34.62,71.8,20.5,Commercial,2525.0,0.57,5,0,0: Low
Tiruvallur - Kosasthalaiyar Basin,Northern Plain,71.14,18.77,15.22,1.22,0.11,18.55,95.0,10.0,Industrial,2450.0,0.54,7,0,0: Low
Chennai - Madipakkam Lake Buffer,Lake Catchment,241.29,80.96,7.15,4.65,0.92,3.09,56.5,47.9,Urban_Residential,13320.0,0.48,14,3,3: Severe Inundation
Chennai - Adyar Basin (Nandambakkam),Coastal / Low Basin,14.81,2.29,4.77,0.27,0.04,7.22,35.7,69.2,Urban_High_Density,8218.0,0.99,8,0,0: Low
Ramanathapuram - Gundar Basin (Kamuthi),Estuary / Coastal,5.65,6.52,30.92,0.52,-0.04,35.37,61.9,43.2,Commercial,2727.0,0.63,5,0,0: Low
Kancheepuram - Palar Basin,Riverine Valley,44.61,19.8,18.57,2.07,0.26,24.66,50.0,59.3,Urban_Residential,5430.0,0.37,5,0,0: Low
Kancheepuram - Palar Basin,Riverine Valley,27.26,5.02,16.92,0.42,0.04,23.88,84.0,14.0,Urban_Residential,4476.0,0.65,5,0,0: Low
Cuddalore - Manimuktha Basin (Virudhachalam),Riverine Plain,72.92,19.14,24.2,1.2,0.32,27.83,54.5,48.2,Agricultural_Mixed,1721.0,0.44,6,0,0: Low
Tiruvallur - Kosasthalaiyar Basin,Northern Plain,114.87,19.77,17.12,3.12,0.9,18.73,74.7,17.1,Industrial,2198.0,0.73,7,0,0: Low
Kancheepuram - Palar Basin,Riverine Valley,24.32,4.43,16.53,0.03,-0.04,23.98,30.7,67.7,Urban_Residential,5312.0,0.98,5,0,0: Low
Chennai - Adyar Basin (Nandambakkam),Coastal / Low Basin,24.66,2.33,4.82,0.32,0.07,7.08,45.2,61.0,Urban_High_Density,17451.0,0.99,8,0,0: Low
Cuddalore - Manimuktha Basin (Virudhachalam),Riverine Plain,105.15,36.08,26.01,3.01,0.73,28.01,46.9,50.7,Agricultural_Mixed,4242.0,0.63,6,0,0: Low
Chennai - Velachery Lowland Basin,Coastal Lowland,66.31,6.27,4.94,1.74,0.22,4.21,80.2,27.6,Urban_High_Density,2787.0,0.34,12,1,1: Moderate
Chennai - Madipakkam Lake Buffer,Lake Catchment,61.44,14.11,3.72,1.22,0.37,2.89,67.0,33.7,Urban_Residential,7389.0,0.89,14,1,1: Moderate
Chennai - Adyar Basin (Nandambakkam),Coastal / Low Basin,30.55,19.81,6.37,1.87,0.21,7.29,46.1,48.6,Urban_High_Density,7535.0,0.6,8,1,1: Moderate
Sivaganga - Vaigai/Gundar (Parthibanur),Valley Basin,247.37,73.87,31.34,5.84,0.97,42.32,80.5,22.2,Urban_Commercial,10612.0,0.99,4,2,2: High
Chennai - Madipakkam Lake Buffer,Lake Catchment,52.42,10.98,4.68,2.18,0.11,2.87,68.7,30.5,Urban_Residential,17792.0,0.94,14,1,1: Moderate
Cuddalore - Manimuktha Basin (Virudhachalam),Riverine Plain,28.13,6.44,23.23,0.23,-0.01,28.39,43.3,50.7,Agricultural_Mixed,3638.0,0.96,6,0,0: Low
Tiruvallur - Kosasthalaiyar Basin,Northern Plain,80.52,17.98,15.77,1.77,0.15,19.34,69.7,30.6,Industrial,4082.0,0.31,7,0,0: Low
Sivaganga - Vaigai/Gundar (Parthibanur),Valley Basin,270.58,69.17,32.3,6.8,1.12,41.92,33.1,64.4,Urban_Commercial,8830.0,0.44,4,3,3: Severe Inundation
Kancheepuram - Palar Basin,Riverine Valley,226.52,44.04,21.69,5.19,1.34,24.28,48.7,56.6,Urban_Residential,2862.0,0.71,5,2,2: High
Chennai - Madipakkam Lake Buffer,Lake Catchment,3.57,7.73,3.18,0.68,-0.01,3.16,64.8,37.0,Urban_Residential,8705.0,0.38,14,0,0: Low
Tiruvallur - Kosasthalaiyar Basin,Northern Plain,5.75,6.87,14.56,0.56,-0.02,19.33,79.1,24.1,Industrial,4246.0,0.5,7,0,0: Low
Ramanathapuram - Gundar Basin (Kamuthi),Estuary / Coastal,2.47,2.79,30.55,0.15,-0.07,34.98,57.5,38.2,Commercial,2608.0,0.96,5,0,0: Low
Chennai - Adyar Basin (Nandambakkam),Coastal / Low Basin,137.08,25.69,7.99,3.49,0.66,7.9,71.4,27.0,Urban_High_Density,5718.0,0.56,8,2,2: High
Chennai - Adyar Basin (Nandambakkam),Coastal / Low Basin,30.53,7.45,6.4,1.9,0.22,7.66,57.9,47.0,Urban_High_Density,17731.0,0.52,8,0,0: Low
Ramanathapuram - Gundar Basin (Kamuthi),Estuary / Coastal,64.49,17.28,31.81,1.41,0.18,34.74,89.1,17.1,Commercial,1730.0,0.86,5,0,0: Low
Kancheepuram - Palar Basin,Riverine Valley,20.03,1.58,16.62,0.12,0.02,24.1,82.3,24.3,Urban_Residential,11138.0,0.31,5,0,0: Low
Kancheepuram - Palar Basin,Riverine Valley,13.73,4.49,17.11,0.61,-0.1,24.21,66.5,33.3,Urban_Residential,13123.0,0.95,5,0,0: Low
Ramanathapuram - Gundar Basin (Kamuthi),Estuary / Coastal,128.53,42.2,32.94,2.54,0.57,35.3,41.4,45.0,Commercial,2735.0,0.61,5,0,0: Low
Cuddalore - Manimuktha Basin (Virudhachalam),Riverine Plain,4.76,7.63,23.07,0.07,0.04,27.59,45.5,57.0,Agricultural_Mixed,3745.0,0.31,6,0,0: Low
Kancheepuram - Palar Basin,Riverine Valley,61.15,13.52,18.05,1.55,0.16,23.97,86.9,10.0,Urban_Residential,11181.0,0.49,5,0,0: Low
Chennai - Madipakkam Lake Buffer,Lake Catchment,159.36,33.27,6.8,4.3,0.69,3.04,95.0,10.0,Urban_Residential,13281.0,0.66,14,2,2: High
Sivaganga - Vaigai/Gundar (Parthibanur),Valley Basin,11.92,3.91,25.65,0.15,0.08,41.82,86.3,27.1,Urban_Commercial,16399.0,0.73,4,0,0: Low
Chennai - Madipakkam Lake Buffer,Lake Catchment,146.81,39.26,5.73,3.23,0.75,3.15,91.1,12.4,Urban_Residential,6788.0,0.45,14,2,2: High
Chennai - Velachery Lowland Basin,Coastal Lowland,157.2,43.51,6.6,3.4,0.83,4.25,72.5,32.6,Urban_High_Density,5610.0,0.54,12,2,2: High
Chennai - Adyar Basin (Nandambakkam),Coastal / Low Basin,74.81,19.75,5.65,1.15,0.13,7.26,72.0,22.8,Urban_High_Density,17591.0,0.82,8,0,0: Low
Sivaganga - Vaigai/Gundar (Parthibanur),Valley Basin,82.94,6.49,26.35,0.85,0.39,41.72,74.0,26.4,Urban_Commercial,12677.0,0.36,4,0,0: Low
Tiruvallur - Kosasthalaiyar Basin,Northern Plain,54.79,8.88,15.46,1.46,0.16,18.82,56.3,43.2,Industrial,639.0,0.99,7,0,0: Low
Tiruvallur - Kosasthalaiyar Basin,Northern Plain,20.85,2.11,14.45,0.45,-0.05,19.09,44.8,53.1,Industrial,1874.0,0.51,7,0,0: Low
Sivaganga - Vaigai/Gundar (Parthibanur),Valley Basin,63.58,17.39,27.7,2.2,0.24,42.23,70.5,28.8,Urban_Commercial,9728.0,0.79,4,0,0: Low
Cuddalore - Manimuktha Basin (Virudhachalam),Riverine Plain,159.58,24.57,26.29,3.29,0.35,27.33,20.7,81.7,Agricultural_Mixed,1334.0,0.71,6,1,1: Moderate
Kancheepuram - Palar Basin,Riverine Valley,87.76,40.5,20.13,3.63,0.32,23.75,94.7,10.0,Urban_Residential,7082.0,0.52,5,0,0: Low
Kancheepuram - Palar Basin,Riverine Valley,21.0,2.83,16.87,0.37,0.06,24.13,66.5,34.3,Urban_Residential,6317.0,0.86,5,0,0: Low
Kancheepuram - Palar Basin,Riverine Valley,241.41,78.17,21.16,4.66,1.22,24.28,33.3,65.1,Urban_Residential,11353.0,0.61,5,3,3: Severe Inundation
Cuddalore - Manimuktha Basin (Virudhachalam),Riverine Plain,5.85,5.43,23.61,0.61,0.07,27.87,57.8,41.8,Agricultural_Mixed,1058.0,0.98,6,0,0: Low
Kancheepuram - Palar Basin,Riverine Valley,11.76,2.45,17.06,0.56,0.09,23.94,83.3,26.1,Urban_Residential,8653.0,0.89,5,0,0: Low
Kancheepuram - Palar Basin,Riverine Valley,7.96,1.25,16.81,0.31,-0.03,24.07,72.9,23.3,Urban_Residential,17735.0,0.43,5,0,0: Low
Chennai - Madipakkam Lake Buffer,Lake Catchment,276.08,69.96,10.16,7.66,1.07,3.01,27.6,75.0,Urban_Residential,17269.0,0.44,14,3,3: Severe Inundation
Cuddalore - Manimuktha Basin (Virudhachalam),Riverine Plain,170.58,63.46,29.35,6.35,0.86,27.22,44.7,48.9,Agricultural_Mixed,4162.0,0.76,6,2,2: High
Kancheepuram - Palar Basin,Riverine Valley,48.07,11.63,17.68,1.18,0.2,23.68,61.4,44.6,Urban_Residential,7724.0,0.69,5,0,0: Low
Chennai - Adyar Basin (Nandambakkam),Coastal / Low Basin,12.27,7.49,5.15,0.65,-0.03,6.83,54.3,53.6,Urban_High_Density,11301.0,0.49,8,0,0: Low
Cuddalore - Manimuktha Basin (Virudhachalam),Riverine Plain,73.42,13.64,25.17,2.17,0.17,28.58,69.5,32.4,Agricultural_Mixed,3232.0,0.49,6,0,0: Low
Tiruvallur - Kosasthalaiyar Basin,Northern Plain,99.78,44.28,17.46,3.46,0.85,19.36,32.8,67.5,Industrial,4155.0,0.37,7,2,2: High
Tiruvallur - Kosasthalaiyar Basin,Northern Plain,139.98,21.35,17.62,3.62,0.89,19.34,29.9,69.5,Industrial,4354.0,0.37,7,1,1: Moderate
Chennai - Adyar Basin (Nandambakkam),Coastal / Low Basin,110.68,25.57,8.83,4.33,0.46,7.06,70.7,36.7,Urban_High_Density,17428.0,0.94,8,2,2: High
Chennai - Adyar Basin (Nandambakkam),Coastal / Low Basin,12.97,6.66,5.11,0.61,0.08,7.62,47.6,58.4,Urban_High_Density,9323.0,0.73,8,0,0: Low
Cuddalore - Manimuktha Basin (Virudhachalam),Riverine Plain,157.09,26.73,26.92,3.92,0.49,27.94,49.5,58.3,Agricultural_Mixed,3019.0,1.0,6,1,1: Moderate
Chennai - Velachery Lowland Basin,Coastal Lowland,98.79,19.6,6.29,3.09,0.64,4.2,22.5,73.0,Urban_High_Density,15009.0,0.51,12,2,2: High
Sivaganga - Vaigai/Gundar (Parthibanur),Valley Basin,146.03,26.7,29.93,4.43,0.73,41.99,72.9,27.8,Urban_Commercial,9513.0,0.58,4,0,0: Low
Kancheepuram - Palar Basin,Riverine Valley,44.28,13.24,18.11,1.61,0.29,24.36,51.1,45.0,Urban_Residential,3228.0,0.72,5,0,0: Low
Chennai - Madipakkam Lake Buffer,Lake Catchment,8.92,2.36,2.8,0.3,-0.03,3.1,78.9,18.2,Urban_Residential,4023.0,0.75,14,0,0: Low
Chennai - Madipakkam Lake Buffer,Lake Catchment,40.53,10.01,3.34,0.84,0.34,3.11,66.1,29.0,Urban_Residential,2678.0,0.48,14,0,0: Low
Chennai - Adyar Basin (Nandambakkam),Coastal / Low Basin,298.26,58.65,10.56,6.06,1.32,7.96,60.4,38.9,Urban_High_Density,16412.0,0.33,8,3,3: Severe Inundation
Sivaganga - Vaigai/Gundar (Parthibanur),Valley Basin,10.69,4.71,26.03,0.53,0.04,42.5,90.5,10.0,Urban_Commercial,3636.0,0.36,4,0,0: Low
Kancheepuram - Palar Basin,Riverine Valley,70.31,12.96,18.18,1.68,0.35,23.9,69.3,32.0,Urban_Residential,6940.0,0.78,5,0,0: Low
Chennai - Madipakkam Lake Buffer,Lake Catchment,114.79,28.81,6.89,4.39,0.61,2.77,47.2,55.3,Urban_Residential,14659.0,0.54,14,2,2: High
Kancheepuram - Palar Basin,Riverine Valley,3.76,2.21,16.5,0.0,0.07,24.32,52.6,57.1,Urban_Residential,14975.0,0.61,5,0,0: Low
Chennai - Madipakkam Lake Buffer,Lake Catchment,75.92,17.63,3.33,0.83,0.17,3.38,68.5,29.1,Urban_Residential,6284.0,0.87,14,1,1: Moderate
Kancheepuram - Palar Basin,Riverine Valley,60.67,17.45,17.85,1.35,0.17,23.77,46.7,50.7,Urban_Residential,7737.0,0.48,5,0,0: Low
Cuddalore - Manimuktha Basin (Virudhachalam),Riverine Plain,29.36,6.26,23.13,0.13,-0.08,28.3,59.3,49.1,Agricultural_Mixed,2482.0,0.51,6,0,0: Low
Cuddalore - Manimuktha Basin (Virudhachalam),Riverine Plain,14.02,3.51,23.35,0.35,-0.01,27.84,66.7,32.8,Agricultural_Mixed,3947.0,0.92,6,0,0: Low
Sivaganga - Vaigai/Gundar (Parthibanur),Valley Basin,243.86,78.18,32.89,7.39,1.74,41.43,54.2,36.5,Urban_Commercial,13495.0,0.47,4,3,3: Severe Inundation
Chennai - Adyar Basin (Nandambakkam),Coastal / Low Basin,18.91,5.99,4.84,0.34,-0.06,7.6,36.9,69.7,Urban_High_Density,11177.0,0.48,8,0,0: Low
Chennai - Madipakkam Lake Buffer,Lake Catchment,39.82,12.89,4.41,1.91,0.28,3.25,46.1,56.9,Urban_Residential,9549.0,0.64,14,1,1: Moderate
Chennai - Madipakkam Lake Buffer,Lake Catchment,151.36,44.31,5.49,2.99,0.66,3.24,18.0,86.8,Urban_Residential,11955.0,0.35,14,3,3: Severe Inundation
Chennai - Velachery Lowland Basin,Coastal Lowland,10.7,7.79,3.65,0.45,-0.03,3.72,61.7,37.3,Urban_High_Density,8482.0,0.87,12,0,0: Low
Chennai - Madipakkam Lake Buffer,Lake Catchment,184.4,55.15,8.49,5.99,1.49,3.15,95.0,10.0,Urban_Residential,11272.0,0.94,14,3,3: Severe Inundation
Cuddalore - Manimuktha Basin (Virudhachalam),Riverine Plain,128.77,42.18,27.26,4.26,0.52,27.45,25.8,75.0,Agricultural_Mixed,1152.0,0.96,6,1,1: Moderate
Chennai - Adyar Basin (Nandambakkam),Coastal / Low Basin,65.01,16.64,6.27,1.77,0.17,7.25,76.1,24.0,Urban_High_Density,14734.0,0.69,8,0,0: Low
Ramanathapuram - Gundar Basin (Kamuthi),Estuary / Coastal,4.74,6.64,31.04,0.64,-0.08,35.21,36.5,61.8,Commercial,1829.0,0.54,5,0,0: Low
Kancheepuram - Palar Basin,Riverine Valley,112.04,31.3,19.93,3.43,0.46,24.33,73.1,24.7,Urban_Residential,13255.0,0.82,5,0,0: Low
Ramanathapuram - Gundar Basin (Kamuthi),Estuary / Coastal,104.86,33.8,33.02,2.62,0.81,34.84,86.4,16.0,Commercial,2423.0,0.4,5,0,0: Low
Tiruvallur - Kosasthalaiyar Basin,Northern Plain,75.3,8.1,15.65,1.65,0.1,18.84,41.7,58.9,Industrial,4058.0,0.49,7,0,0: Low
Cuddalore - Manimuktha Basin (Virudhachalam),Riverine Plain,2.18,7.64,23.58,0.58,0.06,27.99,47.4,54.8,Agricultural_Mixed,2338.0,0.35,6,0,0: Low
Chennai - Velachery Lowland Basin,Coastal Lowland,15.41,2.54,3.2,0.0,0.06,4.06,78.3,23.6,Urban_High_Density,14431.0,0.41,12,0,0: Low
Sivaganga - Vaigai/Gundar (Parthibanur),Valley Basin,6.95,7.39,26.2,0.7,0.02,42.3,94.6,11.1,Urban_Commercial,12344.0,0.73,4,0,0: Low
Sivaganga - Vaigai/Gundar (Parthibanur),Valley Basin,10.03,5.72,25.54,0.04,-0.03,41.99,80.0,10.0,Urban_Commercial,15404.0,0.43,4,0,0: Low
Cuddalore - Manimuktha Basin (Virudhachalam),Riverine Plain,39.62,9.36,24.52,1.52,0.21,27.82,86.4,18.0,Agricultural_Mixed,4472.0,0.32,6,0,0: Low
Tiruvallur - Kosasthalaiyar Basin,Northern Plain,246.76,72.34,21.77,7.77,1.05,18.79,76.0,23.3,Industrial,3126.0,0.79,7,3,3: Severe Inundation
Sivaganga - Vaigai/Gundar (Parthibanur),Valley Basin,40.91,19.68,26.92,1.42,0.16,41.94,13.4,82.5,Urban_Commercial,14105.0,0.52,4,0,0: Low
Kancheepuram - Palar Basin,Riverine Valley,34.86,10.41,18.6,2.1,0.36,23.84,66.1,42.7,Urban_Residential,15206.0,0.77,5,0,0: Low
Sivaganga - Vaigai/Gundar (Parthibanur),Valley Basin,22.03,5.3,25.76,0.26,0.04,42.2,63.9,36.0,Urban_Commercial,16435.0,0.34,4,0,0: Low
Chennai - Madipakkam Lake Buffer,Lake Catchment,13.3,2.95,3.27,0.77,-0.02,3.42,13.3,84.6,Urban_Residential,10492.0,0.53,14,0,0: Low
Cuddalore - Manimuktha Basin (Virudhachalam),Riverine Plain,70.06,17.49,25.02,2.02,0.11,28.14,54.4,47.1,Agricultural_Mixed,2303.0,0.41,6,0,0: Low
Tiruvallur - Kosasthalaiyar Basin,Northern Plain,11.76,4.28,14.35,0.35,-0.09,18.73,55.4,41.9,Industrial,4018.0,0.42,7,0,0: Low
Chennai - Adyar Basin (Nandambakkam),Coastal / Low Basin,36.11,9.57,6.63,2.13,0.25,8.36,30.8,70.0,Urban_High_Density,14411.0,0.93,8,0,0: Low
Cuddalore - Manimuktha Basin (Virudhachalam),Riverine Plain,28.77,5.96,23.3,0.3,-0.04,27.41,33.5,62.4,Agricultural_Mixed,2883.0,0.48,6,0,0: Low
Kancheepuram - Palar Basin,Riverine Valley,33.01,8.02,17.58,1.08,0.12,23.9,64.6,38.6,Urban_Residential,12703.0,0.34,5,0,0: Low
Kancheepuram - Palar Basin,Riverine Valley,11.25,6.64,16.85,0.35,-0.05,24.39,63.6,33.8,Urban_Residential,5445.0,0.71,5,0,0: Low
Ramanathapuram - Gundar Basin (Kamuthi),Estuary / Coastal,67.71,10.84,32.17,1.77,0.22,34.67,68.4,29.1,Commercial,4159.0,0.69,5,0,0: Low
Kancheepuram - Palar Basin,Riverine Valley,29.06,6.55,17.11,0.61,-0.06,23.62,89.1,10.0,Urban_Residential,3031.0,0.94,5,0,0: Low
Chennai - Adyar Basin (Nandambakkam),Coastal / Low Basin,25.47,4.45,5.25,0.75,-0.01,7.49,65.8,39.9,Urban_High_Density,15079.0,0.86,8,0,0: Low
Chennai - Adyar Basin (Nandambakkam),Coastal / Low Basin,67.13,6.47,5.49,0.99,0.36,7.48,65.0,35.6,Urban_High_Density,15758.0,0.73,8,0,0: Low
Tiruvallur - Kosasthalaiyar Basin,Northern Plain,52.79,11.2,14.81,0.81,0.11,19.0,33.9,62.9,Industrial,3736.0,0.67,7,0,0: Low
Kancheepuram - Palar Basin,Riverine Valley,31.72,12.23,18.51,2.01,0.25,24.05,9.9,90.0,Urban_Residential,3405.0,0.45,5,0,0: Low
Ramanathapuram - Gundar Basin (Kamuthi),Estuary / Coastal,84.18,16.49,31.56,1.16,0.25,35.01,78.1,17.6,Commercial,2118.0,0.96,5,0,0: Low
Ramanathapuram - Gundar Basin (Kamuthi),Estuary / Coastal,153.36,24.19,34.3,3.9,0.8,35.12,71.7,20.5,Commercial,3369.0,0.78,5,0,0: Low
Ramanathapuram - Gundar Basin (Kamuthi),Estuary / Coastal,14.42,3.95,31.0,0.6,0.03,35.64,52.1,44.0,Commercial,4445.0,0.78,5,0,0: Low
Cuddalore - Manimuktha Basin (Virudhachalam),Riverine Plain,42.37,6.17,24.81,1.81,0.31,27.94,55.2,43.1,Agricultural_Mixed,2546.0,0.64,6,0,0: Low
Tiruvallur - Kosasthalaiyar Basin,Northern Plain,45.84,9.55,15.83,1.83,0.18,19.32,57.0,38.0,Industrial,2127.0,0.5,7,0,0: Low
Chennai - Madipakkam Lake Buffer,Lake Catchment,150.81,37.52,5.81,3.31,0.87,2.66,92.2,10.0,Urban_Residential,3628.0,0.91,14,2,2: High
Tiruvallur - Kosasthalaiyar Basin,Northern Plain,116.83,37.0,16.51,2.51,0.88,18.93,48.6,56.2,Industrial,1447.0,0.98,7,1,1: Moderate
Tiruvallur - Kosasthalaiyar Basin,Northern Plain,35.1,7.97,16.16,2.16,0.32,18.85,20.9,76.5,Industrial,2861.0,0.37,7,0,0: Low
Sivaganga - Vaigai/Gundar (Parthibanur),Valley Basin,179.56,62.6,32.4,6.9,1.3,41.98,53.0,44.4,Urban_Commercial,9362.0,0.43,4,2,2: High
Chennai - Velachery Lowland Basin,Coastal Lowland,49.81,13.29,5.03,1.83,0.35,3.95,46.2,49.2,Urban_High_Density,10806.0,0.91,12,1,1: Moderate
Tiruvallur - Kosasthalaiyar Basin,Northern Plain,72.51,16.38,15.79,1.79,0.31,19.24,70.7,26.3,Industrial,2767.0,0.73,7,0,0: Low
Chennai - Madipakkam Lake Buffer,Lake Catchment,24.96,5.01,2.6,0.1,-0.02,3.34,46.8,56.8,Urban_Residential,14784.0,0.95,14,0,0: Low
Chennai - Velachery Lowland Basin,Coastal Lowland,75.93,8.63,4.16,0.96,0.23,3.63,83.1,15.6,Urban_High_Density,8071.0,1.0,12,0,0: Low
Kancheepuram - Palar Basin,Riverine Valley,82.87,16.49,17.64,1.14,0.23,24.01,66.5,24.2,Urban_Residential,16483.0,0.41,5,0,0: Low
Ramanathapuram - Gundar Basin (Kamuthi),Estuary / Coastal,13.2,6.11,30.65,0.25,-0.01,35.02,40.9,54.1,Commercial,2044.0,0.6,5,0,0: Low
Ramanathapuram - Gundar Basin (Kamuthi),Estuary / Coastal,112.57,32.46,32.61,2.21,0.62,35.04,52.9,51.8,Commercial,2033.0,0.58,5,0,0: Low
Tiruvallur - Kosasthalaiyar Basin,Northern Plain,159.27,28.94,18.31,4.31,0.65,18.9,60.5,41.2,Industrial,2636.0,0.51,7,1,1: Moderate
Chennai - Velachery Lowland Basin,Coastal Lowland,9.96,5.85,3.72,0.52,-0.06,3.41,93.5,11.4,Urban_High_Density,12012.0,0.44,12,0,0: Low
Chennai - Madipakkam Lake Buffer,Lake Catchment,6.67,3.71,3.13,0.63,-0.06,2.71,76.4,23.4,Urban_Residential,8252.0,0.79,14,0,0: Low
Sivaganga - Vaigai/Gundar (Parthibanur),Valley Basin,83.09,9.94,27.67,2.17,0.35,41.84,31.3,63.9,Urban_Commercial,10292.0,0.63,4,0,0: Low
Sivaganga - Vaigai/Gundar (Parthibanur),Valley Basin,68.32,19.66,27.37,1.87,0.31,41.72,83.6,15.0,Urban_Commercial,8428.0,0.97,4,0,0: Low
Sivaganga - Vaigai/Gundar (Parthibanur),Valley Basin,56.28,18.92,27.07,1.57,0.34,42.08,68.3,31.4,Urban_Commercial,10050.0,0.68,4,0,0: Low
Chennai - Velachery Lowland Basin,Coastal Lowland,105.6,29.51,6.79,3.59,0.61,3.73,81.4,14.1,Urban_High_Density,5537.0,0.35,12,2,2: High
Chennai - Madipakkam Lake Buffer,Lake Catchment,47.4,7.83,4.42,1.92,0.36,2.81,40.4,56.4,Urban_Residential,17166.0,0.72,14,1,1: Moderate
Ramanathapuram - Gundar Basin (Kamuthi),Estuary / Coastal,119.01,27.91,33.04,2.64,0.75,34.92,60.9,41.3,Commercial,1051.0,0.39,5,0,0: Low
Ramanathapuram - Gundar Basin (Kamuthi),Estuary / Coastal,74.04,13.11,31.87,1.47,0.38,35.04,81.8,16.1,Commercial,3085.0,0.66,5,0,0: Low
Chennai - Madipakkam Lake Buffer,Lake Catchment,91.25,18.29,6.32,3.82,0.57,3.31,60.9,44.2,Urban_Residential,10880.0,0.61,14,2,2: High
Cuddalore - Manimuktha Basin (Virudhachalam),Riverine Plain,45.85,17.01,24.37,1.37,0.27,27.48,51.1,57.8,Agricultural_Mixed,1978.0,0.57,6,0,0: Low
Chennai - Madipakkam Lake Buffer,Lake Catchment,18.3,5.95,2.97,0.47,-0.04,2.99,50.0,48.7,Urban_Residential,3639.0,0.97,14,0,0: Low
Kancheepuram - Palar Basin,Riverine Valley,96.62,42.48,20.9,4.4,0.84,24.23,59.8,36.8,Urban_Residential,12235.0,0.34,5,1,1: Moderate
Tiruvallur - Kosasthalaiyar Basin,Northern Plain,82.9,18.49,15.51,1.51,0.28,18.69,32.1,75.2,Industrial,2159.0,0.77,7,0,0: Low
Chennai - Velachery Lowland Basin,Coastal Lowland,16.42,6.57,3.88,0.68,0.06,3.69,60.3,35.1,Urban_High_Density,12016.0,0.41,12,0,0: Low
Tiruvallur - Kosasthalaiyar Basin,Northern Plain,18.64,6.42,14.48,0.48,0.07,18.9,71.4,35.1,Industrial,1374.0,0.62,7,0,0: Low
Chennai - Adyar Basin (Nandambakkam),Coastal / Low Basin,38.12,8.6,6.54,2.04,0.13,7.46,52.2,45.8,Urban_High_Density,16023.0,0.83,8,0,0: Low
Cuddalore - Manimuktha Basin (Virudhachalam),Riverine Plain,9.34,3.29,23.48,0.48,-0.04,28.26,53.5,40.8,Agricultural_Mixed,4002.0,0.85,6,0,0: Low
Chennai - Adyar Basin (Nandambakkam),Coastal / Low Basin,22.75,5.23,4.68,0.18,0.09,7.75,39.7,61.0,Urban_High_Density,5560.0,0.32,8,0,0: Low
Tiruvallur - Kosasthalaiyar Basin,Northern Plain,15.23,6.74,14.37,0.37,0.01,19.03,52.8,44.5,Industrial,2130.0,0.47,7,0,0: Low
Ramanathapuram - Gundar Basin (Kamuthi),Estuary / Coastal,158.74,34.32,33.76,3.36,0.71,34.48,68.1,21.4,Commercial,1344.0,0.84,5,0,0: Low
Chennai - Adyar Basin (Nandambakkam),Coastal / Low Basin,68.39,14.44,6.06,1.56,0.23,7.72,32.8,69.3,Urban_High_Density,8504.0,0.33,8,1,1: Moderate
Chennai - Adyar Basin (Nandambakkam),Coastal / Low Basin,20.02,2.35,5.26,0.76,0.01,7.42,64.2,36.8,Urban_High_Density,16306.0,0.67,8,0,0: Low
Sivaganga - Vaigai/Gundar (Parthibanur),Valley Basin,12.89,6.89,25.53,0.03,0.03,41.61,74.2,32.2,Urban_Commercial,17711.0,0.51,4,0,0: Low
Chennai - Velachery Lowland Basin,Coastal Lowland,7.05,5.42,3.52,0.32,-0.09,3.94,39.3,58.1,Urban_High_Density,2637.0,0.95,12,0,0: Low
Ramanathapuram - Gundar Basin (Kamuthi),Estuary / Coastal,73.52,6.89,31.7,1.3,0.39,35.05,61.6,29.8,Commercial,4034.0,0.43,5,0,0: Low
Chennai - Velachery Lowland Basin,Coastal Lowland,14.33,3.42,3.72,0.52,-0.1,4.08,79.2,23.8,Urban_High_Density,12425.0,0.51,12,0,0: Low
Chennai - Velachery Lowland Basin,Coastal Lowland,56.18,12.57,4.43,1.23,0.19,3.65,58.2,51.7,Urban_High_Density,2775.0,0.74,12,0,0: Low
Ramanathapuram - Gundar Basin (Kamuthi),Estuary / Coastal,52.32,15.28,31.39,0.99,0.14,35.06,51.4,54.6,Commercial,4357.0,0.71,5,0,0: Low
Chennai - Adyar Basin (Nandambakkam),Coastal / Low Basin,48.3,15.71,5.88,1.38,0.29,7.5,63.9,40.0,Urban_High_Density,17702.0,0.35,8,0,0: Low
Chennai - Velachery Lowland Basin,Coastal Lowland,299.54,54.86,8.78,5.58,1.52,3.5,77.9,26.0,Urban_High_Density,16503.0,0.83,12,3,3: Severe Inundation
Sivaganga - Vaigai/Gundar (Parthibanur),Valley Basin,71.44,17.16,27.62,2.12,0.31,41.95,85.0,11.3,Urban_Commercial,17392.0,0.34,4,0,0: Low
Chennai - Adyar Basin (Nandambakkam),Coastal / Low Basin,195.09,58.63,10.03,5.53,1.06,7.76,81.8,16.3,Urban_High_Density,14829.0,0.98,8,3,3: Severe Inundation
Chennai - Madipakkam Lake Buffer,Lake Catchment,77.08,6.2,3.31,0.81,0.15,4.04,67.9,32.0,Urban_Residential,14968.0,0.75,14,0,0: Low
Kancheepuram - Palar Basin,Riverine Valley,8.33,5.67,16.92,0.42,0.02,24.22,57.0,41.2,Urban_Residential,3239.0,0.74,5,0,0: Low
Cuddalore - Manimuktha Basin (Virudhachalam),Riverine Plain,35.35,16.0,24.6,1.6,0.19,27.78,68.3,34.4,Agricultural_Mixed,2489.0,0.74,6,0,0: Low
Sivaganga - Vaigai/Gundar (Parthibanur),Valley Basin,71.19,18.92,26.3,0.8,0.12,41.89,58.4,32.6,Urban_Commercial,8369.0,0.4,4,0,0: Low
Tiruvallur - Kosasthalaiyar Basin,Northern Plain,16.26,6.93,14.26,0.26,-0.08,19.41,68.1,37.9,Industrial,3026.0,0.91,7,0,0: Low
Sivaganga - Vaigai/Gundar (Parthibanur),Valley Basin,10.54,1.62,25.69,0.19,-0.04,42.73,33.7,72.6,Urban_Commercial,16713.0,0.73,4,0,0: Low
Chennai - Velachery Lowland Basin,Coastal Lowland,31.4,11.34,4.98,1.78,0.24,4.33,79.0,25.1,Urban_High_Density,14675.0,0.99,12,0,0: Low
Chennai - Adyar Basin (Nandambakkam),Coastal / Low Basin,54.29,18.23,5.34,0.84,0.22,7.53,22.7,73.7,Urban_High_Density,5790.0,0.99,8,0,0: Low
Tiruvallur - Kosasthalaiyar Basin,Northern Plain,7.8,5.63,14.63,0.63,0.07,19.08,94.3,10.0,Industrial,1256.0,0.37,7,0,0: Low
Tiruvallur - Kosasthalaiyar Basin,Northern Plain,55.05,11.21,15.63,1.63,0.2,19.52,77.4,13.3,Industrial,1074.0,0.31,7,0,0: Low
Tiruvallur - Kosasthalaiyar Basin,Northern Plain,2.29,6.06,14.76,0.76,-0.1,18.75,36.5,56.0,Industrial,720.0,0.66,7,0,0: Low
Chennai - Madipakkam Lake Buffer,Lake Catchment,12.42,3.04,2.56,0.06,0.05,3.58,55.0,38.0,Urban_Residential,15754.0,0.65,14,0,0: Low
Chennai - Adyar Basin (Nandambakkam),Coastal / Low Basin,94.17,33.77,6.9,2.4,0.46,7.82,28.4,68.9,Urban_High_Density,16713.0,0.43,8,2,2: High
Chennai - Adyar Basin (Nandambakkam),Coastal / Low Basin,7.52,2.51,4.73,0.23,-0.03,7.48,88.0,13.6,Urban_High_Density,8256.0,0.68,8,0,0: Low
Chennai - Velachery Lowland Basin,Coastal Lowland,142.05,28.7,5.76,2.56,0.53,3.48,75.1,20.3,Urban_High_Density,6821.0,0.82,12,2,2: High
Sivaganga - Vaigai/Gundar (Parthibanur),Valley Basin,131.3,28.63,29.1,3.6,0.48,41.95,50.0,46.6,Urban_Commercial,13087.0,0.47,4,0,0: Low
Kancheepuram - Palar Basin,Riverine Valley,32.3,7.27,18.07,1.57,0.35,24.32,48.1,48.8,Urban_Residential,5925.0,0.96,5,0,0: Low
Sivaganga - Vaigai/Gundar (Parthibanur),Valley Basin,49.56,12.86,26.63,1.13,0.3,42.16,84.7,10.0,Urban_Commercial,3846.0,0.91,4,0,0: Low
Chennai - Madipakkam Lake Buffer,Lake Catchment,69.95,19.65,3.78,1.28,0.33,3.07,80.0,23.2,Urban_Residential,17891.0,0.39,14,1,1: Moderate
Sivaganga - Vaigai/Gundar (Parthibanur),Valley Basin,15.44,2.62,25.72,0.22,0.03,41.71,90.6,15.1,Urban_Commercial,8092.0,0.84,4,0,0: Low
Sivaganga - Vaigai/Gundar (Parthibanur),Valley Basin,69.4,14.36,26.37,0.87,0.2,42.22,27.7,72.8,Urban_Commercial,2693.0,0.45,4,0,0: Low
Chennai - Velachery Lowland Basin,Coastal Lowland,2.86,2.66,3.71,0.51,-0.07,3.4,53.5,50.2,Urban_High_Density,15853.0,0.58,12,0,0: Low
Kancheepuram - Palar Basin,Riverine Valley,8.04,7.64,17.24,0.74,-0.04,23.96,53.1,40.6,Urban_Residential,14262.0,0.53,5,0,0: Low
Ramanathapuram - Gundar Basin (Kamuthi),Estuary / Coastal,54.6,17.05,32.27,1.87,0.16,35.34,50.0,55.3,Commercial,2167.0,0.42,5,0,0: Low
Cuddalore - Manimuktha Basin (Virudhachalam),Riverine Plain,64.49,15.64,24.54,1.54,0.33,27.91,90.6,16.2,Agricultural_Mixed,2991.0,0.83,6,0,0: Low
Ramanathapuram - Gundar Basin (Kamuthi),Estuary / Coastal,84.16,16.19,32.38,1.98,0.23,35.08,52.8,43.4,Commercial,2816.0,0.77,5,0,0: Low
Ramanathapuram - Gundar Basin (Kamuthi),Estuary / Coastal,72.7,13.04,31.87,1.47,0.32,34.7,27.4,76.1,Commercial,4451.0,0.38,5,0,0: Low
Cuddalore - Manimuktha Basin (Virudhachalam),Riverine Plain,219.21,65.98,30.61,7.61,1.29,28.48,19.7,87.8,Agricultural_Mixed,3970.0,0.91,6,3,3: Severe Inundation
Tiruvallur - Kosasthalaiyar Basin,Northern Plain,114.09,35.93,17.51,3.51,0.48,19.43,26.8,61.9,Industrial,4409.0,0.64,7,1,1: Moderate
Chennai - Adyar Basin (Nandambakkam),Coastal / Low Basin,75.65,15.3,5.45,0.95,0.31,7.88,56.3,40.0,Urban_High_Density,10524.0,0.94,8,0,0: Low
Tiruvallur - Kosasthalaiyar Basin,Northern Plain,7.56,2.13,14.47,0.47,0.05,19.04,28.0,68.6,Industrial,2025.0,0.35,7,0,0: Low
Chennai - Velachery Lowland Basin,Coastal Lowland,136.46,43.79,6.85,3.65,0.55,3.66,35.4,62.7,Urban_High_Density,12160.0,0.99,12,3,3: Severe Inundation
Chennai - Velachery Lowland Basin,Coastal Lowland,3.57,1.76,3.81,0.61,0.06,3.57,77.8,24.2,Urban_High_Density,6557.0,0.39,12,0,0: Low
Ramanathapuram - Gundar Basin (Kamuthi),Estuary / Coastal,74.19,17.87,31.96,1.56,0.26,35.32,42.1,64.1,Commercial,2895.0,0.35,5,0,0: Low
Ramanathapuram - Gundar Basin (Kamuthi),Estuary / Coastal,207.77,44.33,37.12,6.72,1.17,34.66,79.8,19.6,Commercial,696.0,0.65,5,2,2: High
Chennai - Velachery Lowland Basin,Coastal Lowland,246.85,40.89,10.15,6.95,0.87,4.09,27.4,70.6,Urban_High_Density,15060.0,0.35,12,3,3: Severe Inundation
Chennai - Adyar Basin (Nandambakkam),Coastal / Low Basin,27.31,1.36,5.13,0.63,-0.04,7.32,31.5,63.2,Urban_High_Density,15273.0,0.43,8,0,0: Low
Chennai - Madipakkam Lake Buffer,Lake Catchment,27.29,5.21,2.97,0.47,0.07,2.83,35.1,58.5,Urban_Residential,5123.0,0.76,14,0,0: Low
Kancheepuram - Palar Basin,Riverine Valley,91.53,39.56,20.73,4.23,0.33,24.23,46.3,54.5,Urban_Residential,14762.0,0.74,5,0,0: Low
Ramanathapuram - Gundar Basin (Kamuthi),Estuary / Coastal,22.08,1.82,30.96,0.56,0.08,34.82,52.0,41.1,Commercial,2633.0,0.63,5,0,0: Low
Chennai - Adyar Basin (Nandambakkam),Coastal / Low Basin,19.77,7.6,5.11,0.61,-0.06,7.52,62.8,36.8,Urban_High_Density,3803.0,0.51,8,0,0: Low
Ramanathapuram - Gundar Basin (Kamuthi),Estuary / Coastal,147.15,24.26,33.15,2.75,0.56,34.79,52.4,45.1,Commercial,1707.0,0.34,5,0,0: Low
Chennai - Madipakkam Lake Buffer,Lake Catchment,23.79,5.08,3.04,0.54,0.07,3.21,52.0,46.1,Urban_Residential,15441.0,0.35,14,0,0: Low
Chennai - Adyar Basin (Nandambakkam),Coastal / Low Basin,121.27,18.56,6.94,2.44,0.67,7.39,37.1,67.9,Urban_High_Density,12737.0,0.6,8,2,2: High
Chennai - Velachery Lowland Basin,Coastal Lowland,181.51,72.39,7.83,4.63,1.05,4.2,39.2,58.5,Urban_High_Density,3441.0,0.6,12,3,3: Severe Inundation
Kancheepuram - Palar Basin,Riverine Valley,249.58,76.6,23.7,7.2,1.46,23.48,46.6,44.4,Urban_Residential,5338.0,0.32,5,3,3: Severe Inundation
Chennai - Madipakkam Lake Buffer,Lake Catchment,27.85,7.38,2.54,0.04,-0.03,3.37,86.6,10.0,Urban_Residential,15837.0,0.45,14,0,0: Low
Cuddalore - Manimuktha Basin (Virudhachalam),Riverine Plain,280.81,66.55,28.31,5.31,1.07,28.31,50.6,52.6,Agricultural_Mixed,718.0,0.98,6,3,3: Severe Inundation
Chennai - Madipakkam Lake Buffer,Lake Catchment,181.22,76.56,7.96,5.46,1.66,2.91,95.0,11.4,Urban_Residential,17033.0,0.43,14,3,3: Severe Inundation
Sivaganga - Vaigai/Gundar (Parthibanur),Valley Basin,8.21,3.02,25.62,0.12,-0.02,42.37,87.1,10.0,Urban_Commercial,9648.0,0.53,4,0,0: Low
Ramanathapuram - Gundar Basin (Kamuthi),Estuary / Coastal,206.62,75.19,36.13,5.73,0.8,34.87,89.6,10.0,Commercial,2162.0,0.64,5,2,2: High
Cuddalore - Manimuktha Basin (Virudhachalam),Riverine Plain,19.86,6.8,23.13,0.13,0.1,28.32,36.7,63.4,Agricultural_Mixed,1233.0,0.91,6,0,0: Low
Ramanathapuram - Gundar Basin (Kamuthi),Estuary / Coastal,24.51,6.98,31.05,0.65,-0.08,34.93,59.7,42.0,Commercial,4361.0,0.75,5,0,0: Low
Tiruvallur - Kosasthalaiyar Basin,Northern Plain,114.81,29.77,16.53,2.53,0.48,18.51,68.0,31.1,Industrial,3111.0,0.81,7,1,1: Moderate
Tiruvallur - Kosasthalaiyar Basin,Northern Plain,23.0,7.49,14.1,0.1,0.09,18.95,68.2,31.4,Industrial,3763.0,0.83,7,0,0: Low
Cuddalore - Manimuktha Basin (Virudhachalam),Riverine Plain,3.33,6.62,23.34,0.34,-0.07,28.07,62.5,37.0,Agricultural_Mixed,2904.0,0.35,6,0,0: Low
Chennai - Madipakkam Lake Buffer,Lake Catchment,55.8,18.33,4.65,2.15,0.26,3.19,32.5,61.8,Urban_Residential,15427.0,0.74,14,1,1: Moderate
Sivaganga - Vaigai/Gundar (Parthibanur),Valley Basin,11.05,4.14,26.18,0.68,0.05,41.67,87.3,10.0,Urban_Commercial,12003.0,0.69,4,0,0: Low
Sivaganga - Vaigai/Gundar (Parthibanur),Valley Basin,45.7,14.84,27.02,1.52,0.33,41.67,58.8,42.1,Urban_Commercial,3220.0,0.73,4,0,0: Low
Chennai - Madipakkam Lake Buffer,Lake Catchment,58.98,6.55,4.4,1.9,0.18,3.0,89.6,10.0,Urban_Residential,8871.0,0.66,14,1,1: Moderate
Chennai - Madipakkam Lake Buffer,Lake Catchment,288.25,54.01,9.74,7.24,1.24,2.92,85.2,10.5,Urban_Residential,5617.0,0.35,14,3,3: Severe Inundation
Chennai - Madipakkam Lake Buffer,Lake Catchment,124.54,20.67,6.6,4.1,0.37,3.31,69.8,30.4,Urban_Residential,12475.0,0.56,14,2,2: High
Chennai - Velachery Lowland Basin,Coastal Lowland,118.02,24.29,7.51,4.31,0.49,3.84,53.1,47.7,Urban_High_Density,17069.0,0.77,12,2,2: High
Sivaganga - Vaigai/Gundar (Parthibanur),Valley Basin,24.01,5.11,26.02,0.52,0.01,42.21,85.1,19.8,Urban_Commercial,2655.0,0.38,4,0,0: Low
Kancheepuram - Palar Basin,Riverine Valley,44.24,18.98,18.53,2.03,0.25,24.3,48.7,52.4,Urban_Residential,3694.0,0.52,5,0,0: Low
Chennai - Adyar Basin (Nandambakkam),Coastal / Low Basin,66.81,16.31,6.47,1.97,0.24,7.97,69.6,39.0,Urban_High_Density,4473.0,0.51,8,0,0: Low
Cuddalore - Manimuktha Basin (Virudhachalam),Riverine Plain,310.97,68.98,30.66,7.66,1.55,27.75,14.7,82.0,Agricultural_Mixed,4023.0,0.91,6,3,3: Severe Inundation
Chennai - Madipakkam Lake Buffer,Lake Catchment,143.07,36.3,5.61,3.11,0.38,2.92,68.3,33.3,Urban_Residential,2616.0,0.8,14,2,2: High
Kancheepuram - Palar Basin,Riverine Valley,28.87,5.69,16.85,0.35,-0.08,23.66,15.1,80.0,Urban_Residential,6205.0,0.74,5,0,0: Low
Sivaganga - Vaigai/Gundar (Parthibanur),Valley Basin,16.26,2.48,26.08,0.58,0.09,41.52,77.2,12.4,Urban_Commercial,12768.0,0.74,4,0,0: Low
Sivaganga - Vaigai/Gundar (Parthibanur),Valley Basin,164.2,64.81,32.11,6.61,1.51,41.82,37.3,64.5,Urban_Commercial,16925.0,0.87,4,2,2: High
Chennai - Adyar Basin (Nandambakkam),Coastal / Low Basin,5.32,4.74,4.54,0.04,0.03,7.42,69.7,29.8,Urban_High_Density,11817.0,0.84,8,0,0: Low
Chennai - Madipakkam Lake Buffer,Lake Catchment,6.48,6.63,2.8,0.3,0.04,3.71,37.7,65.1,Urban_Residential,10653.0,0.79,14,0,0: Low
Tiruvallur - Kosasthalaiyar Basin,Northern Plain,33.62,9.51,15.81,1.81,0.38,19.52,42.7,58.8,Industrial,3929.0,0.48,7,0,0: Low
Cuddalore - Manimuktha Basin (Virudhachalam),Riverine Plain,293.87,75.54,28.0,5.0,0.82,27.28,41.6,54.4,Agricultural_Mixed,3492.0,0.71,6,3,3: Severe Inundation
Tiruvallur - Kosasthalaiyar Basin,Northern Plain,84.65,12.08,15.24,1.24,0.16,19.35,64.1,38.2,Industrial,2417.0,0.71,7,0,0: Low
Chennai - Velachery Lowland Basin,Coastal Lowland,142.13,34.7,5.51,2.31,0.67,3.72,89.2,10.0,Urban_High_Density,9906.0,0.48,12,2,2: High
Chennai - Velachery Lowland Basin,Coastal Lowland,291.2,41.22,10.44,7.24,0.97,4.2,22.2,73.3,Urban_High_Density,15288.0,0.89,12,3,3: Severe Inundation
Chennai - Adyar Basin (Nandambakkam),Coastal / Low Basin,87.75,23.57,7.88,3.38,0.54,7.75,93.5,10.0,Urban_High_Density,7272.0,0.95,8,1,1: Moderate
Chennai - Madipakkam Lake Buffer,Lake Catchment,173.77,43.97,9.5,7.0,1.55,2.7,88.4,15.4,Urban_Residential,17898.0,0.86,14,3,3: Severe Inundation
Kancheepuram - Palar Basin,Riverine Valley,18.74,7.16,16.74,0.24,-0.09,24.32,51.8,44.3,Urban_Residential,12076.0,0.98,5,0,0: Low
Kancheepuram - Palar Basin,Riverine Valley,76.95,10.72,18.08,1.58,0.27,24.13,23.8,73.3,Urban_Residential,2578.0,0.93,5,0,0: Low
Chennai - Adyar Basin (Nandambakkam),Coastal / Low Basin,265.17,77.34,10.13,5.63,1.09,7.49,49.7,48.9,Urban_High_Density,17132.0,0.44,8,3,3: Severe Inundation
Chennai - Velachery Lowland Basin,Coastal Lowland,160.55,47.67,10.81,7.61,0.84,3.75,42.9,61.1,Urban_High_Density,17762.0,0.87,12,3,3: Severe Inundation
Sivaganga - Vaigai/Gundar (Parthibanur),Valley Basin,196.57,55.77,30.77,5.27,0.86,42.15,81.2,21.2,Urban_Commercial,17140.0,0.91,4,1,1: Moderate
Chennai - Madipakkam Lake Buffer,Lake Catchment,27.2,4.68,2.63,0.13,0.03,3.1,76.1,22.5,Urban_Residential,3364.0,0.84,14,0,0: Low
Cuddalore - Manimuktha Basin (Virudhachalam),Riverine Plain,157.6,26.79,27.47,4.47,0.75,27.92,50.2,39.7,Agricultural_Mixed,707.0,0.58,6,1,1: Moderate
Cuddalore - Manimuktha Basin (Virudhachalam),Riverine Plain,72.17,17.06,24.67,1.67,0.2,28.58,94.7,11.0,Agricultural_Mixed,1219.0,0.94,6,0,0: Low
Ramanathapuram - Gundar Basin (Kamuthi),Estuary / Coastal,78.08,18.34,32.03,1.63,0.3,34.86,70.9,32.3,Commercial,2160.0,0.49,5,0,0: Low
Chennai - Adyar Basin (Nandambakkam),Coastal / Low Basin,37.99,12.33,5.53,1.03,0.25,7.44,85.2,10.0,Urban_High_Density,2532.0,0.74,8,0,0: Low
Cuddalore - Manimuktha Basin (Virudhachalam),Riverine Plain,238.85,77.82,30.31,7.31,1.1,27.92,66.7,32.7,Agricultural_Mixed,3038.0,0.63,6,3,3: Severe Inundation
Sivaganga - Vaigai/Gundar (Parthibanur),Valley Basin,42.81,10.93,26.5,1.0,0.14,42.16,43.0,52.5,Urban_Commercial,3998.0,0.84,4,0,0: Low
Sivaganga - Vaigai/Gundar (Parthibanur),Valley Basin,174.34,45.13,33.46,7.96,1.21,41.65,62.0,42.6,Urban_Commercial,13342.0,0.89,4,1,1: Moderate
Tiruvallur - Kosasthalaiyar Basin,Northern Plain,44.44,11.95,16.08,2.08,0.36,18.65,81.1,10.0,Industrial,1337.0,0.47,7,0,0: Low
Cuddalore - Manimuktha Basin (Virudhachalam),Riverine Plain,4.12,3.39,23.42,0.42,0.09,27.84,58.2,35.4,Agricultural_Mixed,1759.0,0.94,6,0,0: Low
Sivaganga - Vaigai/Gundar (Parthibanur),Valley Basin,293.22,70.79,32.09,6.59,1.02,41.74,32.7,64.2,Urban_Commercial,7824.0,0.63,4,3,3: Severe Inundation
Tiruvallur - Kosasthalaiyar Basin,Northern Plain,57.84,15.82,15.98,1.98,0.26,18.94,77.9,29.8,Industrial,812.0,0.7,7,0,0: Low
Cuddalore - Manimuktha Basin (Virudhachalam),Riverine Plain,144.25,44.53,26.16,3.16,0.6,27.89,59.2,36.7,Agricultural_Mixed,4162.0,0.47,6,1,1: Moderate
Ramanathapuram - Gundar Basin (Kamuthi),Estuary / Coastal,11.08,6.23,30.67,0.27,0.0,34.6,61.1,42.3,Commercial,3009.0,0.99,5,0,0: Low
Chennai - Adyar Basin (Nandambakkam),Coastal / Low Basin,54.2,6.26,6.42,1.92,0.3,7.83,20.9,69.5,Urban_High_Density,15696.0,0.77,8,0,0: Low
Kancheepuram - Palar Basin,Riverine Valley,10.87,7.19,16.91,0.41,0.09,23.68,58.2,36.3,Urban_Residential,14828.0,0.57,5,0,0: Low
Chennai - Madipakkam Lake Buffer,Lake Catchment,4.25,4.78,3.06,0.56,0.08,3.33,68.7,29.0,Urban_Residential,10343.0,0.77,14,0,0: Low
Chennai - Adyar Basin (Nandambakkam),Coastal / Low Basin,29.37,3.86,4.61,0.11,0.04,7.6,77.5,18.8,Urban_High_Density,10568.0,0.6,8,0,0: Low
Cuddalore - Manimuktha Basin (Virudhachalam),Riverine Plain,133.75,41.04,25.62,2.62,0.7,27.98,79.5,24.4,Agricultural_Mixed,1461.0,0.75,6,0,0: Low
Cuddalore - Manimuktha Basin (Virudhachalam),Riverine Plain,27.68,7.58,23.36,0.36,-0.06,27.61,72.7,22.1,Agricultural_Mixed,653.0,0.66,6,0,0: Low
Chennai - Adyar Basin (Nandambakkam),Coastal / Low Basin,30.18,18.95,6.0,1.5,0.13,7.39,57.6,37.1,Urban_High_Density,9975.0,0.83,8,0,0: Low
Ramanathapuram - Gundar Basin (Kamuthi),Estuary / Coastal,77.75,8.04,31.87,1.47,0.28,35.45,37.3,76.9,Commercial,1056.0,0.78,5,0,0: Low
Chennai - Velachery Lowland Basin,Coastal Lowland,38.03,6.95,4.66,1.46,0.28,3.81,50.3,47.7,Urban_High_Density,13452.0,0.46,12,0,0: Low
Cuddalore - Manimuktha Basin (Virudhachalam),Riverine Plain,147.33,27.32,25.68,2.68,0.87,27.76,54.2,42.2,Agricultural_Mixed,2246.0,1.0,6,0,0: Low
Sivaganga - Vaigai/Gundar (Parthibanur),Valley Basin,79.74,9.44,26.5,1.0,0.17,42.1,42.5,60.8,Urban_Commercial,14746.0,0.7,4,0,0: Low
Chennai - Velachery Lowland Basin,Coastal Lowland,37.38,16.47,4.81,1.61,0.25,3.6,68.3,36.8,Urban_High_Density,9816.0,0.8,12,0,0: Low
Tiruvallur - Kosasthalaiyar Basin,Northern Plain,115.76,39.7,16.27,2.27,0.38,18.86,74.1,32.1,Industrial,4098.0,0.66,7,1,1: Moderate
Tiruvallur - Kosasthalaiyar Basin,Northern Plain,80.16,9.41,15.77,1.77,0.17,19.84,39.1,58.3,Industrial,707.0,0.63,7,0,0: Low
Kancheepuram - Palar Basin,Riverine Valley,68.51,9.25,18.43,1.93,0.12,23.92,92.3,10.0,Urban_Residential,9169.0,0.46,5,0,0: Low
Tiruvallur - Kosasthalaiyar Basin,Northern Plain,69.43,8.1,14.91,0.91,0.36,19.03,46.4,62.6,Industrial,4308.0,0.64,7,0,0: Low
Tiruvallur - Kosasthalaiyar Basin,Northern Plain,26.91,5.47,14.32,0.32,-0.08,19.37,87.4,14.3,Industrial,918.0,0.74,7,0,0: Low
Chennai - Madipakkam Lake Buffer,Lake Catchment,40.68,11.49,4.02,1.52,0.31,3.46,17.1,79.1,Urban_Residential,5490.0,0.75,14,1,1: Moderate
Chennai - Adyar Basin (Nandambakkam),Coastal / Low Basin,139.4,40.92,7.62,3.12,0.76,7.5,73.3,26.0,Urban_High_Density,6217.0,0.65,8,2,2: High
Tiruvallur - Kosasthalaiyar Basin,Northern Plain,73.35,12.98,15.21,1.21,0.25,19.04,69.0,32.6,Industrial,4385.0,0.31,7,0,0: Low
Cuddalore - Manimuktha Basin (Virudhachalam),Riverine Plain,24.07,3.93,23.29,0.29,0.09,27.97,53.0,45.8,Agricultural_Mixed,673.0,0.84,6,0,0: Low
Chennai - Adyar Basin (Nandambakkam),Coastal / Low Basin,109.89,34.15,8.42,3.92,0.68,7.72,34.7,66.3,Urban_High_Density,12321.0,0.41,8,2,2: High
Cuddalore - Manimuktha Basin (Virudhachalam),Riverine Plain,10.03,4.44,23.14,0.14,-0.06,27.88,86.7,21.6,Agricultural_Mixed,1567.0,0.55,6,0,0: Low
Chennai - Adyar Basin (Nandambakkam),Coastal / Low Basin,28.86,3.96,4.71,0.21,0.01,7.87,63.7,40.2,Urban_High_Density,4510.0,0.97,8,0,0: Low
Cuddalore - Manimuktha Basin (Virudhachalam),Riverine Plain,30.36,13.34,24.01,1.01,0.27,28.17,76.7,23.2,Agricultural_Mixed,2390.0,0.96,6,0,0: Low
Chennai - Madipakkam Lake Buffer,Lake Catchment,42.19,9.79,4.01,1.51,0.29,3.23,26.6,70.0,Urban_Residential,7408.0,0.65,14,1,1: Moderate
Cuddalore - Manimuktha Basin (Virudhachalam),Riverine Plain,24.71,7.21,23.54,0.54,-0.01,28.16,58.3,44.4,Agricultural_Mixed,1167.0,0.49,6,0,0: Low
Chennai - Velachery Lowland Basin,Coastal Lowland,238.62,61.25,8.14,4.94,1.3,3.54,34.1,60.5,Urban_High_Density,2958.0,0.47,12,3,3: Severe Inundation
Chennai - Velachery Lowland Basin,Coastal Lowland,19.96,1.27,3.47,0.27,-0.07,4.13,51.6,49.9,Urban_High_Density,5236.0,0.58,12,0,0: Low
Cuddalore - Manimuktha Basin (Virudhachalam),Riverine Plain,22.16,1.36,23.41,0.41,-0.03,28.16,63.6,29.6,Agricultural_Mixed,4032.0,0.53,6,0,0: Low
Chennai - Velachery Lowland Basin,Coastal Lowland,51.26,10.09,5.29,2.09,0.32,4.23,33.0,68.9,Urban_High_Density,17951.0,0.87,12,1,1: Moderate
Kancheepuram - Palar Basin,Riverine Valley,17.13,5.91,16.97,0.47,0.04,23.93,80.9,18.7,Urban_Residential,7015.0,0.39,5,0,0: Low
Tiruvallur - Kosasthalaiyar Basin,Northern Plain,122.42,43.86,17.56,3.56,0.7,19.14,84.2,23.1,Industrial,3161.0,0.84,7,1,1: Moderate
Tiruvallur - Kosasthalaiyar Basin,Northern Plain,22.17,4.99,14.58,0.58,0.01,19.04,52.9,52.4,Industrial,2879.0,0.65,7,0,0: Low
Chennai - Adyar Basin (Nandambakkam),Coastal / Low Basin,128.3,32.12,7.38,2.88,0.85,7.18,80.8,19.3,Urban_High_Density,8397.0,0.74,8,2,2: High
Kancheepuram - Palar Basin,Riverine Valley,34.7,16.78,17.35,0.85,0.29,23.61,67.2,39.8,Urban_Residential,11716.0,0.4,5,0,0: Low
Ramanathapuram - Gundar Basin (Kamuthi),Estuary / Coastal,20.51,1.21,31.07,0.67,0.08,35.38,54.3,51.1,Commercial,1959.0,0.64,5,0,0: Low
Sivaganga - Vaigai/Gundar (Parthibanur),Valley Basin,24.7,1.14,25.77,0.27,-0.05,41.96,59.1,27.6,Urban_Commercial,4336.0,0.92,4,0,0: Low
Ramanathapuram - Gundar Basin (Kamuthi),Estuary / Coastal,35.49,16.02,31.98,1.58,0.32,34.83,62.9,42.9,Commercial,2994.0,0.32,5,0,0: Low
Tiruvallur - Kosasthalaiyar Basin,Northern Plain,122.04,26.45,18.49,4.49,0.34,19.09,62.8,42.3,Industrial,2427.0,0.78,7,1,1: Moderate
Chennai - Velachery Lowland Basin,Coastal Lowland,22.07,6.94,3.78,0.58,0.08,3.83,66.5,38.0,Urban_High_Density,16599.0,0.41,12,0,0: Low
Ramanathapuram - Gundar Basin (Kamuthi),Estuary / Coastal,14.17,1.15,30.82,0.42,-0.02,35.4,43.7,57.8,Commercial,3152.0,0.87,5,0,0: Low
Chennai - Velachery Lowland Basin,Coastal Lowland,28.76,6.93,3.33,0.13,0.01,4.02,78.5,25.0,Urban_High_Density,10422.0,0.61,12,0,0: Low
Chennai - Madipakkam Lake Buffer,Lake Catchment,18.2,2.92,3.23,0.73,-0.02,3.07,35.2,63.5,Urban_Residential,6800.0,0.9,14,0,0: Low
Chennai - Adyar Basin (Nandambakkam),Coastal / Low Basin,45.33,9.01,5.89,1.39,0.2,7.71,54.1,49.8,Urban_High_Density,2733.0,0.52,8,0,0: Low
Ramanathapuram - Gundar Basin (Kamuthi),Estuary / Coastal,61.68,7.93,32.17,1.77,0.21,35.62,91.3,10.0,Commercial,1463.0,0.92,5,0,0: Low
Cuddalore - Manimuktha Basin (Virudhachalam),Riverine Plain,50.78,7.25,24.39,1.39,0.24,28.0,77.6,26.3,Agricultural_Mixed,2010.0,0.88,6,0,0: Low
Chennai - Adyar Basin (Nandambakkam),Coastal / Low Basin,34.49,6.82,6.18,1.68,0.39,7.25,73.5,25.4,Urban_High_Density,12947.0,0.34,8,0,0: Low
Chennai - Adyar Basin (Nandambakkam),Coastal / Low Basin,7.53,5.43,5.03,0.53,-0.09,7.74,53.7,40.3,Urban_High_Density,7590.0,0.93,8,0,0: Low
Tiruvallur - Kosasthalaiyar Basin,Northern Plain,20.81,5.24,14.79,0.79,-0.05,18.74,30.3,68.2,Industrial,4193.0,0.36,7,0,0: Low
Cuddalore - Manimuktha Basin (Virudhachalam),Riverine Plain,82.94,6.59,24.04,1.04,0.21,27.54,42.6,51.6,Agricultural_Mixed,2822.0,0.66,6,0,0: Low
Chennai - Velachery Lowland Basin,Coastal Lowland,31.79,12.97,4.6,1.4,0.21,4.23,66.5,24.4,Urban_High_Density,9768.0,0.83,12,0,0: Low
Sivaganga - Vaigai/Gundar (Parthibanur),Valley Basin,114.77,40.33,29.35,3.85,0.8,41.98,35.8,70.6,Urban_Commercial,8657.0,0.9,4,0,0: Low
Chennai - Madipakkam Lake Buffer,Lake Catchment,149.57,32.97,4.9,2.4,0.72,2.93,84.0,12.2,Urban_Residential,3048.0,0.94,14,2,2: High
Sivaganga - Vaigai/Gundar (Parthibanur),Valley Basin,77.4,9.52,26.45,0.95,0.14,41.57,88.8,14.0,Urban_Commercial,11339.0,0.99,4,0,0: Low
Tiruvallur - Kosasthalaiyar Basin,Northern Plain,27.62,6.91,14.07,0.07,0.09,18.57,72.6,17.4,Industrial,2209.0,0.6,7,0,0: Low
Ramanathapuram - Gundar Basin (Kamuthi),Estuary / Coastal,116.65,44.08,32.6,2.2,0.35,35.05,71.8,38.4,Commercial,4476.0,0.72,5,0,0: Low
Ramanathapuram - Gundar Basin (Kamuthi),Estuary / Coastal,317.07,64.69,36.01,5.61,1.36,34.55,57.3,43.9,Commercial,2358.0,0.79,5,3,3: Severe Inundation
Ramanathapuram - Gundar Basin (Kamuthi),Estuary / Coastal,10.94,1.48,31.14,0.74,-0.08,34.77,74.5,26.8,Commercial,3448.0,0.55,5,0,0: Low
Sivaganga - Vaigai/Gundar (Parthibanur),Valley Basin,75.61,6.82,26.63,1.13,0.27,42.05,84.2,21.1,Urban_Commercial,10153.0,0.72,4,0,0: Low
Chennai - Velachery Lowland Basin,Coastal Lowland,90.76,44.61,5.93,2.73,0.43,3.72,71.6,28.6,Urban_High_Density,13428.0,0.66,12,2,2: High
Sivaganga - Vaigai/Gundar (Parthibanur),Valley Basin,232.33,62.24,32.53,7.03,1.19,42.48,59.6,32.7,Urban_Commercial,7694.0,0.68,4,2,2: High
Cuddalore - Manimuktha Basin (Virudhachalam),Riverine Plain,51.51,7.01,24.67,1.67,0.23,28.47,79.3,15.8,Agricultural_Mixed,1476.0,0.33,6,0,0: Low
Ramanathapuram - Gundar Basin (Kamuthi),Estuary / Coastal,63.95,8.01,31.81,1.41,0.12,35.35,31.0,59.5,Commercial,2751.0,0.67,5,0,0: Low
Chennai - Adyar Basin (Nandambakkam),Coastal / Low Basin,123.21,23.39,7.65,3.15,0.75,7.13,40.0,60.6,Urban_High_Density,5470.0,0.33,8,2,2: High
Kancheepuram - Palar Basin,Riverine Valley,6.78,6.98,17.09,0.59,-0.03,24.09,49.8,48.9,Urban_Residential,6968.0,0.51,5,0,0: Low
Cuddalore - Manimuktha Basin (Virudhachalam),Riverine Plain,19.58,3.59,23.5,0.5,-0.08,27.65,62.2,32.9,Agricultural_Mixed,2224.0,0.96,6,0,0: Low
Chennai - Velachery Lowland Basin,Coastal Lowland,3.17,3.31,3.91,0.71,-0.07,3.68,34.0,63.7,Urban_High_Density,11261.0,0.61,12,0,0: Low
Cuddalore - Manimuktha Basin (Virudhachalam),Riverine Plain,14.68,5.26,23.57,0.57,0.08,27.5,45.4,52.3,Agricultural_Mixed,1052.0,0.55,6,0,0: Low
Chennai - Velachery Lowland Basin,Coastal Lowland,37.25,18.81,5.21,2.01,0.24,3.83,90.0,19.1,Urban_High_Density,13256.0,0.39,12,0,0: Low
Cuddalore - Manimuktha Basin (Virudhachalam),Riverine Plain,38.74,18.52,24.44,1.44,0.26,28.28,38.4,73.3,Agricultural_Mixed,4041.0,0.53,6,0,0: Low
Sivaganga - Vaigai/Gundar (Parthibanur),Valley Basin,16.46,2.31,25.51,0.01,-0.01,42.47,60.5,31.9,Urban_Commercial,16610.0,0.46,4,0,0: Low
Kancheepuram - Palar Basin,Riverine Valley,74.17,16.62,18.14,1.64,0.26,24.05,59.4,37.9,Urban_Residential,8039.0,0.41,5,0,0: Low
Chennai - Madipakkam Lake Buffer,Lake Catchment,110.14,39.49,6.25,3.75,0.68,2.93,34.1,59.4,Urban_Residential,12398.0,0.45,14,3,3: Severe Inundation
Chennai - Madipakkam Lake Buffer,Lake Catchment,289.34,53.31,7.2,4.7,1.77,2.98,88.0,14.4,Urban_Residential,7539.0,0.58,14,3,3: Severe Inundation
Ramanathapuram - Gundar Basin (Kamuthi),Estuary / Coastal,77.65,15.5,31.85,1.45,0.3,35.31,50.3,46.1,Commercial,1500.0,0.62,5,0,0: Low
Sivaganga - Vaigai/Gundar (Parthibanur),Valley Basin,136.03,22.63,29.72,4.22,0.6,41.39,36.6,66.2,Urban_Commercial,6010.0,0.63,4,0,0: Low
Cuddalore - Manimuktha Basin (Virudhachalam),Riverine Plain,29.39,3.4,23.49,0.49,-0.0,28.08,84.1,18.9,Agricultural_Mixed,4095.0,0.61,6,0,0: Low
Chennai - Velachery Lowland Basin,Coastal Lowland,56.71,9.9,4.16,0.96,0.18,4.05,68.0,26.6,Urban_High_Density,17006.0,0.7,12,0,0: Low
Cuddalore - Manimuktha Basin (Virudhachalam),Riverine Plain,142.29,38.63,26.41,3.41,0.4,28.18,92.0,14.4,Agricultural_Mixed,3323.0,0.85,6,0,0: Low
Sivaganga - Vaigai/Gundar (Parthibanur),Valley Basin,184.96,79.56,32.46,6.96,0.97,41.73,50.7,47.3,Urban_Commercial,11492.0,0.68,4,2,2: High
Chennai - Madipakkam Lake Buffer,Lake Catchment,234.99,53.61,7.67,5.17,0.85,3.24,83.4,22.0,Urban_Residential,11735.0,0.6,14,3,3: Severe Inundation
Kancheepuram - Palar Basin,Riverine Valley,129.66,34.38,19.27,2.77,0.74,24.01,82.5,20.0,Urban_Residential,12146.0,0.4,5,0,0: Low
Kancheepuram - Palar Basin,Riverine Valley,87.6,18.72,20.98,4.48,0.7,23.87,78.9,17.1,Urban_Residential,16151.0,0.58,5,0,0: Low
Chennai - Madipakkam Lake Buffer,Lake Catchment,13.5,3.41,2.52,0.02,-0.03,3.13,66.5,31.9,Urban_Residential,7091.0,0.63,14,0,0: Low
Chennai - Velachery Lowland Basin,Coastal Lowland,82.2,6.97,5.0,1.8,0.1,3.61,59.5,38.0,Urban_High_Density,11479.0,0.47,12,1,1: Moderate
Ramanathapuram - Gundar Basin (Kamuthi),Estuary / Coastal,109.97,39.98,33.1,2.7,0.51,34.79,41.6,54.4,Commercial,2525.0,0.89,5,0,0: Low
Chennai - Madipakkam Lake Buffer,Lake Catchment,75.16,6.72,3.77,1.27,0.11,2.38,69.3,26.7,Urban_Residential,13305.0,0.75,14,1,1: Moderate
Chennai - Madipakkam Lake Buffer,Lake Catchment,58.73,8.04,3.63,1.13,0.32,3.01,37.3,70.2,Urban_Residential,11839.0,0.69,14,1,1: Moderate
Tiruvallur - Kosasthalaiyar Basin,Northern Plain,22.17,6.91,14.7,0.7,-0.09,18.64,39.9,59.3,Industrial,2989.0,0.62,7,0,0: Low
Ramanathapuram - Gundar Basin (Kamuthi),Estuary / Coastal,115.88,26.6,33.96,3.56,0.72,35.17,95.0,10.0,Commercial,2771.0,0.42,5,0,0: Low
Chennai - Adyar Basin (Nandambakkam),Coastal / Low Basin,194.28,55.56,10.36,5.86,1.18,7.02,19.6,80.1,Urban_High_Density,11218.0,0.47,8,3,3: Severe Inundation
Chennai - Madipakkam Lake Buffer,Lake Catchment,23.56,2.84,3.06,0.56,0.08,3.39,44.0,52.4,Urban_Residential,11101.0,0.92,14,0,0: Low
Sivaganga - Vaigai/Gundar (Parthibanur),Valley Basin,145.19,35.47,28.13,2.63,0.72,42.22,67.2,30.2,Urban_Commercial,5396.0,0.53,4,0,0: Low
Sivaganga - Vaigai/Gundar (Parthibanur),Valley Basin,15.66,6.13,25.92,0.42,0.09,41.62,66.1,33.1,Urban_Commercial,7059.0,0.8,4,0,0: Low
Tiruvallur - Kosasthalaiyar Basin,Northern Plain,116.45,39.49,17.47,3.47,0.35,18.53,92.4,10.5,Industrial,854.0,0.78,7,1,1: Moderate
Chennai - Velachery Lowland Basin,Coastal Lowland,79.31,12.96,4.86,1.66,0.4,4.26,40.0,60.8,Urban_High_Density,17952.0,0.6,12,1,1: Moderate
Chennai - Madipakkam Lake Buffer,Lake Catchment,166.58,75.06,9.1,6.6,0.83,2.85,78.6,30.1,Urban_Residential,13263.0,0.86,14,3,3: Severe Inundation
Ramanathapuram - Gundar Basin (Kamuthi),Estuary / Coastal,28.19,6.22,30.75,0.35,-0.03,34.89,33.8,61.7,Commercial,700.0,0.99,5,0,0: Low
Chennai - Madipakkam Lake Buffer,Lake Catchment,23.54,4.64,2.75,0.25,0.1,2.75,38.8,55.3,Urban_Residential,8437.0,0.99,14,0,0: Low
Kancheepuram - Palar Basin,Riverine Valley,266.5,67.1,22.08,5.58,1.41,23.67,74.0,23.3,Urban_Residential,7711.0,0.37,5,3,3: Severe Inundation
Kancheepuram - Palar Basin,Riverine Valley,115.02,44.13,20.33,3.83,0.52,24.25,90.9,10.9,Urban_Residential,4734.0,0.71,5,0,0: Low
Kancheepuram - Palar Basin,Riverine Valley,58.7,6.6,18.27,1.77,0.27,24.01,79.3,22.9,Urban_Residential,6561.0,0.95,5,0,0: Low
Chennai - Madipakkam Lake Buffer,Lake Catchment,202.79,40.83,10.37,7.87,1.02,3.32,61.9,30.7,Urban_Residential,16200.0,0.87,14,3,3: Severe Inundation
Chennai - Velachery Lowland Basin,Coastal Lowland,138.65,26.32,6.1,2.9,0.49,3.47,59.8,43.0,Urban_High_Density,14766.0,0.37,12,2,2: High
Kancheepuram - Palar Basin,Riverine Valley,16.22,6.37,17.05,0.55,0.06,23.83,57.3,42.8,Urban_Residential,2834.0,0.86,5,0,0: Low
Cuddalore - Manimuktha Basin (Virudhachalam),Riverine Plain,71.94,17.38,24.28,1.28,0.2,28.31,60.5,38.4,Agricultural_Mixed,2835.0,0.35,6,0,0: Low
Ramanathapuram - Gundar Basin (Kamuthi),Estuary / Coastal,23.69,6.41,30.97,0.57,0.08,34.87,82.1,25.5,Commercial,4083.0,0.4,5,0,0: Low
Cuddalore - Manimuktha Basin (Virudhachalam),Riverine Plain,295.93,48.02,29.28,6.28,1.29,28.58,79.1,32.6,Agricultural_Mixed,3503.0,0.9,6,3,3: Severe Inundation
Chennai - Velachery Lowland Basin,Coastal Lowland,152.19,40.48,5.42,2.22,0.49,4.3,57.1,34.7,Urban_High_Density,4680.0,0.61,12,2,2: High
Ramanathapuram - Gundar Basin (Kamuthi),Estuary / Coastal,89.19,28.11,34.08,3.68,0.84,35.13,85.4,12.7,Commercial,1248.0,0.3,5,0,0: Low
Sivaganga - Vaigai/Gundar (Parthibanur),Valley Basin,165.3,66.82,31.43,5.93,1.23,41.8,65.1,32.2,Urban_Commercial,12683.0,0.48,4,1,1: Moderate
Chennai - Velachery Lowland Basin,Coastal Lowland,2.86,5.13,3.46,0.26,0.01,3.79,42.2,57.7,Urban_High_Density,10706.0,0.34,12,0,0: Low
Cuddalore - Manimuktha Basin (Virudhachalam),Riverine Plain,96.62,31.75,27.0,4.0,0.61,27.99,67.9,35.7,Agricultural_Mixed,3057.0,0.49,6,0,0: Low
Cuddalore - Manimuktha Basin (Virudhachalam),Riverine Plain,8.81,6.19,23.65,0.65,0.03,27.83,22.6,80.6,Agricultural_Mixed,3216.0,0.55,6,0,0: Low
Chennai - Adyar Basin (Nandambakkam),Coastal / Low Basin,90.12,25.97,8.7,4.2,0.54,7.57,83.4,14.3,Urban_High_Density,3974.0,0.55,8,1,1: Moderate
Chennai - Adyar Basin (Nandambakkam),Coastal / Low Basin,81.81,8.42,5.33,0.83,0.23,7.19,72.5,26.6,Urban_High_Density,12620.0,0.53,8,0,0: Low
Tiruvallur - Kosasthalaiyar Basin,Northern Plain,35.26,11.89,15.52,1.52,0.31,18.92,68.3,35.5,Industrial,892.0,0.81,7,0,0: Low
Sivaganga - Vaigai/Gundar (Parthibanur),Valley Basin,76.23,15.99,27.51,2.01,0.16,41.86,79.1,13.9,Urban_Commercial,4212.0,0.75,4,0,0: Low
Chennai - Adyar Basin (Nandambakkam),Coastal / Low Basin,83.2,7.96,6.06,1.56,0.34,7.59,24.8,71.8,Urban_High_Density,4221.0,0.59,8,1,1: Moderate
Chennai - Velachery Lowland Basin,Coastal Lowland,26.45,4.97,3.41,0.21,0.09,3.61,66.8,37.6,Urban_High_Density,6431.0,0.45,12,0,0: Low
Kancheepuram - Palar Basin,Riverine Valley,30.14,17.99,18.25,1.75,0.23,23.75,42.3,55.8,Urban_Residential,17457.0,0.5,5,0,0: Low
Ramanathapuram - Gundar Basin (Kamuthi),Estuary / Coastal,89.48,39.23,32.99,2.59,0.51,34.65,71.9,32.6,Commercial,2921.0,0.36,5,0,0: Low
Chennai - Madipakkam Lake Buffer,Lake Catchment,4.82,5.74,2.75,0.25,-0.03,3.88,58.3,40.3,Urban_Residential,6947.0,0.88,14,0,0: Low
Tiruvallur - Kosasthalaiyar Basin,Northern Plain,21.24,6.52,14.32,0.32,0.03,19.09,65.5,35.5,Industrial,2559.0,0.65,7,0,0: Low
Sivaganga - Vaigai/Gundar (Parthibanur),Valley Basin,156.22,30.22,27.9,2.4,0.68,42.48,39.0,56.3,Urban_Commercial,13096.0,0.47,4,0,0: Low
Chennai - Velachery Lowland Basin,Coastal Lowland,59.74,10.52,5.17,1.97,0.4,4.14,81.8,26.1,Urban_High_Density,15701.0,0.47,12,1,1: Moderate
Ramanathapuram - Gundar Basin (Kamuthi),Estuary / Coastal,77.22,14.08,31.5,1.1,0.36,34.91,95.0,10.6,Commercial,3817.0,0.93,5,0,0: Low
Kancheepuram - Palar Basin,Riverine Valley,31.77,16.49,18.66,2.16,0.19,24.41,55.1,49.0,Urban_Residential,16453.0,0.33,5,0,0: Low
Cuddalore - Manimuktha Basin (Virudhachalam),Riverine Plain,66.33,12.17,24.29,1.29,0.26,27.77,24.6,75.9,Agricultural_Mixed,1383.0,0.83,6,0,0: Low
Tiruvallur - Kosasthalaiyar Basin,Northern Plain,7.71,7.21,14.69,0.69,-0.07,18.8,26.6,71.4,Industrial,1198.0,0.95,7,0,0: Low
Chennai - Madipakkam Lake Buffer,Lake Catchment,122.19,21.78,6.49,3.99,0.84,3.2,5.1,88.0,Urban_Residential,4977.0,0.69,14,3,3: Severe Inundation
Chennai - Adyar Basin (Nandambakkam),Coastal / Low Basin,154.08,42.32,8.08,3.58,0.49,8.03,24.1,79.3,Urban_High_Density,10773.0,0.71,8,3,3: Severe Inundation
Sivaganga - Vaigai/Gundar (Parthibanur),Valley Basin,29.89,7.87,25.92,0.42,-0.06,41.86,41.1,59.3,Urban_Commercial,13366.0,0.68,4,0,0: Low
Ramanathapuram - Gundar Basin (Kamuthi),Estuary / Coastal,302.2,44.01,36.91,6.51,1.59,35.08,80.7,10.5,Commercial,1831.0,0.89,5,2,2: High
Ramanathapuram - Gundar Basin (Kamuthi),Estuary / Coastal,78.04,14.7,31.89,1.49,0.11,35.15,47.3,47.5,Commercial,1981.0,0.92,5,0,0: Low
Kancheepuram - Palar Basin,Riverine Valley,67.42,10.24,18.28,1.78,0.29,23.86,74.0,22.9,Urban_Residential,10366.0,0.8,5,0,0: Low
Ramanathapuram - Gundar Basin (Kamuthi),Estuary / Coastal,29.5,1.6,30.53,0.13,-0.02,34.96,21.9,79.4,Commercial,2855.0,0.65,5,0,0: Low
Ramanathapuram - Gundar Basin (Kamuthi),Estuary / Coastal,91.3,18.78,33.37,2.97,0.77,34.8,61.1,44.7,Commercial,1452.0,0.55,5,0,0: Low
Ramanathapuram - Gundar Basin (Kamuthi),Estuary / Coastal,7.39,1.9,30.69,0.29,-0.07,34.84,61.7,40.3,Commercial,3686.0,0.51,5,0,0: Low
Kancheepuram - Palar Basin,Riverine Valley,104.54,30.91,18.85,2.35,0.4,23.54,31.7,60.8,Urban_Residential,8754.0,0.52,5,0,0: Low
Chennai - Madipakkam Lake Buffer,Lake Catchment,86.83,34.86,6.74,4.24,0.55,3.5,26.6,71.1,Urban_Residential,10759.0,0.84,14,2,2: High
Chennai - Adyar Basin (Nandambakkam),Coastal / Low Basin,108.19,21.28,7.93,3.43,0.87,7.78,8.6,89.5,Urban_High_Density,14045.0,0.65,8,2,2: High
Sivaganga - Vaigai/Gundar (Parthibanur),Valley Basin,18.01,5.64,25.81,0.31,0.01,41.91,36.6,62.2,Urban_Commercial,16344.0,0.61,4,0,0: Low
Kancheepuram - Palar Basin,Riverine Valley,25.85,4.44,16.73,0.23,0.09,24.13,28.7,69.9,Urban_Residential,14119.0,0.42,5,0,0: Low
Sivaganga - Vaigai/Gundar (Parthibanur),Valley Basin,73.68,15.79,26.48,0.98,0.39,41.84,78.0,20.8,Urban_Commercial,12817.0,0.53,4,0,0: Low
Cuddalore - Manimuktha Basin (Virudhachalam),Riverine Plain,99.12,33.67,26.43,3.43,0.64,27.92,44.9,48.8,Agricultural_Mixed,2938.0,0.31,6,0,0: Low
Chennai - Velachery Lowland Basin,Coastal Lowland,281.8,50.93,10.21,7.01,1.1,3.98,54.8,39.0,Urban_High_Density,10736.0,0.33,12,3,3: Severe Inundation
Chennai - Madipakkam Lake Buffer,Lake Catchment,7.0,3.71,2.76,0.26,0.1,3.51,37.6,66.0,Urban_Residential,11420.0,0.79,14,0,0: Low
Sivaganga - Vaigai/Gundar (Parthibanur),Valley Basin,81.29,18.9,26.35,0.85,0.22,41.33,64.5,35.4,Urban_Commercial,5533.0,0.87,4,0,0: Low
Chennai - Adyar Basin (Nandambakkam),Coastal / Low Basin,26.37,7.81,4.81,0.31,0.03,7.88,69.2,22.9,Urban_High_Density,3821.0,0.99,8,0,0: Low
Sivaganga - Vaigai/Gundar (Parthibanur),Valley Basin,25.99,3.9,25.97,0.47,-0.09,41.85,64.9,39.1,Urban_Commercial,17716.0,0.59,4,0,0: Low
Chennai - Madipakkam Lake Buffer,Lake Catchment,74.37,16.45,3.4,0.9,0.24,3.11,48.3,53.6,Urban_Residential,2562.0,0.8,14,1,1: Moderate
Tiruvallur - Kosasthalaiyar Basin,Northern Plain,2.49,3.06,14.55,0.55,0.05,19.29,75.4,24.9,Industrial,1389.0,0.93,7,0,0: Low
Kancheepuram - Palar Basin,Riverine Valley,24.33,5.81,17.11,0.61,-0.09,23.97,37.2,60.3,Urban_Residential,13731.0,0.41,5,0,0: Low
Kancheepuram - Palar Basin,Riverine Valley,11.57,7.43,16.96,0.46,0.08,24.3,80.0,17.6,Urban_Residential,17656.0,0.86,5,0,0: Low
Chennai - Adyar Basin (Nandambakkam),Coastal / Low Basin,6.43,5.92,5.03,0.53,-0.08,7.13,52.0,34.9,Urban_High_Density,15014.0,0.49,8,0,0: Low
Chennai - Adyar Basin (Nandambakkam),Coastal / Low Basin,19.42,4.97,4.7,0.2,0.1,6.94,69.0,27.3,Urban_High_Density,16276.0,0.41,8,0,0: Low
Chennai - Madipakkam Lake Buffer,Lake Catchment,84.31,6.49,3.83,1.33,0.39,2.43,62.1,39.0,Urban_Residential,15139.0,0.5,14,1,1: Moderate
Cuddalore - Manimuktha Basin (Virudhachalam),Riverine Plain,4.04,6.69,23.36,0.36,-0.02,28.59,74.5,17.5,Agricultural_Mixed,3809.0,0.75,6,0,0: Low
Chennai - Velachery Lowland Basin,Coastal Lowland,31.44,18.77,4.78,1.58,0.19,4.32,33.3,75.3,Urban_High_Density,10394.0,0.51,12,1,1: Moderate
Chennai - Velachery Lowland Basin,Coastal Lowland,4.01,3.72,3.79,0.59,-0.06,4.03,74.7,35.1,Urban_High_Density,16387.0,0.94,12,0,0: Low
Ramanathapuram - Gundar Basin (Kamuthi),Estuary / Coastal,103.98,23.1,34.35,3.95,0.88,35.11,55.6,40.5,Commercial,2436.0,0.85,5,0,0: Low
Tiruvallur - Kosasthalaiyar Basin,Northern Plain,19.72,2.47,14.39,0.39,-0.06,18.77,59.6,46.5,Industrial,4194.0,0.35,7,0,0: Low
Tiruvallur - Kosasthalaiyar Basin,Northern Plain,8.99,3.19,14.36,0.36,0.01,19.09,54.9,43.3,Industrial,3298.0,0.38,7,0,0: Low
Chennai - Madipakkam Lake Buffer,Lake Catchment,302.25,54.69,7.82,5.32,1.07,3.06,66.0,33.1,Urban_Residential,8727.0,0.96,14,3,3: Severe Inundation
Cuddalore - Manimuktha Basin (Virudhachalam),Riverine Plain,21.37,2.65,23.62,0.62,0.04,27.97,63.3,38.1,Agricultural_Mixed,1449.0,0.44,6,0,0: Low
Chennai - Velachery Lowland Basin,Coastal Lowland,30.77,18.45,4.38,1.18,0.12,4.18,62.8,28.8,Urban_High_Density,14896.0,0.83,12,0,0: Low
Tiruvallur - Kosasthalaiyar Basin,Northern Plain,128.62,30.52,16.47,2.47,0.35,18.71,76.6,21.6,Industrial,3266.0,0.95,7,1,1: Moderate
Sivaganga - Vaigai/Gundar (Parthibanur),Valley Basin,91.67,19.07,28.69,3.19,0.8,42.28,59.9,50.3,Urban_Commercial,7530.0,0.88,4,0,0: Low
Tiruvallur - Kosasthalaiyar Basin,Northern Plain,40.59,9.7,15.43,1.43,0.19,19.3,43.5,56.1,Industrial,4184.0,0.4,7,0,0: Low
Chennai - Madipakkam Lake Buffer,Lake Catchment,3.85,3.83,2.65,0.15,-0.09,3.31,28.3,71.5,Urban_Residential,15256.0,0.55,14,0,0: Low
Chennai - Madipakkam Lake Buffer,Lake Catchment,16.95,1.14,3.16,0.66,-0.03,3.29,58.5,42.3,Urban_Residential,13963.0,0.86,14,0,0: Low
Kancheepuram - Palar Basin,Riverine Valley,160.1,55.92,22.29,5.79,0.83,24.17,56.7,42.3,Urban_Residential,17266.0,0.53,5,2,2: High
Kancheepuram - Palar Basin,Riverine Valley,29.17,1.2,16.77,0.27,-0.08,24.09,74.1,20.1,Urban_Residential,14759.0,0.73,5,0,0: Low
Chennai - Adyar Basin (Nandambakkam),Coastal / Low Basin,57.13,15.12,5.47,0.97,0.35,7.55,26.4,73.6,Urban_High_Density,7322.0,0.52,8,0,0: Low
Ramanathapuram - Gundar Basin (Kamuthi),Estuary / Coastal,132.79,26.54,32.88,2.48,0.78,35.19,81.6,21.2,Commercial,638.0,0.5,5,0,0: Low
Kancheepuram - Palar Basin,Riverine Valley,29.21,7.17,16.54,0.04,0.0,24.22,63.2,44.4,Urban_Residential,10025.0,0.66,5,0,0: Low
Ramanathapuram - Gundar Basin (Kamuthi),Estuary / Coastal,34.24,14.34,32.2,1.8,0.12,34.6,56.3,48.6,Commercial,2717.0,0.58,5,0,0: Low
Sivaganga - Vaigai/Gundar (Parthibanur),Valley Basin,10.69,4.51,25.62,0.12,-0.03,41.69,72.9,30.3,Urban_Commercial,4702.0,0.48,4,0,0: Low
Cuddalore - Manimuktha Basin (Virudhachalam),Riverine Plain,19.71,2.23,23.71,0.71,-0.05,28.16,75.3,22.3,Agricultural_Mixed,1272.0,0.69,6,0,0: Low
Chennai - Velachery Lowland Basin,Coastal Lowland,129.31,27.35,7.02,3.82,0.44,3.73,57.4,37.7,Urban_High_Density,3940.0,0.51,12,2,2: High
Sivaganga - Vaigai/Gundar (Parthibanur),Valley Basin,29.47,2.71,26.13,0.63,-0.01,41.51,72.0,25.7,Urban_Commercial,9740.0,0.52,4,0,0: Low
Ramanathapuram - Gundar Basin (Kamuthi),Estuary / Coastal,29.17,6.45,31.17,0.77,-0.03,34.76,91.7,10.0,Commercial,1844.0,0.5,5,0,0: Low
Ramanathapuram - Gundar Basin (Kamuthi),Estuary / Coastal,41.15,18.26,32.29,1.89,0.14,35.53,13.9,85.3,Commercial,1623.0,0.63,5,0,0: Low
Ramanathapuram - Gundar Basin (Kamuthi),Estuary / Coastal,15.02,2.2,30.61,0.21,0.0,34.76,83.9,14.8,Commercial,3229.0,0.67,5,0,0: Low
Chennai - Madipakkam Lake Buffer,Lake Catchment,29.62,4.27,2.67,0.17,0.09,3.22,86.7,10.0,Urban_Residential,6170.0,0.59,14,0,0: Low
Cuddalore - Manimuktha Basin (Virudhachalam),Riverine Plain,43.19,17.7,24.97,1.97,0.19,28.18,28.9,60.9,Agricultural_Mixed,1904.0,0.51,6,0,0: Low
Sivaganga - Vaigai/Gundar (Parthibanur),Valley Basin,10.99,3.61,25.7,0.2,-0.08,41.66,47.4,56.2,Urban_Commercial,4527.0,0.67,4,0,0: Low
Tiruvallur - Kosasthalaiyar Basin,Northern Plain,96.58,19.63,16.79,2.79,0.4,18.89,11.9,90.0,Industrial,745.0,0.6,7,1,1: Moderate
Chennai - Madipakkam Lake Buffer,Lake Catchment,53.31,6.64,4.55,2.05,0.38,3.22,67.4,34.0,Urban_Residential,3555.0,0.85,14,1,1: Moderate
Cuddalore - Manimuktha Basin (Virudhachalam),Riverine Plain,313.35,43.78,29.36,6.36,1.13,27.98,34.3,64.2,Agricultural_Mixed,1844.0,0.72,6,3,3: Severe Inundation
Kancheepuram - Palar Basin,Riverine Valley,130.0,37.12,18.96,2.46,0.46,24.27,43.0,57.9,Urban_Residential,3086.0,0.44,5,1,1: Moderate
Kancheepuram - Palar Basin,Riverine Valley,259.82,57.5,23.69,7.19,1.31,23.88,84.6,23.2,Urban_Residential,3738.0,0.62,5,3,3: Severe Inundation
Kancheepuram - Palar Basin,Riverine Valley,77.62,17.98,18.1,1.6,0.21,24.29,39.2,72.0,Urban_Residential,8599.0,0.91,5,0,0: Low
Sivaganga - Vaigai/Gundar (Parthibanur),Valley Basin,87.82,22.0,28.42,2.92,0.81,42.09,43.1,60.6,Urban_Commercial,7519.0,0.6,4,0,0: Low
Ramanathapuram - Gundar Basin (Kamuthi),Estuary / Coastal,26.76,3.31,30.94,0.54,-0.01,34.69,54.4,44.9,Commercial,2525.0,0.56,5,0,0: Low
Tiruvallur - Kosasthalaiyar Basin,Northern Plain,24.83,3.33,14.58,0.58,-0.09,18.23,46.4,53.0,Industrial,842.0,0.62,7,0,0: Low
Chennai - Adyar Basin (Nandambakkam),Coastal / Low Basin,67.0,16.39,6.03,1.53,0.34,7.28,63.7,45.4,Urban_High_Density,6797.0,0.81,8,1,1: Moderate
Sivaganga - Vaigai/Gundar (Parthibanur),Valley Basin,25.33,3.4,26.03,0.53,0.1,41.55,82.5,13.6,Urban_Commercial,13562.0,0.42,4,0,0: Low
Chennai - Adyar Basin (Nandambakkam),Coastal / Low Basin,18.81,3.92,4.77,0.27,-0.0,7.73,65.6,32.4,Urban_High_Density,7978.0,0.82,8,0,0: Low
Ramanathapuram - Gundar Basin (Kamuthi),Estuary / Coastal,10.39,4.98,31.09,0.69,-0.03,34.6,44.0,67.1,Commercial,2288.0,0.41,5,0,0: Low
Ramanathapuram - Gundar Basin (Kamuthi),Estuary / Coastal,58.06,14.04,32.13,1.73,0.21,35.13,48.9,51.8,Commercial,1608.0,0.76,5,0,0: Low
Ramanathapuram - Gundar Basin (Kamuthi),Estuary / Coastal,7.88,6.71,30.6,0.2,-0.09,35.17,37.5,63.8,Commercial,3328.0,0.71,5,0,0: Low
Chennai - Adyar Basin (Nandambakkam),Coastal / Low Basin,4.79,4.73,4.51,0.01,-0.01,7.6,12.6,78.8,Urban_High_Density,11600.0,0.6,8,0,0: Low
Ramanathapuram - Gundar Basin (Kamuthi),Estuary / Coastal,51.16,17.47,32.35,1.95,0.2,34.77,51.4,46.5,Commercial,1836.0,0.77,5,0,0: Low
Chennai - Adyar Basin (Nandambakkam),Coastal / Low Basin,72.25,17.7,5.76,1.26,0.17,7.39,23.5,76.2,Urban_High_Density,8535.0,0.91,8,1,1: Moderate
Ramanathapuram - Gundar Basin (Kamuthi),Estuary / Coastal,94.1,19.12,32.73,2.33,0.44,34.62,53.0,40.0,Commercial,2848.0,0.82,5,0,0: Low
Chennai - Velachery Lowland Basin,Coastal Lowland,120.85,22.86,6.86,3.66,0.39,4.04,66.2,31.4,Urban_High_Density,15208.0,0.78,12,2,2: High
Ramanathapuram - Gundar Basin (Kamuthi),Estuary / Coastal,85.39,24.91,33.54,3.14,0.7,34.81,75.9,29.5,Commercial,1010.0,0.52,5,0,0: Low
Tiruvallur - Kosasthalaiyar Basin,Northern Plain,54.17,9.21,16.07,2.07,0.28,18.78,91.5,13.8,Industrial,3176.0,0.5,7,0,0: Low
Chennai - Adyar Basin (Nandambakkam),Coastal / Low Basin,16.22,5.53,4.61,0.11,0.01,7.72,89.7,10.0,Urban_High_Density,4941.0,0.67,8,0,0: Low
Chennai - Velachery Lowland Basin,Coastal Lowland,31.98,8.1,4.24,1.04,0.29,4.21,34.1,65.4,Urban_High_Density,9086.0,0.3,12,0,0: Low
Cuddalore - Manimuktha Basin (Virudhachalam),Riverine Plain,68.87,8.08,24.74,1.74,0.31,27.8,47.1,52.7,Agricultural_Mixed,3898.0,0.32,6,0,0: Low
Sivaganga - Vaigai/Gundar (Parthibanur),Valley Basin,3.73,5.48,26.23,0.73,0.08,41.93,68.2,29.5,Urban_Commercial,16765.0,0.71,4,0,0: Low
Kancheepuram - Palar Basin,Riverine Valley,53.93,15.06,18.63,2.13,0.36,23.59,90.8,11.3,Urban_Residential,12565.0,0.65,5,0,0: Low
Kancheepuram - Palar Basin,Riverine Valley,21.48,5.39,16.64,0.14,-0.01,24.2,41.3,60.3,Urban_Residential,16386.0,0.8,5,0,0: Low
Kancheepuram - Palar Basin,Riverine Valley,133.74,39.89,20.79,4.29,0.6,23.7,38.1,68.8,Urban_Residential,14119.0,0.93,5,1,1: Moderate
Ramanathapuram - Gundar Basin (Kamuthi),Estuary / Coastal,129.04,30.73,34.84,4.44,0.69,35.01,62.2,42.3,Commercial,1534.0,0.55,5,0,0: Low
Sivaganga - Vaigai/Gundar (Parthibanur),Valley Basin,78.11,19.68,27.11,1.61,0.14,41.89,14.5,84.7,Urban_Commercial,6368.0,0.45,4,0,0: Low
Tiruvallur - Kosasthalaiyar Basin,Northern Plain,143.43,19.49,16.94,2.94,0.62,19.05,39.5,57.2,Industrial,3676.0,0.9,7,1,1: Moderate
Ramanathapuram - Gundar Basin (Kamuthi),Estuary / Coastal,44.26,15.34,32.47,2.07,0.12,35.11,76.5,19.6,Commercial,1270.0,0.4,5,0,0: Low
Ramanathapuram - Gundar Basin (Kamuthi),Estuary / Coastal,73.14,18.58,31.99,1.59,0.15,35.0,95.0,13.2,Commercial,2746.0,0.59,5,0,0: Low
Chennai - Velachery Lowland Basin,Coastal Lowland,18.39,3.5,3.44,0.24,-0.02,3.82,83.8,10.0,Urban_High_Density,13718.0,0.83,12,0,0: Low
Ramanathapuram - Gundar Basin (Kamuthi),Estuary / Coastal,126.63,25.54,34.59,4.19,0.47,34.68,60.1,46.0,Commercial,688.0,1.0,5,0,0: Low
Chennai - Madipakkam Lake Buffer,Lake Catchment,59.82,14.93,3.75,1.25,0.12,3.13,52.6,40.4,Urban_Residential,7952.0,0.43,14,1,1: Moderate
Kancheepuram - Palar Basin,Riverine Valley,48.8,14.07,17.73,1.23,0.15,23.91,72.5,27.6,Urban_Residential,4082.0,0.8,5,0,0: Low
Cuddalore - Manimuktha Basin (Virudhachalam),Riverine Plain,58.6,16.12,24.08,1.08,0.13,27.86,88.5,15.5,Agricultural_Mixed,708.0,0.76,6,0,0: Low
Sivaganga - Vaigai/Gundar (Parthibanur),Valley Basin,113.25,21.66,29.44,3.94,0.59,42.47,67.6,28.2,Urban_Commercial,3872.0,0.68,4,0,0: Low
Tiruvallur - Kosasthalaiyar Basin,Northern Plain,211.24,46.98,19.78,5.78,0.82,19.13,38.8,54.9,Industrial,4154.0,0.53,7,3,3: Severe Inundation
Tiruvallur - Kosasthalaiyar Basin,Northern Plain,19.79,1.96,14.54,0.54,-0.04,18.86,68.7,33.5,Industrial,1396.0,0.94,7,0,0: Low
Ramanathapuram - Gundar Basin (Kamuthi),Estuary / Coastal,74.5,7.55,31.57,1.17,0.14,35.21,62.5,42.1,Commercial,718.0,0.99,5,0,0: Low
Cuddalore - Manimuktha Basin (Virudhachalam),Riverine Plain,43.4,16.19,24.88,1.88,0.33,27.65,35.5,63.1,Agricultural_Mixed,2688.0,0.86,6,0,0: Low
Chennai - Adyar Basin (Nandambakkam),Coastal / Low Basin,29.09,6.68,4.82,0.32,-0.01,7.64,78.6,30.1,Urban_High_Density,8382.0,0.4,8,0,0: Low
Sivaganga - Vaigai/Gundar (Parthibanur),Valley Basin,20.08,7.43,25.63,0.13,-0.06,41.69,24.9,66.2,Urban_Commercial,13804.0,0.5,4,0,0: Low
Tiruvallur - Kosasthalaiyar Basin,Northern Plain,39.82,17.07,15.19,1.19,0.15,19.32,75.1,28.1,Industrial,4182.0,0.56,7,0,0: Low
Ramanathapuram - Gundar Basin (Kamuthi),Estuary / Coastal,26.75,5.97,30.86,0.46,-0.04,34.95,94.0,12.5,Commercial,2160.0,0.98,5,0,0: Low
Cuddalore - Manimuktha Basin (Virudhachalam),Riverine Plain,119.39,27.07,26.9,3.9,0.69,27.59,65.3,32.9,Agricultural_Mixed,4211.0,0.87,6,0,0: Low
Ramanathapuram - Gundar Basin (Kamuthi),Estuary / Coastal,70.07,19.42,31.73,1.33,0.25,35.09,71.2,32.3,Commercial,3605.0,0.54,5,0,0: Low
Kancheepuram - Palar Basin,Riverine Valley,248.41,48.66,22.65,6.15,1.32,23.64,29.1,60.2,Urban_Residential,13380.0,0.97,5,3,3: Severe Inundation
Chennai - Adyar Basin (Nandambakkam),Coastal / Low Basin,15.38,4.27,4.83,0.33,0.07,7.38,30.0,67.1,Urban_High_Density,17092.0,0.3,8,0,0: Low
Cuddalore - Manimuktha Basin (Virudhachalam),Riverine Plain,34.56,8.31,24.25,1.25,0.27,27.69,55.1,47.6,Agricultural_Mixed,2698.0,0.57,6,0,0: Low
Cuddalore - Manimuktha Basin (Virudhachalam),Riverine Plain,295.74,50.71,30.62,7.62,1.39,27.9,31.5,60.5,Agricultural_Mixed,1272.0,0.59,6,3,3: Severe Inundation
Kancheepuram - Palar Basin,Riverine Valley,32.45,11.43,18.55,2.05,0.23,23.78,62.7,38.9,Urban_Residential,3945.0,0.71,5,0,0: Low
Ramanathapuram - Gundar Basin (Kamuthi),Estuary / Coastal,11.39,3.62,30.68,0.28,0.04,35.19,64.3,28.8,Commercial,2464.0,0.94,5,0,0: Low
Chennai - Adyar Basin (Nandambakkam),Coastal / Low Basin,29.48,2.73,5.11,0.61,0.03,6.8,33.3,64.4,Urban_High_Density,8839.0,0.49,8,0,0: Low
Tiruvallur - Kosasthalaiyar Basin,Northern Plain,4.99,2.0,14.25,0.25,-0.01,19.58,38.8,61.1,Industrial,4089.0,0.42,7,0,0: Low
Tiruvallur - Kosasthalaiyar Basin,Northern Plain,27.92,1.83,14.67,0.67,-0.06,19.03,49.7,55.8,Industrial,3386.0,0.75,7,0,0: Low
Chennai - Madipakkam Lake Buffer,Lake Catchment,34.27,6.93,4.33,1.83,0.35,3.15,85.6,12.0,Urban_Residential,6916.0,0.74,14,0,0: Low
Chennai - Adyar Basin (Nandambakkam),Coastal / Low Basin,12.09,4.22,5.04,0.54,0.06,7.56,48.2,54.5,Urban_High_Density,6536.0,0.56,8,0,0: Low
Tiruvallur - Kosasthalaiyar Basin,Northern Plain,83.73,13.3,15.83,1.83,0.37,18.77,88.7,15.0,Industrial,1260.0,0.34,7,0,0: Low
Sivaganga - Vaigai/Gundar (Parthibanur),Valley Basin,9.97,6.87,25.98,0.48,-0.08,42.31,87.8,10.0,Urban_Commercial,16580.0,0.93,4,0,0: Low
Kancheepuram - Palar Basin,Riverine Valley,44.2,10.0,17.3,0.8,0.12,24.01,42.4,65.3,Urban_Residential,14480.0,0.34,5,0,0: Low
Tiruvallur - Kosasthalaiyar Basin,Northern Plain,51.84,19.76,14.81,0.81,0.26,18.86,73.6,34.8,Industrial,4178.0,0.76,7,0,0: Low
Chennai - Madipakkam Lake Buffer,Lake Catchment,25.48,2.48,3.26,0.76,-0.09,2.87,71.1,29.4,Urban_Residential,13674.0,0.87,14,0,0: Low
Cuddalore - Manimuktha Basin (Virudhachalam),Riverine Plain,117.7,37.09,25.84,2.84,0.68,28.37,50.2,53.8,Agricultural_Mixed,4109.0,0.34,6,0,0: Low
Tiruvallur - Kosasthalaiyar Basin,Northern Plain,40.42,18.64,15.26,1.26,0.15,19.05,61.7,40.8,Industrial,2484.0,0.69,7,0,0: Low
Ramanathapuram - Gundar Basin (Kamuthi),Estuary / Coastal,2.13,4.27,30.5,0.1,0.08,35.53,63.7,37.6,Commercial,3245.0,0.71,5,0,0: Low
Chennai - Velachery Lowland Basin,Coastal Lowland,77.83,14.92,5.19,1.99,0.15,3.97,88.5,12.5,Urban_High_Density,7474.0,0.77,12,1,1: Moderate
Kancheepuram - Palar Basin,Riverine Valley,139.02,33.52,19.75,3.25,0.57,24.1,26.7,74.3,Urban_Residential,15700.0,0.37,5,1,1: Moderate
Sivaganga - Vaigai/Gundar (Parthibanur),Valley Basin,104.98,39.23,28.88,3.38,0.37,41.78,55.5,42.4,Urban_Commercial,12946.0,0.46,4,0,0: Low
Cuddalore - Manimuktha Basin (Virudhachalam),Riverine Plain,111.18,30.35,25.49,2.49,0.73,28.1,20.8,81.6,Agricultural_Mixed,1386.0,0.6,6,0,0: Low
Chennai - Velachery Lowland Basin,Coastal Lowland,45.14,12.01,4.08,0.88,0.33,3.57,73.8,26.5,Urban_High_Density,11526.0,0.48,12,1,1: Moderate
Tiruvallur - Kosasthalaiyar Basin,Northern Plain,80.28,18.55,14.97,0.97,0.2,18.47,63.6,37.4,Industrial,3313.0,0.99,7,0,0: Low
Chennai - Velachery Lowland Basin,Coastal Lowland,38.51,9.45,4.53,1.33,0.24,4.08,49.9,48.0,Urban_High_Density,16356.0,0.98,12,1,1: Moderate
Sivaganga - Vaigai/Gundar (Parthibanur),Valley Basin,41.53,12.53,26.42,0.92,0.26,41.89,30.9,72.5,Urban_Commercial,9153.0,0.39,4,0,0: Low
Chennai - Adyar Basin (Nandambakkam),Coastal / Low Basin,7.23,6.08,5.15,0.65,-0.01,7.34,19.3,81.6,Urban_High_Density,8299.0,0.45,8,0,0: Low
Chennai - Adyar Basin (Nandambakkam),Coastal / Low Basin,28.07,6.8,5.15,0.65,-0.1,7.18,82.7,23.3,Urban_High_Density,14121.0,0.68,8,0,0: Low
Cuddalore - Manimuktha Basin (Virudhachalam),Riverine Plain,69.4,18.59,23.87,0.87,0.13,28.26,80.2,10.3,Agricultural_Mixed,4338.0,0.66,6,0,0: Low
Chennai - Adyar Basin (Nandambakkam),Coastal / Low Basin,144.7,21.35,7.45,2.95,0.36,7.49,47.2,53.6,Urban_High_Density,7080.0,0.53,8,2,2: High
Tiruvallur - Kosasthalaiyar Basin,Northern Plain,17.97,1.5,14.53,0.53,-0.07,19.54,60.1,34.0,Industrial,2129.0,0.42,7,0,0: Low
Sivaganga - Vaigai/Gundar (Parthibanur),Valley Basin,5.86,7.0,25.54,0.04,0.04,42.2,38.6,58.1,Urban_Commercial,10709.0,0.95,4,0,0: Low
Chennai - Madipakkam Lake Buffer,Lake Catchment,40.46,17.32,3.36,0.86,0.31,3.29,14.3,86.5,Urban_Residential,6874.0,0.6,14,1,1: Moderate
Tiruvallur - Kosasthalaiyar Basin,Northern Plain,82.36,19.28,15.19,1.19,0.37,18.89,58.3,47.1,Industrial,1272.0,0.76,7,0,0: Low
Chennai - Madipakkam Lake Buffer,Lake Catchment,24.5,3.03,2.89,0.39,0.01,3.1,60.1,41.7,Urban_Residential,6297.0,0.32,14,0,0: Low
Cuddalore - Manimuktha Basin (Virudhachalam),Riverine Plain,10.95,1.67,23.04,0.04,-0.02,27.94,29.5,59.9,Agricultural_Mixed,2998.0,0.39,6,0,0: Low
Ramanathapuram - Gundar Basin (Kamuthi),Estuary / Coastal,13.98,3.54,31.01,0.61,0.07,34.89,65.1,37.7,Commercial,3113.0,0.73,5,0,0: Low
Tiruvallur - Kosasthalaiyar Basin,Northern Plain,4.72,4.8,14.49,0.49,0.09,18.82,75.9,23.4,Industrial,1152.0,0.4,7,0,0: Low
Chennai - Velachery Lowland Basin,Coastal Lowland,50.12,11.09,4.86,1.66,0.17,3.92,54.7,44.0,Urban_High_Density,11568.0,0.88,12,0,0: Low
Chennai - Velachery Lowland Basin,Coastal Lowland,17.52,6.12,3.4,0.2,-0.03,3.55,59.5,42.4,Urban_High_Density,8482.0,0.41,12,0,0: Low
Tiruvallur - Kosasthalaiyar Basin,Northern Plain,244.06,72.37,18.82,4.82,1.63,18.65,62.1,46.3,Industrial,746.0,0.62,7,3,3: Severe Inundation
Chennai - Madipakkam Lake Buffer,Lake Catchment,28.94,2.83,2.89,0.39,0.08,3.1,5.0,90.0,Urban_Residential,8713.0,0.33,14,0,0: Low
Chennai - Velachery Lowland Basin,Coastal Lowland,93.7,18.51,5.67,2.47,0.71,3.88,28.7,64.5,Urban_High_Density,12195.0,0.94,12,2,2: High
Tiruvallur - Kosasthalaiyar Basin,Northern Plain,280.86,57.2,21.36,7.36,1.01,19.11,35.0,59.9,Industrial,2835.0,0.54,7,3,3: Severe Inundation
Sivaganga - Vaigai/Gundar (Parthibanur),Valley Basin,16.11,4.9,26.25,0.75,-0.05,42.1,55.4,47.2,Urban_Commercial,17569.0,0.64,4,0,0: Low
Tiruvallur - Kosasthalaiyar Basin,Northern Plain,69.54,7.41,15.2,1.2,0.2,18.73,17.4,76.2,Industrial,981.0,0.46,7,0,0: Low
Kancheepuram - Palar Basin,Riverine Valley,62.72,14.13,18.65,2.15,0.19,24.24,13.9,77.1,Urban_Residential,14888.0,0.65,5,0,0: Low
Ramanathapuram - Gundar Basin (Kamuthi),Estuary / Coastal,127.73,32.05,33.44,3.04,0.34,34.74,74.4,27.4,Commercial,1584.0,0.4,5,0,0: Low
Chennai - Madipakkam Lake Buffer,Lake Catchment,58.79,13.68,3.6,1.1,0.38,2.89,46.6,57.9,Urban_Residential,6402.0,0.38,14,1,1: Moderate
Kancheepuram - Palar Basin,Riverine Valley,28.62,2.54,17.12,0.62,-0.03,23.71,36.3,61.9,Urban_Residential,5660.0,0.58,5,0,0: Low
Chennai - Velachery Lowland Basin,Coastal Lowland,11.07,2.09,3.45,0.25,0.08,3.44,80.1,16.1,Urban_High_Density,16312.0,0.97,12,0,0: Low
Chennai - Velachery Lowland Basin,Coastal Lowland,158.0,20.3,6.25,3.05,0.6,3.53,91.1,13.0,Urban_High_Density,3947.0,0.92,12,2,2: High
Chennai - Madipakkam Lake Buffer,Lake Catchment,315.97,79.67,7.83,5.33,1.08,3.27,55.8,42.4,Urban_Residential,4919.0,0.96,14,3,3: Severe Inundation
Tiruvallur - Kosasthalaiyar Basin,Northern Plain,84.05,19.84,15.89,1.89,0.35,19.42,63.0,37.1,Industrial,974.0,0.9,7,0,0: Low
Ramanathapuram - Gundar Basin (Kamuthi),Estuary / Coastal,63.71,17.84,31.24,0.84,0.15,35.24,61.4,41.9,Commercial,2697.0,0.78,5,0,0: Low
Cuddalore - Manimuktha Basin (Virudhachalam),Riverine Plain,23.12,6.48,23.68,0.68,0.09,27.95,62.6,37.9,Agricultural_Mixed,3730.0,0.41,6,0,0: Low
Sivaganga - Vaigai/Gundar (Parthibanur),Valley Basin,119.09,35.23,29.7,4.2,0.46,42.11,19.0,72.5,Urban_Commercial,11807.0,0.47,4,0,0: Low
Kancheepuram - Palar Basin,Riverine Valley,17.5,5.94,16.66,0.16,0.05,24.15,81.5,14.7,Urban_Residential,10259.0,0.33,5,0,0: Low
Ramanathapuram - Gundar Basin (Kamuthi),Estuary / Coastal,23.9,3.93,30.92,0.52,0.03,35.28,83.5,14.1,Commercial,2317.0,0.5,5,0,0: Low
Cuddalore - Manimuktha Basin (Virudhachalam),Riverine Plain,139.06,27.1,26.37,3.37,0.44,27.8,47.2,55.3,Agricultural_Mixed,1242.0,0.36,6,0,0: Low
Sivaganga - Vaigai/Gundar (Parthibanur),Valley Basin,80.44,12.48,27.2,1.7,0.22,41.86,80.2,25.2,Urban_Commercial,13262.0,0.82,4,0,0: Low
Tiruvallur - Kosasthalaiyar Basin,Northern Plain,141.74,35.08,16.21,2.21,0.61,19.15,86.4,25.2,Industrial,1124.0,0.6,7,1,1: Moderate
Chennai - Madipakkam Lake Buffer,Lake Catchment,77.67,17.35,3.71,1.21,0.11,3.08,82.1,17.5,Urban_Residential,9180.0,0.69,14,1,1: Moderate
Chennai - Adyar Basin (Nandambakkam),Coastal / Low Basin,40.24,8.15,5.73,1.23,0.13,7.43,52.4,52.6,Urban_High_Density,13225.0,0.69,8,0,0: Low
Ramanathapuram - Gundar Basin (Kamuthi),Estuary / Coastal,35.57,15.01,32.23,1.83,0.31,34.75,43.0,61.5,Commercial,2591.0,0.8,5,0,0: Low
Tiruvallur - Kosasthalaiyar Basin,Northern Plain,183.41,61.48,18.62,4.62,0.85,19.0,47.5,52.2,Industrial,2941.0,0.41,7,3,3: Severe Inundation
Chennai - Adyar Basin (Nandambakkam),Coastal / Low Basin,27.51,3.88,5.11,0.61,-0.07,7.9,5.0,90.0,Urban_High_Density,6910.0,0.98,8,0,0: Low
Cuddalore - Manimuktha Basin (Virudhachalam),Riverine Plain,10.41,3.29,23.1,0.1,0.04,27.54,67.1,37.9,Agricultural_Mixed,678.0,0.69,6,0,0: Low
Ramanathapuram - Gundar Basin (Kamuthi),Estuary / Coastal,24.28,4.74,30.63,0.23,0.08,35.04,72.5,25.5,Commercial,1526.0,1.0,5,0,0: Low
Kancheepuram - Palar Basin,Riverine Valley,46.43,17.92,18.65,2.15,0.14,24.37,27.2,71.2,Urban_Residential,17904.0,0.83,5,0,0: Low
Tiruvallur - Kosasthalaiyar Basin,Northern Plain,28.42,4.38,14.57,0.57,0.03,19.07,70.1,26.3,Industrial,1525.0,0.44,7,0,0: Low
Cuddalore - Manimuktha Basin (Virudhachalam),Riverine Plain,195.86,79.14,27.77,4.77,0.98,27.84,59.7,29.0,Agricultural_Mixed,2424.0,0.32,6,2,2: High
Cuddalore - Manimuktha Basin (Virudhachalam),Riverine Plain,87.38,34.53,27.08,4.08,0.56,27.73,82.6,15.7,Agricultural_Mixed,2777.0,0.96,6,0,0: Low
Chennai - Velachery Lowland Basin,Coastal Lowland,46.65,16.44,4.43,1.23,0.36,4.2,37.1,61.4,Urban_High_Density,9910.0,0.63,12,1,1: Moderate
Sivaganga - Vaigai/Gundar (Parthibanur),Valley Basin,27.56,7.36,25.52,0.02,0.03,42.05,79.7,31.0,Urban_Commercial,6364.0,0.82,4,0,0: Low
Chennai - Madipakkam Lake Buffer,Lake Catchment,3.79,7.02,2.53,0.03,0.04,3.02,36.3,62.9,Urban_Residential,16699.0,0.7,14,0,0: Low
Cuddalore - Manimuktha Basin (Virudhachalam),Riverine Plain,4.01,2.41,23.4,0.4,0.04,27.85,49.4,59.3,Agricultural_Mixed,1622.0,0.84,6,0,0: Low
Chennai - Adyar Basin (Nandambakkam),Coastal / Low Basin,34.56,18.87,5.71,1.21,0.32,7.63,76.2,27.0,Urban_High_Density,9330.0,0.67,8,0,0: Low
Tiruvallur - Kosasthalaiyar Basin,Northern Plain,60.47,6.86,15.05,1.05,0.1,19.09,55.5,35.3,Industrial,3654.0,0.53,7,0,0: Low
Tiruvallur - Kosasthalaiyar Basin,Northern Plain,14.11,1.41,14.46,0.46,-0.0,18.94,78.5,16.7,Industrial,4042.0,0.73,7,0,0: Low
Chennai - Velachery Lowland Basin,Coastal Lowland,40.58,18.41,4.5,1.3,0.32,3.45,77.9,21.8,Urban_High_Density,15820.0,0.85,12,0,0: Low
Chennai - Adyar Basin (Nandambakkam),Coastal / Low Basin,76.0,10.42,5.84,1.34,0.26,7.67,72.7,30.0,Urban_High_Density,12924.0,0.65,8,0,0: Low
Ramanathapuram - Gundar Basin (Kamuthi),Estuary / Coastal,19.39,6.68,30.45,0.05,-0.04,34.91,77.2,17.3,Commercial,4006.0,0.87,5,0,0: Low
Kancheepuram - Palar Basin,Riverine Valley,16.1,1.72,17.23,0.73,-0.01,24.21,63.1,35.9,Urban_Residential,11990.0,0.59,5,0,0: Low
Kancheepuram - Palar Basin,Riverine Valley,308.37,65.36,22.11,5.61,1.08,23.67,85.1,15.7,Urban_Residential,6218.0,0.58,5,3,3: Severe Inundation
Chennai - Adyar Basin (Nandambakkam),Coastal / Low Basin,47.36,16.18,5.97,1.47,0.16,8.18,38.8,57.2,Urban_High_Density,6710.0,0.47,8,0,0: Low
Sivaganga - Vaigai/Gundar (Parthibanur),Valley Basin,26.75,3.24,25.78,0.28,-0.05,42.01,44.4,61.6,Urban_Commercial,9596.0,0.41,4,0,0: Low
Chennai - Velachery Lowland Basin,Coastal Lowland,17.51,1.73,3.56,0.36,-0.04,3.66,50.3,46.2,Urban_High_Density,8191.0,0.68,12,0,0: Low
Sivaganga - Vaigai/Gundar (Parthibanur),Valley Basin,85.64,18.48,29.35,3.85,0.83,41.88,76.7,24.0,Urban_Commercial,7616.0,0.68,4,0,0: Low
Chennai - Adyar Basin (Nandambakkam),Coastal / Low Basin,130.24,20.55,7.95,3.45,0.62,7.63,89.3,12.1,Urban_High_Density,11655.0,0.57,8,2,2: High
Sivaganga - Vaigai/Gundar (Parthibanur),Valley Basin,18.84,4.51,25.52,0.02,-0.04,41.87,91.4,12.9,Urban_Commercial,2553.0,0.55,4,0,0: Low
Ramanathapuram - Gundar Basin (Kamuthi),Estuary / Coastal,59.62,9.93,31.31,0.91,0.34,34.77,34.1,78.0,Commercial,3289.0,0.88,5,0,0: Low
Chennai - Adyar Basin (Nandambakkam),Coastal / Low Basin,124.19,29.72,8.12,3.62,0.84,8.15,72.1,34.3,Urban_High_Density,5562.0,0.7,8,2,2: High
Chennai - Madipakkam Lake Buffer,Lake Catchment,25.11,1.46,3.01,0.51,0.1,3.41,68.9,38.7,Urban_Residential,4595.0,0.35,14,0,0: Low
Sivaganga - Vaigai/Gundar (Parthibanur),Valley Basin,17.05,7.08,25.93,0.43,0.03,42.23,48.2,56.0,Urban_Commercial,3502.0,0.91,4,0,0: Low
Chennai - Adyar Basin (Nandambakkam),Coastal / Low Basin,20.74,7.79,5.04,0.54,0.06,7.68,56.4,51.6,Urban_High_Density,16940.0,0.68,8,0,0: Low
Ramanathapuram - Gundar Basin (Kamuthi),Estuary / Coastal,36.47,19.08,31.41,1.01,0.33,34.98,85.2,10.0,Commercial,4337.0,0.86,5,0,0: Low
Cuddalore - Manimuktha Basin (Virudhachalam),Riverine Plain,3.03,4.47,23.54,0.54,0.06,28.4,53.6,42.9,Agricultural_Mixed,2946.0,0.78,6,0,0: Low
Chennai - Velachery Lowland Basin,Coastal Lowland,5.14,3.4,3.24,0.04,0.02,3.49,95.0,10.0,Urban_High_Density,15229.0,0.64,12,0,0: Low
Tiruvallur - Kosasthalaiyar Basin,Northern Plain,188.97,72.69,20.16,6.16,1.63,18.39,81.0,17.1,Industrial,737.0,0.8,7,3,3: Severe Inundation
Chennai - Madipakkam Lake Buffer,Lake Catchment,18.6,4.24,3.17,0.67,0.02,3.5,87.2,21.0,Urban_Residential,11659.0,0.31,14,0,0: Low
Tiruvallur - Kosasthalaiyar Basin,Northern Plain,62.67,7.06,14.88,0.88,0.15,18.9,61.9,34.2,Industrial,2075.0,0.35,7,0,0: Low
Tiruvallur - Kosasthalaiyar Basin,Northern Plain,24.69,1.46,14.26,0.26,-0.1,19.07,60.4,36.0,Industrial,3904.0,0.4,7,0,0: Low
Sivaganga - Vaigai/Gundar (Parthibanur),Valley Basin,22.35,2.58,25.57,0.07,0.08,42.07,19.7,86.5,Urban_Commercial,15194.0,0.83,4,0,0: Low
Chennai - Adyar Basin (Nandambakkam),Coastal / Low Basin,2.84,5.54,4.58,0.08,0.01,7.53,95.0,13.3,Urban_High_Density,16387.0,0.73,8,0,0: Low
Cuddalore - Manimuktha Basin (Virudhachalam),Riverine Plain,143.72,36.24,26.62,3.62,0.85,27.84,71.9,42.2,Agricultural_Mixed,1289.0,0.89,6,1,1: Moderate
Cuddalore - Manimuktha Basin (Virudhachalam),Riverine Plain,101.89,40.72,26.3,3.3,0.58,27.84,67.4,34.1,Agricultural_Mixed,2279.0,0.48,6,0,0: Low
Chennai - Velachery Lowland Basin,Coastal Lowland,105.56,36.94,5.88,2.68,0.45,4.02,65.4,31.4,Urban_High_Density,14118.0,0.55,12,2,2: High
Chennai - Madipakkam Lake Buffer,Lake Catchment,9.68,5.72,3.23,0.73,0.07,3.36,54.9,50.0,Urban_Residential,15196.0,0.9,14,0,0: Low
Chennai - Madipakkam Lake Buffer,Lake Catchment,22.22,6.89,2.65,0.15,-0.06,3.01,20.4,76.9,Urban_Residential,6383.0,0.86,14,0,0: Low
Chennai - Velachery Lowland Basin,Coastal Lowland,30.39,18.42,5.19,1.99,0.36,3.55,66.3,38.1,Urban_High_Density,6317.0,0.85,12,1,1: Moderate
Sivaganga - Vaigai/Gundar (Parthibanur),Valley Basin,163.07,69.18,30.27,4.77,1.65,41.97,35.6,62.1,Urban_Commercial,12275.0,0.51,4,1,1: Moderate
Sivaganga - Vaigai/Gundar (Parthibanur),Valley Basin,8.21,3.08,25.72,0.22,-0.06,42.18,51.3,59.4,Urban_Commercial,7217.0,0.87,4,0,0: Low
Kancheepuram - Palar Basin,Riverine Valley,173.4,63.74,21.89,5.39,1.21,24.25,66.8,33.6,Urban_Residential,17581.0,0.59,5,2,2: High
Tiruvallur - Kosasthalaiyar Basin,Northern Plain,26.24,7.53,14.21,0.21,-0.08,18.75,35.4,67.9,Industrial,2541.0,0.62,7,0,0: Low
Chennai - Adyar Basin (Nandambakkam),Coastal / Low Basin,4.05,4.46,5.12,0.62,0.09,7.73,70.4,25.1,Urban_High_Density,2838.0,0.43,8,0,0: Low
Chennai - Velachery Lowland Basin,Coastal Lowland,89.49,42.04,6.36,3.16,0.84,4.0,81.4,26.3,Urban_High_Density,9378.0,0.8,12,2,2: High
Ramanathapuram - Gundar Basin (Kamuthi),Estuary / Coastal,27.73,7.48,30.57,0.17,0.03,35.12,85.0,20.3,Commercial,4166.0,0.54,5,0,0: Low
Tiruvallur - Kosasthalaiyar Basin,Northern Plain,4.75,1.42,14.5,0.5,-0.04,18.5,72.4,30.0,Industrial,2851.0,0.84,7,0,0: Low
Cuddalore - Manimuktha Basin (Virudhachalam),Riverine Plain,44.29,6.75,24.21,1.21,0.31,27.96,79.1,19.0,Agricultural_Mixed,1446.0,0.39,6,0,0: Low
Cuddalore - Manimuktha Basin (Virudhachalam),Riverine Plain,56.64,11.4,24.67,1.67,0.24,28.04,68.0,33.9,Agricultural_Mixed,3423.0,0.68,6,0,0: Low
Chennai - Velachery Lowland Basin,Coastal Lowland,107.14,36.01,5.71,2.51,0.56,3.75,43.2,51.5,Urban_High_Density,13643.0,0.6,12,2,2: High
Chennai - Madipakkam Lake Buffer,Lake Catchment,29.9,1.48,2.52,0.02,-0.03,3.27,29.9,70.5,Urban_Residential,13450.0,0.69,14,0,0: Low
Cuddalore - Manimuktha Basin (Virudhachalam),Riverine Plain,16.0,5.21,23.18,0.18,0.01,28.31,59.1,42.0,Agricultural_Mixed,3660.0,0.51,6,0,0: Low
Chennai - Velachery Lowland Basin,Coastal Lowland,79.86,11.01,4.83,1.63,0.27,3.84,75.4,24.9,Urban_High_Density,12401.0,0.53,12,1,1: Moderate
Chennai - Velachery Lowland Basin,Coastal Lowland,128.21,34.25,7.14,3.94,0.76,3.62,87.3,11.7,Urban_High_Density,7108.0,0.93,12,2,2: High
Kancheepuram - Palar Basin,Riverine Valley,8.23,4.93,16.94,0.44,-0.02,24.16,82.5,22.1,Urban_Residential,6717.0,0.98,5,0,0: Low
Tiruvallur - Kosasthalaiyar Basin,Northern Plain,153.35,28.57,16.78,2.78,0.59,19.49,86.9,12.3,Industrial,1989.0,0.78,7,1,1: Moderate
Kancheepuram - Palar Basin,Riverine Valley,189.97,46.78,21.94,5.44,1.72,24.04,94.4,12.1,Urban_Residential,7451.0,0.93,5,2,2: High
Sivaganga - Vaigai/Gundar (Parthibanur),Valley Basin,73.62,15.78,26.37,0.87,0.14,41.94,26.1,80.2,Urban_Commercial,12032.0,0.43,4,0,0: Low
Chennai - Madipakkam Lake Buffer,Lake Catchment,11.72,4.69,2.56,0.06,-0.09,2.8,20.9,80.9,Urban_Residential,8014.0,0.53,14,0,0: Low
Kancheepuram - Palar Basin,Riverine Valley,158.04,26.66,20.51,4.01,0.59,24.26,74.9,23.5,Urban_Residential,3662.0,0.92,5,1,1: Moderate
Kancheepuram - Palar Basin,Riverine Valley,79.92,9.64,17.79,1.29,0.34,24.14,83.0,14.3,Urban_Residential,13965.0,0.66,5,0,0: Low
Chennai - Adyar Basin (Nandambakkam),Coastal / Low Basin,4.78,3.0,4.51,0.01,0.04,7.64,76.0,25.2,Urban_High_Density,8856.0,0.84,8,0,0: Low
Kancheepuram - Palar Basin,Riverine Valley,74.24,10.24,18.3,1.8,0.13,24.04,63.7,34.0,Urban_Residential,17701.0,0.71,5,0,0: Low
Cuddalore - Manimuktha Basin (Virudhachalam),Riverine Plain,36.28,16.47,24.4,1.4,0.4,28.17,49.7,54.4,Agricultural_Mixed,1772.0,0.39,6,0,0: Low
Chennai - Velachery Lowland Basin,Coastal Lowland,27.9,1.23,3.95,0.75,0.08,3.73,56.8,54.8,Urban_High_Density,15305.0,0.52,12,0,0: Low
Cuddalore - Manimuktha Basin (Virudhachalam),Riverine Plain,95.48,19.4,25.93,2.93,0.73,27.04,35.6,63.8,Agricultural_Mixed,828.0,0.71,6,0,0: Low
Tiruvallur - Kosasthalaiyar Basin,Northern Plain,50.48,8.51,15.83,1.83,0.14,18.79,57.8,42.3,Industrial,3410.0,0.95,7,0,0: Low
Sivaganga - Vaigai/Gundar (Parthibanur),Valley Basin,63.96,8.38,26.84,1.34,0.28,42.49,38.0,59.7,Urban_Commercial,6449.0,0.46,4,0,0: Low
Sivaganga - Vaigai/Gundar (Parthibanur),Valley Basin,14.59,5.8,26.13,0.63,-0.08,42.51,64.0,37.1,Urban_Commercial,14193.0,0.82,4,0,0: Low
Chennai - Madipakkam Lake Buffer,Lake Catchment,29.72,7.01,2.91,0.41,0.04,3.42,65.2,32.2,Urban_Residential,8641.0,0.67,14,0,0: Low
Tiruvallur - Kosasthalaiyar Basin,Northern Plain,115.95,26.37,17.67,3.67,0.78,19.13,77.4,26.8,Industrial,3373.0,0.41,7,1,1: Moderate
Chennai - Madipakkam Lake Buffer,Lake Catchment,9.21,1.35,2.89,0.39,-0.02,3.62,68.6,32.1,Urban_Residential,15245.0,0.87,14,0,0: Low
Chennai - Adyar Basin (Nandambakkam),Coastal / Low Basin,55.93,11.65,6.43,1.93,0.17,8.02,79.3,10.0,Urban_High_Density,14676.0,0.89,8,0,0: Low
Chennai - Velachery Lowland Basin,Coastal Lowland,47.13,16.84,4.09,0.89,0.25,3.79,45.3,58.9,Urban_High_Density,16342.0,0.81,12,1,1: Moderate
Sivaganga - Vaigai/Gundar (Parthibanur),Valley Basin,231.93,71.41,31.39,5.89,1.72,42.47,75.9,26.6,Urban_Commercial,14026.0,0.31,4,2,2: High
Chennai - Velachery Lowland Basin,Coastal Lowland,36.06,7.45,5.35,2.15,0.2,3.24,49.8,54.9,Urban_High_Density,15130.0,0.65,12,1,1: Moderate
Cuddalore - Manimuktha Basin (Virudhachalam),Riverine Plain,129.31,21.17,26.13,3.13,0.68,27.94,86.4,14.3,Agricultural_Mixed,1911.0,0.46,6,0,0: Low
Tiruvallur - Kosasthalaiyar Basin,Northern Plain,97.6,25.83,17.53,3.53,0.37,19.03,44.1,45.8,Industrial,3176.0,0.53,7,1,1: Moderate
Chennai - Madipakkam Lake Buffer,Lake Catchment,55.98,7.41,4.24,1.74,0.32,3.38,66.1,27.5,Urban_Residential,15136.0,0.64,14,1,1: Moderate
Cuddalore - Manimuktha Basin (Virudhachalam),Riverine Plain,3.12,2.69,23.4,0.4,-0.08,27.96,42.1,57.7,Agricultural_Mixed,3433.0,0.5,6,0,0: Low
Ramanathapuram - Gundar Basin (Kamuthi),Estuary / Coastal,19.59,7.64,30.76,0.36,-0.01,34.2,65.0,35.0,Commercial,1422.0,0.5,5,0,0: Low
Kancheepuram - Palar Basin,Riverine Valley,244.98,80.32,22.21,5.71,0.95,24.0,43.0,60.3,Urban_Residential,11017.0,0.93,5,3,3: Severe Inundation
Chennai - Madipakkam Lake Buffer,Lake Catchment,59.1,8.55,4.02,1.52,0.26,2.99,61.5,40.8,Urban_Residential,14068.0,0.36,14,1,1: Moderate
Chennai - Madipakkam Lake Buffer,Lake Catchment,86.97,39.2,6.36,3.86,0.71,3.21,22.3,78.2,Urban_Residential,11483.0,0.52,14,2,2: High
Sivaganga - Vaigai/Gundar (Parthibanur),Valley Basin,79.89,18.35,27.31,1.81,0.35,42.62,78.7,20.9,Urban_Commercial,9323.0,0.37,4,0,0: Low
Chennai - Velachery Lowland Basin,Coastal Lowland,70.14,6.66,5.17,1.97,0.38,3.55,48.4,51.2,Urban_High_Density,7114.0,0.67,12,1,1: Moderate
Ramanathapuram - Gundar Basin (Kamuthi),Estuary / Coastal,15.34,6.54,30.52,0.12,-0.07,34.66,53.4,56.0,Commercial,1665.0,0.84,5,0,0: Low
Sivaganga - Vaigai/Gundar (Parthibanur),Valley Basin,85.7,30.18,29.34,3.84,0.81,41.57,77.7,24.9,Urban_Commercial,10607.0,0.3,4,0,0: Low
Kancheepuram - Palar Basin,Riverine Valley,36.76,15.6,18.27,1.77,0.32,23.77,50.8,52.0,Urban_Residential,7599.0,0.85,5,0,0: Low
Sivaganga - Vaigai/Gundar (Parthibanur),Valley Basin,103.08,41.61,28.28,2.78,0.67,41.58,89.5,10.5,Urban_Commercial,6873.0,0.61,4,0,0: Low
Sivaganga - Vaigai/Gundar (Parthibanur),Valley Basin,6.17,3.25,26.05,0.55,0.05,41.87,95.0,10.0,Urban_Commercial,6677.0,0.84,4,0,0: Low
Sivaganga - Vaigai/Gundar (Parthibanur),Valley Basin,8.12,5.19,25.53,0.03,-0.07,41.91,56.3,33.7,Urban_Commercial,6658.0,0.98,4,0,0: Low
Chennai - Velachery Lowland Basin,Coastal Lowland,33.06,15.64,4.27,1.07,0.24,4.15,33.7,63.3,Urban_High_Density,14665.0,0.47,12,1,1: Moderate
Sivaganga - Vaigai/Gundar (Parthibanur),Valley Basin,138.65,35.08,29.57,4.07,0.38,41.69,76.6,23.8,Urban_Commercial,10202.0,0.63,4,0,0: Low
Sivaganga - Vaigai/Gundar (Parthibanur),Valley Basin,42.85,19.81,27.66,2.16,0.18,41.86,60.8,37.6,Urban_Commercial,13814.0,0.73,4,0,0: Low
Sivaganga - Vaigai/Gundar (Parthibanur),Valley Basin,179.48,54.09,32.73,7.23,1.21,41.75,74.8,33.9,Urban_Commercial,15354.0,0.92,4,1,1: Moderate
Sivaganga - Vaigai/Gundar (Parthibanur),Valley Basin,48.36,18.32,27.08,1.58,0.25,41.83,71.1,26.0,Urban_Commercial,5281.0,0.46,4,0,0: Low
Chennai - Madipakkam Lake Buffer,Lake Catchment,22.49,5.59,2.68,0.18,-0.05,3.14,78.5,20.3,Urban_Residential,6629.0,0.38,14,0,0: Low
Ramanathapuram - Gundar Basin (Kamuthi),Estuary / Coastal,27.27,1.43,30.91,0.51,-0.1,35.12,78.4,27.3,Commercial,4469.0,0.98,5,0,0: Low
Cuddalore - Manimuktha Basin (Virudhachalam),Riverine Plain,148.54,44.17,25.29,2.29,0.4,28.0,95.0,14.2,Agricultural_Mixed,3324.0,0.95,6,0,0: Low
Cuddalore - Manimuktha Basin (Virudhachalam),Riverine Plain,8.0,7.26,23.36,0.36,0.01,28.02,68.5,33.3,Agricultural_Mixed,4406.0,0.64,6,0,0: Low
Cuddalore - Manimuktha Basin (Virudhachalam),Riverine Plain,65.47,7.16,24.66,1.66,0.33,28.03,69.9,31.4,Agricultural_Mixed,2092.0,0.3,6,0,0: Low
Kancheepuram - Palar Basin,Riverine Valley,311.64,42.41,21.43,4.93,0.8,23.93,86.1,21.6,Urban_Residential,14062.0,0.79,5,2,2: High
Chennai - Adyar Basin (Nandambakkam),Coastal / Low Basin,127.42,18.32,7.19,2.69,0.88,7.28,59.3,40.6,Urban_High_Density,15083.0,0.61,8,2,2: High
Chennai - Adyar Basin (Nandambakkam),Coastal / Low Basin,9.7,1.55,4.82,0.32,-0.05,7.23,71.3,18.9,Urban_High_Density,9101.0,0.34,8,0,0: Low
Kancheepuram - Palar Basin,Riverine Valley,9.09,1.49,16.95,0.45,-0.04,24.1,54.5,38.0,Urban_Residential,8336.0,0.4,5,0,0: Low
Chennai - Madipakkam Lake Buffer,Lake Catchment,10.82,4.87,2.93,0.43,-0.08,3.17,54.8,41.7,Urban_Residential,5822.0,0.36,14,0,0: Low
Chennai - Madipakkam Lake Buffer,Lake Catchment,135.7,28.34,5.05,2.55,0.42,3.14,88.9,15.9,Urban_Residential,12808.0,0.48,14,2,2: High
Kancheepuram - Palar Basin,Riverine Valley,28.89,5.69,16.75,0.25,0.05,24.0,66.8,27.2,Urban_Residential,14062.0,0.57,5,0,0: Low
Chennai - Velachery Lowland Basin,Coastal Lowland,55.73,17.28,5.08,1.88,0.22,3.26,43.8,52.5,Urban_High_Density,7854.0,0.4,12,1,1: Moderate
Kancheepuram - Palar Basin,Riverine Valley,300.15,70.61,22.37,5.87,1.35,24.32,78.6,19.6,Urban_Residential,3988.0,0.79,5,3,3: Severe Inundation
Ramanathapuram - Gundar Basin (Kamuthi),Estuary / Coastal,136.27,24.26,34.72,4.32,0.46,35.14,28.0,65.8,Commercial,2610.0,0.97,5,0,0: Low
Chennai - Velachery Lowland Basin,Coastal Lowland,51.22,17.7,4.4,1.2,0.1,4.04,68.3,27.2,Urban_High_Density,15421.0,0.6,12,0,0: Low
Tiruvallur - Kosasthalaiyar Basin,Northern Plain,47.2,9.05,15.27,1.27,0.11,18.67,63.1,40.4,Industrial,3452.0,0.72,7,0,0: Low
Sivaganga - Vaigai/Gundar (Parthibanur),Valley Basin,4.65,1.58,25.88,0.38,0.04,42.22,32.0,70.5,Urban_Commercial,8065.0,0.66,4,0,0: Low
Ramanathapuram - Gundar Basin (Kamuthi),Estuary / Coastal,4.32,6.92,30.87,0.47,-0.03,34.51,37.2,59.3,Commercial,2294.0,0.76,5,0,0: Low
Chennai - Adyar Basin (Nandambakkam),Coastal / Low Basin,73.28,19.9,6.46,1.96,0.15,7.36,90.1,10.0,Urban_High_Density,5899.0,0.48,8,0,0: Low
Tiruvallur - Kosasthalaiyar Basin,Northern Plain,23.66,3.53,14.21,0.21,-0.06,19.5,56.2,44.8,Industrial,1030.0,0.81,7,0,0: Low
Kancheepuram - Palar Basin,Riverine Valley,90.08,31.57,19.91,3.41,0.77,23.95,57.6,36.9,Urban_Residential,17115.0,0.47,5,0,0: Low
Chennai - Adyar Basin (Nandambakkam),Coastal / Low Basin,58.43,16.59,5.9,1.4,0.26,7.75,33.2,69.0,Urban_High_Density,6584.0,0.4,8,1,1: Moderate
Chennai - Madipakkam Lake Buffer,Lake Catchment,312.04,50.19,8.52,6.02,0.96,2.97,80.9,22.6,Urban_Residential,4470.0,0.73,14,3,3: Severe Inundation
Tiruvallur - Kosasthalaiyar Basin,Northern Plain,54.26,16.71,15.77,1.77,0.21,19.51,95.0,10.0,Industrial,2669.0,0.45,7,0,0: Low
Ramanathapuram - Gundar Basin (Kamuthi),Estuary / Coastal,55.43,16.66,32.25,1.85,0.33,35.5,29.7,72.8,Commercial,1795.0,0.42,5,0,0: Low
Kancheepuram - Palar Basin,Riverine Valley,45.93,19.18,17.57,1.07,0.21,23.44,55.5,42.0,Urban_Residential,13997.0,0.52,5,0,0: Low
Cuddalore - Manimuktha Basin (Virudhachalam),Riverine Plain,89.17,26.96,26.99,3.99,0.61,27.83,73.3,28.1,Agricultural_Mixed,1430.0,0.82,6,0,0: Low
Kancheepuram - Palar Basin,Riverine Valley,24.46,7.38,16.68,0.18,0.06,23.95,78.6,22.7,Urban_Residential,9954.0,0.4,5,0,0: Low
Chennai - Madipakkam Lake Buffer,Lake Catchment,9.26,7.3,2.86,0.36,-0.09,2.98,55.6,43.7,Urban_Residential,9331.0,0.77,14,0,0: Low
Chennai - Adyar Basin (Nandambakkam),Coastal / Low Basin,240.61,79.85,10.78,6.28,1.47,7.72,55.2,46.5,Urban_High_Density,10853.0,0.53,8,3,3: Severe Inundation
Chennai - Adyar Basin (Nandambakkam),Coastal / Low Basin,66.6,8.18,5.69,1.19,0.16,7.29,68.1,33.0,Urban_High_Density,4640.0,0.72,8,0,0: Low
Sivaganga - Vaigai/Gundar (Parthibanur),Valley Basin,41.08,10.84,27.01,1.51,0.15,42.03,64.5,38.5,Urban_Commercial,3458.0,0.48,4,0,0: Low
Tiruvallur - Kosasthalaiyar Basin,Northern Plain,23.11,4.31,14.36,0.36,0.01,19.23,30.5,71.5,Industrial,1265.0,0.43,7,0,0: Low
Cuddalore - Manimuktha Basin (Virudhachalam),Riverine Plain,5.41,2.63,23.18,0.18,-0.03,28.11,60.6,40.0,Agricultural_Mixed,2408.0,0.85,6,0,0: Low
Chennai - Madipakkam Lake Buffer,Lake Catchment,74.34,16.48,3.74,1.24,0.34,2.61,35.8,67.5,Urban_Residential,14730.0,0.6,14,1,1: Moderate
Chennai - Madipakkam Lake Buffer,Lake Catchment,18.27,1.32,2.62,0.12,0.02,2.87,75.7,14.4,Urban_Residential,12951.0,0.34,14,0,0: Low
Chennai - Velachery Lowland Basin,Coastal Lowland,10.2,7.19,3.34,0.14,-0.06,3.88,40.0,45.4,Urban_High_Density,7645.0,0.88,12,0,0: Low
Ramanathapuram - Gundar Basin (Kamuthi),Estuary / Coastal,11.28,6.01,30.5,0.1,0.06,35.15,95.0,10.0,Commercial,2438.0,0.54,5,0,0: Low
Chennai - Velachery Lowland Basin,Coastal Lowland,25.1,7.62,3.68,0.48,-0.09,3.1,83.0,16.7,Urban_High_Density,13912.0,0.6,12,0,0: Low
Sivaganga - Vaigai/Gundar (Parthibanur),Valley Basin,10.04,1.58,25.99,0.49,-0.01,42.04,45.6,50.7,Urban_Commercial,15987.0,0.31,4,0,0: Low
Chennai - Velachery Lowland Basin,Coastal Lowland,23.6,2.29,3.99,0.79,0.07,3.77,58.7,29.7,Urban_High_Density,5136.0,0.77,12,0,0: Low
Kancheepuram - Palar Basin,Riverine Valley,68.13,10.19,18.39,1.89,0.23,23.88,66.7,27.4,Urban_Residential,7518.0,0.93,5,0,0: Low
Chennai - Madipakkam Lake Buffer,Lake Catchment,287.63,57.56,9.13,6.63,1.16,3.12,79.1,22.0,Urban_Residential,15049.0,0.97,14,3,3: Severe Inundation
Chennai - Madipakkam Lake Buffer,Lake Catchment,205.04,63.94,10.04,7.54,1.38,3.02,50.8,43.0,Urban_Residential,7567.0,0.43,14,3,3: Severe Inundation
Ramanathapuram - Gundar Basin (Kamuthi),Estuary / Coastal,8.78,2.29,30.87,0.47,-0.09,34.81,82.5,26.5,Commercial,2216.0,0.41,5,0,0: Low
Kancheepuram - Palar Basin,Riverine Valley,29.24,5.79,16.54,0.04,-0.0,23.77,45.4,48.6,Urban_Residential,8404.0,0.56,5,0,0: Low
Tiruvallur - Kosasthalaiyar Basin,Northern Plain,76.7,8.14,14.86,0.86,0.35,19.26,44.9,56.5,Industrial,1949.0,0.73,7,0,0: Low
Sivaganga - Vaigai/Gundar (Parthibanur),Valley Basin,14.75,5.6,26.3,0.8,0.06,42.48,30.6,64.0,Urban_Commercial,9986.0,0.91,4,0,0: Low
Tiruvallur - Kosasthalaiyar Basin,Northern Plain,23.26,3.92,14.59,0.59,0.04,19.21,58.9,41.6,Industrial,1178.0,0.95,7,0,0: Low
Chennai - Madipakkam Lake Buffer,Lake Catchment,53.39,9.66,3.61,1.11,0.13,3.04,36.2,67.2,Urban_Residential,4223.0,0.53,14,1,1: Moderate
Chennai - Madipakkam Lake Buffer,Lake Catchment,246.51,83.71,8.38,5.88,1.56,3.24,85.6,17.1,Urban_Residential,16887.0,0.91,14,3,3: Severe Inundation
Tiruvallur - Kosasthalaiyar Basin,Northern Plain,20.01,1.86,14.17,0.17,0.05,19.11,49.0,42.6,Industrial,1683.0,0.54,7,0,0: Low
Chennai - Velachery Lowland Basin,Coastal Lowland,9.32,6.85,3.78,0.58,0.02,3.72,30.4,68.6,Urban_High_Density,4186.0,0.89,12,0,0: Low
Kancheepuram - Palar Basin,Riverine Valley,11.29,3.86,16.94,0.44,0.02,24.2,87.2,24.7,Urban_Residential,14342.0,0.39,5,0,0: Low
Ramanathapuram - Gundar Basin (Kamuthi),Estuary / Coastal,46.43,12.43,32.53,2.13,0.11,35.02,42.0,67.6,Commercial,3487.0,0.94,5,0,0: Low
Ramanathapuram - Gundar Basin (Kamuthi),Estuary / Coastal,75.29,6.18,32.41,2.01,0.11,35.62,95.0,10.0,Commercial,929.0,0.65,5,0,0: Low
Sivaganga - Vaigai/Gundar (Parthibanur),Valley Basin,19.39,1.49,25.56,0.06,-0.01,41.81,55.3,41.1,Urban_Commercial,3743.0,0.5,4,0,0: Low
Cuddalore - Manimuktha Basin (Virudhachalam),Riverine Plain,18.3,7.69,23.77,0.77,0.01,28.52,47.7,51.9,Agricultural_Mixed,1216.0,0.69,6,0,0: Low
Chennai - Velachery Lowland Basin,Coastal Lowland,29.81,3.37,3.42,0.22,0.01,3.54,33.0,56.7,Urban_High_Density,3234.0,0.66,12,0,0: Low
Sivaganga - Vaigai/Gundar (Parthibanur),Valley Basin,255.96,48.2,31.69,6.19,1.46,42.32,12.5,86.1,Urban_Commercial,3925.0,0.86,4,2,2: High
Tiruvallur - Kosasthalaiyar Basin,Northern Plain,14.93,3.7,14.5,0.5,0.01,19.29,55.6,38.5,Industrial,2050.0,0.59,7,0,0: Low
Tiruvallur - Kosasthalaiyar Basin,Northern Plain,24.85,5.45,14.43,0.43,0.05,19.46,64.0,33.5,Industrial,1500.0,0.69,7,0,0: Low
Sivaganga - Vaigai/Gundar (Parthibanur),Valley Basin,97.52,42.28,28.55,3.05,0.58,41.93,44.4,59.4,Urban_Commercial,7534.0,0.64,4,0,0: Low
Ramanathapuram - Gundar Basin (Kamuthi),Estuary / Coastal,25.49,7.55,31.04,0.64,0.01,34.97,32.2,55.8,Commercial,1638.0,0.84,5,0,0: Low
Ramanathapuram - Gundar Basin (Kamuthi),Estuary / Coastal,136.64,34.47,33.8,3.4,0.43,35.44,60.7,37.2,Commercial,1492.0,0.73,5,0,0: Low
Kancheepuram - Palar Basin,Riverine Valley,40.02,7.08,18.01,1.51,0.31,24.17,50.1,53.4,Urban_Residential,12358.0,0.81,5,0,0: Low
Chennai - Adyar Basin (Nandambakkam),Coastal / Low Basin,128.61,40.57,8.6,4.1,0.78,7.51,65.9,31.5,Urban_High_Density,16027.0,0.87,8,2,2: High
Ramanathapuram - Gundar Basin (Kamuthi),Estuary / Coastal,28.23,4.9,30.53,0.13,0.05,34.96,70.1,29.5,Commercial,2313.0,0.99,5,0,0: Low
Tiruvallur - Kosasthalaiyar Basin,Northern Plain,157.61,18.61,16.44,2.44,0.51,18.64,66.0,34.4,Industrial,764.0,0.97,7,1,1: Moderate
Kancheepuram - Palar Basin,Riverine Valley,84.41,18.82,17.55,1.05,0.3,23.83,84.4,20.8,Urban_Residential,11128.0,0.47,5,0,0: Low
Ramanathapuram - Gundar Basin (Kamuthi),Estuary / Coastal,26.85,3.14,31.1,0.7,-0.02,34.5,58.4,43.7,Commercial,3082.0,0.51,5,0,0: Low
Chennai - Madipakkam Lake Buffer,Lake Catchment,208.73,78.07,9.51,7.01,1.62,3.31,85.6,17.3,Urban_Residential,2720.0,0.33,14,3,3: Severe Inundation
Kancheepuram - Palar Basin,Riverine Valley,76.67,9.47,18.27,1.77,0.26,23.69,44.3,64.2,Urban_Residential,15186.0,0.98,5,0,0: Low
Chennai - Velachery Lowland Basin,Coastal Lowland,20.18,7.68,3.92,0.72,-0.08,4.55,34.6,67.0,Urban_High_Density,4928.0,0.34,12,0,0: Low
Chennai - Velachery Lowland Basin,Coastal Lowland,32.51,8.74,4.19,0.99,0.11,3.79,46.3,53.1,Urban_High_Density,11068.0,0.33,12,0,0: Low
Chennai - Adyar Basin (Nandambakkam),Coastal / Low Basin,156.68,32.25,7.93,3.43,0.32,7.24,30.7,65.5,Urban_High_Density,4738.0,0.83,8,2,2: High
Tiruvallur - Kosasthalaiyar Basin,Northern Plain,85.27,42.81,18.1,4.1,0.71,19.11,49.9,47.5,Industrial,3168.0,0.4,7,1,1: Moderate
Cuddalore - Manimuktha Basin (Virudhachalam),Riverine Plain,91.97,33.97,27.04,4.04,0.39,28.13,85.8,10.0,Agricultural_Mixed,1210.0,0.91,6,0,0: Low
Ramanathapuram - Gundar Basin (Kamuthi),Estuary / Coastal,4.72,1.52,30.41,0.01,-0.07,34.82,73.1,22.4,Commercial,2771.0,0.74,5,0,0: Low
Chennai - Adyar Basin (Nandambakkam),Coastal / Low Basin,260.39,42.74,11.0,6.5,1.32,7.23,18.7,88.1,Urban_High_Density,3552.0,0.67,8,3,3: Severe Inundation
Sivaganga - Vaigai/Gundar (Parthibanur),Valley Basin,155.6,41.0,28.53,3.03,0.62,42.48,54.3,43.7,Urban_Commercial,4529.0,0.58,4,0,0: Low
Chennai - Velachery Lowland Basin,Coastal Lowland,108.67,25.1,7.4,4.2,0.67,4.17,47.5,52.1,Urban_High_Density,7051.0,0.96,12,2,2: High
Kancheepuram - Palar Basin,Riverine Valley,58.47,19.89,17.87,1.37,0.15,24.51,61.5,44.1,Urban_Residential,4236.0,0.53,5,0,0: Low
Cuddalore - Manimuktha Basin (Virudhachalam),Riverine Plain,28.6,2.91,23.7,0.7,0.09,28.42,81.1,27.4,Agricultural_Mixed,2041.0,0.52,6,0,0: Low
Kancheepuram - Palar Basin,Riverine Valley,82.16,9.95,17.65,1.15,0.11,23.8,62.3,38.6,Urban_Residential,17004.0,0.43,5,0,0: Low
Chennai - Madipakkam Lake Buffer,Lake Catchment,115.15,40.14,5.42,2.92,0.6,3.12,5.9,90.0,Urban_Residential,13572.0,0.78,14,3,3: Severe Inundation
Chennai - Velachery Lowland Basin,Coastal Lowland,120.32,18.1,7.13,3.93,0.85,3.9,31.7,70.9,Urban_High_Density,14002.0,0.83,12,2,2: High
Chennai - Madipakkam Lake Buffer,Lake Catchment,70.13,17.91,3.48,0.98,0.18,3.85,12.5,78.5,Urban_Residential,4405.0,0.67,14,1,1: Moderate
Chennai - Madipakkam Lake Buffer,Lake Catchment,23.05,6.15,3.12,0.62,-0.01,3.52,77.6,24.0,Urban_Residential,10444.0,0.44,14,0,0: Low
Chennai - Velachery Lowland Basin,Coastal Lowland,10.79,7.22,3.36,0.16,0.08,3.7,69.2,27.8,Urban_High_Density,15394.0,0.8,12,0,0: Low
Chennai - Madipakkam Lake Buffer,Lake Catchment,141.76,18.15,5.68,3.18,0.4,3.25,77.8,22.0,Urban_Residential,11650.0,0.4,14,2,2: High
Chennai - Adyar Basin (Nandambakkam),Coastal / Low Basin,213.35,83.86,11.83,7.33,1.03,7.32,61.7,42.9,Urban_High_Density,5033.0,0.68,8,3,3: Severe Inundation
Tiruvallur - Kosasthalaiyar Basin,Northern Plain,20.53,2.07,14.56,0.56,0.04,18.8,93.4,10.0,Industrial,2906.0,0.45,7,0,0: Low
Cuddalore - Manimuktha Basin (Virudhachalam),Riverine Plain,84.03,7.29,24.25,1.25,0.34,27.7,66.8,32.0,Agricultural_Mixed,1503.0,0.79,6,0,0: Low
Chennai - Madipakkam Lake Buffer,Lake Catchment,3.61,2.8,2.61,0.11,-0.03,3.05,73.4,30.4,Urban_Residential,17789.0,0.87,14,0,0: Low
Sivaganga - Vaigai/Gundar (Parthibanur),Valley Basin,56.75,8.31,26.94,1.44,0.39,42.51,95.0,10.0,Urban_Commercial,7002.0,0.7,4,0,0: Low
Ramanathapuram - Gundar Basin (Kamuthi),Estuary / Coastal,48.29,16.33,31.37,0.97,0.33,34.85,78.1,22.5,Commercial,4434.0,0.69,5,0,0: Low
Chennai - Velachery Lowland Basin,Coastal Lowland,132.14,42.22,6.78,3.58,0.8,3.44,70.2,39.4,Urban_High_Density,14989.0,0.58,12,2,2: High
Chennai - Madipakkam Lake Buffer,Lake Catchment,18.63,5.05,2.82,0.32,0.04,3.54,60.6,33.3,Urban_Residential,8716.0,0.79,14,0,0: Low
Chennai - Madipakkam Lake Buffer,Lake Catchment,6.05,1.49,2.78,0.28,-0.08,3.4,37.4,59.2,Urban_Residential,11304.0,0.46,14,0,0: Low
Kancheepuram - Palar Basin,Riverine Valley,42.11,11.58,18.1,1.6,0.33,23.65,87.3,12.9,Urban_Residential,5012.0,0.84,5,0,0: Low
Kancheepuram - Palar Basin,Riverine Valley,19.27,4.55,16.89,0.39,0.02,24.19,19.7,78.1,Urban_Residential,6813.0,0.39,5,0,0: Low
Cuddalore - Manimuktha Basin (Virudhachalam),Riverine Plain,8.55,7.68,23.73,0.73,0.01,28.75,61.7,35.1,Agricultural_Mixed,1244.0,0.33,6,0,0: Low
Tiruvallur - Kosasthalaiyar Basin,Northern Plain,56.36,15.6,15.46,1.46,0.12,19.08,36.0,58.1,Industrial,3044.0,0.95,7,0,0: Low
Chennai - Velachery Lowland Basin,Coastal Lowland,53.6,9.98,4.74,1.54,0.21,4.17,57.8,42.0,Urban_High_Density,17376.0,0.52,12,1,1: Moderate
Kancheepuram - Palar Basin,Riverine Valley,195.77,65.3,22.9,6.4,0.88,24.61,70.8,36.2,Urban_Residential,17645.0,0.7,5,2,2: High
Ramanathapuram - Gundar Basin (Kamuthi),Estuary / Coastal,2.39,2.3,30.5,0.1,-0.01,34.99,66.4,33.3,Commercial,987.0,0.39,5,0,0: Low
Ramanathapuram - Gundar Basin (Kamuthi),Estuary / Coastal,156.94,30.43,33.32,2.92,0.88,34.89,73.8,26.0,Commercial,4066.0,0.35,5,0,0: Low
Chennai - Madipakkam Lake Buffer,Lake Catchment,109.61,34.13,6.35,3.85,0.75,3.46,74.8,26.9,Urban_Residential,6148.0,0.76,14,2,2: High
Tiruvallur - Kosasthalaiyar Basin,Northern Plain,68.1,13.73,15.87,1.87,0.36,19.46,81.1,17.6,Industrial,2936.0,0.99,7,0,0: Low
Tiruvallur - Kosasthalaiyar Basin,Northern Plain,15.75,3.78,14.76,0.76,-0.0,19.44,67.2,29.3,Industrial,3954.0,0.33,7,0,0: Low
Cuddalore - Manimuktha Basin (Virudhachalam),Riverine Plain,7.75,3.33,23.06,0.06,-0.06,27.85,61.4,38.4,Agricultural_Mixed,3629.0,0.54,6,0,0: Low
Cuddalore - Manimuktha Basin (Virudhachalam),Riverine Plain,81.21,6.86,24.31,1.31,0.22,28.07,62.2,37.0,Agricultural_Mixed,3620.0,0.8,6,0,0: Low
Ramanathapuram - Gundar Basin (Kamuthi),Estuary / Coastal,214.4,51.04,38.39,7.99,1.78,35.45,84.7,12.0,Commercial,2675.0,0.89,5,2,2: High
Chennai - Madipakkam Lake Buffer,Lake Catchment,280.48,62.38,7.49,4.99,1.34,3.35,52.3,42.6,Urban_Residential,4166.0,0.67,14,3,3: Severe Inundation
Sivaganga - Vaigai/Gundar (Parthibanur),Valley Basin,25.85,5.01,25.65,0.15,-0.09,41.71,42.7,53.9,Urban_Commercial,3839.0,0.99,4,0,0: Low
Chennai - Madipakkam Lake Buffer,Lake Catchment,92.26,25.22,5.84,3.34,0.33,2.71,78.5,22.8,Urban_Residential,10684.0,0.84,14,2,2: High
Chennai - Madipakkam Lake Buffer,Lake Catchment,40.79,15.53,4.44,1.94,0.25,3.21,79.3,20.3,Urban_Residential,15565.0,0.58,14,0,0: Low
Chennai - Velachery Lowland Basin,Coastal Lowland,3.4,1.61,3.74,0.54,0.02,3.49,70.0,35.4,Urban_High_Density,15995.0,0.37,12,0,0: Low
Chennai - Velachery Lowland Basin,Coastal Lowland,43.04,10.3,4.59,1.39,0.28,3.82,81.7,17.3,Urban_High_Density,15800.0,0.69,12,0,0: Low
Tiruvallur - Kosasthalaiyar Basin,Northern Plain,5.02,3.21,14.33,0.33,-0.03,19.32,78.4,25.2,Industrial,3456.0,0.4,7,0,0: Low
Chennai - Velachery Lowland Basin,Coastal Lowland,153.35,35.15,6.03,2.83,0.35,4.08,24.2,73.0,Urban_High_Density,15204.0,0.9,12,2,2: High
Kancheepuram - Palar Basin,Riverine Valley,60.1,19.32,17.62,1.12,0.22,23.98,68.8,33.5,Urban_Residential,4783.0,0.84,5,0,0: Low
Chennai - Madipakkam Lake Buffer,Lake Catchment,30.64,15.79,3.38,0.88,0.16,3.31,53.9,46.8,Urban_Residential,3006.0,0.62,14,0,0: Low
Kancheepuram - Palar Basin,Riverine Valley,23.99,6.13,16.65,0.15,-0.09,24.28,62.0,38.8,Urban_Residential,17049.0,1.0,5,0,0: Low
Tiruvallur - Kosasthalaiyar Basin,Northern Plain,95.83,38.94,18.31,4.31,0.84,18.95,70.7,23.6,Industrial,2378.0,0.68,7,1,1: Moderate
Ramanathapuram - Gundar Basin (Kamuthi),Estuary / Coastal,44.34,14.27,32.13,1.73,0.34,35.44,49.9,49.4,Commercial,2376.0,0.69,5,0,0: Low
Ramanathapuram - Gundar Basin (Kamuthi),Estuary / Coastal,10.71,2.74,30.65,0.25,0.09,35.1,47.4,49.0,Commercial,994.0,0.92,5,0,0: Low
Chennai - Adyar Basin (Nandambakkam),Coastal / Low Basin,55.15,6.55,6.57,2.07,0.39,7.6,69.8,43.3,Urban_High_Density,4579.0,0.92,8,0,0: Low
Ramanathapuram - Gundar Basin (Kamuthi),Estuary / Coastal,41.62,14.75,32.58,2.18,0.35,35.26,58.7,45.9,Commercial,1130.0,0.79,5,0,0: Low
Sivaganga - Vaigai/Gundar (Parthibanur),Valley Basin,86.7,40.88,29.51,4.01,0.8,42.37,26.4,68.6,Urban_Commercial,4726.0,0.68,4,0,0: Low
Chennai - Velachery Lowland Basin,Coastal Lowland,38.6,12.06,5.23,2.03,0.24,4.12,19.5,80.3,Urban_High_Density,7459.0,0.56,12,1,1: Moderate
Cuddalore - Manimuktha Basin (Virudhachalam),Riverine Plain,45.97,10.86,24.88,1.88,0.25,27.95,72.0,28.6,Agricultural_Mixed,2735.0,0.48,6,0,0: Low
Sivaganga - Vaigai/Gundar (Parthibanur),Valley Basin,17.63,4.71,26.0,0.5,0.07,42.25,85.8,25.2,Urban_Commercial,8102.0,0.61,4,0,0: Low
Ramanathapuram - Gundar Basin (Kamuthi),Estuary / Coastal,19.81,2.35,30.51,0.11,-0.06,34.76,51.6,55.4,Commercial,3894.0,0.31,5,0,0: Low
Tiruvallur - Kosasthalaiyar Basin,Northern Plain,109.72,33.32,18.14,4.14,0.77,18.95,37.7,59.0,Industrial,2852.0,0.72,7,1,1: Moderate
Cuddalore - Manimuktha Basin (Virudhachalam),Riverine Plain,111.52,24.54,26.3,3.3,0.71,27.67,58.5,40.9,Agricultural_Mixed,2649.0,0.33,6,0,0: Low
Cuddalore - Manimuktha Basin (Virudhachalam),Riverine Plain,69.07,12.77,25.09,2.09,0.26,28.58,43.1,53.3,Agricultural_Mixed,3021.0,0.56,6,0,0: Low
Cuddalore - Manimuktha Basin (Virudhachalam),Riverine Plain,83.52,14.49,24.2,1.2,0.11,28.09,71.6,28.1,Agricultural_Mixed,2580.0,0.58,6,0,0: Low
Kancheepuram - Palar Basin,Riverine Valley,11.33,3.9,17.01,0.51,-0.09,23.92,70.9,25.9,Urban_Residential,3108.0,0.86,5,0,0: Low
Chennai - Adyar Basin (Nandambakkam),Coastal / Low Basin,269.9,47.73,10.23,5.73,1.75,7.93,18.4,80.9,Urban_High_Density,16201.0,0.78,8,3,3: Severe Inundation
Chennai - Adyar Basin (Nandambakkam),Coastal / Low Basin,201.15,57.56,10.27,5.77,0.83,6.93,89.3,12.7,Urban_High_Density,15971.0,0.95,8,3,3: Severe Inundation
Tiruvallur - Kosasthalaiyar Basin,Northern Plain,8.26,1.86,14.28,0.28,-0.08,19.39,42.4,58.0,Industrial,4494.0,0.5,7,0,0: Low
Cuddalore - Manimuktha Basin (Virudhachalam),Riverine Plain,59.36,16.17,24.27,1.27,0.12,28.24,15.1,90.0,Agricultural_Mixed,2502.0,0.56,6,0,0: Low
Cuddalore - Manimuktha Basin (Virudhachalam),Riverine Plain,21.94,3.55,23.34,0.34,0.02,28.02,34.9,56.3,Agricultural_Mixed,3171.0,0.61,6,0,0: Low
Chennai - Velachery Lowland Basin,Coastal Lowland,156.7,26.36,6.39,3.19,0.46,4.05,69.7,32.7,Urban_High_Density,13309.0,0.84,12,2,2: High
Ramanathapuram - Gundar Basin (Kamuthi),Estuary / Coastal,14.71,2.29,31.19,0.79,0.1,35.04,75.4,19.2,Commercial,4209.0,0.39,5,0,0: Low
Cuddalore - Manimuktha Basin (Virudhachalam),Riverine Plain,38.51,11.27,25.03,2.03,0.1,28.15,61.3,37.6,Agricultural_Mixed,1985.0,0.88,6,0,0: Low
Tiruvallur - Kosasthalaiyar Basin,Northern Plain,55.46,15.98,15.82,1.82,0.29,20.02,38.1,74.2,Industrial,2298.0,0.38,7,0,0: Low
Chennai - Velachery Lowland Basin,Coastal Lowland,83.21,18.2,5.3,2.1,0.12,4.23,89.4,11.6,Urban_High_Density,13080.0,0.87,12,1,1: Moderate
Sivaganga - Vaigai/Gundar (Parthibanur),Valley Basin,154.89,37.22,28.61,3.11,0.43,41.8,95.0,12.4,Urban_Commercial,6990.0,0.38,4,0,0: Low
Sivaganga - Vaigai/Gundar (Parthibanur),Valley Basin,16.67,6.26,26.11,0.61,-0.06,42.02,61.9,38.0,Urban_Commercial,8846.0,0.83,4,0,0: Low
Chennai - Velachery Lowland Basin,Coastal Lowland,120.76,42.32,7.02,3.82,0.33,3.46,71.1,25.3,Urban_High_Density,13983.0,0.31,12,2,2: High
Kancheepuram - Palar Basin,Riverine Valley,31.46,14.9,18.4,1.9,0.15,23.72,14.9,90.0,Urban_Residential,15862.0,0.95,5,0,0: Low
Ramanathapuram - Gundar Basin (Kamuthi),Estuary / Coastal,255.26,58.02,35.74,5.34,1.04,35.14,79.2,19.2,Commercial,840.0,0.35,5,2,2: High
Ramanathapuram - Gundar Basin (Kamuthi),Estuary / Coastal,143.38,23.45,33.17,2.77,0.68,34.86,79.1,22.7,Commercial,3295.0,0.49,5,0,0: Low
Ramanathapuram - Gundar Basin (Kamuthi),Estuary / Coastal,19.25,3.13,30.96,0.56,-0.07,35.37,58.1,51.7,Commercial,3242.0,0.5,5,0,0: Low
Chennai - Adyar Basin (Nandambakkam),Coastal / Low Basin,216.97,43.8,10.06,5.56,0.9,7.95,73.1,27.4,Urban_High_Density,16211.0,0.33,8,3,3: Severe Inundation
Chennai - Adyar Basin (Nandambakkam),Coastal / Low Basin,238.78,74.62,11.08,6.58,1.14,7.74,72.1,20.8,Urban_High_Density,13210.0,0.91,8,3,3: Severe Inundation
Chennai - Madipakkam Lake Buffer,Lake Catchment,28.89,1.4,2.52,0.02,-0.02,3.49,33.4,61.9,Urban_Residential,15746.0,0.61,14,0,0: Low
Chennai - Madipakkam Lake Buffer,Lake Catchment,38.8,12.98,4.6,2.1,0.23,3.41,52.7,52.6,Urban_Residential,17851.0,0.34,14,1,1: Moderate
Kancheepuram - Palar Basin,Riverine Valley,154.22,21.05,20.8,4.3,0.52,24.29,73.5,24.9,Urban_Residential,12202.0,1.0,5,1,1: Moderate
Kancheepuram - Palar Basin,Riverine Valley,19.48,4.0,16.54,0.04,-0.06,23.76,66.2,42.9,Urban_Residential,9345.0,0.55,5,0,0: Low
Chennai - Velachery Lowland Basin,Coastal Lowland,40.31,16.53,4.23,1.03,0.24,3.19,57.8,38.1,Urban_High_Density,4700.0,0.93,12,1,1: Moderate
Kancheepuram - Palar Basin,Riverine Valley,21.54,7.11,16.76,0.26,0.01,24.28,65.3,31.2,Urban_Residential,6582.0,0.41,5,0,0: Low
Ramanathapuram - Gundar Basin (Kamuthi),Estuary / Coastal,3.39,1.29,30.71,0.31,0.07,35.14,67.8,19.6,Commercial,1687.0,0.43,5,0,0: Low
Ramanathapuram - Gundar Basin (Kamuthi),Estuary / Coastal,24.76,4.87,30.56,0.16,-0.08,35.63,71.6,30.8,Commercial,2334.0,0.91,5,0,0: Low
Kancheepuram - Palar Basin,Riverine Valley,12.98,5.61,17.03,0.53,-0.06,23.65,21.7,79.9,Urban_Residential,5922.0,0.58,5,0,0: Low
Tiruvallur - Kosasthalaiyar Basin,Northern Plain,60.47,8.41,15.96,1.96,0.24,19.12,71.6,30.8,Industrial,1331.0,0.62,7,0,0: Low
Chennai - Velachery Lowland Basin,Coastal Lowland,44.16,9.38,4.64,1.44,0.34,4.1,67.5,25.0,Urban_High_Density,8264.0,0.69,12,1,1: Moderate
Chennai - Madipakkam Lake Buffer,Lake Catchment,25.64,5.75,3.04,0.54,-0.06,2.85,31.5,66.2,Urban_Residential,14308.0,0.37,14,0,0: Low
Kancheepuram - Palar Basin,Riverine Valley,16.25,2.32,17.19,0.69,-0.02,23.8,45.9,59.7,Urban_Residential,12875.0,0.71,5,0,0: Low
Sivaganga - Vaigai/Gundar (Parthibanur),Valley Basin,155.31,40.61,29.83,4.33,0.51,41.81,83.0,22.1,Urban_Commercial,13880.0,0.52,4,0,0: Low
Cuddalore - Manimuktha Basin (Virudhachalam),Riverine Plain,44.45,19.08,24.16,1.16,0.37,27.59,80.8,21.4,Agricultural_Mixed,4138.0,0.8,6,0,0: Low
Kancheepuram - Palar Basin,Riverine Valley,4.33,1.88,17.2,0.7,0.01,23.92,74.9,27.7,Urban_Residential,3455.0,0.84,5,0,0: Low
Chennai - Velachery Lowland Basin,Coastal Lowland,121.32,31.06,5.69,2.49,0.84,4.34,13.3,85.2,Urban_High_Density,6538.0,0.44,12,2,2: High
Chennai - Madipakkam Lake Buffer,Lake Catchment,58.64,8.45,4.27,1.77,0.37,3.38,80.4,11.9,Urban_Residential,2844.0,0.88,14,0,0: Low
Tiruvallur - Kosasthalaiyar Basin,Northern Plain,122.45,39.67,18.32,4.32,0.5,19.2,62.8,36.5,Industrial,4076.0,0.65,7,2,2: High
Chennai - Velachery Lowland Basin,Coastal Lowland,178.03,56.81,10.83,7.63,1.62,3.64,37.1,64.3,Urban_High_Density,12120.0,0.52,12,3,3: Severe Inundation
Ramanathapuram - Gundar Basin (Kamuthi),Estuary / Coastal,46.87,7.0,31.48,1.08,0.29,34.93,76.7,24.6,Commercial,4115.0,0.85,5,0,0: Low
Chennai - Velachery Lowland Basin,Coastal Lowland,89.1,32.86,6.28,3.08,0.75,4.27,19.8,79.0,Urban_High_Density,13016.0,0.79,12,2,2: High
Chennai - Adyar Basin (Nandambakkam),Coastal / Low Basin,72.6,9.25,6.19,1.69,0.29,7.82,36.4,72.9,Urban_High_Density,8133.0,0.38,8,1,1: Moderate
Chennai - Adyar Basin (Nandambakkam),Coastal / Low Basin,82.47,18.41,6.1,1.6,0.18,7.63,66.9,27.9,Urban_High_Density,6211.0,0.94,8,0,0: Low
Ramanathapuram - Gundar Basin (Kamuthi),Estuary / Coastal,117.2,40.35,34.21,3.81,0.37,34.5,32.8,70.0,Commercial,1434.0,0.38,5,0,0: Low
Chennai - Madipakkam Lake Buffer,Lake Catchment,25.41,4.39,3.14,0.64,0.06,3.66,58.0,39.1,Urban_Residential,4116.0,0.51,14,0,0: Low
Chennai - Velachery Lowland Basin,Coastal Lowland,23.79,7.63,3.74,0.54,0.08,4.06,72.6,28.3,Urban_High_Density,8672.0,0.88,12,0,0: Low
Kancheepuram - Palar Basin,Riverine Valley,2.81,1.37,17.04,0.54,-0.08,24.07,82.0,15.3,Urban_Residential,16736.0,0.81,5,0,0: Low
Chennai - Adyar Basin (Nandambakkam),Coastal / Low Basin,19.44,7.66,5.02,0.52,0.08,7.59,22.1,73.7,Urban_High_Density,7069.0,0.37,8,0,0: Low
Kancheepuram - Palar Basin,Riverine Valley,145.92,42.43,20.41,3.91,0.45,23.82,56.5,44.3,Urban_Residential,14981.0,0.64,5,1,1: Moderate
Kancheepuram - Palar Basin,Riverine Valley,7.95,4.91,17.26,0.76,-0.08,23.76,59.2,31.8,Urban_Residential,10121.0,0.74,5,0,0: Low
Chennai - Velachery Lowland Basin,Coastal Lowland,93.55,21.95,7.06,3.86,0.88,3.49,41.2,59.0,Urban_High_Density,16380.0,0.32,12,2,2: High
Chennai - Adyar Basin (Nandambakkam),Coastal / Low Basin,70.54,11.93,5.56,1.06,0.24,7.2,74.4,21.5,Urban_High_Density,12310.0,0.8,8,0,0: Low
Tiruvallur - Kosasthalaiyar Basin,Northern Plain,51.16,13.6,16.07,2.07,0.18,19.13,14.2,79.8,Industrial,1689.0,0.81,7,0,0: Low
Chennai - Velachery Lowland Basin,Coastal Lowland,90.3,29.52,6.0,2.8,0.79,3.99,55.4,51.5,Urban_High_Density,16151.0,0.32,12,2,2: High
Sivaganga - Vaigai/Gundar (Parthibanur),Valley Basin,106.48,25.37,29.54,4.04,0.41,42.12,71.5,31.5,Urban_Commercial,13755.0,0.35,4,0,0: Low
Chennai - Adyar Basin (Nandambakkam),Coastal / Low Basin,30.36,10.47,6.35,1.85,0.16,7.09,83.6,14.6,Urban_High_Density,17623.0,0.63,8,0,0: Low
Chennai - Madipakkam Lake Buffer,Lake Catchment,18.82,3.37,3.06,0.56,-0.01,2.89,23.8,77.7,Urban_Residential,16686.0,0.56,14,0,0: Low
Sivaganga - Vaigai/Gundar (Parthibanur),Valley Basin,45.66,17.29,27.19,1.69,0.14,42.29,64.6,37.0,Urban_Commercial,15048.0,0.84,4,0,0: Low
Tiruvallur - Kosasthalaiyar Basin,Northern Plain,71.55,14.79,15.9,1.9,0.23,18.59,67.9,24.3,Industrial,1527.0,0.47,7,0,0: Low
Tiruvallur - Kosasthalaiyar Basin,Northern Plain,21.63,5.36,14.46,0.46,0.01,19.39,27.9,65.3,Industrial,2777.0,0.77,7,0,0: Low
Tiruvallur - Kosasthalaiyar Basin,Northern Plain,17.76,7.89,14.58,0.58,-0.07,19.06,70.7,26.9,Industrial,827.0,0.94,7,0,0: Low
Sivaganga - Vaigai/Gundar (Parthibanur),Valley Basin,2.4,2.29,26.27,0.77,-0.08,41.79,43.0,64.5,Urban_Commercial,10332.0,0.55,4,0,0: Low
Ramanathapuram - Gundar Basin (Kamuthi),Estuary / Coastal,142.53,37.69,34.34,3.94,0.71,35.06,74.2,28.2,Commercial,1755.0,0.96,5,0,0: Low
Tiruvallur - Kosasthalaiyar Basin,Northern Plain,31.79,16.72,15.58,1.58,0.3,19.09,85.9,22.4,Industrial,3493.0,0.34,7,0,0: Low
Tiruvallur - Kosasthalaiyar Basin,Northern Plain,48.84,18.99,15.86,1.86,0.31,19.43,69.0,27.1,Industrial,2596.0,0.37,7,0,0: Low
Sivaganga - Vaigai/Gundar (Parthibanur),Valley Basin,4.04,7.75,26.26,0.76,-0.03,42.11,47.3,51.0,Urban_Commercial,8458.0,0.86,4,0,0: Low
Chennai - Velachery Lowland Basin,Coastal Lowland,5.47,3.33,3.87,0.67,0.06,4.37,83.3,14.5,Urban_High_Density,2825.0,0.95,12,0,0: Low
Cuddalore - Manimuktha Basin (Virudhachalam),Riverine Plain,8.33,7.95,23.06,0.06,0.07,28.16,59.1,39.3,Agricultural_Mixed,2406.0,0.54,6,0,0: Low
Tiruvallur - Kosasthalaiyar Basin,Northern Plain,84.57,14.7,15.36,1.36,0.34,18.79,28.3,81.0,Industrial,3709.0,0.37,7,0,0: Low
Sivaganga - Vaigai/Gundar (Parthibanur),Valley Basin,204.97,74.44,30.63,5.13,1.32,41.86,57.8,42.9,Urban_Commercial,15040.0,0.32,4,2,2: High
Chennai - Velachery Lowland Basin,Coastal Lowland,4.71,5.3,3.64,0.44,-0.04,3.39,89.2,10.0,Urban_High_Density,6173.0,0.9,12,0,0: Low
Chennai - Velachery Lowland Basin,Coastal Lowland,93.25,19.96,7.5,4.3,0.4,3.2,74.1,26.4,Urban_High_Density,13533.0,0.55,12,2,2: High
Chennai - Velachery Lowland Basin,Coastal Lowland,49.8,16.35,4.17,0.97,0.26,3.47,69.5,26.7,Urban_High_Density,13969.0,0.55,12,1,1: Moderate
Tiruvallur - Kosasthalaiyar Basin,Northern Plain,20.65,2.11,14.33,0.33,0.04,18.89,51.7,46.8,Industrial,4302.0,0.33,7,0,0: Low
Sivaganga - Vaigai/Gundar (Parthibanur),Valley Basin,2.75,4.26,26.02,0.52,-0.09,41.71,76.3,28.0,Urban_Commercial,7660.0,0.71,4,0,0: Low
Cuddalore - Manimuktha Basin (Virudhachalam),Riverine Plain,14.35,3.63,23.61,0.61,-0.07,27.88,18.7,79.7,Agricultural_Mixed,3683.0,0.43,6,0,0: Low
Ramanathapuram - Gundar Basin (Kamuthi),Estuary / Coastal,60.66,7.44,32.16,1.76,0.25,35.2,38.2,58.0,Commercial,1191.0,0.55,5,0,0: Low
Ramanathapuram - Gundar Basin (Kamuthi),Estuary / Coastal,68.03,19.6,31.84,1.44,0.4,35.16,89.1,10.5,Commercial,4241.0,0.84,5,0,0: Low
Chennai - Velachery Lowland Basin,Coastal Lowland,15.81,7.97,3.48,0.28,0.02,3.51,40.7,46.1,Urban_High_Density,7539.0,0.59,12,0,0: Low
Cuddalore - Manimuktha Basin (Virudhachalam),Riverine Plain,35.96,17.83,24.38,1.38,0.12,28.19,42.9,53.1,Agricultural_Mixed,3130.0,0.53,6,0,0: Low
Kancheepuram - Palar Basin,Riverine Valley,44.92,6.8,18.4,1.9,0.37,23.93,74.4,21.7,Urban_Residential,12698.0,0.35,5,0,0: Low
Kancheepuram - Palar Basin,Riverine Valley,5.8,3.52,17.12,0.62,-0.05,24.08,61.7,32.6,Urban_Residential,11551.0,0.84,5,0,0: Low
Chennai - Velachery Lowland Basin,Coastal Lowland,149.53,26.6,7.5,4.3,0.84,4.37,71.9,38.2,Urban_High_Density,12601.0,0.53,12,3,3: Severe Inundation
Kancheepuram - Palar Basin,Riverine Valley,29.84,5.75,17.23,0.73,0.07,23.87,79.5,19.1,Urban_Residential,13970.0,0.35,5,0,0: Low
Sivaganga - Vaigai/Gundar (Parthibanur),Valley Basin,42.89,13.25,26.36,0.86,0.18,42.37,85.8,18.7,Urban_Commercial,5498.0,0.36,4,0,0: Low
Chennai - Madipakkam Lake Buffer,Lake Catchment,31.61,14.79,4.53,2.03,0.11,3.17,63.1,42.0,Urban_Residential,16062.0,0.87,14,1,1: Moderate
Chennai - Adyar Basin (Nandambakkam),Coastal / Low Basin,20.27,4.97,4.94,0.44,0.0,7.54,55.3,53.3,Urban_High_Density,16531.0,0.93,8,0,0: Low
Ramanathapuram - Gundar Basin (Kamuthi),Estuary / Coastal,14.15,6.75,30.72,0.32,-0.09,35.15,66.0,42.9,Commercial,3535.0,0.41,5,0,0: Low
Chennai - Adyar Basin (Nandambakkam),Coastal / Low Basin,69.74,15.02,5.63,1.13,0.35,7.92,33.1,71.1,Urban_High_Density,3365.0,0.96,8,0,0: Low
Chennai - Adyar Basin (Nandambakkam),Coastal / Low Basin,94.34,23.27,7.28,2.78,0.74,7.59,17.2,77.7,Urban_High_Density,5710.0,0.91,8,2,2: High
Ramanathapuram - Gundar Basin (Kamuthi),Estuary / Coastal,123.91,34.58,33.19,2.79,0.43,34.48,30.4,67.5,Commercial,2891.0,0.98,5,0,0: Low
Cuddalore - Manimuktha Basin (Virudhachalam),Riverine Plain,130.82,34.71,25.52,2.52,0.89,27.97,87.8,20.5,Agricultural_Mixed,1821.0,0.53,6,0,0: Low
Chennai - Velachery Lowland Basin,Coastal Lowland,57.42,12.54,4.72,1.52,0.11,3.87,67.8,26.3,Urban_High_Density,14490.0,0.43,12,1,1: Moderate
Chennai - Velachery Lowland Basin,Coastal Lowland,23.19,2.82,3.72,0.52,-0.06,3.69,85.8,20.0,Urban_High_Density,7187.0,0.59,12,0,0: Low
Ramanathapuram - Gundar Basin (Kamuthi),Estuary / Coastal,20.9,1.59,30.45,0.05,0.04,34.71,65.1,40.0,Commercial,2377.0,0.59,5,0,0: Low
Kancheepuram - Palar Basin,Riverine Valley,47.91,14.5,18.25,1.75,0.15,24.41,95.0,10.0,Urban_Residential,16995.0,0.64,5,0,0: Low
Chennai - Adyar Basin (Nandambakkam),Coastal / Low Basin,3.05,5.63,4.98,0.48,0.08,7.52,88.6,10.4,Urban_High_Density,10985.0,0.88,8,0,0: Low
Sivaganga - Vaigai/Gundar (Parthibanur),Valley Basin,78.68,8.93,26.91,1.41,0.28,42.63,57.9,40.8,Urban_Commercial,5597.0,0.3,4,0,0: Low
Cuddalore - Manimuktha Basin (Virudhachalam),Riverine Plain,209.56,67.62,30.04,7.04,1.45,27.67,85.0,10.4,Agricultural_Mixed,2029.0,0.7,6,3,3: Severe Inundation
Ramanathapuram - Gundar Basin (Kamuthi),Estuary / Coastal,53.51,10.35,32.21,1.81,0.17,35.39,80.2,22.4,Commercial,3739.0,0.57,5,0,0: Low
Chennai - Adyar Basin (Nandambakkam),Coastal / Low Basin,31.8,17.85,6.61,2.11,0.12,7.7,55.1,49.9,Urban_High_Density,11424.0,0.81,8,0,0: Low
Kancheepuram - Palar Basin,Riverine Valley,42.05,13.63,17.48,0.98,0.12,24.21,43.7,59.6,Urban_Residential,9712.0,0.59,5,0,0: Low
Sivaganga - Vaigai/Gundar (Parthibanur),Valley Basin,14.15,4.54,25.64,0.14,0.04,42.02,45.8,50.8,Urban_Commercial,8822.0,0.87,4,0,0: Low
Chennai - Madipakkam Lake Buffer,Lake Catchment,294.81,48.67,7.55,5.05,1.04,3.52,94.9,10.0,Urban_Residential,15290.0,0.69,14,3,3: Severe Inundation
Tiruvallur - Kosasthalaiyar Basin,Northern Plain,117.71,23.66,16.22,2.22,0.35,19.06,61.3,36.9,Industrial,2990.0,0.68,7,0,0: Low
Chennai - Velachery Lowland Basin,Coastal Lowland,122.71,18.21,5.55,2.35,0.46,3.92,71.6,23.7,Urban_High_Density,15879.0,0.98,12,1,1: Moderate
Kancheepuram - Palar Basin,Riverine Valley,11.42,3.64,16.6,0.1,-0.08,24.37,87.6,12.6,Urban_Residential,11958.0,0.41,5,0,0: Low
Chennai - Madipakkam Lake Buffer,Lake Catchment,77.41,14.97,3.5,1.0,0.18,3.41,68.4,29.4,Urban_Residential,7939.0,0.63,14,1,1: Moderate
Kancheepuram - Palar Basin,Riverine Valley,23.36,3.66,16.97,0.47,-0.02,24.5,56.3,48.7,Urban_Residential,2511.0,0.63,5,0,0: Low
Chennai - Adyar Basin (Nandambakkam),Coastal / Low Basin,95.67,36.22,7.49,2.99,0.65,7.46,64.0,33.0,Urban_High_Density,12320.0,0.53,8,2,2: High
Chennai - Madipakkam Lake Buffer,Lake Catchment,20.65,4.0,2.95,0.45,0.01,3.51,46.8,48.1,Urban_Residential,2845.0,0.68,14,0,0: Low
Cuddalore - Manimuktha Basin (Virudhachalam),Riverine Plain,149.65,21.84,27.26,4.26,0.81,27.48,62.7,21.4,Agricultural_Mixed,4245.0,0.86,6,0,0: Low
Ramanathapuram - Gundar Basin (Kamuthi),Estuary / Coastal,9.52,5.3,30.67,0.27,-0.07,35.0,90.4,10.0,Commercial,4364.0,0.54,5,0,0: Low
Chennai - Adyar Basin (Nandambakkam),Coastal / Low Basin,81.02,6.42,5.44,0.94,0.22,7.53,33.7,64.7,Urban_High_Density,16007.0,0.75,8,0,0: Low
Chennai - Velachery Lowland Basin,Coastal Lowland,40.83,13.98,4.14,0.94,0.34,3.74,74.9,25.5,Urban_High_Density,15981.0,0.37,12,0,0: Low
Tiruvallur - Kosasthalaiyar Basin,Northern Plain,96.71,36.76,17.8,3.8,0.54,18.75,58.0,47.1,Industrial,1827.0,0.75,7,1,1: Moderate
Cuddalore - Manimuktha Basin (Virudhachalam),Riverine Plain,236.44,82.9,28.14,5.14,0.81,28.25,90.1,14.4,Agricultural_Mixed,797.0,0.4,6,2,2: High
Kancheepuram - Palar Basin,Riverine Valley,4.91,3.65,17.27,0.77,-0.03,24.4,37.2,62.9,Urban_Residential,3364.0,0.44,5,0,0: Low
Ramanathapuram - Gundar Basin (Kamuthi),Estuary / Coastal,63.51,12.32,31.82,1.42,0.37,35.25,85.2,22.2,Commercial,3363.0,0.81,5,0,0: Low
Sivaganga - Vaigai/Gundar (Parthibanur),Valley Basin,142.49,24.56,29.71,4.21,0.5,42.13,57.1,41.1,Urban_Commercial,4858.0,0.71,4,0,0: Low
Chennai - Velachery Lowland Basin,Coastal Lowland,107.68,30.14,6.29,3.09,0.68,4.51,61.1,34.6,Urban_High_Density,9377.0,0.52,12,2,2: High
Tiruvallur - Kosasthalaiyar Basin,Northern Plain,70.57,19.11,15.34,1.34,0.13,18.96,68.4,25.5,Industrial,3355.0,0.9,7,0,0: Low
Chennai - Adyar Basin (Nandambakkam),Coastal / Low Basin,190.84,60.43,10.17,5.67,1.01,7.31,75.9,26.9,Urban_High_Density,11807.0,0.97,8,3,3: Severe Inundation
Cuddalore - Manimuktha Basin (Virudhachalam),Riverine Plain,8.94,6.23,23.78,0.78,-0.08,27.89,28.5,74.3,Agricultural_Mixed,1455.0,0.59,6,0,0: Low
Sivaganga - Vaigai/Gundar (Parthibanur),Valley Basin,124.17,43.56,27.94,2.44,0.74,42.01,54.0,44.2,Urban_Commercial,16168.0,0.89,4,0,0: Low
Tiruvallur - Kosasthalaiyar Basin,Northern Plain,23.73,1.51,14.65,0.65,0.02,19.27,95.0,15.0,Industrial,1943.0,0.33,7,0,0: Low
Kancheepuram - Palar Basin,Riverine Valley,4.09,1.15,16.83,0.33,-0.03,24.42,95.0,10.0,Urban_Residential,14541.0,0.57,5,0,0: Low
Sivaganga - Vaigai/Gundar (Parthibanur),Valley Basin,13.26,1.33,25.59,0.09,-0.08,42.54,74.2,21.4,Urban_Commercial,12129.0,0.52,4,0,0: Low
Chennai - Adyar Basin (Nandambakkam),Coastal / Low Basin,69.52,13.53,6.44,1.94,0.33,7.66,72.9,25.3,Urban_High_Density,12714.0,0.72,8,0,0: Low
Sivaganga - Vaigai/Gundar (Parthibanur),Valley Basin,27.79,1.24,26.28,0.78,-0.04,41.83,86.1,10.5,Urban_Commercial,5792.0,0.91,4,0,0: Low
Kancheepuram - Palar Basin,Riverine Valley,50.12,11.07,18.19,1.69,0.18,24.1,49.9,53.6,Urban_Residential,15842.0,0.87,5,0,0: Low
Cuddalore - Manimuktha Basin (Virudhachalam),Riverine Plain,58.42,16.07,24.05,1.05,0.36,28.05,70.0,23.5,Agricultural_Mixed,2857.0,0.35,6,0,0: Low
Sivaganga - Vaigai/Gundar (Parthibanur),Valley Basin,202.97,83.02,33.05,7.55,1.41,41.64,54.6,42.5,Urban_Commercial,6460.0,0.91,4,3,3: Severe Inundation
Kancheepuram - Palar Basin,Riverine Valley,68.11,11.96,18.4,1.9,0.38,24.4,45.9,56.6,Urban_Residential,12451.0,0.78,5,0,0: Low
Tiruvallur - Kosasthalaiyar Basin,Northern Plain,19.37,3.66,14.01,0.01,-0.08,18.98,38.9,59.5,Industrial,3040.0,0.54,7,0,0: Low
Chennai - Velachery Lowland Basin,Coastal Lowland,111.14,38.56,5.44,2.24,0.67,4.07,69.8,28.8,Urban_High_Density,15220.0,0.54,12,2,2: High
Chennai - Madipakkam Lake Buffer,Lake Catchment,13.35,1.95,2.93,0.43,-0.03,2.83,17.1,80.2,Urban_Residential,11236.0,0.57,14,0,0: Low
Ramanathapuram - Gundar Basin (Kamuthi),Estuary / Coastal,13.95,4.35,31.01,0.61,-0.06,35.21,77.3,32.5,Commercial,1646.0,0.82,5,0,0: Low
Chennai - Adyar Basin (Nandambakkam),Coastal / Low Basin,83.02,15.21,5.41,0.91,0.19,7.26,73.2,28.5,Urban_High_Density,5321.0,0.78,8,0,0: Low
Cuddalore - Manimuktha Basin (Virudhachalam),Riverine Plain,65.45,7.97,24.1,1.1,0.34,27.8,67.4,29.6,Agricultural_Mixed,2787.0,0.69,6,0,0: Low
Chennai - Velachery Lowland Basin,Coastal Lowland,111.89,32.83,6.74,3.54,0.64,3.75,75.8,25.3,Urban_High_Density,16749.0,0.64,12,2,2: High
Kancheepuram - Palar Basin,Riverine Valley,308.77,51.89,22.38,5.88,1.77,24.46,88.0,10.0,Urban_Residential,2583.0,0.36,5,3,3: Severe Inundation
Chennai - Velachery Lowland Basin,Coastal Lowland,7.12,6.96,3.35,0.15,0.03,3.87,85.7,12.9,Urban_High_Density,15239.0,0.72,12,0,0: Low
Sivaganga - Vaigai/Gundar (Parthibanur),Valley Basin,21.0,1.98,26.14,0.64,0.01,41.94,18.0,78.3,Urban_Commercial,13677.0,0.33,4,0,0: Low
Chennai - Madipakkam Lake Buffer,Lake Catchment,293.11,64.69,8.49,5.99,1.73,3.32,42.9,57.5,Urban_Residential,16804.0,0.69,14,3,3: Severe Inundation
Chennai - Adyar Basin (Nandambakkam),Coastal / Low Basin,27.07,2.74,5.26,0.76,-0.1,7.2,82.9,18.4,Urban_High_Density,4367.0,0.84,8,0,0: Low
Sivaganga - Vaigai/Gundar (Parthibanur),Valley Basin,25.82,2.58,26.19,0.69,-0.07,42.14,61.0,35.8,Urban_Commercial,4163.0,0.31,4,0,0: Low
Cuddalore - Manimuktha Basin (Virudhachalam),Riverine Plain,57.93,18.04,25.14,2.14,0.25,28.09,27.7,64.9,Agricultural_Mixed,1464.0,0.58,6,0,0: Low
Sivaganga - Vaigai/Gundar (Parthibanur),Valley Basin,75.54,15.79,26.43,0.93,0.12,42.53,79.3,23.5,Urban_Commercial,6214.0,0.37,4,0,0: Low
Tiruvallur - Kosasthalaiyar Basin,Northern Plain,77.36,19.31,14.9,0.9,0.31,18.37,87.9,15.2,Industrial,4287.0,0.81,7,0,0: Low
Chennai - Madipakkam Lake Buffer,Lake Catchment,68.82,17.67,4.46,1.96,0.11,3.53,55.4,50.1,Urban_Residential,12896.0,0.42,14,1,1: Moderate
Chennai - Adyar Basin (Nandambakkam),Coastal / Low Basin,29.15,1.14,5.16,0.66,0.1,7.42,55.4,51.5,Urban_High_Density,17235.0,0.31,8,0,0: Low
Ramanathapuram - Gundar Basin (Kamuthi),Estuary / Coastal,49.71,13.86,32.2,1.8,0.18,34.92,90.5,15.4,Commercial,2713.0,0.64,5,0,0: Low
Chennai - Velachery Lowland Basin,Coastal Lowland,10.31,3.16,3.72,0.52,-0.01,4.26,32.4,76.1,Urban_High_Density,17903.0,0.89,12,0,0: Low
Cuddalore - Manimuktha Basin (Virudhachalam),Riverine Plain,133.14,42.85,27.13,4.13,0.82,28.0,67.7,28.7,Agricultural_Mixed,3920.0,0.7,6,1,1: Moderate
Tiruvallur - Kosasthalaiyar Basin,Northern Plain,65.6,13.23,15.47,1.47,0.35,18.86,51.0,55.6,Industrial,2629.0,0.56,7,0,0: Low
Sivaganga - Vaigai/Gundar (Parthibanur),Valley Basin,8.25,5.8,26.16,0.66,0.03,42.11,21.2,78.3,Urban_Commercial,12140.0,0.65,4,0,0: Low
Chennai - Adyar Basin (Nandambakkam),Coastal / Low Basin,2.97,2.23,4.86,0.36,-0.02,7.3,41.9,54.6,Urban_High_Density,4637.0,1.0,8,0,0: Low
Chennai - Adyar Basin (Nandambakkam),Coastal / Low Basin,16.59,4.28,4.56,0.06,-0.04,7.87,66.8,36.3,Urban_High_Density,2617.0,0.62,8,0,0: Low
Kancheepuram - Palar Basin,Riverine Valley,14.74,7.34,16.5,0.0,0.03,23.81,58.0,42.8,Urban_Residential,12074.0,0.87,5,0,0: Low
Ramanathapuram - Gundar Basin (Kamuthi),Estuary / Coastal,18.83,5.45,31.01,0.61,0.07,35.04,34.7,58.3,Commercial,887.0,0.97,5,0,0: Low
Chennai - Madipakkam Lake Buffer,Lake Catchment,87.34,30.29,5.61,3.11,0.36,3.2,34.0,65.4,Urban_Residential,8042.0,0.84,14,2,2: High
Cuddalore - Manimuktha Basin (Virudhachalam),Riverine Plain,40.27,16.02,24.05,1.05,0.35,28.67,47.5,56.6,Agricultural_Mixed,3432.0,0.36,6,0,0: Low
Sivaganga - Vaigai/Gundar (Parthibanur),Valley Basin,27.02,6.17,25.61,0.11,-0.03,41.72,88.2,13.4,Urban_Commercial,5904.0,0.91,4,0,0: Low
Ramanathapuram - Gundar Basin (Kamuthi),Estuary / Coastal,29.58,3.67,30.92,0.52,0.04,34.86,85.4,15.0,Commercial,2849.0,0.98,5,0,0: Low
Kancheepuram - Palar Basin,Riverine Valley,12.76,6.55,16.84,0.34,-0.08,23.94,75.5,30.8,Urban_Residential,10624.0,0.75,5,0,0: Low
Cuddalore - Manimuktha Basin (Virudhachalam),Riverine Plain,9.08,2.8,23.08,0.08,-0.0,27.92,25.3,79.2,Agricultural_Mixed,1413.0,0.67,6,0,0: Low
Chennai - Madipakkam Lake Buffer,Lake Catchment,177.51,73.0,9.37,6.87,0.87,3.11,44.4,46.7,Urban_Residential,7093.0,0.73,14,3,3: Severe Inundation
Chennai - Adyar Basin (Nandambakkam),Coastal / Low Basin,80.09,18.14,5.51,1.01,0.34,7.36,61.7,30.5,Urban_High_Density,5043.0,0.49,8,0,0: Low
Chennai - Adyar Basin (Nandambakkam),Coastal / Low Basin,69.78,13.71,5.35,0.85,0.34,7.47,31.5,63.4,Urban_High_Density,7649.0,0.84,8,0,0: Low
Chennai - Madipakkam Lake Buffer,Lake Catchment,27.96,5.94,2.85,0.35,-0.08,2.6,80.2,23.7,Urban_Residential,7074.0,0.64,14,0,0: Low
Ramanathapuram - Gundar Basin (Kamuthi),Estuary / Coastal,10.45,6.2,30.55,0.15,0.02,35.45,51.9,40.5,Commercial,2223.0,0.62,5,0,0: Low
Cuddalore - Manimuktha Basin (Virudhachalam),Riverine Plain,14.88,7.15,23.69,0.69,0.09,28.03,81.3,20.9,Agricultural_Mixed,3712.0,0.6,6,0,0: Low
Ramanathapuram - Gundar Basin (Kamuthi),Estuary / Coastal,22.62,3.78,31.12,0.72,-0.03,35.68,32.8,60.3,Commercial,1162.0,0.93,5,0,0: Low
Kancheepuram - Palar Basin,Riverine Valley,11.17,7.76,16.66,0.16,0.04,24.26,57.8,40.1,Urban_Residential,5920.0,0.44,5,0,0: Low
Sivaganga - Vaigai/Gundar (Parthibanur),Valley Basin,77.73,6.32,26.63,1.13,0.28,41.88,20.3,75.2,Urban_Commercial,15571.0,0.76,4,0,0: Low
Chennai - Madipakkam Lake Buffer,Lake Catchment,18.53,7.43,2.92,0.42,0.09,3.25,60.8,34.5,Urban_Residential,3470.0,0.33,14,0,0: Low
Chennai - Madipakkam Lake Buffer,Lake Catchment,42.91,12.47,3.98,1.48,0.24,3.66,18.6,74.1,Urban_Residential,5599.0,0.53,14,1,1: Moderate
Kancheepuram - Palar Basin,Riverine Valley,307.77,76.97,23.58,7.08,1.74,23.7,89.2,18.5,Urban_Residential,17421.0,0.9,5,3,3: Severe Inundation
Sivaganga - Vaigai/Gundar (Parthibanur),Valley Basin,28.81,6.6,25.52,0.02,0.02,41.9,38.7,63.9,Urban_Commercial,5227.0,0.73,4,0,0: Low
Chennai - Adyar Basin (Nandambakkam),Coastal / Low Basin,75.9,7.93,5.99,1.49,0.33,8.04,60.7,45.0,Urban_High_Density,16224.0,0.96,8,0,0: Low
Tiruvallur - Kosasthalaiyar Basin,Northern Plain,19.53,7.97,14.24,0.24,0.03,18.81,70.2,33.2,Industrial,2256.0,0.9,7,0,0: Low
Chennai - Madipakkam Lake Buffer,Lake Catchment,7.26,1.62,3.21,0.71,-0.06,3.67,42.6,51.6,Urban_Residential,3219.0,0.31,14,0,0: Low
Ramanathapuram - Gundar Basin (Kamuthi),Estuary / Coastal,245.1,57.99,36.34,5.94,1.45,35.37,76.6,22.5,Commercial,2022.0,0.76,5,2,2: High
Chennai - Velachery Lowland Basin,Coastal Lowland,4.85,6.91,3.97,0.77,-0.09,3.79,50.8,53.3,Urban_High_Density,3086.0,0.4,12,0,0: Low
Chennai - Adyar Basin (Nandambakkam),Coastal / Low Basin,120.22,44.22,7.93,3.43,0.61,7.17,53.4,47.2,Urban_High_Density,12438.0,0.66,8,2,2: High
Kancheepuram - Palar Basin,Riverine Valley,152.94,40.74,20.51,4.01,0.82,23.92,49.1,45.4,Urban_Residential,14285.0,0.96,5,1,1: Moderate
Kancheepuram - Palar Basin,Riverine Valley,142.19,35.8,18.75,2.25,0.45,23.88,68.1,36.4,Urban_Residential,14227.0,0.34,5,0,0: Low
Chennai - Velachery Lowland Basin,Coastal Lowland,75.1,8.88,4.76,1.56,0.28,3.71,50.5,45.4,Urban_High_Density,9580.0,0.92,12,1,1: Moderate
Kancheepuram - Palar Basin,Riverine Valley,9.06,6.07,17.13,0.63,-0.09,23.69,84.9,14.4,Urban_Residential,10001.0,0.31,5,0,0: Low
Sivaganga - Vaigai/Gundar (Parthibanur),Valley Basin,83.09,14.37,27.19,1.69,0.26,41.65,18.6,78.1,Urban_Commercial,12242.0,0.71,4,0,0: Low
Ramanathapuram - Gundar Basin (Kamuthi),Estuary / Coastal,68.52,10.46,32.45,2.05,0.11,34.64,71.5,26.6,Commercial,4469.0,0.69,5,0,0: Low
Chennai - Madipakkam Lake Buffer,Lake Catchment,127.7,19.9,4.81,2.31,0.78,3.37,48.4,53.5,Urban_Residential,11548.0,0.37,14,2,2: High
Chennai - Madipakkam Lake Buffer,Lake Catchment,36.93,10.85,3.6,1.1,0.4,2.63,78.4,30.0,Urban_Residential,5194.0,0.8,14,0,0: Low
Kancheepuram - Palar Basin,Riverine Valley,146.95,38.4,19.21,2.71,0.38,24.08,68.0,31.8,Urban_Residential,6041.0,0.79,5,1,1: Moderate
Chennai - Velachery Lowland Basin,Coastal Lowland,24.0,3.69,3.63,0.43,-0.05,3.79,34.1,56.2,Urban_High_Density,9501.0,0.51,12,0,0: Low
Ramanathapuram - Gundar Basin (Kamuthi),Estuary / Coastal,10.45,5.27,30.78,0.38,0.04,35.11,91.8,15.4,Commercial,2951.0,0.49,5,0,0: Low
Cuddalore - Manimuktha Basin (Virudhachalam),Riverine Plain,313.01,40.24,30.52,7.52,1.74,27.91,36.6,67.5,Agricultural_Mixed,2639.0,0.53,6,3,3: Severe Inundation
Ramanathapuram - Gundar Basin (Kamuthi),Estuary / Coastal,79.41,18.61,32.45,2.05,0.26,35.14,72.6,17.8,Commercial,1075.0,0.43,5,0,0: Low
Kancheepuram - Palar Basin,Riverine Valley,27.17,4.61,16.95,0.45,-0.09,24.62,53.6,51.4,Urban_Residential,4903.0,0.96,5,0,0: Low
Chennai - Velachery Lowland Basin,Coastal Lowland,72.57,17.9,5.33,2.13,0.16,4.12,35.9,53.8,Urban_High_Density,2639.0,0.94,12,1,1: Moderate
Chennai - Velachery Lowland Basin,Coastal Lowland,28.49,4.49,3.7,0.5,0.01,4.3,79.7,11.5,Urban_High_Density,14090.0,0.68,12,0,0: Low
Chennai - Madipakkam Lake Buffer,Lake Catchment,15.77,1.61,3.06,0.56,-0.01,3.27,66.1,24.2,Urban_Residential,14410.0,0.97,14,0,0: Low
Kancheepuram - Palar Basin,Riverine Valley,105.33,43.82,19.2,2.7,0.57,23.48,55.5,44.1,Urban_Residential,3145.0,0.67,5,0,0: Low
Chennai - Adyar Basin (Nandambakkam),Coastal / Low Basin,4.73,5.68,4.74,0.24,0.01,7.8,55.6,43.4,Urban_High_Density,9423.0,0.92,8,0,0: Low
Tiruvallur - Kosasthalaiyar Basin,Northern Plain,141.22,20.31,17.93,3.93,0.46,19.5,87.7,17.7,Industrial,855.0,0.75,7,1,1: Moderate
Ramanathapuram - Gundar Basin (Kamuthi),Estuary / Coastal,216.97,57.12,35.2,4.8,0.97,35.25,83.5,23.8,Commercial,652.0,0.75,5,1,1: Moderate
Chennai - Adyar Basin (Nandambakkam),Coastal / Low Basin,69.58,19.8,6.12,1.62,0.31,7.46,44.8,55.7,Urban_High_Density,10837.0,0.46,8,1,1: Moderate
Chennai - Madipakkam Lake Buffer,Lake Catchment,14.29,4.46,2.62,0.12,-0.04,3.11,86.0,10.0,Urban_Residential,7504.0,0.75,14,0,0: Low
Sivaganga - Vaigai/Gundar (Parthibanur),Valley Basin,23.87,2.87,26.06,0.56,0.09,41.71,81.1,19.1,Urban_Commercial,4725.0,0.62,4,0,0: Low
Chennai - Madipakkam Lake Buffer,Lake Catchment,28.53,7.55,3.03,0.53,0.1,3.26,38.2,62.2,Urban_Residential,4718.0,0.83,14,0,0: Low
Cuddalore - Manimuktha Basin (Virudhachalam),Riverine Plain,33.48,6.52,24.69,1.69,0.27,28.05,91.0,10.0,Agricultural_Mixed,3211.0,0.76,6,0,0: Low
Tiruvallur - Kosasthalaiyar Basin,Northern Plain,316.8,73.83,19.76,5.76,0.94,19.34,62.4,28.8,Industrial,3359.0,0.97,7,3,3: Severe Inundation
Sivaganga - Vaigai/Gundar (Parthibanur),Valley Basin,48.12,15.47,27.32,1.82,0.31,42.18,87.3,17.8,Urban_Commercial,14029.0,0.52,4,0,0: Low
Kancheepuram - Palar Basin,Riverine Valley,2.43,3.32,16.52,0.02,0.07,24.22,65.1,40.1,Urban_Residential,5965.0,0.51,5,0,0: Low
Ramanathapuram - Gundar Basin (Kamuthi),Estuary / Coastal,32.93,10.23,31.32,0.92,0.12,35.54,47.7,48.9,Commercial,3823.0,0.76,5,0,0: Low
Chennai - Velachery Lowland Basin,Coastal Lowland,7.92,3.22,3.97,0.77,0.07,3.56,51.4,53.3,Urban_High_Density,6083.0,0.92,12,0,0: Low
Chennai - Madipakkam Lake Buffer,Lake Catchment,25.74,3.86,3.06,0.56,0.01,3.36,81.3,17.3,Urban_Residential,7158.0,0.58,14,0,0: Low
Tiruvallur - Kosasthalaiyar Basin,Northern Plain,25.46,2.68,14.58,0.58,-0.06,18.61,56.5,45.7,Industrial,772.0,0.82,7,0,0: Low
Chennai - Madipakkam Lake Buffer,Lake Catchment,15.17,5.42,2.73,0.23,0.03,2.71,31.4,69.9,Urban_Residential,3814.0,0.31,14,0,0: Low
Cuddalore - Manimuktha Basin (Virudhachalam),Riverine Plain,48.37,8.58,24.33,1.33,0.28,28.07,84.9,15.4,Agricultural_Mixed,3584.0,0.71,6,0,0: Low
Cuddalore - Manimuktha Basin (Virudhachalam),Riverine Plain,51.11,14.27,24.9,1.9,0.29,27.88,49.9,51.7,Agricultural_Mixed,2425.0,0.77,6,0,0: Low
Cuddalore - Manimuktha Basin (Virudhachalam),Riverine Plain,116.68,44.89,25.35,2.35,0.5,27.93,67.2,37.3,Agricultural_Mixed,1450.0,0.44,6,0,0: Low
Chennai - Adyar Basin (Nandambakkam),Coastal / Low Basin,242.72,60.09,10.23,5.73,1.63,7.11,90.2,10.0,Urban_High_Density,9833.0,1.0,8,3,3: Severe Inundation
Ramanathapuram - Gundar Basin (Kamuthi),Estuary / Coastal,74.34,17.7,31.23,0.83,0.38,35.45,65.4,37.1,Commercial,1425.0,0.68,5,0,0: Low
Ramanathapuram - Gundar Basin (Kamuthi),Estuary / Coastal,151.29,44.22,32.88,2.48,0.47,35.25,72.5,25.8,Commercial,631.0,0.76,5,0,0: Low
Chennai - Adyar Basin (Nandambakkam),Coastal / Low Basin,33.45,10.84,5.52,1.02,0.17,7.49,57.0,48.7,Urban_High_Density,15276.0,0.88,8,0,0: Low
Sivaganga - Vaigai/Gundar (Parthibanur),Valley Basin,45.99,11.82,27.26,1.76,0.26,42.44,65.2,40.3,Urban_Commercial,12211.0,0.64,4,0,0: Low
Cuddalore - Manimuktha Basin (Virudhachalam),Riverine Plain,54.55,6.62,24.53,1.53,0.13,27.93,53.5,47.5,Agricultural_Mixed,4481.0,0.43,6,0,0: Low
Kancheepuram - Palar Basin,Riverine Valley,72.47,14.76,17.62,1.12,0.28,23.85,30.3,66.8,Urban_Residential,3199.0,0.63,5,0,0: Low
Sivaganga - Vaigai/Gundar (Parthibanur),Valley Basin,8.13,7.93,26.15,0.65,0.01,42.03,87.2,10.0,Urban_Commercial,15673.0,0.31,4,0,0: Low
Cuddalore - Manimuktha Basin (Virudhachalam),Riverine Plain,14.11,6.08,23.56,0.56,0.06,27.24,69.4,32.9,Agricultural_Mixed,1424.0,0.71,6,0,0: Low
Chennai - Adyar Basin (Nandambakkam),Coastal / Low Basin,131.43,18.92,7.15,2.65,0.83,7.53,61.0,32.3,Urban_High_Density,12232.0,0.87,8,2,2: High
Tiruvallur - Kosasthalaiyar Basin,Northern Plain,80.42,12.05,15.63,1.63,0.16,18.81,20.3,71.7,Industrial,621.0,0.79,7,0,0: Low
Kancheepuram - Palar Basin,Riverine Valley,30.2,14.31,17.34,0.84,0.38,24.59,61.2,31.0,Urban_Residential,8588.0,0.68,5,0,0: Low
Chennai - Velachery Lowland Basin,Coastal Lowland,32.51,11.82,4.78,1.58,0.34,3.34,50.4,51.3,Urban_High_Density,14170.0,0.96,12,1,1: Moderate
Chennai - Adyar Basin (Nandambakkam),Coastal / Low Basin,72.83,12.55,5.76,1.26,0.11,7.43,46.6,51.9,Urban_High_Density,12918.0,0.64,8,1,1: Moderate
Chennai - Madipakkam Lake Buffer,Lake Catchment,157.52,27.92,5.46,2.96,0.48,3.54,54.5,38.9,Urban_Residential,8912.0,0.36,14,2,2: High
Sivaganga - Vaigai/Gundar (Parthibanur),Valley Basin,112.47,36.78,29.77,4.27,0.4,42.24,62.9,34.8,Urban_Commercial,10089.0,0.77,4,0,0: Low
Cuddalore - Manimuktha Basin (Virudhachalam),Riverine Plain,20.4,3.46,23.62,0.62,0.09,28.03,67.6,31.9,Agricultural_Mixed,2228.0,0.57,6,0,0: Low
Chennai - Adyar Basin (Nandambakkam),Coastal / Low Basin,95.27,34.82,7.51,3.01,0.83,7.0,78.5,26.1,Urban_High_Density,17686.0,0.62,8,2,2: High
Sivaganga - Vaigai/Gundar (Parthibanur),Valley Basin,77.1,15.81,26.92,1.42,0.37,41.83,75.7,26.7,Urban_Commercial,11162.0,0.49,4,0,0: Low
Kancheepuram - Palar Basin,Riverine Valley,63.57,15.79,18.17,1.67,0.21,23.93,72.9,23.0,Urban_Residential,17113.0,0.88,5,0,0: Low
Cuddalore - Manimuktha Basin (Virudhachalam),Riverine Plain,154.79,35.85,26.25,3.25,0.62,28.24,54.2,42.7,Agricultural_Mixed,1728.0,0.55,6,0,0: Low
Kancheepuram - Palar Basin,Riverine Valley,147.7,26.64,20.65,4.15,0.74,24.54,47.9,61.9,Urban_Residential,17027.0,0.3,5,1,1: Moderate
Chennai - Adyar Basin (Nandambakkam),Coastal / Low Basin,290.93,45.52,11.81,7.31,1.53,7.13,16.9,75.3,Urban_High_Density,5210.0,0.81,8,3,3: Severe Inundation
Chennai - Madipakkam Lake Buffer,Lake Catchment,5.57,6.68,2.61,0.11,0.04,2.97,53.8,47.6,Urban_Residential,12670.0,0.39,14,0,0: Low
Tiruvallur - Kosasthalaiyar Basin,Northern Plain,126.15,31.58,16.93,2.93,0.71,18.9,85.6,10.0,Industrial,2930.0,0.56,7,1,1: Moderate
Chennai - Madipakkam Lake Buffer,Lake Catchment,58.39,8.97,3.59,1.09,0.29,3.09,68.0,42.2,Urban_Residential,7343.0,0.4,14,0,0: Low
Chennai - Adyar Basin (Nandambakkam),Coastal / Low Basin,48.0,7.54,5.63,1.13,0.13,6.75,66.0,34.0,Urban_High_Density,5346.0,0.5,8,0,0: Low
Chennai - Velachery Lowland Basin,Coastal Lowland,54.06,18.23,4.95,1.75,0.35,3.72,24.2,65.7,Urban_High_Density,4438.0,0.86,12,1,1: Moderate
Chennai - Adyar Basin (Nandambakkam),Coastal / Low Basin,241.39,68.62,10.42,5.92,1.45,7.71,62.6,29.7,Urban_High_Density,16309.0,0.84,8,3,3: Severe Inundation
Cuddalore - Manimuktha Basin (Virudhachalam),Riverine Plain,145.56,40.62,26.01,3.01,0.77,28.24,45.2,54.0,Agricultural_Mixed,1175.0,0.53,6,0,0: Low
Chennai - Velachery Lowland Basin,Coastal Lowland,5.77,3.85,3.34,0.14,-0.02,3.92,39.1,63.8,Urban_High_Density,4138.0,0.52,12,0,0: Low
Cuddalore - Manimuktha Basin (Virudhachalam),Riverine Plain,146.03,20.98,26.9,3.9,0.86,28.73,53.1,48.6,Agricultural_Mixed,4044.0,0.56,6,1,1: Moderate
Sivaganga - Vaigai/Gundar (Parthibanur),Valley Basin,169.26,81.65,30.71,5.21,1.01,41.74,45.9,53.5,Urban_Commercial,14479.0,0.7,4,1,1: Moderate
Cuddalore - Manimuktha Basin (Virudhachalam),Riverine Plain,30.81,10.76,24.89,1.89,0.33,28.56,61.5,31.4,Agricultural_Mixed,3299.0,0.85,6,0,0: Low
Cuddalore - Manimuktha Basin (Virudhachalam),Riverine Plain,34.79,7.76,23.96,0.96,0.21,28.04,73.1,32.1,Agricultural_Mixed,2185.0,0.92,6,0,0: Low
Sivaganga - Vaigai/Gundar (Parthibanur),Valley Basin,60.22,8.23,27.4,1.9,0.32,41.78,28.7,70.2,Urban_Commercial,14884.0,0.89,4,0,0: Low
Tiruvallur - Kosasthalaiyar Basin,Northern Plain,14.96,3.13,14.32,0.32,0.01,18.65,58.0,39.9,Industrial,1920.0,0.7,7,0,0: Low
Sivaganga - Vaigai/Gundar (Parthibanur),Valley Basin,154.18,29.07,29.95,4.45,0.73,41.58,36.1,55.1,Urban_Commercial,6392.0,0.84,4,0,0: Low
Sivaganga - Vaigai/Gundar (Parthibanur),Valley Basin,96.41,23.87,29.43,3.93,0.46,42.19,61.5,40.8,Urban_Commercial,3670.0,0.41,4,0,0: Low
Sivaganga - Vaigai/Gundar (Parthibanur),Valley Basin,54.63,15.83,27.28,1.78,0.23,42.39,48.5,56.6,Urban_Commercial,12769.0,0.73,4,0,0: Low
Ramanathapuram - Gundar Basin (Kamuthi),Estuary / Coastal,112.4,34.94,34.2,3.8,0.65,35.08,54.5,51.5,Commercial,1859.0,0.71,5,0,0: Low
Tiruvallur - Kosasthalaiyar Basin,Northern Plain,141.59,27.55,16.72,2.72,0.53,19.08,83.3,11.8,Industrial,1871.0,0.53,7,1,1: Moderate
Cuddalore - Manimuktha Basin (Virudhachalam),Riverine Plain,83.03,8.91,24.7,1.7,0.18,28.55,42.7,57.3,Agricultural_Mixed,2403.0,0.88,6,0,0: Low
Chennai - Madipakkam Lake Buffer,Lake Catchment,129.4,37.67,5.42,2.92,0.54,3.04,60.6,41.7,Urban_Residential,12658.0,0.83,14,2,2: High
Kancheepuram - Palar Basin,Riverine Valley,29.36,4.64,17.25,0.75,0.04,24.01,65.8,34.8,Urban_Residential,2527.0,0.32,5,0,0: Low
Tiruvallur - Kosasthalaiyar Basin,Northern Plain,5.18,1.38,14.73,0.73,0.03,19.13,44.5,62.1,Industrial,946.0,0.82,7,0,0: Low
Cuddalore - Manimuktha Basin (Virudhachalam),Riverine Plain,301.46,66.58,29.28,6.28,1.03,27.93,31.4,65.9,Agricultural_Mixed,3781.0,0.65,6,3,3: Severe Inundation
Ramanathapuram - Gundar Basin (Kamuthi),Estuary / Coastal,218.47,67.34,37.78,7.38,1.71,35.1,65.7,37.2,Commercial,2829.0,0.48,5,2,2: High
Ramanathapuram - Gundar Basin (Kamuthi),Estuary / Coastal,100.02,28.65,33.9,3.5,0.52,34.9,47.2,52.4,Commercial,4286.0,0.69,5,0,0: Low
Tiruvallur - Kosasthalaiyar Basin,Northern Plain,28.05,2.46,14.67,0.67,-0.08,19.39,43.4,55.3,Industrial,732.0,0.42,7,0,0: Low
Chennai - Madipakkam Lake Buffer,Lake Catchment,74.36,9.36,3.99,1.49,0.17,2.66,60.5,35.1,Urban_Residential,16786.0,0.76,14,1,1: Moderate
Ramanathapuram - Gundar Basin (Kamuthi),Estuary / Coastal,18.01,4.71,30.91,0.51,0.02,35.28,68.2,36.9,Commercial,3853.0,0.39,5,0,0: Low
Kancheepuram - Palar Basin,Riverine Valley,3.62,5.2,17.14,0.64,0.1,23.76,54.7,54.7,Urban_Residential,11520.0,0.51,5,0,0: Low
Chennai - Madipakkam Lake Buffer,Lake Catchment,15.45,3.65,2.78,0.28,-0.05,3.24,30.4,66.4,Urban_Residential,7618.0,0.77,14,0,0: Low
Chennai - Madipakkam Lake Buffer,Lake Catchment,38.91,19.46,4.33,1.83,0.11,2.78,69.8,35.1,Urban_Residential,11616.0,0.33,14,1,1: Moderate
Chennai - Madipakkam Lake Buffer,Lake Catchment,260.54,83.22,8.33,5.83,1.26,3.44,63.9,37.9,Urban_Residential,5180.0,0.37,14,3,3: Severe Inundation
Chennai - Madipakkam Lake Buffer,Lake Catchment,70.59,16.95,4.6,2.1,0.14,3.18,40.7,65.4,Urban_Residential,16694.0,0.89,14,1,1: Moderate
Tiruvallur - Kosasthalaiyar Basin,Northern Plain,83.89,6.53,16.02,2.02,0.2,18.85,36.9,61.6,Industrial,1151.0,0.62,7,0,0: Low
Tiruvallur - Kosasthalaiyar Basin,Northern Plain,82.06,18.89,15.08,1.08,0.13,19.16,65.3,36.9,Industrial,3414.0,0.67,7,0,0: Low
Chennai - Madipakkam Lake Buffer,Lake Catchment,3.72,5.81,2.77,0.27,-0.0,3.32,12.2,84.6,Urban_Residential,3070.0,0.39,14,0,0: Low
Sivaganga - Vaigai/Gundar (Parthibanur),Valley Basin,71.76,8.77,27.36,1.86,0.14,41.56,69.0,25.8,Urban_Commercial,6397.0,0.3,4,0,0: Low
Sivaganga - Vaigai/Gundar (Parthibanur),Valley Basin,14.68,1.97,25.88,0.38,0.03,41.61,71.8,27.5,Urban_Commercial,7854.0,0.54,4,0,0: Low
Tiruvallur - Kosasthalaiyar Basin,Northern Plain,198.77,80.42,21.09,7.09,1.78,18.7,55.9,47.6,Industrial,816.0,0.89,7,3,3: Severe Inundation
Chennai - Velachery Lowland Basin,Coastal Lowland,52.39,19.96,4.6,1.4,0.3,4.04,91.4,10.0,Urban_High_Density,17727.0,0.65,12,0,0: Low
Chennai - Madipakkam Lake Buffer,Lake Catchment,77.9,13.88,4.01,1.51,0.13,3.08,62.0,32.4,Urban_Residential,15953.0,0.78,14,1,1: Moderate
Kancheepuram - Palar Basin,Riverine Valley,15.74,3.9,16.51,0.01,0.06,23.85,79.7,12.2,Urban_Residential,2532.0,0.56,5,0,0: Low
Kancheepuram - Palar Basin,Riverine Valley,38.41,16.43,17.56,1.06,0.13,23.63,14.9,81.8,Urban_Residential,5318.0,0.84,5,0,0: Low
Tiruvallur - Kosasthalaiyar Basin,Northern Plain,153.3,38.74,17.68,3.68,0.66,18.66,83.0,14.9,Industrial,3745.0,0.44,7,1,1: Moderate
Chennai - Adyar Basin (Nandambakkam),Coastal / Low Basin,292.8,45.77,11.99,7.49,1.32,7.39,67.3,35.4,Urban_High_Density,2930.0,0.44,8,3,3: Severe Inundation
Chennai - Adyar Basin (Nandambakkam),Coastal / Low Basin,70.79,19.48,6.48,1.98,0.37,7.32,71.9,26.1,Urban_High_Density,16092.0,0.52,8,1,1: Moderate
Chennai - Velachery Lowland Basin,Coastal Lowland,45.22,16.75,4.3,1.1,0.22,3.68,87.0,11.7,Urban_High_Density,8856.0,0.6,12,0,0: Low
Chennai - Adyar Basin (Nandambakkam),Coastal / Low Basin,34.09,18.18,5.71,1.21,0.1,7.83,32.0,74.2,Urban_High_Density,15229.0,0.56,8,0,0: Low
Ramanathapuram - Gundar Basin (Kamuthi),Estuary / Coastal,111.27,27.15,34.25,3.85,0.49,34.96,45.0,49.6,Commercial,2077.0,0.33,5,0,0: Low
Chennai - Velachery Lowland Basin,Coastal Lowland,45.12,12.24,4.69,1.49,0.35,4.33,78.3,19.3,Urban_High_Density,5681.0,0.48,12,0,0: Low
Chennai - Adyar Basin (Nandambakkam),Coastal / Low Basin,53.35,6.29,6.08,1.58,0.2,7.49,42.3,62.4,Urban_High_Density,15533.0,0.73,8,0,0: Low
Chennai - Velachery Lowland Basin,Coastal Lowland,10.01,4.21,3.25,0.05,0.08,3.19,38.1,57.0,Urban_High_Density,9217.0,0.64,12,0,0: Low
Sivaganga - Vaigai/Gundar (Parthibanur),Valley Basin,24.72,2.6,25.7,0.2,0.02,42.07,51.5,43.9,Urban_Commercial,13289.0,0.35,4,0,0: Low
Sivaganga - Vaigai/Gundar (Parthibanur),Valley Basin,151.74,18.09,28.57,3.07,0.31,41.96,85.7,10.0,Urban_Commercial,14901.0,0.66,4,0,0: Low
Chennai - Madipakkam Lake Buffer,Lake Catchment,72.22,11.95,3.4,0.9,0.4,2.91,55.5,42.5,Urban_Residential,3592.0,0.7,14,1,1: Moderate
Chennai - Adyar Basin (Nandambakkam),Coastal / Low Basin,75.39,13.54,5.82,1.32,0.36,7.44,32.5,58.8,Urban_High_Density,10943.0,0.49,8,1,1: Moderate
Chennai - Velachery Lowland Basin,Coastal Lowland,4.51,6.35,3.65,0.45,0.06,3.48,52.7,45.7,Urban_High_Density,10345.0,0.64,12,0,0: Low
Ramanathapuram - Gundar Basin (Kamuthi),Estuary / Coastal,5.52,3.96,30.91,0.51,-0.05,34.31,66.1,32.7,Commercial,1258.0,0.94,5,0,0: Low
Cuddalore - Manimuktha Basin (Virudhachalam),Riverine Plain,111.79,32.84,26.6,3.6,0.37,27.37,92.6,10.0,Agricultural_Mixed,1816.0,0.78,6,0,0: Low
Chennai - Adyar Basin (Nandambakkam),Coastal / Low Basin,17.16,7.06,4.66,0.16,-0.01,7.73,60.7,39.6,Urban_High_Density,13003.0,0.73,8,0,0: Low
Kancheepuram - Palar Basin,Riverine Valley,17.09,5.98,17.13,0.63,0.09,24.28,35.9,66.1,Urban_Residential,2964.0,0.94,5,0,0: Low
Chennai - Madipakkam Lake Buffer,Lake Catchment,103.13,31.15,6.42,3.92,0.6,3.28,64.4,40.0,Urban_Residential,7733.0,0.9,14,2,2: High
Ramanathapuram - Gundar Basin (Kamuthi),Estuary / Coastal,85.47,18.61,34.2,3.8,0.47,35.12,66.3,39.9,Commercial,643.0,0.53,5,0,0: Low
Ramanathapuram - Gundar Basin (Kamuthi),Estuary / Coastal,28.79,4.38,30.86,0.46,0.05,35.1,42.9,53.5,Commercial,969.0,0.55,5,0,0: Low
Chennai - Velachery Lowland Basin,Coastal Lowland,46.32,8.95,5.0,1.8,0.29,4.05,26.9,70.0,Urban_High_Density,10342.0,0.44,12,1,1: Moderate
Chennai - Madipakkam Lake Buffer,Lake Catchment,64.87,7.02,4.45,1.95,0.12,3.74,72.9,28.7,Urban_Residential,3173.0,0.43,14,1,1: Moderate
Sivaganga - Vaigai/Gundar (Parthibanur),Valley Basin,2.29,1.13,25.68,0.18,0.07,42.16,57.3,40.4,Urban_Commercial,4429.0,0.67,4,0,0: Low
Sivaganga - Vaigai/Gundar (Parthibanur),Valley Basin,112.86,33.35,29.39,3.89,0.84,42.05,52.8,48.8,Urban_Commercial,8481.0,0.59,4,0,0: Low
Chennai - Velachery Lowland Basin,Coastal Lowland,12.67,3.65,3.7,0.5,-0.02,3.32,71.0,28.9,Urban_High_Density,4758.0,0.53,12,0,0: Low
Chennai - Velachery Lowland Basin,Coastal Lowland,65.41,12.26,4.63,1.43,0.27,4.08,52.8,37.5,Urban_High_Density,17417.0,0.8,12,1,1: Moderate
Cuddalore - Manimuktha Basin (Virudhachalam),Riverine Plain,153.16,21.04,25.48,2.48,0.39,27.75,44.6,50.9,Agricultural_Mixed,1352.0,0.41,6,0,0: Low
Tiruvallur - Kosasthalaiyar Basin,Northern Plain,71.39,17.11,15.09,1.09,0.15,18.72,82.4,24.8,Industrial,1469.0,0.81,7,0,0: Low
Sivaganga - Vaigai/Gundar (Parthibanur),Valley Basin,87.53,29.99,29.16,3.66,0.47,42.24,48.3,51.8,Urban_Commercial,12176.0,0.4,4,0,0: Low
Cuddalore - Manimuktha Basin (Virudhachalam),Riverine Plain,8.83,2.58,23.56,0.56,0.09,27.71,24.5,76.6,Agricultural_Mixed,1459.0,0.93,6,0,0: Low
Chennai - Madipakkam Lake Buffer,Lake Catchment,133.54,35.54,6.61,4.11,0.7,3.56,79.6,25.6,Urban_Residential,11142.0,1.0,14,3,3: Severe Inundation
Kancheepuram - Palar Basin,Riverine Valley,69.21,9.94,17.98,1.48,0.21,23.88,60.4,47.5,Urban_Residential,6048.0,0.8,5,0,0: Low
Ramanathapuram - Gundar Basin (Kamuthi),Estuary / Coastal,22.94,2.98,30.84,0.44,0.0,35.15,40.2,62.0,Commercial,2971.0,0.54,5,0,0: Low
Kancheepuram - Palar Basin,Riverine Valley,13.4,6.32,16.59,0.09,0.08,24.1,40.4,68.6,Urban_Residential,4346.0,0.49,5,0,0: Low
Cuddalore - Manimuktha Basin (Virudhachalam),Riverine Plain,76.24,8.82,24.77,1.77,0.22,28.17,49.2,62.1,Agricultural_Mixed,4082.0,0.43,6,0,0: Low
Chennai - Velachery Lowland Basin,Coastal Lowland,75.23,10.31,4.19,0.99,0.16,4.43,49.8,52.7,Urban_High_Density,16329.0,0.9,12,1,1: Moderate
Chennai - Adyar Basin (Nandambakkam),Coastal / Low Basin,89.22,25.88,7.47,2.97,0.9,7.97,77.3,31.1,Urban_High_Density,5046.0,0.36,8,1,1: Moderate
Tiruvallur - Kosasthalaiyar Basin,Northern Plain,313.16,65.92,21.45,7.45,1.61,19.68,80.7,16.5,Industrial,2213.0,0.71,7,3,3: Severe Inundation
Cuddalore - Manimuktha Basin (Virudhachalam),Riverine Plain,24.15,1.01,23.27,0.27,0.09,27.84,29.4,65.8,Agricultural_Mixed,786.0,0.89,6,0,0: Low
Chennai - Adyar Basin (Nandambakkam),Coastal / Low Basin,22.23,3.59,4.72,0.22,-0.02,7.53,38.5,54.9,Urban_High_Density,11893.0,0.81,8,0,0: Low
Chennai - Madipakkam Lake Buffer,Lake Catchment,114.76,38.08,6.52,4.02,0.34,3.46,43.5,54.9,Urban_Residential,6293.0,0.46,14,2,2: High
Chennai - Madipakkam Lake Buffer,Lake Catchment,25.63,2.75,2.95,0.45,-0.06,3.07,78.7,10.0,Urban_Residential,10178.0,0.44,14,0,0: Low
Tiruvallur - Kosasthalaiyar Basin,Northern Plain,46.76,12.73,15.13,1.13,0.26,18.26,24.5,80.6,Industrial,3287.0,0.67,7,0,0: Low
Tiruvallur - Kosasthalaiyar Basin,Northern Plain,72.75,13.24,16.16,2.16,0.26,19.37,36.0,62.8,Industrial,1597.0,0.93,7,0,0: Low
Cuddalore - Manimuktha Basin (Virudhachalam),Riverine Plain,23.22,1.58,23.66,0.66,0.04,27.57,63.3,32.9,Agricultural_Mixed,2658.0,0.82,6,0,0: Low
Sivaganga - Vaigai/Gundar (Parthibanur),Valley Basin,10.63,3.43,25.81,0.31,0.09,42.03,60.9,38.5,Urban_Commercial,8561.0,0.44,4,0,0: Low
Chennai - Adyar Basin (Nandambakkam),Coastal / Low Basin,11.63,1.3,4.5,0.0,0.07,7.83,51.0,53.5,Urban_High_Density,14671.0,0.47,8,0,0: Low
Tiruvallur - Kosasthalaiyar Basin,Northern Plain,86.03,34.16,18.25,4.25,0.39,18.4,65.0,35.9,Industrial,2876.0,0.58,7,1,1: Moderate
Chennai - Adyar Basin (Nandambakkam),Coastal / Low Basin,6.42,6.48,4.52,0.02,-0.09,7.11,55.9,31.9,Urban_High_Density,8246.0,0.64,8,0,0: Low
Chennai - Velachery Lowland Basin,Coastal Lowland,40.95,6.42,5.2,2.0,0.25,3.35,37.2,69.0,Urban_High_Density,10976.0,0.83,12,0,0: Low
Chennai - Adyar Basin (Nandambakkam),Coastal / Low Basin,22.4,6.5,4.87,0.37,-0.01,7.72,93.4,10.0,Urban_High_Density,8733.0,0.46,8,0,0: Low
Chennai - Madipakkam Lake Buffer,Lake Catchment,18.48,1.62,3.15,0.65,0.09,2.62,29.2,73.3,Urban_Residential,11334.0,0.79,14,0,0: Low
Ramanathapuram - Gundar Basin (Kamuthi),Estuary / Coastal,312.82,78.77,35.93,5.53,1.03,35.14,57.9,40.7,Commercial,3070.0,0.96,5,3,3: Severe Inundation
Chennai - Madipakkam Lake Buffer,Lake Catchment,71.25,12.09,3.98,1.48,0.27,3.57,65.9,23.2,Urban_Residential,10783.0,0.58,14,1,1: Moderate
Sivaganga - Vaigai/Gundar (Parthibanur),Valley Basin,53.11,8.84,27.29,1.79,0.28,42.01,64.6,37.7,Urban_Commercial,9600.0,0.73,4,0,0: Low
Ramanathapuram - Gundar Basin (Kamuthi),Estuary / Coastal,105.85,39.96,33.5,3.1,0.59,34.8,28.4,71.2,Commercial,1725.0,0.4,5,0,0: Low
Chennai - Adyar Basin (Nandambakkam),Coastal / Low Basin,16.05,5.55,4.84,0.34,0.01,7.32,70.8,29.3,Urban_High_Density,15251.0,0.77,8,0,0: Low
Tiruvallur - Kosasthalaiyar Basin,Northern Plain,29.15,1.02,14.51,0.51,0.06,18.94,74.3,31.8,Industrial,1041.0,0.34,7,0,0: Low
Kancheepuram - Palar Basin,Riverine Valley,9.9,7.45,16.72,0.22,-0.01,23.84,78.0,29.3,Urban_Residential,5767.0,0.56,5,0,0: Low
Cuddalore - Manimuktha Basin (Virudhachalam),Riverine Plain,11.93,5.01,23.41,0.41,0.03,27.9,35.4,65.0,Agricultural_Mixed,2390.0,0.77,6,0,0: Low
Sivaganga - Vaigai/Gundar (Parthibanur),Valley Basin,118.86,43.44,28.41,2.91,0.82,42.35,59.8,37.8,Urban_Commercial,17879.0,0.8,4,0,0: Low
Tiruvallur - Kosasthalaiyar Basin,Northern Plain,6.32,5.43,14.15,0.15,-0.0,18.63,79.3,22.6,Industrial,2994.0,0.66,7,0,0: Low
Chennai - Velachery Lowland Basin,Coastal Lowland,20.3,2.15,3.72,0.52,-0.08,4.29,94.8,12.0,Urban_High_Density,10516.0,0.65,12,0,0: Low
Tiruvallur - Kosasthalaiyar Basin,Northern Plain,81.93,9.26,16.09,2.09,0.17,19.11,43.0,59.8,Industrial,1136.0,0.9,7,0,0: Low
Ramanathapuram - Gundar Basin (Kamuthi),Estuary / Coastal,29.14,5.37,31.14,0.74,0.08,35.37,40.0,55.7,Commercial,798.0,0.68,5,0,0: Low
Ramanathapuram - Gundar Basin (Kamuthi),Estuary / Coastal,59.89,9.86,32.33,1.93,0.2,35.58,88.4,10.0,Commercial,1794.0,0.91,5,0,0: Low
Chennai - Madipakkam Lake Buffer,Lake Catchment,47.05,19.85,4.7,2.2,0.24,3.0,35.2,69.7,Urban_Residential,6287.0,0.95,14,1,1: Moderate
Cuddalore - Manimuktha Basin (Virudhachalam),Riverine Plain,3.92,4.22,23.27,0.27,0.0,27.53,69.8,31.0,Agricultural_Mixed,1315.0,0.67,6,0,0: Low
Kancheepuram - Palar Basin,Riverine Valley,46.36,19.92,17.99,1.49,0.23,23.85,35.5,67.2,Urban_Residential,3025.0,0.44,5,0,0: Low
Chennai - Adyar Basin (Nandambakkam),Coastal / Low Basin,104.22,31.77,7.17,2.67,0.76,7.72,66.4,35.8,Urban_High_Density,9526.0,0.73,8,1,1: Moderate
Tiruvallur - Kosasthalaiyar Basin,Northern Plain,125.01,34.4,16.67,2.67,0.45,18.73,32.3,69.1,Industrial,2103.0,0.52,7,1,1: Moderate
Chennai - Velachery Lowland Basin,Coastal Lowland,106.47,34.44,7.48,4.28,0.55,4.02,73.2,30.8,Urban_High_Density,14107.0,0.9,12,2,2: High
Cuddalore - Manimuktha Basin (Virudhachalam),Riverine Plain,45.2,12.16,24.79,1.79,0.3,28.2,75.5,20.4,Agricultural_Mixed,2539.0,0.79,6,0,0: Low
Tiruvallur - Kosasthalaiyar Basin,Northern Plain,27.22,5.95,14.4,0.4,-0.02,18.87,58.2,45.6,Industrial,4441.0,0.86,7,0,0: Low
Tiruvallur - Kosasthalaiyar Basin,Northern Plain,137.1,30.71,16.57,2.57,0.53,19.34,76.8,18.9,Industrial,2990.0,0.62,7,1,1: Moderate
Ramanathapuram - Gundar Basin (Kamuthi),Estuary / Coastal,52.36,11.18,31.59,1.19,0.33,34.97,59.3,50.8,Commercial,3675.0,0.51,5,0,0: Low
Ramanathapuram - Gundar Basin (Kamuthi),Estuary / Coastal,25.95,5.51,30.59,0.19,0.07,34.48,87.4,14.0,Commercial,830.0,0.83,5,0,0: Low
Kancheepuram - Palar Basin,Riverine Valley,143.2,43.1,18.97,2.47,0.66,23.85,74.1,25.2,Urban_Residential,10123.0,0.35,5,1,1: Moderate
Sivaganga - Vaigai/Gundar (Parthibanur),Valley Basin,43.41,7.44,27.35,1.85,0.29,41.51,91.7,13.1,Urban_Commercial,17150.0,0.32,4,0,0: Low
Kancheepuram - Palar Basin,Riverine Valley,19.99,3.42,16.53,0.03,0.09,24.36,89.1,12.8,Urban_Residential,6118.0,0.51,5,0,0: Low
Tiruvallur - Kosasthalaiyar Basin,Northern Plain,57.98,9.49,15.41,1.41,0.29,18.9,47.8,44.4,Industrial,1313.0,0.33,7,0,0: Low
Sivaganga - Vaigai/Gundar (Parthibanur),Valley Basin,17.92,2.19,25.89,0.39,0.02,41.9,40.0,54.7,Urban_Commercial,5770.0,0.77,4,0,0: Low
Sivaganga - Vaigai/Gundar (Parthibanur),Valley Basin,24.76,1.59,26.1,0.6,-0.09,41.68,63.1,31.8,Urban_Commercial,9985.0,0.92,4,0,0: Low
Sivaganga - Vaigai/Gundar (Parthibanur),Valley Basin,123.0,30.21,28.78,3.28,0.52,42.21,55.5,42.1,Urban_Commercial,6770.0,0.31,4,0,0: Low
Cuddalore - Manimuktha Basin (Virudhachalam),Riverine Plain,91.35,26.8,25.78,2.78,0.66,27.82,41.2,62.0,Agricultural_Mixed,1802.0,0.68,6,0,0: Low
Chennai - Velachery Lowland Basin,Coastal Lowland,71.5,16.08,5.05,1.85,0.32,3.83,74.7,28.9,Urban_High_Density,10996.0,0.55,12,1,1: Moderate
Tiruvallur - Kosasthalaiyar Basin,Northern Plain,13.65,1.78,14.58,0.58,0.08,18.84,95.0,12.5,Industrial,1549.0,0.45,7,0,0: Low
Chennai - Madipakkam Lake Buffer,Lake Catchment,45.59,9.52,3.58,1.08,0.16,3.15,39.2,48.9,Urban_Residential,10360.0,0.92,14,1,1: Moderate
Cuddalore - Manimuktha Basin (Virudhachalam),Riverine Plain,80.97,12.64,24.35,1.35,0.27,28.0,55.1,39.6,Agricultural_Mixed,1677.0,0.76,6,0,0: Low
Cuddalore - Manimuktha Basin (Virudhachalam),Riverine Plain,22.9,3.98,23.57,0.57,0.07,28.43,38.8,56.5,Agricultural_Mixed,1446.0,0.45,6,0,0: Low
Tiruvallur - Kosasthalaiyar Basin,Northern Plain,27.39,4.52,14.08,0.08,0.05,18.85,80.8,22.2,Industrial,603.0,0.7,7,0,0: Low
Tiruvallur - Kosasthalaiyar Basin,Northern Plain,15.55,5.42,14.04,0.04,-0.07,18.83,61.4,40.6,Industrial,2533.0,0.57,7,0,0: Low
Chennai - Madipakkam Lake Buffer,Lake Catchment,122.67,44.87,6.23,3.73,0.42,3.61,66.2,36.1,Urban_Residential,3768.0,0.91,14,3,3: Severe Inundation
Chennai - Madipakkam Lake Buffer,Lake Catchment,215.81,77.37,7.69,5.19,0.84,3.02,69.8,41.5,Urban_Residential,8036.0,0.4,14,3,3: Severe Inundation
Sivaganga - Vaigai/Gundar (Parthibanur),Valley Basin,65.19,17.79,26.91,1.41,0.37,42.19,64.1,43.3,Urban_Commercial,10715.0,0.8,4,0,0: Low
Chennai - Madipakkam Lake Buffer,Lake Catchment,5.78,7.12,3.27,0.77,-0.01,3.34,51.5,52.2,Urban_Residential,9787.0,0.48,14,0,0: Low
Chennai - Madipakkam Lake Buffer,Lake Catchment,233.69,46.11,10.19,7.69,1.3,2.99,80.2,24.5,Urban_Residential,7937.0,0.8,14,3,3: Severe Inundation
Chennai - Adyar Basin (Nandambakkam),Coastal / Low Basin,26.58,3.06,4.66,0.16,-0.08,7.57,67.0,28.4,Urban_High_Density,4184.0,0.35,8,0,0: Low
Chennai - Velachery Lowland Basin,Coastal Lowland,209.61,57.65,9.4,6.2,1.54,3.6,87.6,11.1,Urban_High_Density,5663.0,0.85,12,3,3: Severe Inundation
Ramanathapuram - Gundar Basin (Kamuthi),Estuary / Coastal,123.27,26.88,34.38,3.98,0.49,35.19,63.1,46.6,Commercial,1931.0,0.9,5,0,0: Low
Chennai - Madipakkam Lake Buffer,Lake Catchment,58.56,8.34,3.96,1.46,0.23,3.34,56.2,41.9,Urban_Residential,17925.0,0.97,14,1,1: Moderate
Kancheepuram - Palar Basin,Riverine Valley,147.57,26.09,20.05,3.55,0.87,24.28,10.7,74.1,Urban_Residential,4806.0,0.66,5,1,1: Moderate
Ramanathapuram - Gundar Basin (Kamuthi),Estuary / Coastal,134.58,44.29,33.16,2.76,0.39,35.04,87.1,10.0,Commercial,4265.0,0.83,5,0,0: Low
Kancheepuram - Palar Basin,Riverine Valley,66.54,16.4,17.71,1.21,0.34,23.78,77.5,25.4,Urban_Residential,7779.0,0.75,5,0,0: Low
Chennai - Adyar Basin (Nandambakkam),Coastal / Low Basin,106.09,25.85,6.77,2.27,0.45,7.23,61.7,40.2,Urban_High_Density,16929.0,0.39,8,1,1: Moderate
Sivaganga - Vaigai/Gundar (Parthibanur),Valley Basin,6.87,7.63,25.85,0.35,-0.0,42.12,43.0,56.6,Urban_Commercial,9235.0,0.81,4,0,0: Low
Sivaganga - Vaigai/Gundar (Parthibanur),Valley Basin,97.32,31.52,27.88,2.38,0.64,42.41,31.8,69.2,Urban_Commercial,7390.0,0.91,4,0,0: Low
Chennai - Madipakkam Lake Buffer,Lake Catchment,121.2,33.43,5.65,3.15,0.59,3.43,79.8,10.0,Urban_Residential,13122.0,0.7,14,2,2: High
Ramanathapuram - Gundar Basin (Kamuthi),Estuary / Coastal,108.96,30.67,33.22,2.82,0.66,35.6,84.6,15.7,Commercial,4245.0,0.76,5,0,0: Low
Cuddalore - Manimuktha Basin (Virudhachalam),Riverine Plain,28.23,4.78,23.68,0.68,-0.07,27.75,74.7,23.1,Agricultural_Mixed,1696.0,0.48,6,0,0: Low
Cuddalore - Manimuktha Basin (Virudhachalam),Riverine Plain,176.2,51.81,29.85,6.85,1.42,28.04,41.1,59.9,Agricultural_Mixed,4421.0,0.57,6,2,2: High
Chennai - Adyar Basin (Nandambakkam),Coastal / Low Basin,83.69,9.57,6.38,1.88,0.32,7.64,34.4,68.2,Urban_High_Density,3172.0,0.52,8,1,1: Moderate
Sivaganga - Vaigai/Gundar (Parthibanur),Valley Basin,27.58,5.35,26.2,0.7,0.04,41.66,55.9,35.3,Urban_Commercial,6191.0,0.38,4,0,0: Low
Ramanathapuram - Gundar Basin (Kamuthi),Estuary / Coastal,58.5,19.08,31.33,0.93,0.21,34.7,69.4,25.7,Commercial,2052.0,0.67,5,0,0: Low
Chennai - Velachery Lowland Basin,Coastal Lowland,5.49,1.16,3.35,0.15,-0.05,3.31,82.1,15.5,Urban_High_Density,11843.0,0.59,12,0,0: Low
Chennai - Adyar Basin (Nandambakkam),Coastal / Low Basin,147.79,32.39,8.76,4.26,0.74,7.12,46.8,50.6,Urban_High_Density,12321.0,0.35,8,2,2: High
Chennai - Madipakkam Lake Buffer,Lake Catchment,142.39,18.3,6.25,3.75,0.31,3.42,68.0,32.3,Urban_Residential,5619.0,0.88,14,2,2: High
Cuddalore - Manimuktha Basin (Virudhachalam),Riverine Plain,99.47,26.09,26.73,3.73,0.55,27.11,15.2,77.6,Agricultural_Mixed,1111.0,0.59,6,0,0: Low
Chennai - Velachery Lowland Basin,Coastal Lowland,66.81,11.67,4.48,1.28,0.35,4.35,48.8,60.0,Urban_High_Density,3336.0,0.95,12,1,1: Moderate
Kancheepuram - Palar Basin,Riverine Valley,16.3,3.81,17.13,0.63,0.05,23.64,90.3,15.7,Urban_Residential,8303.0,0.86,5,0,0: Low
Kancheepuram - Palar Basin,Riverine Valley,27.78,3.41,16.8,0.3,0.08,23.94,29.0,73.4,Urban_Residential,6578.0,0.55,5,0,0: Low
Chennai - Adyar Basin (Nandambakkam),Coastal / Low Basin,149.54,29.75,7.8,3.3,0.89,7.78,60.5,39.8,Urban_High_Density,6693.0,0.66,8,2,2: High
Chennai - Madipakkam Lake Buffer,Lake Catchment,17.48,3.07,2.71,0.21,-0.08,3.4,80.6,20.9,Urban_Residential,6834.0,0.99,14,0,0: Low
Sivaganga - Vaigai/Gundar (Parthibanur),Valley Basin,23.98,6.51,25.66,0.16,0.06,42.21,53.3,37.5,Urban_Commercial,12892.0,0.65,4,0,0: Low
Sivaganga - Vaigai/Gundar (Parthibanur),Valley Basin,135.44,37.97,28.11,2.61,0.53,42.54,34.5,63.6,Urban_Commercial,17812.0,0.33,4,0,0: Low
Sivaganga - Vaigai/Gundar (Parthibanur),Valley Basin,59.31,17.52,26.35,0.85,0.4,41.87,59.2,31.6,Urban_Commercial,7035.0,0.62,4,0,0: Low
Chennai - Velachery Lowland Basin,Coastal Lowland,63.79,11.43,4.44,1.24,0.36,4.15,54.7,44.7,Urban_High_Density,3997.0,0.91,12,1,1: Moderate
Kancheepuram - Palar Basin,Riverine Valley,46.11,15.97,17.86,1.36,0.24,24.25,60.8,37.0,Urban_Residential,6760.0,0.67,5,0,0: Low
Ramanathapuram - Gundar Basin (Kamuthi),Estuary / Coastal,30.78,19.63,32.22,1.82,0.25,34.74,71.0,25.1,Commercial,2510.0,0.9,5,0,0: Low
Chennai - Adyar Basin (Nandambakkam),Coastal / Low Basin,65.17,16.63,6.42,1.92,0.18,7.83,85.5,20.8,Urban_High_Density,7018.0,0.54,8,0,0: Low
Tiruvallur - Kosasthalaiyar Basin,Northern Plain,83.65,6.88,15.97,1.97,0.14,18.71,91.4,14.4,Industrial,3306.0,0.49,7,0,0: Low
Chennai - Adyar Basin (Nandambakkam),Coastal / Low Basin,187.72,53.82,12.12,7.62,0.83,7.63,92.7,14.7,Urban_High_Density,12801.0,0.74,8,3,3: Severe Inundation
Chennai - Velachery Lowland Basin,Coastal Lowland,69.26,16.86,5.1,1.9,0.36,4.14,83.8,13.2,Urban_High_Density,9420.0,0.42,12,1,1: Moderate
Ramanathapuram - Gundar Basin (Kamuthi),Estuary / Coastal,9.77,2.53,30.89,0.49,-0.05,35.29,71.3,28.3,Commercial,3577.0,0.69,5,0,0: Low
Chennai - Adyar Basin (Nandambakkam),Coastal / Low Basin,2.91,4.18,4.94,0.44,-0.04,8.18,69.5,41.4,Urban_High_Density,8057.0,0.52,8,0,0: Low
Chennai - Velachery Lowland Basin,Coastal Lowland,148.4,25.83,6.2,3.0,0.39,3.76,66.6,33.2,Urban_High_Density,9852.0,0.52,12,2,2: High
Sivaganga - Vaigai/Gundar (Parthibanur),Valley Basin,205.98,52.72,31.3,5.8,0.97,41.79,35.5,64.9,Urban_Commercial,3784.0,0.67,4,1,1: Moderate
Chennai - Velachery Lowland Basin,Coastal Lowland,14.25,5.45,3.32,0.12,0.03,3.49,76.5,22.1,Urban_High_Density,13129.0,0.81,12,0,0: Low
Chennai - Adyar Basin (Nandambakkam),Coastal / Low Basin,57.57,9.78,5.76,1.26,0.2,7.63,61.4,49.9,Urban_High_Density,16255.0,0.58,8,0,0: Low
Kancheepuram - Palar Basin,Riverine Valley,20.78,5.8,17.05,0.55,-0.08,24.77,77.8,11.6,Urban_Residential,3655.0,0.31,5,0,0: Low
Chennai - Adyar Basin (Nandambakkam),Coastal / Low Basin,117.39,40.95,8.7,4.2,0.83,7.67,43.3,58.8,Urban_High_Density,6576.0,0.84,8,2,2: High
Cuddalore - Manimuktha Basin (Virudhachalam),Riverine Plain,9.12,3.3,23.74,0.74,-0.01,27.61,74.0,27.3,Agricultural_Mixed,2548.0,0.97,6,0,0: Low
Tiruvallur - Kosasthalaiyar Basin,Northern Plain,10.4,5.89,14.77,0.77,0.01,18.29,41.6,55.3,Industrial,1980.0,0.48,7,0,0: Low
Chennai - Velachery Lowland Basin,Coastal Lowland,19.16,5.05,3.64,0.44,-0.08,3.99,68.7,29.1,Urban_High_Density,7060.0,0.52,12,0,0: Low
Chennai - Madipakkam Lake Buffer,Lake Catchment,125.41,19.72,6.08,3.58,0.59,3.07,77.0,25.1,Urban_Residential,16838.0,0.79,14,2,2: High
Cuddalore - Manimuktha Basin (Virudhachalam),Riverine Plain,63.34,13.25,24.47,1.47,0.27,27.84,79.5,23.1,Agricultural_Mixed,2611.0,0.49,6,0,0: Low
Chennai - Adyar Basin (Nandambakkam),Coastal / Low Basin,21.86,5.58,5.25,0.75,0.03,8.05,60.3,44.5,Urban_High_Density,11500.0,0.64,8,0,0: Low
Chennai - Velachery Lowland Basin,Coastal Lowland,20.22,1.25,3.8,0.6,-0.07,3.52,88.8,10.0,Urban_High_Density,6179.0,0.81,12,0,0: Low
Tiruvallur - Kosasthalaiyar Basin,Northern Plain,117.97,41.75,17.06,3.06,0.66,19.3,59.8,44.4,Industrial,1677.0,0.32,7,1,1: Moderate
Sivaganga - Vaigai/Gundar (Parthibanur),Valley Basin,10.54,1.17,26.16,0.66,-0.1,41.79,77.5,27.3,Urban_Commercial,8961.0,0.96,4,0,0: Low
Tiruvallur - Kosasthalaiyar Basin,Northern Plain,30.49,9.98,15.44,1.44,0.37,19.09,25.7,76.0,Industrial,3145.0,0.5,7,0,0: Low
Cuddalore - Manimuktha Basin (Virudhachalam),Riverine Plain,6.24,5.73,23.78,0.78,-0.05,28.08,37.9,61.7,Agricultural_Mixed,3900.0,0.99,6,0,0: Low
Chennai - Madipakkam Lake Buffer,Lake Catchment,119.56,43.36,5.59,3.09,0.74,3.29,61.0,45.1,Urban_Residential,15540.0,0.88,14,2,2: High
Kancheepuram - Palar Basin,Riverine Valley,40.11,13.11,18.02,1.52,0.2,24.31,74.3,35.1,Urban_Residential,16937.0,0.36,5,0,0: Low
Cuddalore - Manimuktha Basin (Virudhachalam),Riverine Plain,73.96,6.49,25.11,2.11,0.35,27.88,85.3,22.2,Agricultural_Mixed,901.0,0.74,6,0,0: Low
Ramanathapuram - Gundar Basin (Kamuthi),Estuary / Coastal,19.42,7.33,31.15,0.75,0.07,34.95,84.9,14.7,Commercial,3007.0,0.41,5,0,0: Low
Sivaganga - Vaigai/Gundar (Parthibanur),Valley Basin,47.83,16.6,26.53,1.03,0.12,41.74,84.8,12.1,Urban_Commercial,7597.0,0.5,4,0,0: Low
Kancheepuram - Palar Basin,Riverine Valley,58.61,14.82,17.76,1.26,0.26,24.07,67.8,37.9,Urban_Residential,11957.0,0.56,5,0,0: Low
Chennai - Adyar Basin (Nandambakkam),Coastal / Low Basin,247.06,71.36,11.52,7.02,0.8,6.83,46.0,46.9,Urban_High_Density,4008.0,0.74,8,3,3: Severe Inundation
Chennai - Adyar Basin (Nandambakkam),Coastal / Low Basin,15.95,4.75,4.99,0.49,0.06,7.36,78.7,23.4,Urban_High_Density,10613.0,0.34,8,0,0: Low
Sivaganga - Vaigai/Gundar (Parthibanur),Valley Basin,182.65,53.41,31.04,5.54,0.95,42.15,75.7,22.8,Urban_Commercial,2557.0,0.38,4,1,1: Moderate
Chennai - Velachery Lowland Basin,Coastal Lowland,29.93,4.14,3.78,0.58,0.05,3.2,36.3,61.0,Urban_High_Density,16378.0,0.33,12,0,0: Low
Chennai - Madipakkam Lake Buffer,Lake Catchment,90.47,42.39,5.52,3.02,0.9,2.89,42.7,46.8,Urban_Residential,14392.0,0.54,14,2,2: High
Kancheepuram - Palar Basin,Riverine Valley,110.17,31.03,19.67,3.17,0.66,24.11,76.8,24.5,Urban_Residential,9733.0,0.67,5,0,0: Low
Tiruvallur - Kosasthalaiyar Basin,Northern Plain,70.26,19.89,14.86,0.86,0.17,19.16,80.7,13.2,Industrial,3531.0,0.91,7,0,0: Low
Ramanathapuram - Gundar Basin (Kamuthi),Estuary / Coastal,4.9,3.05,30.5,0.1,0.05,35.12,48.3,58.5,Commercial,2174.0,0.65,5,0,0: Low
Chennai - Adyar Basin (Nandambakkam),Coastal / Low Basin,75.16,7.47,6.33,1.83,0.18,7.4,52.6,45.0,Urban_High_Density,11351.0,0.88,8,1,1: Moderate
Chennai - Madipakkam Lake Buffer,Lake Catchment,148.64,40.17,5.62,3.12,0.52,3.01,78.6,22.6,Urban_Residential,8380.0,0.86,14,2,2: High
Chennai - Madipakkam Lake Buffer,Lake Catchment,95.25,21.12,6.83,4.33,0.35,3.38,50.8,58.1,Urban_Residential,6104.0,0.86,14,2,2: High
Chennai - Madipakkam Lake Buffer,Lake Catchment,5.56,2.16,2.53,0.03,0.05,3.3,69.3,42.8,Urban_Residential,14015.0,0.96,14,0,0: Low
Chennai - Velachery Lowland Basin,Coastal Lowland,94.19,22.14,6.19,2.99,0.75,4.63,65.8,43.2,Urban_High_Density,16493.0,0.74,12,2,2: High
Sivaganga - Vaigai/Gundar (Parthibanur),Valley Basin,14.1,3.8,25.59,0.09,-0.07,42.37,78.9,15.3,Urban_Commercial,17127.0,0.37,4,0,0: Low
Chennai - Velachery Lowland Basin,Coastal Lowland,115.19,26.16,7.5,4.3,0.34,3.67,78.2,11.5,Urban_High_Density,2895.0,0.99,12,2,2: High
Chennai - Adyar Basin (Nandambakkam),Coastal / Low Basin,88.82,29.64,7.16,2.66,0.87,7.41,29.1,72.0,Urban_High_Density,5820.0,0.99,8,2,2: High
Chennai - Velachery Lowland Basin,Coastal Lowland,34.66,10.77,5.09,1.89,0.11,3.96,18.8,78.9,Urban_High_Density,12394.0,0.47,12,1,1: Moderate
Tiruvallur - Kosasthalaiyar Basin,Northern Plain,243.77,52.21,21.11,7.11,0.96,19.03,41.7,55.7,Industrial,2351.0,0.54,7,3,3: Severe Inundation
Chennai - Adyar Basin (Nandambakkam),Coastal / Low Basin,77.78,10.92,6.39,1.89,0.11,7.46,72.6,34.1,Urban_High_Density,8077.0,0.93,8,0,0: Low
Chennai - Velachery Lowland Basin,Coastal Lowland,4.46,3.44,3.8,0.6,0.07,3.9,59.7,43.9,Urban_High_Density,4035.0,0.91,12,0,0: Low
Sivaganga - Vaigai/Gundar (Parthibanur),Valley Basin,8.37,2.0,26.26,0.76,-0.08,41.67,79.3,28.5,Urban_Commercial,8436.0,0.49,4,0,0: Low
Ramanathapuram - Gundar Basin (Kamuthi),Estuary / Coastal,76.78,14.69,31.23,0.83,0.19,34.88,32.2,66.1,Commercial,3911.0,0.87,5,0,0: Low
Chennai - Madipakkam Lake Buffer,Lake Catchment,32.43,15.75,4.7,2.2,0.17,3.44,95.0,14.1,Urban_Residential,16281.0,0.32,14,0,0: Low
Tiruvallur - Kosasthalaiyar Basin,Northern Plain,258.0,45.27,21.76,7.76,1.61,19.02,63.2,35.0,Industrial,721.0,0.91,7,3,3: Severe Inundation
Ramanathapuram - Gundar Basin (Kamuthi),Estuary / Coastal,274.37,69.69,34.96,4.56,1.32,35.15,40.4,59.8,Commercial,2056.0,0.86,5,2,2: High
Cuddalore - Manimuktha Basin (Virudhachalam),Riverine Plain,27.9,3.45,23.29,0.29,0.05,27.68,55.2,45.5,Agricultural_Mixed,988.0,0.53,6,0,0: Low
Tiruvallur - Kosasthalaiyar Basin,Northern Plain,27.39,5.93,14.18,0.18,-0.04,18.77,56.5,45.2,Industrial,3858.0,0.85,7,0,0: Low
Sivaganga - Vaigai/Gundar (Parthibanur),Valley Basin,21.16,7.72,25.7,0.2,0.04,41.74,54.9,38.5,Urban_Commercial,2778.0,0.91,4,0,0: Low
Tiruvallur - Kosasthalaiyar Basin,Northern Plain,21.34,2.64,14.03,0.03,-0.07,19.02,34.4,61.4,Industrial,1148.0,0.86,7,0,0: Low
Sivaganga - Vaigai/Gundar (Parthibanur),Valley Basin,9.34,3.08,25.98,0.48,-0.07,42.62,47.2,47.6,Urban_Commercial,7353.0,0.65,4,0,0: Low
Ramanathapuram - Gundar Basin (Kamuthi),Estuary / Coastal,103.96,40.81,33.26,2.86,0.66,34.59,74.4,26.5,Commercial,3195.0,0.95,5,0,0: Low
Tiruvallur - Kosasthalaiyar Basin,Northern Plain,234.72,54.83,19.88,5.88,1.15,19.28,55.4,49.6,Industrial,1220.0,0.5,7,3,3: Severe Inundation
Chennai - Velachery Lowland Basin,Coastal Lowland,17.15,3.9,3.44,0.24,0.06,3.94,83.5,19.7,Urban_High_Density,10347.0,0.8,12,0,0: Low
Chennai - Madipakkam Lake Buffer,Lake Catchment,28.05,3.16,2.74,0.24,-0.01,3.35,53.9,47.7,Urban_Residential,14963.0,0.81,14,0,0: Low
Kancheepuram - Palar Basin,Riverine Valley,309.73,55.41,22.09,5.59,1.53,23.95,84.7,10.0,Urban_Residential,13314.0,0.75,5,3,3: Severe Inundation
Ramanathapuram - Gundar Basin (Kamuthi),Estuary / Coastal,25.29,1.52,30.8,0.4,0.09,34.86,52.5,43.9,Commercial,833.0,0.54,5,0,0: Low
Sivaganga - Vaigai/Gundar (Parthibanur),Valley Basin,112.55,43.25,28.36,2.86,0.7,42.28,85.6,21.5,Urban_Commercial,2568.0,0.95,4,0,0: Low
Ramanathapuram - Gundar Basin (Kamuthi),Estuary / Coastal,41.84,16.34,32.32,1.92,0.31,35.0,63.3,36.3,Commercial,4441.0,0.99,5,0,0: Low
Sivaganga - Vaigai/Gundar (Parthibanur),Valley Basin,142.75,21.77,29.81,4.31,0.76,42.17,74.9,28.3,Urban_Commercial,7903.0,0.91,4,0,0: Low
Ramanathapuram - Gundar Basin (Kamuthi),Estuary / Coastal,26.04,2.5,30.59,0.19,-0.08,34.92,50.3,51.5,Commercial,3435.0,0.46,5,0,0: Low
Chennai - Velachery Lowland Basin,Coastal Lowland,73.93,16.22,5.31,2.11,0.21,3.42,77.6,27.4,Urban_High_Density,3800.0,0.95,12,1,1: Moderate
Ramanathapuram - Gundar Basin (Kamuthi),Estuary / Coastal,36.06,18.37,31.39,0.99,0.13,35.02,36.3,67.3,Commercial,2722.0,0.9,5,0,0: Low
Tiruvallur - Kosasthalaiyar Basin,Northern Plain,193.61,79.82,19.58,5.58,0.83,19.05,76.8,21.1,Industrial,3495.0,0.62,7,3,3: Severe Inundation
Ramanathapuram - Gundar Basin (Kamuthi),Estuary / Coastal,79.71,13.92,31.83,1.43,0.19,34.85,52.7,46.7,Commercial,4006.0,0.52,5,0,0: Low
Ramanathapuram - Gundar Basin (Kamuthi),Estuary / Coastal,108.03,22.51,33.27,2.87,0.37,35.07,43.6,58.1,Commercial,1512.0,0.98,5,0,0: Low
Chennai - Madipakkam Lake Buffer,Lake Catchment,33.07,11.97,3.65,1.15,0.16,3.07,69.3,33.3,Urban_Residential,17234.0,0.97,14,0,0: Low
Cuddalore - Manimuktha Basin (Virudhachalam),Riverine Plain,138.7,26.24,25.41,2.41,0.36,27.86,60.1,36.2,Agricultural_Mixed,3478.0,0.42,6,0,0: Low
Cuddalore - Manimuktha Basin (Virudhachalam),Riverine Plain,71.52,16.26,23.81,0.81,0.18,28.29,26.9,71.2,Agricultural_Mixed,3193.0,0.51,6,0,0: Low
Ramanathapuram - Gundar Basin (Kamuthi),Estuary / Coastal,49.2,16.18,32.34,1.94,0.36,35.52,73.9,30.6,Commercial,1620.0,0.93,5,0,0: Low
Chennai - Madipakkam Lake Buffer,Lake Catchment,7.7,5.67,3.13,0.63,-0.09,3.54,76.9,19.0,Urban_Residential,3288.0,0.38,14,0,0: Low
Ramanathapuram - Gundar Basin (Kamuthi),Estuary / Coastal,120.37,31.6,32.74,2.34,0.59,34.74,67.3,35.7,Commercial,3098.0,0.53,5,0,0: Low
Chennai - Adyar Basin (Nandambakkam),Coastal / Low Basin,56.32,8.1,6.04,1.54,0.26,7.39,58.9,37.7,Urban_High_Density,5234.0,0.99,8,0,0: Low
Chennai - Madipakkam Lake Buffer,Lake Catchment,114.64,27.64,5.36,2.86,0.56,3.74,86.2,17.8,Urban_Residential,15431.0,0.38,14,2,2: High
Tiruvallur - Kosasthalaiyar Basin,Northern Plain,70.95,10.17,16.12,2.12,0.19,19.7,45.0,54.5,Industrial,2609.0,0.32,7,0,0: Low
Tiruvallur - Kosasthalaiyar Basin,Northern Plain,213.25,46.35,20.75,6.75,1.72,19.12,57.0,45.6,Industrial,2195.0,0.58,7,3,3: Severe Inundation
Chennai - Velachery Lowland Basin,Coastal Lowland,92.48,18.54,7.59,4.39,0.31,3.63,94.9,10.0,Urban_High_Density,10537.0,0.9,12,2,2: High
Kancheepuram - Palar Basin,Riverine Valley,117.82,44.57,19.99,3.49,0.75,23.98,72.8,22.0,Urban_Residential,10190.0,0.62,5,1,1: Moderate
Chennai - Velachery Lowland Basin,Coastal Lowland,149.25,31.25,7.12,3.92,0.75,3.49,60.6,48.4,Urban_High_Density,14564.0,0.66,12,3,3: Severe Inundation
Ramanathapuram - Gundar Basin (Kamuthi),Estuary / Coastal,41.85,12.07,31.94,1.54,0.23,34.85,47.8,44.2,Commercial,4100.0,0.99,5,0,0: Low
Sivaganga - Vaigai/Gundar (Parthibanur),Valley Basin,43.9,12.61,26.5,1.0,0.27,42.15,90.8,12.9,Urban_Commercial,15887.0,0.47,4,0,0: Low
Cuddalore - Manimuktha Basin (Virudhachalam),Riverine Plain,9.94,2.63,23.46,0.46,0.07,27.55,71.7,31.7,Agricultural_Mixed,3232.0,0.53,6,0,0: Low
Ramanathapuram - Gundar Basin (Kamuthi),Estuary / Coastal,256.24,83.87,37.43,7.03,1.45,35.28,65.3,32.7,Commercial,3036.0,0.53,5,3,3: Severe Inundation
Ramanathapuram - Gundar Basin (Kamuthi),Estuary / Coastal,130.35,38.22,33.52,3.12,0.9,34.89,84.0,11.8,Commercial,2173.0,0.42,5,0,0: Low
Chennai - Adyar Basin (Nandambakkam),Coastal / Low Basin,70.77,16.52,5.85,1.35,0.24,7.57,75.3,26.4,Urban_High_Density,6321.0,0.75,8,0,0: Low
Chennai - Velachery Lowland Basin,Coastal Lowland,293.71,52.12,8.86,5.66,0.98,4.21,71.4,34.5,Urban_High_Density,17286.0,0.31,12,3,3: Severe Inundation
Sivaganga - Vaigai/Gundar (Parthibanur),Valley Basin,23.25,5.69,25.96,0.46,0.02,42.31,69.4,31.6,Urban_Commercial,3423.0,0.88,4,0,0: Low
Sivaganga - Vaigai/Gundar (Parthibanur),Valley Basin,116.76,33.14,27.95,2.45,0.54,42.56,68.7,31.5,Urban_Commercial,16260.0,0.41,4,0,0: Low
Sivaganga - Vaigai/Gundar (Parthibanur),Valley Basin,17.53,6.14,25.54,0.04,0.02,41.9,22.1,68.3,Urban_Commercial,17365.0,0.94,4,0,0: Low
Chennai - Adyar Basin (Nandambakkam),Coastal / Low Basin,128.56,41.88,8.08,3.58,0.39,7.55,42.7,59.8,Urban_High_Density,6098.0,0.6,8,2,2: High
Chennai - Madipakkam Lake Buffer,Lake Catchment,63.59,10.25,3.9,1.4,0.13,3.31,55.7,45.0,Urban_Residential,14322.0,0.32,14,1,1: Moderate
Cuddalore - Manimuktha Basin (Virudhachalam),Riverine Plain,59.31,14.59,23.93,0.93,0.38,28.21,82.6,10.0,Agricultural_Mixed,3639.0,0.9,6,0,0: Low
Kancheepuram - Palar Basin,Riverine Valley,67.97,8.02,18.51,2.01,0.11,23.36,34.4,59.6,Urban_Residential,10332.0,0.57,5,0,0: Low
Ramanathapuram - Gundar Basin (Kamuthi),Estuary / Coastal,74.66,10.31,31.59,1.19,0.25,34.99,5.0,89.2,Commercial,1335.0,0.56,5,0,0: Low
Kancheepuram - Palar Basin,Riverine Valley,81.82,8.6,17.88,1.38,0.27,23.63,37.5,60.9,Urban_Residential,9843.0,0.88,5,0,0: Low
Chennai - Madipakkam Lake Buffer,Lake Catchment,28.0,5.97,3.04,0.54,-0.06,3.17,80.6,18.6,Urban_Residential,17137.0,0.84,14,0,0: Low
Ramanathapuram - Gundar Basin (Kamuthi),Estuary / Coastal,274.42,42.88,36.93,6.53,0.83,34.83,46.0,63.3,Commercial,4041.0,0.34,5,2,2: High
Tiruvallur - Kosasthalaiyar Basin,Northern Plain,58.57,11.55,15.35,1.35,0.2,19.33,85.1,20.8,Industrial,2542.0,0.6,7,0,0: Low
Kancheepuram - Palar Basin,Riverine Valley,12.83,4.14,17.06,0.56,-0.02,23.5,94.3,15.9,Urban_Residential,2963.0,0.52,5,0,0: Low
Kancheepuram - Palar Basin,Riverine Valley,155.67,28.65,20.11,3.61,0.63,24.32,55.3,45.5,Urban_Residential,10877.0,0.76,5,1,1: Moderate
Ramanathapuram - Gundar Basin (Kamuthi),Estuary / Coastal,56.73,17.97,31.46,1.06,0.2,35.05,42.5,55.5,Commercial,3871.0,0.62,5,0,0: Low
Ramanathapuram - Gundar Basin (Kamuthi),Estuary / Coastal,159.1,32.2,32.6,2.2,0.84,34.79,39.5,62.6,Commercial,720.0,0.61,5,0,0: Low
Sivaganga - Vaigai/Gundar (Parthibanur),Valley Basin,140.3,23.75,29.19,3.69,0.32,41.77,39.0,56.0,Urban_Commercial,9280.0,0.95,4,0,0: Low
Sivaganga - Vaigai/Gundar (Parthibanur),Valley Basin,76.99,14.2,26.72,1.22,0.26,42.26,67.8,32.7,Urban_Commercial,7868.0,0.44,4,0,0: Low
Chennai - Adyar Basin (Nandambakkam),Coastal / Low Basin,8.91,6.76,4.62,0.12,-0.05,7.64,74.9,19.6,Urban_High_Density,16202.0,0.78,8,0,0: Low
Tiruvallur - Kosasthalaiyar Basin,Northern Plain,47.43,15.78,15.51,1.51,0.36,18.53,63.6,27.9,Industrial,2350.0,0.33,7,0,0: Low
Chennai - Adyar Basin (Nandambakkam),Coastal / Low Basin,72.13,19.45,5.67,1.17,0.38,6.95,38.3,64.2,Urban_High_Density,13120.0,0.95,8,1,1: Moderate
Chennai - Velachery Lowland Basin,Coastal Lowland,90.37,22.35,6.0,2.8,0.62,4.27,92.2,12.6,Urban_High_Density,15430.0,0.88,12,1,1: Moderate
Tiruvallur - Kosasthalaiyar Basin,Northern Plain,89.58,44.55,17.61,3.61,0.41,19.01,36.2,61.6,Industrial,1165.0,0.67,7,1,1: Moderate
Sivaganga - Vaigai/Gundar (Parthibanur),Valley Basin,235.01,50.43,32.57,7.07,1.69,41.96,38.6,64.2,Urban_Commercial,11508.0,0.97,4,2,2: High
Sivaganga - Vaigai/Gundar (Parthibanur),Valley Basin,2.09,7.13,26.02,0.52,-0.08,42.01,29.1,65.1,Urban_Commercial,17723.0,0.57,4,0,0: Low
Sivaganga - Vaigai/Gundar (Parthibanur),Valley Basin,68.58,15.29,26.6,1.1,0.35,41.85,49.1,49.4,Urban_Commercial,12007.0,0.66,4,0,0: Low
Cuddalore - Manimuktha Basin (Virudhachalam),Riverine Plain,6.66,3.16,23.33,0.33,0.03,28.14,42.1,56.8,Agricultural_Mixed,3991.0,0.85,6,0,0: Low
Ramanathapuram - Gundar Basin (Kamuthi),Estuary / Coastal,2.1,7.09,30.58,0.18,0.06,34.34,58.8,43.9,Commercial,3546.0,0.61,5,0,0: Low
Kancheepuram - Palar Basin,Riverine Valley,26.01,2.83,16.64,0.14,-0.09,24.0,72.3,32.3,Urban_Residential,8233.0,0.96,5,0,0: Low
Kancheepuram - Palar Basin,Riverine Valley,142.9,33.92,19.55,3.05,0.55,23.8,22.3,78.3,Urban_Residential,7886.0,0.76,5,1,1: Moderate
Chennai - Madipakkam Lake Buffer,Lake Catchment,77.97,6.62,4.6,2.1,0.24,3.25,49.2,45.6,Urban_Residential,17201.0,0.42,14,1,1: Moderate
Kancheepuram - Palar Basin,Riverine Valley,8.12,4.12,17.1,0.6,-0.1,24.43,71.6,36.0,Urban_Residential,13829.0,0.62,5,0,0: Low
Sivaganga - Vaigai/Gundar (Parthibanur),Valley Basin,15.57,3.64,25.7,0.2,0.02,41.89,12.4,82.7,Urban_Commercial,3054.0,0.84,4,0,0: Low
Tiruvallur - Kosasthalaiyar Basin,Northern Plain,6.25,6.3,14.04,0.04,-0.01,18.93,60.8,38.0,Industrial,4087.0,0.35,7,0,0: Low
Tiruvallur - Kosasthalaiyar Basin,Northern Plain,11.42,6.54,14.27,0.27,0.05,19.04,76.8,22.7,Industrial,1834.0,0.65,7,0,0: Low
Chennai - Adyar Basin (Nandambakkam),Coastal / Low Basin,3.05,1.08,4.97,0.47,-0.04,7.36,80.6,14.7,Urban_High_Density,7254.0,0.99,8,0,0: Low
Tiruvallur - Kosasthalaiyar Basin,Northern Plain,58.62,12.0,14.97,0.97,0.21,19.07,62.6,28.8,Industrial,893.0,0.95,7,0,0: Low
Chennai - Madipakkam Lake Buffer,Lake Catchment,265.1,78.14,8.04,5.54,1.72,3.2,88.3,17.7,Urban_Residential,16990.0,0.68,14,3,3: Severe Inundation
Tiruvallur - Kosasthalaiyar Basin,Northern Plain,124.73,28.9,16.33,2.33,0.68,19.26,80.6,19.2,Industrial,1828.0,0.68,7,1,1: Moderate
Chennai - Adyar Basin (Nandambakkam),Coastal / Low Basin,20.1,3.01,5.14,0.64,0.09,7.83,69.5,25.1,Urban_High_Density,5538.0,0.38,8,0,0: Low
Cuddalore - Manimuktha Basin (Virudhachalam),Riverine Plain,24.28,6.49,23.4,0.4,0.01,27.87,55.8,47.9,Agricultural_Mixed,1538.0,0.54,6,0,0: Low
Kancheepuram - Palar Basin,Riverine Valley,111.9,18.16,20.86,4.36,0.56,23.8,52.7,44.1,Urban_Residential,14697.0,0.49,5,0,0: Low
Kancheepuram - Palar Basin,Riverine Valley,21.65,7.09,16.81,0.31,-0.1,23.87,71.2,19.8,Urban_Residential,15764.0,0.34,5,0,0: Low
Chennai - Adyar Basin (Nandambakkam),Coastal / Low Basin,2.0,6.18,4.88,0.38,0.08,7.51,74.6,22.2,Urban_High_Density,12470.0,0.77,8,0,0: Low
Sivaganga - Vaigai/Gundar (Parthibanur),Valley Basin,150.14,25.24,29.72,4.22,0.85,42.05,85.8,10.4,Urban_Commercial,2912.0,0.87,4,0,0: Low
Tiruvallur - Kosasthalaiyar Basin,Northern Plain,58.9,20.0,16.01,2.01,0.2,19.12,91.6,10.0,Industrial,1759.0,0.31,7,0,0: Low
Chennai - Adyar Basin (Nandambakkam),Coastal / Low Basin,175.07,62.7,11.78,7.28,1.7,7.15,55.3,52.0,Urban_High_Density,5467.0,0.33,8,3,3: Severe Inundation
Tiruvallur - Kosasthalaiyar Basin,Northern Plain,7.49,3.77,14.15,0.15,0.08,19.07,54.8,46.8,Industrial,901.0,0.41,7,0,0: Low
Chennai - Adyar Basin (Nandambakkam),Coastal / Low Basin,11.17,1.34,4.66,0.16,-0.07,7.32,72.7,27.6,Urban_High_Density,6786.0,0.93,8,0,0: Low
Sivaganga - Vaigai/Gundar (Parthibanur),Valley Basin,87.13,30.35,28.67,3.17,0.67,42.15,17.8,85.8,Urban_Commercial,16538.0,0.46,4,0,0: Low
Chennai - Velachery Lowland Basin,Coastal Lowland,34.5,6.29,5.07,1.87,0.36,3.56,63.7,38.6,Urban_High_Density,12128.0,0.94,12,0,0: Low
Kancheepuram - Palar Basin,Riverine Valley,105.73,33.28,20.08,3.58,0.63,23.91,30.4,68.9,Urban_Residential,14763.0,0.55,5,1,1: Moderate
Tiruvallur - Kosasthalaiyar Basin,Northern Plain,81.27,16.51,15.55,1.55,0.15,18.83,83.7,20.3,Industrial,2478.0,0.65,7,0,0: Low
Chennai - Velachery Lowland Basin,Coastal Lowland,58.41,14.4,4.53,1.33,0.38,3.63,49.4,56.0,Urban_High_Density,13030.0,0.64,12,1,1: Moderate
Chennai - Velachery Lowland Basin,Coastal Lowland,153.09,23.89,7.64,4.44,0.88,4.06,83.6,10.4,Urban_High_Density,13423.0,0.67,12,2,2: High
Kancheepuram - Palar Basin,Riverine Valley,60.94,7.65,17.62,1.12,0.23,24.14,73.2,26.5,Urban_Residential,6436.0,0.55,5,0,0: Low
Ramanathapuram - Gundar Basin (Kamuthi),Estuary / Coastal,7.0,1.65,30.8,0.4,0.1,35.14,25.1,82.0,Commercial,2660.0,0.71,5,0,0: Low
Tiruvallur - Kosasthalaiyar Basin,Northern Plain,91.95,38.55,18.46,4.46,0.69,19.14,29.9,63.9,Industrial,1884.0,0.99,7,2,2: High
Chennai - Velachery Lowland Basin,Coastal Lowland,11.03,6.99,3.45,0.25,0.02,3.78,52.6,42.9,Urban_High_Density,15872.0,0.62,12,0,0: Low
Chennai - Adyar Basin (Nandambakkam),Coastal / Low Basin,92.52,34.45,6.97,2.47,0.59,7.93,83.7,11.5,Urban_High_Density,3020.0,0.6,8,1,1: Moderate
Ramanathapuram - Gundar Basin (Kamuthi),Estuary / Coastal,30.7,17.49,31.57,1.17,0.14,35.44,91.7,10.0,Commercial,679.0,0.46,5,0,0: Low
Kancheepuram - Palar Basin,Riverine Valley,234.9,78.8,24.33,7.83,1.14,24.3,48.8,45.1,Urban_Residential,9028.0,0.7,5,3,3: Severe Inundation
Kancheepuram - Palar Basin,Riverine Valley,23.64,5.4,17.13,0.63,-0.05,23.94,53.1,43.5,Urban_Residential,15841.0,0.53,5,0,0: Low
Cuddalore - Manimuktha Basin (Virudhachalam),Riverine Plain,18.2,2.57,23.54,0.54,-0.03,28.11,30.9,70.2,Agricultural_Mixed,2808.0,0.57,6,0,0: Low
Cuddalore - Manimuktha Basin (Virudhachalam),Riverine Plain,10.69,1.98,23.62,0.62,-0.09,27.74,78.1,12.7,Agricultural_Mixed,720.0,0.75,6,0,0: Low
Ramanathapuram - Gundar Basin (Kamuthi),Estuary / Coastal,44.59,15.56,31.86,1.46,0.26,34.64,80.9,15.2,Commercial,2214.0,0.32,5,0,0: Low
Ramanathapuram - Gundar Basin (Kamuthi),Estuary / Coastal,68.88,14.05,32.28,1.88,0.2,35.26,74.6,30.3,Commercial,2224.0,0.49,5,0,0: Low
Tiruvallur - Kosasthalaiyar Basin,Northern Plain,231.3,78.18,21.28,7.28,1.24,18.68,95.0,10.0,Industrial,3843.0,0.31,7,3,3: Severe Inundation
Tiruvallur - Kosasthalaiyar Basin,Northern Plain,55.84,8.56,16.11,2.11,0.22,18.86,74.6,33.5,Industrial,2280.0,0.5,7,0,0: Low
Chennai - Madipakkam Lake Buffer,Lake Catchment,37.96,17.08,3.32,0.82,0.2,3.0,41.7,51.6,Urban_Residential,4745.0,0.43,14,0,0: Low
Kancheepuram - Palar Basin,Riverine Valley,44.86,7.29,17.6,1.1,0.26,23.75,64.0,39.9,Urban_Residential,13194.0,0.84,5,0,0: Low
Chennai - Adyar Basin (Nandambakkam),Coastal / Low Basin,98.46,23.29,8.15,3.65,0.47,7.32,22.5,78.9,Urban_High_Density,7404.0,0.87,8,2,2: High
Ramanathapuram - Gundar Basin (Kamuthi),Estuary / Coastal,75.3,17.64,31.73,1.33,0.35,34.75,59.1,42.2,Commercial,1318.0,0.8,5,0,0: Low
Kancheepuram - Palar Basin,Riverine Valley,3.34,2.11,17.15,0.65,0.09,23.92,56.8,45.5,Urban_Residential,17054.0,0.45,5,0,0: Low
Sivaganga - Vaigai/Gundar (Parthibanur),Valley Basin,51.62,15.12,26.96,1.46,0.21,42.15,69.7,25.6,Urban_Commercial,14002.0,0.94,4,0,0: Low
Kancheepuram - Palar Basin,Riverine Valley,4.22,5.5,16.77,0.27,-0.04,23.87,19.9,81.5,Urban_Residential,7636.0,0.96,5,0,0: Low
Cuddalore - Manimuktha Basin (Virudhachalam),Riverine Plain,20.57,6.24,23.35,0.35,0.01,28.11,54.6,43.6,Agricultural_Mixed,3650.0,0.69,6,0,0: Low
Chennai - Velachery Lowland Basin,Coastal Lowland,17.54,4.15,3.81,0.61,-0.0,4.15,22.6,86.3,Urban_High_Density,17268.0,0.34,12,0,0: Low
Chennai - Madipakkam Lake Buffer,Lake Catchment,75.54,17.66,4.46,1.96,0.39,2.95,58.8,45.3,Urban_Residential,16910.0,0.48,14,1,1: Moderate
Ramanathapuram - Gundar Basin (Kamuthi),Estuary / Coastal,4.21,4.34,30.49,0.09,-0.05,34.95,95.0,10.0,Commercial,1174.0,0.72,5,0,0: Low
Cuddalore - Manimuktha Basin (Virudhachalam),Riverine Plain,75.93,10.49,23.86,0.86,0.11,27.32,69.3,25.1,Agricultural_Mixed,2613.0,0.59,6,0,0: Low
Cuddalore - Manimuktha Basin (Virudhachalam),Riverine Plain,7.57,1.14,23.47,0.47,-0.06,28.08,21.8,78.3,Agricultural_Mixed,1853.0,0.98,6,0,0: Low
Cuddalore - Manimuktha Basin (Virudhachalam),Riverine Plain,106.47,25.81,26.37,3.37,0.54,28.09,43.9,58.7,Agricultural_Mixed,4061.0,0.54,6,0,0: Low
Kancheepuram - Palar Basin,Riverine Valley,7.03,5.04,16.94,0.44,0.02,23.68,86.7,15.8,Urban_Residential,12754.0,0.44,5,0,0: Low
Chennai - Madipakkam Lake Buffer,Lake Catchment,21.52,5.28,2.96,0.46,-0.06,3.56,29.1,74.2,Urban_Residential,4943.0,0.49,14,0,0: Low
Cuddalore - Manimuktha Basin (Virudhachalam),Riverine Plain,9.88,7.63,23.11,0.11,0.08,27.83,74.0,15.5,Agricultural_Mixed,2887.0,0.95,6,0,0: Low
Tiruvallur - Kosasthalaiyar Basin,Northern Plain,81.62,8.06,14.84,0.84,0.37,18.97,55.6,45.8,Industrial,881.0,0.94,7,0,0: Low
Ramanathapuram - Gundar Basin (Kamuthi),Estuary / Coastal,10.71,6.81,31.06,0.66,-0.06,35.05,11.6,90.0,Commercial,844.0,0.78,5,0,0: Low
Tiruvallur - Kosasthalaiyar Basin,Northern Plain,17.35,7.09,14.72,0.72,-0.03,18.34,35.4,57.8,Industrial,2187.0,0.37,7,0,0: Low
Tiruvallur - Kosasthalaiyar Basin,Northern Plain,10.44,3.31,14.34,0.34,0.08,19.07,68.7,33.4,Industrial,2230.0,0.77,7,0,0: Low
Chennai - Adyar Basin (Nandambakkam),Coastal / Low Basin,58.29,17.26,6.56,2.06,0.14,7.59,59.3,41.7,Urban_High_Density,5518.0,0.99,8,1,1: Moderate
Ramanathapuram - Gundar Basin (Kamuthi),Estuary / Coastal,63.52,10.77,31.88,1.48,0.17,34.76,37.4,65.8,Commercial,1096.0,0.44,5,0,0: Low
Chennai - Madipakkam Lake Buffer,Lake Catchment,58.66,9.31,4.58,2.08,0.16,3.46,48.4,55.8,Urban_Residential,6438.0,0.72,14,1,1: Moderate
Ramanathapuram - Gundar Basin (Kamuthi),Estuary / Coastal,139.07,42.55,33.61,3.21,0.38,35.05,48.2,64.3,Commercial,3403.0,0.73,5,0,0: Low
Ramanathapuram - Gundar Basin (Kamuthi),Estuary / Coastal,100.9,22.99,33.44,3.04,0.34,34.78,64.7,37.5,Commercial,877.0,0.97,5,0,0: Low
Ramanathapuram - Gundar Basin (Kamuthi),Estuary / Coastal,28.88,4.75,30.96,0.56,0.08,34.48,93.6,10.0,Commercial,1880.0,0.69,5,0,0: Low
Ramanathapuram - Gundar Basin (Kamuthi),Estuary / Coastal,61.04,17.06,31.55,1.15,0.37,34.9,92.6,12.7,Commercial,4164.0,0.41,5,0,0: Low
Chennai - Adyar Basin (Nandambakkam),Coastal / Low Basin,81.49,18.13,6.22,1.72,0.3,7.64,74.9,14.7,Urban_High_Density,8965.0,0.3,8,1,1: Moderate
Tiruvallur - Kosasthalaiyar Basin,Northern Plain,253.71,64.75,21.66,7.66,0.81,18.97,56.8,30.3,Industrial,4499.0,0.93,7,3,3: Severe Inundation
Chennai - Velachery Lowland Basin,Coastal Lowland,22.5,3.58,3.31,0.11,-0.02,4.02,44.0,50.9,Urban_High_Density,9997.0,0.44,12,0,0: Low
Chennai - Velachery Lowland Basin,Coastal Lowland,21.46,2.98,3.92,0.72,0.1,3.56,49.4,47.0,Urban_High_Density,6837.0,0.4,12,0,0: Low
Kancheepuram - Palar Basin,Riverine Valley,110.8,23.61,18.95,2.45,0.51,23.61,52.5,50.5,Urban_Residential,11131.0,0.59,5,0,0: Low
Chennai - Velachery Lowland Basin,Coastal Lowland,14.44,6.11,3.63,0.43,-0.1,3.56,71.6,33.5,Urban_High_Density,10631.0,0.77,12,0,0: Low
Ramanathapuram - Gundar Basin (Kamuthi),Estuary / Coastal,21.07,5.13,30.89,0.49,-0.02,34.9,68.6,40.1,Commercial,1080.0,0.66,5,0,0: Low
Cuddalore - Manimuktha Basin (Virudhachalam),Riverine Plain,40.3,8.21,24.65,1.65,0.3,27.5,65.2,45.0,Agricultural_Mixed,612.0,0.72,6,0,0: Low
Ramanathapuram - Gundar Basin (Kamuthi),Estuary / Coastal,6.07,4.58,30.74,0.34,0.01,35.16,22.9,80.8,Commercial,1863.0,0.54,5,0,0: Low
Sivaganga - Vaigai/Gundar (Parthibanur),Valley Basin,61.24,12.47,26.41,0.91,0.13,41.95,79.8,28.0,Urban_Commercial,12845.0,0.61,4,0,0: Low
Chennai - Adyar Basin (Nandambakkam),Coastal / Low Basin,75.32,15.96,6.35,1.85,0.27,6.62,87.9,13.5,Urban_High_Density,3959.0,0.71,8,0,0: Low
Chennai - Velachery Lowland Basin,Coastal Lowland,24.5,4.3,3.91,0.71,-0.05,3.96,58.9,37.2,Urban_High_Density,7213.0,0.67,12,0,0: Low
Chennai - Adyar Basin (Nandambakkam),Coastal / Low Basin,59.71,14.7,5.4,0.9,0.14,7.11,73.0,30.0,Urban_High_Density,8129.0,0.82,8,0,0: Low
Kancheepuram - Palar Basin,Riverine Valley,76.07,7.49,18.46,1.96,0.24,24.13,33.6,62.2,Urban_Residential,12357.0,0.63,5,0,0: Low
Kancheepuram - Palar Basin,Riverine Valley,68.34,17.22,18.52,2.02,0.27,24.02,82.3,10.0,Urban_Residential,15235.0,0.72,5,0,0: Low
Kancheepuram - Palar Basin,Riverine Valley,28.24,1.43,16.81,0.31,0.08,23.67,62.2,29.3,Urban_Residential,11728.0,0.82,5,0,0: Low
Chennai - Adyar Basin (Nandambakkam),Coastal / Low Basin,35.54,6.96,6.02,1.52,0.29,7.72,59.0,38.9,Urban_High_Density,15572.0,0.88,8,0,0: Low
Kancheepuram - Palar Basin,Riverine Valley,46.42,10.9,17.4,0.9,0.4,23.75,36.3,66.9,Urban_Residential,15853.0,0.52,5,0,0: Low
Sivaganga - Vaigai/Gundar (Parthibanur),Valley Basin,4.99,3.06,25.75,0.25,0.04,41.85,86.3,17.3,Urban_Commercial,5079.0,0.6,4,0,0: Low
Sivaganga - Vaigai/Gundar (Parthibanur),Valley Basin,23.42,1.33,25.75,0.25,0.07,41.93,29.6,72.9,Urban_Commercial,16514.0,0.61,4,0,0: Low
Kancheepuram - Palar Basin,Riverine Valley,74.98,8.99,17.59,1.09,0.33,24.41,17.0,79.9,Urban_Residential,17925.0,0.44,5,0,0: Low
Kancheepuram - Palar Basin,Riverine Valley,63.12,16.44,18.22,1.72,0.17,23.86,89.2,15.1,Urban_Residential,8423.0,0.32,5,0,0: Low
Tiruvallur - Kosasthalaiyar Basin,Northern Plain,38.23,17.88,15.0,1.0,0.29,19.35,66.0,31.6,Industrial,1345.0,0.82,7,0,0: Low
Kancheepuram - Palar Basin,Riverine Valley,5.71,4.2,16.53,0.03,-0.09,24.45,54.1,40.3,Urban_Residential,2801.0,0.72,5,0,0: Low
Cuddalore - Manimuktha Basin (Virudhachalam),Riverine Plain,4.77,5.65,23.26,0.26,-0.01,27.97,66.5,28.1,Agricultural_Mixed,4016.0,0.47,6,0,0: Low
Chennai - Adyar Basin (Nandambakkam),Coastal / Low Basin,69.97,17.89,6.04,1.54,0.36,7.44,70.7,27.3,Urban_High_Density,17100.0,0.74,8,0,0: Low
Sivaganga - Vaigai/Gundar (Parthibanur),Valley Basin,52.88,13.57,27.31,1.81,0.21,42.0,82.1,19.2,Urban_Commercial,6428.0,0.65,4,0,0: Low
Chennai - Velachery Lowland Basin,Coastal Lowland,18.22,5.83,3.21,0.01,0.08,3.64,15.3,80.2,Urban_High_Density,14241.0,0.94,12,0,0: Low
Sivaganga - Vaigai/Gundar (Parthibanur),Valley Basin,39.13,18.12,26.4,0.9,0.13,41.68,23.5,86.6,Urban_Commercial,6220.0,0.82,4,0,0: Low
Chennai - Adyar Basin (Nandambakkam),Coastal / Low Basin,68.85,6.52,5.35,0.85,0.16,7.62,77.1,23.9,Urban_High_Density,16343.0,0.56,8,0,0: Low
Ramanathapuram - Gundar Basin (Kamuthi),Estuary / Coastal,146.5,37.67,34.01,3.61,0.52,35.56,80.2,17.0,Commercial,846.0,0.56,5,0,0: Low
Ramanathapuram - Gundar Basin (Kamuthi),Estuary / Coastal,58.54,19.13,31.94,1.54,0.36,34.61,25.7,72.3,Commercial,1222.0,0.78,5,0,0: Low
Chennai - Adyar Basin (Nandambakkam),Coastal / Low Basin,22.69,2.15,4.93,0.43,0.02,7.35,87.4,10.2,Urban_High_Density,3595.0,0.39,8,0,0: Low
Chennai - Madipakkam Lake Buffer,Lake Catchment,51.67,14.35,4.07,1.57,0.25,3.41,60.4,25.5,Urban_Residential,13855.0,0.65,14,1,1: Moderate
Chennai - Adyar Basin (Nandambakkam),Coastal / Low Basin,6.88,7.35,4.66,0.16,-0.05,7.46,56.2,47.2,Urban_High_Density,15958.0,0.69,8,0,0: Low
Ramanathapuram - Gundar Basin (Kamuthi),Estuary / Coastal,53.9,9.9,31.77,1.37,0.39,34.91,49.6,43.6,Commercial,3437.0,0.55,5,0,0: Low
Chennai - Adyar Basin (Nandambakkam),Coastal / Low Basin,23.84,6.87,4.85,0.35,0.08,7.95,80.4,19.4,Urban_High_Density,16751.0,0.93,8,0,0: Low
Chennai - Velachery Lowland Basin,Coastal Lowland,72.37,7.73,4.46,1.26,0.15,3.09,77.8,16.4,Urban_High_Density,17962.0,0.76,12,0,0: Low
Chennai - Madipakkam Lake Buffer,Lake Catchment,144.67,35.01,5.55,3.05,0.69,3.19,79.9,17.3,Urban_Residential,3983.0,0.68,14,2,2: High
Cuddalore - Manimuktha Basin (Virudhachalam),Riverine Plain,33.61,13.69,23.95,0.95,0.22,27.68,55.4,48.7,Agricultural_Mixed,3021.0,0.96,6,0,0: Low
Chennai - Adyar Basin (Nandambakkam),Coastal / Low Basin,157.63,41.87,8.94,4.44,0.77,7.49,45.9,56.9,Urban_High_Density,9385.0,0.86,8,3,3: Severe Inundation
Cuddalore - Manimuktha Basin (Virudhachalam),Riverine Plain,49.46,19.14,25.18,2.18,0.34,28.02,37.6,50.8,Agricultural_Mixed,919.0,0.9,6,0,0: Low
Tiruvallur - Kosasthalaiyar Basin,Northern Plain,68.35,18.32,15.38,1.38,0.19,19.43,36.4,60.0,Industrial,2670.0,0.83,7,0,0: Low
Ramanathapuram - Gundar Basin (Kamuthi),Estuary / Coastal,292.77,59.96,35.13,4.73,1.49,35.01,45.3,63.1,Commercial,3631.0,0.37,5,3,3: Severe Inundation
Ramanathapuram - Gundar Basin (Kamuthi),Estuary / Coastal,84.17,7.97,32.08,1.68,0.38,34.76,49.5,56.1,Commercial,3914.0,0.6,5,0,0: Low
Chennai - Velachery Lowland Basin,Coastal Lowland,93.88,37.67,6.4,3.2,0.61,3.32,81.8,10.0,Urban_High_Density,13597.0,0.74,12,2,2: High
Ramanathapuram - Gundar Basin (Kamuthi),Estuary / Coastal,64.04,13.85,31.21,0.81,0.35,34.96,58.8,47.0,Commercial,1525.0,0.33,5,0,0: Low
Kancheepuram - Palar Basin,Riverine Valley,5.9,5.15,17.27,0.77,0.01,24.28,72.8,28.4,Urban_Residential,17217.0,0.86,5,0,0: Low
Chennai - Madipakkam Lake Buffer,Lake Catchment,48.47,12.92,4.37,1.87,0.34,3.26,63.0,29.6,Urban_Residential,3699.0,0.69,14,1,1: Moderate
Chennai - Adyar Basin (Nandambakkam),Coastal / Low Basin,3.89,6.54,5.01,0.51,0.06,7.65,44.8,54.3,Urban_High_Density,16333.0,0.52,8,0,0: Low
Cuddalore - Manimuktha Basin (Virudhachalam),Riverine Plain,69.6,18.64,24.02,1.02,0.27,27.69,94.5,10.0,Agricultural_Mixed,2852.0,0.9,6,0,0: Low
Chennai - Velachery Lowland Basin,Coastal Lowland,28.84,5.36,3.85,0.65,-0.09,3.89,52.2,44.8,Urban_High_Density,7543.0,0.34,12,0,0: Low
Chennai - Madipakkam Lake Buffer,Lake Catchment,25.05,4.36,3.27,0.77,-0.07,3.35,34.1,66.3,Urban_Residential,7774.0,0.6,14,0,0: Low
Chennai - Madipakkam Lake Buffer,Lake Catchment,28.05,2.88,2.86,0.36,-0.0,3.25,50.1,46.3,Urban_Residential,15162.0,0.46,14,0,0: Low
Tiruvallur - Kosasthalaiyar Basin,Northern Plain,41.47,18.16,14.94,0.94,0.21,19.39,69.8,30.0,Industrial,3200.0,0.5,7,0,0: Low
Cuddalore - Manimuktha Basin (Virudhachalam),Riverine Plain,57.45,10.97,24.09,1.09,0.16,28.47,60.3,30.6,Agricultural_Mixed,1749.0,0.36,6,0,0: Low
Tiruvallur - Kosasthalaiyar Basin,Northern Plain,2.36,3.37,14.51,0.51,0.04,18.41,55.7,42.8,Industrial,4280.0,0.96,7,0,0: Low
Cuddalore - Manimuktha Basin (Virudhachalam),Riverine Plain,21.35,1.47,23.32,0.32,0.07,27.85,55.7,40.3,Agricultural_Mixed,3404.0,0.76,6,0,0: Low
Chennai - Velachery Lowland Basin,Coastal Lowland,28.36,1.83,3.34,0.14,-0.09,3.59,34.1,63.5,Urban_High_Density,17654.0,0.83,12,0,0: Low
Kancheepuram - Palar Basin,Riverine Valley,103.92,21.59,19.84,3.34,0.42,24.19,86.9,14.4,Urban_Residential,8808.0,0.82,5,0,0: Low
Ramanathapuram - Gundar Basin (Kamuthi),Estuary / Coastal,4.18,2.69,30.52,0.12,0.06,35.16,32.0,69.1,Commercial,2105.0,0.79,5,0,0: Low
Cuddalore - Manimuktha Basin (Virudhachalam),Riverine Plain,16.86,1.55,23.64,0.64,0.03,28.12,57.5,44.9,Agricultural_Mixed,2756.0,0.78,6,0,0: Low
Chennai - Velachery Lowland Basin,Coastal Lowland,3.04,6.31,3.93,0.73,-0.0,3.69,74.6,27.2,Urban_High_Density,8669.0,0.86,12,0,0: Low
Chennai - Madipakkam Lake Buffer,Lake Catchment,85.68,39.59,6.28,3.78,0.53,3.09,70.1,30.4,Urban_Residential,14174.0,0.69,14,2,2: High
Tiruvallur - Kosasthalaiyar Basin,Northern Plain,237.14,79.61,20.67,6.67,1.54,19.41,88.2,17.2,Industrial,3667.0,0.82,7,3,3: Severe Inundation
Sivaganga - Vaigai/Gundar (Parthibanur),Valley Basin,47.3,16.86,26.88,1.38,0.38,42.16,60.7,37.4,Urban_Commercial,8764.0,0.85,4,0,0: Low
Sivaganga - Vaigai/Gundar (Parthibanur),Valley Basin,68.59,17.29,27.27,1.77,0.24,42.42,42.4,61.0,Urban_Commercial,6536.0,0.49,4,0,0: Low
Chennai - Adyar Basin (Nandambakkam),Coastal / Low Basin,4.2,7.04,4.68,0.18,-0.08,7.9,67.2,23.0,Urban_High_Density,17845.0,0.64,8,0,0: Low
Cuddalore - Manimuktha Basin (Virudhachalam),Riverine Plain,92.39,24.28,27.02,4.02,0.81,28.62,62.6,30.9,Agricultural_Mixed,2385.0,0.86,6,0,0: Low
Cuddalore - Manimuktha Basin (Virudhachalam),Riverine Plain,75.27,13.31,23.95,0.95,0.39,28.0,68.2,32.8,Agricultural_Mixed,1991.0,0.47,6,0,0: Low
Kancheepuram - Palar Basin,Riverine Valley,262.74,64.0,22.76,6.26,1.39,23.78,52.5,44.8,Urban_Residential,13137.0,0.73,5,3,3: Severe Inundation
Chennai - Velachery Lowland Basin,Coastal Lowland,150.21,42.57,6.8,3.6,0.84,3.59,50.1,49.3,Urban_High_Density,15564.0,0.79,12,3,3: Severe Inundation
Tiruvallur - Kosasthalaiyar Basin,Northern Plain,26.73,6.95,14.56,0.56,-0.04,18.94,65.7,44.1,Industrial,3309.0,0.64,7,0,0: Low
Chennai - Madipakkam Lake Buffer,Lake Catchment,138.48,26.09,6.76,4.26,0.63,3.93,84.3,23.2,Urban_Residential,6791.0,0.83,14,2,2: High
Chennai - Velachery Lowland Basin,Coastal Lowland,6.82,6.24,3.83,0.63,-0.09,3.62,83.0,17.4,Urban_High_Density,11541.0,0.43,12,0,0: Low
Chennai - Madipakkam Lake Buffer,Lake Catchment,220.44,46.2,9.43,6.93,1.46,2.88,25.4,64.8,Urban_Residential,5180.0,0.8,14,3,3: Severe Inundation
Ramanathapuram - Gundar Basin (Kamuthi),Estuary / Coastal,18.66,5.83,30.95,0.55,-0.1,35.48,51.8,45.4,Commercial,977.0,0.8,5,0,0: Low
Kancheepuram - Palar Basin,Riverine Valley,58.07,17.9,17.93,1.43,0.23,23.99,74.5,19.3,Urban_Residential,13770.0,0.31,5,0,0: Low
Kancheepuram - Palar Basin,Riverine Valley,81.99,14.53,17.84,1.34,0.28,24.08,93.8,14.0,Urban_Residential,3179.0,0.99,5,0,0: Low
Kancheepuram - Palar Basin,Riverine Valley,80.76,9.31,17.6,1.1,0.21,24.03,85.4,13.0,Urban_Residential,2677.0,0.35,5,0,0: Low
Ramanathapuram - Gundar Basin (Kamuthi),Estuary / Coastal,35.18,10.14,31.42,1.02,0.32,35.11,76.5,19.3,Commercial,3957.0,0.78,5,0,0: Low
Sivaganga - Vaigai/Gundar (Parthibanur),Valley Basin,8.25,3.71,25.64,0.14,0.09,41.9,66.1,26.9,Urban_Commercial,11863.0,0.74,4,0,0: Low
Chennai - Velachery Lowland Basin,Coastal Lowland,50.04,11.99,5.11,1.91,0.28,3.5,44.3,53.4,Urban_High_Density,7453.0,0.91,12,1,1: Moderate
Sivaganga - Vaigai/Gundar (Parthibanur),Valley Basin,94.34,29.56,29.98,4.48,0.85,41.99,69.4,26.1,Urban_Commercial,7513.0,0.47,4,0,0: Low
Chennai - Adyar Basin (Nandambakkam),Coastal / Low Basin,80.46,6.37,6.19,1.69,0.36,7.23,51.9,46.4,Urban_High_Density,5109.0,0.33,8,0,0: Low
Cuddalore - Manimuktha Basin (Virudhachalam),Riverine Plain,9.11,6.15,23.73,0.73,-0.07,28.01,38.7,58.8,Agricultural_Mixed,1456.0,0.48,6,0,0: Low
Chennai - Adyar Basin (Nandambakkam),Coastal / Low Basin,29.3,2.79,5.17,0.67,-0.0,7.21,67.3,42.0,Urban_High_Density,3503.0,0.48,8,0,0: Low
Kancheepuram - Palar Basin,Riverine Valley,292.69,67.89,22.58,6.08,1.25,23.96,32.3,67.9,Urban_Residential,6293.0,0.31,5,3,3: Severe Inundation
Cuddalore - Manimuktha Basin (Virudhachalam),Riverine Plain,81.38,18.51,24.95,1.95,0.39,28.3,87.0,10.0,Agricultural_Mixed,948.0,0.81,6,0,0: Low
Sivaganga - Vaigai/Gundar (Parthibanur),Valley Basin,32.94,15.27,27.35,1.85,0.14,42.11,89.5,11.8,Urban_Commercial,8220.0,0.85,4,0,0: Low
Tiruvallur - Kosasthalaiyar Basin,Northern Plain,218.27,50.55,21.89,7.89,1.59,18.96,47.1,50.9,Industrial,2289.0,0.75,7,3,3: Severe Inundation
Tiruvallur - Kosasthalaiyar Basin,Northern Plain,125.98,37.04,16.59,2.59,0.75,19.16,53.9,51.9,Industrial,1262.0,0.41,7,1,1: Moderate
Chennai - Adyar Basin (Nandambakkam),Coastal / Low Basin,64.39,11.88,5.67,1.17,0.12,8.13,11.9,77.3,Urban_High_Density,14741.0,0.82,8,1,1: Moderate
Chennai - Madipakkam Lake Buffer,Lake Catchment,83.91,10.12,4.13,1.63,0.25,3.04,34.8,63.2,Urban_Residential,12544.0,0.46,14,1,1: Moderate
Chennai - Madipakkam Lake Buffer,Lake Catchment,61.6,12.96,3.89,1.39,0.24,2.7,48.7,54.6,Urban_Residential,5868.0,0.61,14,1,1: Moderate
Sivaganga - Vaigai/Gundar (Parthibanur),Valley Basin,29.91,5.02,26.21,0.71,0.0,42.39,85.7,10.0,Urban_Commercial,11113.0,1.0,4,0,0: Low
Chennai - Adyar Basin (Nandambakkam),Coastal / Low Basin,127.22,39.73,7.93,3.43,0.57,7.48,65.1,36.6,Urban_High_Density,10113.0,0.44,8,2,2: High
Sivaganga - Vaigai/Gundar (Parthibanur),Valley Basin,141.09,20.34,28.27,2.77,0.69,41.96,78.3,15.6,Urban_Commercial,6263.0,0.78,4,0,0: Low
Chennai - Velachery Lowland Basin,Coastal Lowland,119.29,41.54,6.65,3.45,0.41,3.96,47.8,56.6,Urban_High_Density,14024.0,0.72,12,2,2: High
Chennai - Velachery Lowland Basin,Coastal Lowland,40.78,14.51,4.77,1.57,0.19,4.19,34.9,69.6,Urban_High_Density,9603.0,0.74,12,1,1: Moderate
Cuddalore - Manimuktha Basin (Virudhachalam),Riverine Plain,6.9,3.38,23.73,0.73,0.05,28.54,95.0,10.0,Agricultural_Mixed,3315.0,0.37,6,0,0: Low
Chennai - Velachery Lowland Basin,Coastal Lowland,131.46,19.04,6.1,2.9,0.73,3.8,37.3,62.3,Urban_High_Density,10382.0,0.52,12,2,2: High
Chennai - Velachery Lowland Basin,Coastal Lowland,179.9,78.95,11.17,7.97,1.79,3.75,66.3,41.3,Urban_High_Density,4306.0,0.73,12,3,3: Severe Inundation
Chennai - Madipakkam Lake Buffer,Lake Catchment,72.05,14.9,3.3,0.8,0.14,3.28,75.4,24.5,Urban_Residential,14912.0,0.75,14,1,1: Moderate
Chennai - Adyar Basin (Nandambakkam),Coastal / Low Basin,21.65,7.09,4.59,0.09,-0.01,7.39,42.4,64.9,Urban_High_Density,11079.0,0.39,8,0,0: Low
Cuddalore - Manimuktha Basin (Virudhachalam),Riverine Plain,29.78,1.36,23.06,0.06,-0.08,28.25,65.0,36.7,Agricultural_Mixed,2600.0,0.75,6,0,0: Low
Chennai - Madipakkam Lake Buffer,Lake Catchment,79.89,14.22,4.55,2.05,0.33,3.31,74.8,26.9,Urban_Residential,12633.0,0.77,14,1,1: Moderate
Chennai - Madipakkam Lake Buffer,Lake Catchment,119.52,19.7,6.17,3.67,0.43,3.4,65.9,36.5,Urban_Residential,15089.0,0.49,14,2,2: High
Tiruvallur - Kosasthalaiyar Basin,Northern Plain,40.49,10.27,15.12,1.12,0.19,18.86,70.8,22.0,Industrial,1186.0,0.49,7,0,0: Low
Chennai - Adyar Basin (Nandambakkam),Coastal / Low Basin,79.22,13.86,5.84,1.34,0.18,7.92,37.8,59.9,Urban_High_Density,11270.0,0.44,8,0,0: Low
Ramanathapuram - Gundar Basin (Kamuthi),Estuary / Coastal,45.79,16.75,32.13,1.73,0.4,35.26,83.4,16.8,Commercial,3393.0,0.88,5,0,0: Low
Sivaganga - Vaigai/Gundar (Parthibanur),Valley Basin,49.74,7.24,26.85,1.35,0.3,41.84,55.3,51.5,Urban_Commercial,9873.0,0.38,4,0,0: Low
Chennai - Madipakkam Lake Buffer,Lake Catchment,53.51,19.21,3.79,1.29,0.4,3.56,69.2,31.4,Urban_Residential,11230.0,0.78,14,1,1: Moderate
Chennai - Madipakkam Lake Buffer,Lake Catchment,4.09,2.73,2.67,0.17,-0.07,3.39,25.7,73.1,Urban_Residential,9884.0,1.0,14,0,0: Low
Kancheepuram - Palar Basin,Riverine Valley,246.02,79.89,22.57,6.07,1.42,23.55,53.1,44.3,Urban_Residential,3704.0,0.65,5,3,3: Severe Inundation
Kancheepuram - Palar Basin,Riverine Valley,6.63,5.98,17.03,0.53,-0.07,23.94,79.5,11.7,Urban_Residential,9849.0,0.66,5,0,0: Low
Chennai - Adyar Basin (Nandambakkam),Coastal / Low Basin,18.2,5.09,4.86,0.36,-0.02,7.54,39.4,57.6,Urban_High_Density,8002.0,0.53,8,0,0: Low
Ramanathapuram - Gundar Basin (Kamuthi),Estuary / Coastal,152.79,21.09,32.6,2.2,0.83,35.34,69.2,33.6,Commercial,2876.0,0.42,5,0,0: Low
Kancheepuram - Palar Basin,Riverine Valley,7.53,5.17,17.03,0.53,-0.03,24.19,34.1,68.7,Urban_Residential,5309.0,0.38,5,0,0: Low
Ramanathapuram - Gundar Basin (Kamuthi),Estuary / Coastal,81.63,13.99,32.35,1.95,0.38,34.87,48.5,63.2,Commercial,3087.0,0.69,5,0,0: Low
Kancheepuram - Palar Basin,Riverine Valley,42.24,15.71,17.84,1.34,0.14,23.91,73.7,32.9,Urban_Residential,4807.0,0.44,5,0,0: Low
Chennai - Madipakkam Lake Buffer,Lake Catchment,39.51,19.59,4.28,1.78,0.28,3.09,91.0,12.1,Urban_Residential,12771.0,0.97,14,1,1: Moderate
Kancheepuram - Palar Basin,Riverine Valley,3.33,3.73,17.24,0.74,-0.09,24.15,73.9,23.7,Urban_Residential,7054.0,0.68,5,0,0: Low
Tiruvallur - Kosasthalaiyar Basin,Northern Plain,130.93,27.46,18.17,4.17,0.64,19.12,75.5,26.9,Industrial,2307.0,0.57,7,1,1: Moderate
Chennai - Adyar Basin (Nandambakkam),Coastal / Low Basin,104.56,37.06,7.39,2.89,0.66,7.56,71.6,27.3,Urban_High_Density,7665.0,0.68,8,1,1: Moderate
Chennai - Velachery Lowland Basin,Coastal Lowland,4.14,4.17,3.55,0.35,-0.03,3.82,75.1,18.9,Urban_High_Density,14691.0,0.94,12,0,0: Low
Chennai - Madipakkam Lake Buffer,Lake Catchment,99.47,22.07,6.84,4.34,0.54,3.72,56.7,40.2,Urban_Residential,4661.0,0.45,14,2,2: High
Chennai - Adyar Basin (Nandambakkam),Coastal / Low Basin,184.91,71.42,10.94,6.44,1.28,7.53,84.8,14.8,Urban_High_Density,7431.0,0.39,8,3,3: Severe Inundation
Sivaganga - Vaigai/Gundar (Parthibanur),Valley Basin,3.0,3.49,25.99,0.49,-0.07,42.37,34.3,61.9,Urban_Commercial,6118.0,0.86,4,0,0: Low
Chennai - Madipakkam Lake Buffer,Lake Catchment,3.26,4.48,3.07,0.57,-0.05,3.41,45.4,52.8,Urban_Residential,4629.0,0.59,14,0,0: Low
Chennai - Madipakkam Lake Buffer,Lake Catchment,33.91,12.55,4.32,1.82,0.23,3.57,57.4,37.3,Urban_Residential,12544.0,0.44,14,1,1: Moderate
Cuddalore - Manimuktha Basin (Virudhachalam),Riverine Plain,35.73,10.9,24.18,1.18,0.14,27.83,74.2,17.5,Agricultural_Mixed,2299.0,0.85,6,0,0: Low
