ward_id,ward_name,zone,latitude,longitude,rainfall_24h_mm,rainfall_intensity_mm_hr,water_level_m,reservoir_discharge_cusecs,elevation_m,slope_degrees,drain_density_km_sqkm,siltation_level_pct,drain_capacity_pct,land_use,past_flood_frequency,historical_max_depth_cm,flood_impact_level,flood_impact_label
W011,Sholinganallur IT Corridor,South-East,12.901,80.2279,87.29,20.44,2.82,1221.3,4.61,0.65,2.88,35.0,69.7,Commercial,9,115,2,High
W002,Velachery Lowlands,South,12.9815,80.218,11.64,4.3,1.18,806.7,2.89,0.41,2.0,12.8,84.2,High_Density_Residential,12,140,0,Low
W001,T. Nagar Commercial Hub,Central,13.0418,80.2341,129.61,23.66,4.09,3171.9,6.11,0.86,3.84,9.4,95.0,Commercial,8,90,2,High
W012,Manali Petrochemical Zone,North-East,13.1706,80.2605,29.35,4.21,0.92,588.4,2.57,0.45,2.18,24.6,71.2,Industrial,11,135,0,Low
W005,Adyar Estuary Buffer,Coastal,13.0012,80.2565,146.1,29.93,3.31,4554.9,4.57,0.47,3.09,48.5,55.5,Green_Space,9,110,2,High
W004,Guindy Industrial Estate,South-Central,13.0067,80.2025,63.75,15.27,1.84,1091.3,12.54,2.11,4.2,22.8,84.6,Industrial,4,45,0,Low
W004,Guindy Industrial Estate,South-Central,13.0067,80.2025,4.54,3.61,0.74,936.7,12.6,2.27,4.47,38.6,62.3,Industrial,4,45,0,Low
W003,Madipakkam Lake Basin,South,12.9647,80.1961,9.52,4.84,1.73,874.7,3.07,0.3,1.74,40.0,59.2,High_Density_Residential,14,160,0,Low
W012,Manali Petrochemical Zone,North-East,13.1706,80.2605,73.67,14.18,3.45,3398.6,3.19,0.2,1.87,31.8,68.2,Industrial,11,135,2,High
W002,Velachery Lowlands,South,12.9815,80.218,6.78,5.41,1.98,317.8,3.4,0.57,2.38,64.5,38.4,High_Density_Residential,12,140,1,Moderate
W011,Sholinganallur IT Corridor,South-East,12.901,80.2279,29.56,3.89,0.78,136.7,5.18,0.63,3.51,44.3,51.2,Commercial,9,115,0,Low
W012,Manali Petrochemical Zone,North-East,13.1706,80.2605,13.26,2.02,1.89,889.6,3.14,0.52,2.51,8.7,92.6,Industrial,11,135,0,Low
W009,Perambur Railway Lowlands,North,13.1114,80.2437,13.52,7.53,1.85,898.4,5.25,0.68,2.53,31.5,62.4,Commercial,10,125,0,Low
W002,Velachery Lowlands,South,12.9815,80.218,25.5,3.14,0.99,771.8,4.03,0.54,2.13,60.3,35.2,High_Density_Residential,12,140,0,Low
W010,Kolathur Urban Catchment,North-West,13.1235,80.2188,242.9,89.6,6.5,15845.5,8.89,1.11,3.01,14.2,85.2,High_Density_Residential,7,85,3,Severe Inundation
W007,Mylapore Heritage Sector,East,13.0368,80.2676,334.18,87.65,5.6,11543.5,8.8,1.13,4.52,43.1,52.5,High_Density_Residential,5,55,3,Severe Inundation
W001,T. Nagar Commercial Hub,Central,13.0418,80.2341,89.45,10.38,2.68,3168.9,6.55,0.96,3.86,11.2,90.1,Commercial,8,90,1,Moderate
W001,T. Nagar Commercial Hub,Central,13.0418,80.2341,78.91,19.05,2.99,2948.6,6.55,0.75,3.63,49.2,62.4,Commercial,8,90,1,Moderate
W002,Velachery Lowlands,South,12.9815,80.218,21.5,1.27,0.56,840.3,3.14,0.35,2.58,61.5,47.7,High_Density_Residential,12,140,0,Low
W004,Guindy Industrial Estate,South-Central,13.0067,80.2025,262.61,61.15,6.95,10343.7,12.73,1.98,4.53,48.9,48.8,Industrial,4,45,3,Severe Inundation
W004,Guindy Industrial Estate,South-Central,13.0067,80.2025,74.3,19.22,2.28,3378.1,12.55,2.35,4.15,6.4,100.0,Industrial,4,45,0,Low
W009,Perambur Railway Lowlands,North,13.1114,80.2437,44.53,15.38,2.48,2462.8,4.63,0.43,2.97,40.0,55.1,Commercial,10,125,1,Moderate
W010,Kolathur Urban Catchment,North-West,13.1235,80.2188,23.2,1.24,1.38,946.2,7.04,1.29,3.09,11.3,88.2,High_Density_Residential,7,85,0,Low
W001,T. Nagar Commercial Hub,Central,13.0418,80.2341,29.88,1.21,1.72,353.7,6.28,0.85,3.92,21.8,74.0,Commercial,8,90,0,Low
W009,Perambur Railway Lowlands,North,13.1114,80.2437,162.62,49.72,3.94,4860.1,4.73,0.67,2.5,69.5,35.2,Commercial,10,125,3,Severe Inundation
W004,Guindy Industrial Estate,South-Central,13.0067,80.2025,242.27,45.54,7.24,8458.5,12.78,2.15,4.41,17.3,77.6,Industrial,4,45,3,Severe Inundation
W012,Manali Petrochemical Zone,North-East,13.1706,80.2605,157.71,43.75,4.62,3456.0,2.92,0.4,2.27,57.6,43.7,Industrial,11,135,3,Severe Inundation
W011,Sholinganallur IT Corridor,South-East,12.901,80.2279,29.12,7.36,0.62,176.4,4.96,0.43,2.99,14.6,93.3,Commercial,9,115,0,Low
W012,Manali Petrochemical Zone,North-East,13.1706,80.2605,38.1,10.02,2.0,2552.9,3.2,0.48,1.83,82.9,18.2,Industrial,11,135,1,Moderate
W009,Perambur Railway Lowlands,North,13.1114,80.2437,20.28,9.72,1.28,666.5,4.83,0.78,2.48,35.3,69.6,Commercial,10,125,0,Low
W007,Mylapore Heritage Sector,East,13.0368,80.2676,17.3,4.18,1.38,170.0,8.81,1.25,4.69,59.5,33.9,High_Density_Residential,5,55,0,Low
W004,Guindy Industrial Estate,South-Central,13.0067,80.2025,318.57,47.26,4.87,11452.9,12.52,1.94,3.71,45.9,49.6,Industrial,4,45,3,Severe Inundation
W008,Tambaram Outer Valley,South-West,12.9249,80.1,163.16,49.99,4.99,5777.2,15.98,2.73,3.31,72.3,20.0,Low_Density_Residential,6,70,3,Severe Inundation
W010,Kolathur Urban Catchment,North-West,13.1235,80.2188,24.16,5.68,1.66,568.1,7.87,1.27,3.3,53.4,51.0,High_Density_Residential,7,85,0,Low
W005,Adyar Estuary Buffer,Coastal,13.0012,80.2565,13.57,6.31,1.09,493.7,3.96,0.56,3.17,58.8,32.7,Green_Space,9,110,0,Low
W001,T. Nagar Commercial Hub,Central,13.0418,80.2341,88.9,16.37,2.36,2510.2,6.15,0.79,4.21,14.7,83.7,Commercial,8,90,1,Moderate
W003,Madipakkam Lake Basin,South,12.9647,80.1961,7.57,3.51,0.77,179.8,2.61,0.28,1.34,19.2,77.3,High_Density_Residential,14,160,0,Low
W012,Manali Petrochemical Zone,North-East,13.1706,80.2605,172.88,21.83,3.7,7031.0,2.91,0.49,1.87,48.5,40.6,Industrial,11,135,3,Severe Inundation
W007,Mylapore Heritage Sector,East,13.0368,80.2676,261.87,71.61,5.09,12197.8,8.1,0.96,4.49,45.0,51.7,High_Density_Residential,5,55,3,Severe Inundation
W006,Anna Nagar Residential,West,13.085,80.2101,31.39,6.34,1.52,810.3,14.15,2.5,4.92,59.9,36.8,Low_Density_Residential,2,25,0,Low
W005,Adyar Estuary Buffer,Coastal,13.0012,80.2565,54.59,24.77,2.83,1440.5,3.58,0.5,2.79,42.1,58.1,Green_Space,9,110,1,Moderate
W003,Madipakkam Lake Basin,South,12.9647,80.1961,89.03,9.9,2.48,3417.6,2.89,0.34,2.21,32.2,75.9,High_Density_Residential,14,160,2,High
W004,Guindy Industrial Estate,South-Central,13.0067,80.2025,12.68,4.83,1.26,318.2,12.1,2.14,4.25,38.4,58.4,Industrial,4,45,0,Low
W006,Anna Nagar Residential,West,13.085,80.2101,6.44,1.57,1.98,390.1,14.26,2.61,4.65,46.1,48.7,Low_Density_Residential,2,25,0,Low
W002,Velachery Lowlands,South,12.9815,80.218,4.19,7.67,1.36,857.6,3.54,0.45,2.04,35.3,66.1,High_Density_Residential,12,140,0,Low
W002,Velachery Lowlands,South,12.9815,80.218,83.25,14.67,3.19,1985.7,3.23,0.2,2.05,69.4,34.7,High_Density_Residential,12,140,2,High
W007,Mylapore Heritage Sector,East,13.0368,80.2676,41.43,23.98,2.87,1704.2,8.54,1.25,4.52,20.6,77.1,High_Density_Residential,5,55,0,Low
W002,Velachery Lowlands,South,12.9815,80.218,26.55,1.3,1.35,786.2,3.36,0.52,2.29,66.3,38.6,High_Density_Residential,12,140,0,Low
W006,Anna Nagar Residential,West,13.085,80.2101,48.85,13.88,2.11,3252.8,14.9,2.23,5.53,59.9,40.6,Low_Density_Residential,2,25,0,Low
W006,Anna Nagar Residential,West,13.085,80.2101,173.02,41.22,3.47,5881.4,13.96,2.78,5.51,40.3,62.3,Low_Density_Residential,2,25,2,High
W010,Kolathur Urban Catchment,North-West,13.1235,80.2188,28.49,1.04,1.0,458.4,7.75,1.22,2.84,24.9,73.8,High_Density_Residential,7,85,0,Low
W005,Adyar Estuary Buffer,Coastal,13.0012,80.2565,7.82,5.49,1.13,923.4,4.53,0.32,2.74,15.6,83.5,Green_Space,9,110,0,Low
W001,T. Nagar Commercial Hub,Central,13.0418,80.2341,38.69,20.75,2.16,3224.7,6.26,0.71,3.58,10.0,88.7,Commercial,8,90,1,Moderate
W012,Manali Petrochemical Zone,North-East,13.1706,80.2605,59.24,14.81,2.75,1219.1,3.32,0.36,1.93,29.0,70.7,Industrial,11,135,2,High
W008,Tambaram Outer Valley,South-West,12.9249,80.1,92.44,26.66,3.62,6359.5,15.69,2.72,3.15,52.7,50.8,Low_Density_Residential,6,70,1,Moderate
W009,Perambur Railway Lowlands,North,13.1114,80.2437,125.75,40.04,3.57,4465.7,4.33,0.76,2.65,25.3,67.6,Commercial,10,125,3,Severe Inundation
W002,Velachery Lowlands,South,12.9815,80.218,51.2,24.12,3.1,1178.3,2.63,0.39,2.37,62.1,39.4,High_Density_Residential,12,140,2,High
W007,Mylapore Heritage Sector,East,13.0368,80.2676,49.18,10.37,3.22,3457.9,7.98,1.22,4.41,8.1,94.5,High_Density_Residential,5,55,0,Low
W002,Velachery Lowlands,South,12.9815,80.218,105.78,47.43,3.95,4915.7,4.13,0.31,2.14,44.3,52.6,High_Density_Residential,12,140,3,Severe Inundation
W009,Perambur Railway Lowlands,North,13.1114,80.2437,13.74,7.47,0.95,609.8,5.83,0.45,2.62,37.6,54.8,Commercial,10,125,0,Low
W005,Adyar Estuary Buffer,Coastal,13.0012,80.2565,53.38,21.11,1.98,1002.9,3.84,0.59,2.82,85.9,17.3,Green_Space,9,110,1,Moderate
W011,Sholinganallur IT Corridor,South-East,12.901,80.2279,21.48,4.25,0.64,925.6,3.97,0.47,3.66,54.6,50.7,Commercial,9,115,0,Low
W010,Kolathur Urban Catchment,North-West,13.1235,80.2188,47.17,24.79,3.4,906.5,8.05,1.16,3.03,31.5,63.1,High_Density_Residential,7,85,1,Moderate
W006,Anna Nagar Residential,West,13.085,80.2101,335.37,92.21,6.08,16551.4,14.31,2.63,4.79,10.8,95.6,Low_Density_Residential,2,25,3,Severe Inundation
W010,Kolathur Urban Catchment,North-West,13.1235,80.2188,19.8,8.12,0.98,663.3,7.85,1.14,3.01,43.6,53.8,High_Density_Residential,7,85,0,Low
W004,Guindy Industrial Estate,South-Central,13.0067,80.2025,69.51,22.85,3.47,2874.3,11.73,1.84,4.0,15.6,79.1,Industrial,4,45,1,Moderate
W012,Manali Petrochemical Zone,North-East,13.1706,80.2605,109.64,48.5,4.62,3447.1,2.72,0.55,1.87,14.2,86.6,Industrial,11,135,3,Severe Inundation
W002,Velachery Lowlands,South,12.9815,80.218,63.2,11.92,2.1,1395.3,3.72,0.31,2.03,31.5,62.6,High_Density_Residential,12,140,1,Moderate
W001,T. Nagar Commercial Hub,Central,13.0418,80.2341,28.92,3.02,0.84,583.3,6.62,1.03,3.92,71.2,30.3,Commercial,8,90,0,Low
W011,Sholinganallur IT Corridor,South-East,12.901,80.2279,139.58,22.61,3.94,4863.4,4.85,0.36,2.7,23.2,72.5,Commercial,9,115,3,Severe Inundation
W004,Guindy Industrial Estate,South-Central,13.0067,80.2025,24.37,6.09,0.9,890.8,12.54,2.19,4.34,51.2,54.2,Industrial,4,45,0,Low
W005,Adyar Estuary Buffer,Coastal,13.0012,80.2565,76.4,10.7,3.3,3154.0,3.95,0.47,2.85,20.6,79.4,Green_Space,9,110,1,Moderate
W002,Velachery Lowlands,South,12.9815,80.218,281.09,57.99,6.51,13169.8,2.9,0.35,2.11,35.0,68.0,High_Density_Residential,12,140,3,Severe Inundation
W004,Guindy Industrial Estate,South-Central,13.0067,80.2025,32.93,7.19,0.6,370.9,12.25,2.13,4.27,5.2,92.2,Industrial,4,45,0,Low
W002,Velachery Lowlands,South,12.9815,80.218,151.5,33.38,3.69,7985.6,2.69,0.2,2.3,5.0,96.2,High_Density_Residential,12,140,3,Severe Inundation
W007,Mylapore Heritage Sector,East,13.0368,80.2676,114.59,48.53,3.47,5161.7,8.45,1.29,4.46,10.7,83.0,High_Density_Residential,5,55,3,Severe Inundation
W005,Adyar Estuary Buffer,Coastal,13.0012,80.2565,132.59,49.05,3.53,7343.1,4.38,0.71,3.15,38.1,64.3,Green_Space,9,110,2,High
W008,Tambaram Outer Valley,South-West,12.9249,80.1,24.62,4.87,0.8,542.4,15.98,2.82,3.4,34.7,63.1,Low_Density_Residential,6,70,0,Low
W011,Sholinganallur IT Corridor,South-East,12.901,80.2279,51.04,19.81,3.26,2905.6,4.49,0.41,3.88,39.6,60.3,Commercial,9,115,2,High
W006,Anna Nagar Residential,West,13.085,80.2101,12.77,5.66,0.63,415.6,15.21,2.35,5.12,22.3,84.7,Low_Density_Residential,2,25,0,Low
W003,Madipakkam Lake Basin,South,12.9647,80.1961,32.9,1.47,1.31,738.2,2.96,0.4,1.82,17.4,87.4,High_Density_Residential,14,160,0,Low
W006,Anna Nagar Residential,West,13.085,80.2101,63.95,20.44,1.94,963.0,15.03,2.4,4.89,46.0,53.9,Low_Density_Residential,2,25,0,Low
W006,Anna Nagar Residential,West,13.085,80.2101,74.56,11.88,3.49,3431.9,14.05,2.58,5.22,26.6,72.8,Low_Density_Residential,2,25,0,Low
W004,Guindy Industrial Estate,South-Central,13.0067,80.2025,54.03,14.31,3.48,908.3,12.75,2.13,4.56,57.8,41.4,Industrial,4,45,0,Low
W011,Sholinganallur IT Corridor,South-East,12.901,80.2279,21.55,9.21,0.82,660.7,5.05,0.62,3.46,56.9,41.6,Commercial,9,115,0,Low
W005,Adyar Estuary Buffer,Coastal,13.0012,80.2565,130.08,35.44,3.85,5964.8,4.08,0.55,2.65,12.4,85.2,Green_Space,9,110,2,High
W012,Manali Petrochemical Zone,North-East,13.1706,80.2605,252.61,56.8,5.0,9282.5,2.36,0.44,1.83,20.6,82.0,Industrial,11,135,3,Severe Inundation
W011,Sholinganallur IT Corridor,South-East,12.901,80.2279,81.43,21.7,2.8,3144.3,4.99,0.46,3.26,34.2,69.5,Commercial,9,115,2,High
W011,Sholinganallur IT Corridor,South-East,12.901,80.2279,18.74,1.37,0.72,988.0,4.56,0.57,3.23,23.6,78.4,Commercial,9,115,0,Low
W002,Velachery Lowlands,South,12.9815,80.218,177.29,22.82,4.41,5218.8,3.76,0.37,2.5,42.9,58.1,High_Density_Residential,12,140,3,Severe Inundation
W010,Kolathur Urban Catchment,North-West,13.1235,80.2188,32.72,7.21,1.51,294.1,7.36,1.34,3.2,21.2,77.5,High_Density_Residential,7,85,0,Low
W011,Sholinganallur IT Corridor,South-East,12.901,80.2279,169.07,32.12,3.79,6338.0,5.07,0.59,3.35,33.8,65.3,Commercial,9,115,3,Severe Inundation
W003,Madipakkam Lake Basin,South,12.9647,80.1961,14.09,4.57,1.54,449.7,2.18,0.25,2.02,21.5,86.2,High_Density_Residential,14,160,0,Low
W009,Perambur Railway Lowlands,North,13.1114,80.2437,136.72,34.38,3.25,4706.2,4.73,0.29,2.65,5.0,98.0,Commercial,10,125,3,Severe Inundation
W012,Manali Petrochemical Zone,North-East,13.1706,80.2605,182.92,54.79,4.82,14298.5,3.1,0.46,1.83,28.1,67.0,Industrial,11,135,3,Severe Inundation
W004,Guindy Industrial Estate,South-Central,13.0067,80.2025,52.12,18.38,3.02,1536.1,12.15,1.95,4.31,50.3,46.7,Industrial,4,45,0,Low
W003,Madipakkam Lake Basin,South,12.9647,80.1961,49.11,24.37,2.62,2976.2,2.57,0.31,1.74,44.8,57.2,High_Density_Residential,14,160,2,High
W008,Tambaram Outer Valley,South-West,12.9249,80.1,81.19,23.3,2.4,1439.6,15.48,2.69,3.03,31.1,64.7,Low_Density_Residential,6,70,0,Low
W007,Mylapore Heritage Sector,East,13.0368,80.2676,44.24,20.53,3.27,1385.2,8.99,1.44,4.56,10.5,89.5,High_Density_Residential,5,55,0,Low
W005,Adyar Estuary Buffer,Coastal,13.0012,80.2565,58.55,20.2,2.98,3476.4,3.79,0.69,2.76,79.4,20.8,Green_Space,9,110,1,Moderate
W011,Sholinganallur IT Corridor,South-East,12.901,80.2279,28.41,3.1,1.31,892.1,4.69,0.82,3.79,12.5,84.0,Commercial,9,115,0,Low
W012,Manali Petrochemical Zone,North-East,13.1706,80.2605,87.67,10.98,2.97,1342.5,2.83,0.41,1.89,68.0,25.0,Industrial,11,135,2,High
W009,Perambur Railway Lowlands,North,13.1114,80.2437,136.89,38.71,3.36,6776.4,5.31,0.52,2.32,53.7,37.1,Commercial,10,125,3,Severe Inundation
W004,Guindy Industrial Estate,South-Central,13.0067,80.2025,59.6,18.21,2.68,3282.4,12.5,2.1,4.11,25.8,80.0,Industrial,4,45,0,Low
W011,Sholinganallur IT Corridor,South-East,12.901,80.2279,4.67,4.63,0.76,725.5,4.74,0.5,3.44,41.7,58.2,Commercial,9,115,0,Low
W006,Anna Nagar Residential,West,13.085,80.2101,77.06,10.97,2.65,1876.4,14.35,2.35,4.42,46.7,54.8,Low_Density_Residential,2,25,0,Low
W001,T. Nagar Commercial Hub,Central,13.0418,80.2341,22.45,6.85,0.73,155.2,5.88,0.77,3.72,70.5,26.4,Commercial,8,90,0,Low
W004,Guindy Industrial Estate,South-Central,13.0067,80.2025,95.61,35.28,4.99,7069.9,11.79,2.24,4.17,22.2,82.8,Industrial,4,45,2,High
W001,T. Nagar Commercial Hub,Central,13.0418,80.2341,80.51,20.47,3.11,829.8,5.73,0.71,3.64,5.0,87.6,Commercial,8,90,2,High
W006,Anna Nagar Residential,West,13.085,80.2101,9.96,9.78,1.7,963.6,14.1,2.5,4.76,5.0,94.8,Low_Density_Residential,2,25,0,Low
W007,Mylapore Heritage Sector,East,13.0368,80.2676,55.67,14.71,2.58,2919.5,8.15,1.1,4.42,80.7,30.1,High_Density_Residential,5,55,1,Moderate
W005,Adyar Estuary Buffer,Coastal,13.0012,80.2565,170.56,39.1,4.31,3333.3,3.62,0.61,2.95,21.3,76.4,Green_Space,9,110,3,Severe Inundation
W002,Velachery Lowlands,South,12.9815,80.218,13.54,7.97,1.49,266.7,4.02,0.58,2.36,42.3,56.1,High_Density_Residential,12,140,0,Low
W004,Guindy Industrial Estate,South-Central,13.0067,80.2025,77.6,18.95,2.7,913.3,12.98,2.37,4.31,42.9,56.0,Industrial,4,45,0,Low
W010,Kolathur Urban Catchment,North-West,13.1235,80.2188,59.17,18.42,3.4,1449.9,7.29,1.07,3.18,56.6,42.5,High_Density_Residential,7,85,1,Moderate
W012,Manali Petrochemical Zone,North-East,13.1706,80.2605,131.45,45.26,4.51,6882.2,2.78,0.48,1.98,43.9,55.7,Industrial,11,135,3,Severe Inundation
W006,Anna Nagar Residential,West,13.085,80.2101,18.69,8.57,1.6,588.0,14.73,2.54,5.12,53.2,53.3,Low_Density_Residential,2,25,0,Low
W004,Guindy Industrial Estate,South-Central,13.0067,80.2025,17.23,1.08,0.87,753.8,12.92,2.04,4.1,67.6,26.8,Industrial,4,45,0,Low
W011,Sholinganallur IT Corridor,South-East,12.901,80.2279,27.11,1.32,1.62,282.2,5.08,0.48,3.24,53.3,55.4,Commercial,9,115,0,Low
W008,Tambaram Outer Valley,South-West,12.9249,80.1,274.89,64.58,5.91,14804.0,16.47,2.71,3.23,55.7,40.9,Low_Density_Residential,6,70,3,Severe Inundation
W007,Mylapore Heritage Sector,East,13.0368,80.2676,72.21,21.68,2.26,3027.6,9.25,1.08,4.37,25.2,75.2,High_Density_Residential,5,55,1,Moderate
W011,Sholinganallur IT Corridor,South-East,12.901,80.2279,43.11,13.58,2.54,1039.2,4.69,0.3,3.33,34.1,67.2,Commercial,9,115,1,Moderate
W008,Tambaram Outer Valley,South-West,12.9249,80.1,66.45,17.99,2.11,1778.0,15.88,2.82,3.16,5.3,97.2,Low_Density_Residential,6,70,0,Low
W003,Madipakkam Lake Basin,South,12.9647,80.1961,61.56,10.27,1.94,2765.4,1.65,0.28,1.88,42.9,54.2,High_Density_Residential,14,160,1,Moderate
W005,Adyar Estuary Buffer,Coastal,13.0012,80.2565,3.88,3.54,0.89,322.3,4.15,0.57,3.21,49.8,50.0,Green_Space,9,110,0,Low
W003,Madipakkam Lake Basin,South,12.9647,80.1961,4.07,9.16,0.71,579.2,2.09,0.2,1.78,41.6,55.3,High_Density_Residential,14,160,0,Low
W004,Guindy Industrial Estate,South-Central,13.0067,80.2025,221.04,77.71,5.33,13436.0,12.03,2.17,4.14,51.1,45.2,Industrial,4,45,3,Severe Inundation
W012,Manali Petrochemical Zone,North-East,13.1706,80.2605,140.51,35.7,3.41,7300.7,3.08,0.42,1.75,24.4,75.4,Industrial,11,135,3,Severe Inundation
W009,Perambur Railway Lowlands,North,13.1114,80.2437,70.8,17.27,1.91,2183.8,5.8,0.47,2.62,70.1,27.5,Commercial,10,125,1,Moderate
W009,Perambur Railway Lowlands,North,13.1114,80.2437,136.74,26.15,4.78,7397.9,4.86,0.58,2.49,44.7,51.7,Commercial,10,125,3,Severe Inundation
W005,Adyar Estuary Buffer,Coastal,13.0012,80.2565,40.8,19.17,3.2,1827.1,4.45,0.62,3.17,11.1,86.6,Green_Space,9,110,1,Moderate
W012,Manali Petrochemical Zone,North-East,13.1706,80.2605,265.28,52.9,6.68,15829.2,3.53,0.34,1.89,27.6,69.8,Industrial,11,135,3,Severe Inundation
W010,Kolathur Urban Catchment,North-West,13.1235,80.2188,16.53,6.54,0.63,894.2,8.1,1.1,2.99,57.6,37.1,High_Density_Residential,7,85,0,Low
W007,Mylapore Heritage Sector,East,13.0368,80.2676,248.4,53.11,4.83,13377.4,9.22,1.23,4.86,18.0,83.7,High_Density_Residential,5,55,3,Severe Inundation
W010,Kolathur Urban Catchment,North-West,13.1235,80.2188,131.33,30.73,4.09,7141.2,7.02,0.95,2.92,37.3,70.8,High_Density_Residential,7,85,3,Severe Inundation
W007,Mylapore Heritage Sector,East,13.0368,80.2676,145.88,30.57,4.71,5356.4,8.52,1.22,4.42,58.3,44.4,High_Density_Residential,5,55,3,Severe Inundation
W006,Anna Nagar Residential,West,13.085,80.2101,73.18,16.72,2.32,1374.1,14.81,2.58,5.13,32.1,69.9,Low_Density_Residential,2,25,0,Low
W004,Guindy Industrial Estate,South-Central,13.0067,80.2025,140.44,23.33,4.0,5301.8,12.46,2.27,4.16,44.0,58.1,Industrial,4,45,2,High
W003,Madipakkam Lake Basin,South,12.9647,80.1961,300.63,85.25,4.85,17609.5,3.1,0.2,1.72,47.3,54.5,High_Density_Residential,14,160,3,Severe Inundation
W009,Perambur Railway Lowlands,North,13.1114,80.2437,9.98,1.11,1.2,371.1,4.36,0.62,2.59,69.7,34.8,Commercial,10,125,0,Low
W008,Tambaram Outer Valley,South-West,12.9249,80.1,4.61,3.16,1.69,131.2,16.09,2.81,3.43,52.8,52.1,Low_Density_Residential,6,70,0,Low
W002,Velachery Lowlands,South,12.9815,80.218,141.46,35.52,3.97,4584.7,4.09,0.35,2.34,50.3,58.5,High_Density_Residential,12,140,3,Severe Inundation
W001,T. Nagar Commercial Hub,Central,13.0418,80.2341,40.73,14.54,2.63,2561.0,6.51,0.82,3.82,22.8,73.5,Commercial,8,90,0,Low
W002,Velachery Lowlands,South,12.9815,80.218,37.51,10.38,2.27,3423.1,3.41,0.2,2.06,67.6,32.4,High_Density_Residential,12,140,1,Moderate
W003,Madipakkam Lake Basin,South,12.9647,80.1961,63.2,12.99,3.38,1871.9,2.57,0.33,1.37,23.5,86.0,High_Density_Residential,14,160,2,High
W011,Sholinganallur IT Corridor,South-East,12.901,80.2279,201.04,58.74,5.87,11929.2,4.83,0.47,3.43,32.3,64.6,Commercial,9,115,3,Severe Inundation
W003,Madipakkam Lake Basin,South,12.9647,80.1961,60.09,14.27,2.01,1931.2,2.94,0.28,1.77,33.0,61.6,High_Density_Residential,14,160,2,High
W011,Sholinganallur IT Corridor,South-East,12.901,80.2279,35.56,18.81,3.35,2453.9,4.65,0.6,3.06,51.7,45.0,Commercial,9,115,2,High
W007,Mylapore Heritage Sector,East,13.0368,80.2676,6.06,6.03,1.01,756.3,8.31,1.35,4.35,24.7,80.3,High_Density_Residential,5,55,0,Low
W010,Kolathur Urban Catchment,North-West,13.1235,80.2188,78.91,21.98,3.26,3274.9,7.07,1.0,2.8,5.0,100.0,High_Density_Residential,7,85,1,Moderate
W002,Velachery Lowlands,South,12.9815,80.218,31.37,4.11,0.73,122.9,3.01,0.6,1.96,63.3,41.5,High_Density_Residential,12,140,0,Low
W007,Mylapore Heritage Sector,East,13.0368,80.2676,46.98,24.8,2.57,2658.3,8.48,1.03,4.28,46.0,52.2,High_Density_Residential,5,55,0,Low
W007,Mylapore Heritage Sector,East,13.0368,80.2676,198.58,92.8,5.65,16828.2,8.36,1.38,4.2,71.8,22.2,High_Density_Residential,5,55,3,Severe Inundation
W010,Kolathur Urban Catchment,North-West,13.1235,80.2188,64.79,20.95,3.22,1989.2,7.37,0.97,3.19,25.6,65.3,High_Density_Residential,7,85,1,Moderate
W008,Tambaram Outer Valley,South-West,12.9249,80.1,61.89,14.83,3.49,3176.8,15.56,2.97,2.94,74.0,39.2,Low_Density_Residential,6,70,0,Low
W009,Perambur Railway Lowlands,North,13.1114,80.2437,33.81,9.19,1.58,580.0,4.86,0.54,2.48,17.8,76.3,Commercial,10,125,0,Low
W005,Adyar Estuary Buffer,Coastal,13.0012,80.2565,142.99,31.26,3.71,4016.1,4.26,0.51,2.85,29.3,70.5,Green_Space,9,110,2,High
W009,Perambur Railway Lowlands,North,13.1114,80.2437,158.81,37.21,4.92,4002.4,5.47,0.47,2.89,24.3,74.5,Commercial,10,125,3,Severe Inundation
W001,T. Nagar Commercial Hub,Central,13.0418,80.2341,11.88,4.23,1.71,350.9,6.64,0.94,3.94,40.2,63.8,Commercial,8,90,0,Low
W011,Sholinganallur IT Corridor,South-East,12.901,80.2279,158.95,45.38,4.3,3443.0,4.17,0.5,3.42,28.8,70.6,Commercial,9,115,3,Severe Inundation
W012,Manali Petrochemical Zone,North-East,13.1706,80.2605,4.54,5.51,1.69,736.4,3.44,0.2,1.87,16.5,87.6,Industrial,11,135,0,Low
W002,Velachery Lowlands,South,12.9815,80.218,17.72,3.03,1.46,981.1,2.84,0.58,2.54,19.5,74.0,High_Density_Residential,12,140,0,Low
W011,Sholinganallur IT Corridor,South-East,12.901,80.2279,111.77,41.42,4.68,7019.8,4.58,0.66,3.58,83.7,12.9,Commercial,9,115,3,Severe Inundation
W009,Perambur Railway Lowlands,North,13.1114,80.2437,37.99,20.73,2.34,800.4,4.75,0.5,2.33,71.1,34.5,Commercial,10,125,1,Moderate
W005,Adyar Estuary Buffer,Coastal,13.0012,80.2565,29.81,3.82,1.68,902.7,3.79,0.73,3.3,36.9,70.2,Green_Space,9,110,0,Low
W011,Sholinganallur IT Corridor,South-East,12.901,80.2279,7.51,7.42,1.5,969.4,4.08,0.66,3.48,46.6,52.8,Commercial,9,115,0,Low
W006,Anna Nagar Residential,West,13.085,80.2101,46.49,14.27,2.43,941.4,14.51,2.43,5.1,67.7,37.5,Low_Density_Residential,2,25,0,Low
W002,Velachery Lowlands,South,12.9815,80.218,24.37,6.47,0.94,222.9,4.01,0.52,2.14,77.7,21.6,High_Density_Residential,12,140,0,Low
W005,Adyar Estuary Buffer,Coastal,13.0012,80.2565,5.68,5.64,0.9,851.9,3.53,0.57,2.42,14.2,85.8,Green_Space,9,110,0,Low
W007,Mylapore Heritage Sector,East,13.0368,80.2676,263.05,78.88,5.64,15626.9,8.55,1.43,4.7,31.5,64.8,High_Density_Residential,5,55,3,Severe Inundation
W003,Madipakkam Lake Basin,South,12.9647,80.1961,35.07,13.1,2.9,3430.3,2.9,0.33,1.61,83.0,16.5,High_Density_Residential,14,160,2,High
W008,Tambaram Outer Valley,South-West,12.9249,80.1,132.64,21.74,4.92,7713.6,16.21,2.81,3.27,44.9,50.2,Low_Density_Residential,6,70,2,High
W001,T. Nagar Commercial Hub,Central,13.0418,80.2341,28.77,6.72,1.08,706.7,6.77,0.68,3.43,18.5,79.9,Commercial,8,90,0,Low
W012,Manali Petrochemical Zone,North-East,13.1706,80.2605,2.26,6.68,1.17,220.8,3.22,0.49,2.17,67.8,29.1,Industrial,11,135,0,Low
W012,Manali Petrochemical Zone,North-East,13.1706,80.2605,37.41,10.82,2.56,1364.8,2.44,0.34,2.07,48.1,62.0,Industrial,11,135,1,Moderate
W005,Adyar Estuary Buffer,Coastal,13.0012,80.2565,22.54,9.83,0.79,813.3,4.11,0.69,3.18,58.5,47.4,Green_Space,9,110,0,Low
W009,Perambur Railway Lowlands,North,13.1114,80.2437,134.9,20.36,3.22,4785.1,4.52,0.31,2.64,42.3,55.5,Commercial,10,125,3,Severe Inundation
W003,Madipakkam Lake Basin,South,12.9647,80.1961,71.43,10.01,2.29,1874.2,2.26,0.2,2.04,40.7,56.3,High_Density_Residential,14,160,2,High
W009,Perambur Railway Lowlands,North,13.1114,80.2437,71.11,12.09,2.13,3279.2,4.37,0.5,2.46,19.1,81.5,Commercial,10,125,1,Moderate
W002,Velachery Lowlands,South,12.9815,80.218,66.9,16.78,3.09,1562.7,3.81,0.36,2.18,67.3,26.1,High_Density_Residential,12,140,2,High
W011,Sholinganallur IT Corridor,South-East,12.901,80.2279,108.64,22.13,3.32,7703.9,4.09,0.2,3.59,49.7,53.7,Commercial,9,115,3,Severe Inundation
W005,Adyar Estuary Buffer,Coastal,13.0012,80.2565,30.9,5.85,0.92,482.7,4.38,0.22,3.14,40.2,63.9,Green_Space,9,110,0,Low
W011,Sholinganallur IT Corridor,South-East,12.901,80.2279,12.73,7.41,1.73,263.5,4.95,0.62,3.06,18.9,81.5,Commercial,9,115,0,Low
W009,Perambur Railway Lowlands,North,13.1114,80.2437,105.06,43.42,4.25,7761.1,4.36,0.62,2.04,43.7,57.1,Commercial,10,125,3,Severe Inundation
W010,Kolathur Urban Catchment,North-West,13.1235,80.2188,85.65,19.81,3.04,3126.6,8.2,1.23,2.76,48.3,53.9,High_Density_Residential,7,85,2,High
W004,Guindy Industrial Estate,South-Central,13.0067,80.2025,140.59,48.41,4.09,4902.6,12.58,2.02,4.19,13.5,88.7,Industrial,4,45,3,Severe Inundation
W003,Madipakkam Lake Basin,South,12.9647,80.1961,139.18,49.01,3.29,5524.0,2.4,0.4,2.08,42.4,55.2,High_Density_Residential,14,160,3,Severe Inundation
W006,Anna Nagar Residential,West,13.085,80.2101,30.76,7.05,1.7,325.4,14.94,2.79,5.25,50.1,42.3,Low_Density_Residential,2,25,0,Low
W003,Madipakkam Lake Basin,South,12.9647,80.1961,38.76,21.32,2.29,1968.5,2.45,0.2,1.77,51.2,54.4,High_Density_Residential,14,160,2,High
W009,Perambur Railway Lowlands,North,13.1114,80.2437,15.81,7.76,0.65,350.1,4.8,0.25,2.8,14.5,82.5,Commercial,10,125,0,Low
W009,Perambur Railway Lowlands,North,13.1114,80.2437,15.12,3.38,0.81,534.7,5.68,0.36,2.58,19.4,77.9,Commercial,10,125,0,Low
W001,T. Nagar Commercial Hub,Central,13.0418,80.2341,69.3,19.02,2.25,840.8,6.68,0.95,3.76,7.2,94.2,Commercial,8,90,1,Moderate
W010,Kolathur Urban Catchment,North-West,13.1235,80.2188,126.73,20.46,4.25,4265.5,8.09,1.19,3.08,43.2,56.7,High_Density_Residential,7,85,3,Severe Inundation
W006,Anna Nagar Residential,West,13.085,80.2101,26.7,9.23,1.15,332.8,15.17,2.43,5.16,40.0,55.1,Low_Density_Residential,2,25,0,Low
W008,Tambaram Outer Valley,South-West,12.9249,80.1,10.2,2.93,0.91,322.8,16.23,2.79,3.4,12.6,89.9,Low_Density_Residential,6,70,0,Low
W001,T. Nagar Commercial Hub,Central,13.0418,80.2341,267.08,55.01,6.47,15300.3,6.26,1.06,3.46,44.7,56.7,Commercial,8,90,3,Severe Inundation
W002,Velachery Lowlands,South,12.9815,80.218,160.86,33.63,4.33,4241.9,3.39,0.31,2.14,57.9,39.3,High_Density_Residential,12,140,3,Severe Inundation
W006,Anna Nagar Residential,West,13.085,80.2101,36.21,13.12,2.65,951.7,14.82,2.5,4.86,49.0,48.6,Low_Density_Residential,2,25,0,Low
W005,Adyar Estuary Buffer,Coastal,13.0012,80.2565,310.26,79.26,5.1,10536.5,3.68,0.44,3.01,63.2,39.3,Green_Space,9,110,3,Severe Inundation
W004,Guindy Industrial Estate,South-Central,13.0067,80.2025,32.16,9.58,0.99,419.0,12.68,2.1,4.28,87.9,16.4,Industrial,4,45,0,Low
W001,T. Nagar Commercial Hub,Central,13.0418,80.2341,129.53,38.32,3.49,6368.2,6.27,0.88,4.15,20.6,75.9,Commercial,8,90,3,Severe Inundation
W004,Guindy Industrial Estate,South-Central,13.0067,80.2025,9.34,5.67,1.41,320.8,12.34,2.01,3.78,34.5,72.6,Industrial,4,45,0,Low
W010,Kolathur Urban Catchment,North-West,13.1235,80.2188,153.19,25.15,4.1,5059.8,6.87,1.15,2.82,50.5,45.0,High_Density_Residential,7,85,3,Severe Inundation
W002,Velachery Lowlands,South,12.9815,80.218,108.56,31.76,4.81,4021.6,2.43,0.44,1.88,50.1,54.1,High_Density_Residential,12,140,3,Severe Inundation
W002,Velachery Lowlands,South,12.9815,80.218,165.9,34.55,3.8,6957.8,3.55,0.2,2.3,36.0,70.2,High_Density_Residential,12,140,3,Severe Inundation
W012,Manali Petrochemical Zone,North-East,13.1706,80.2605,212.56,48.35,7.17,11588.8,3.4,0.41,1.94,51.0,55.8,Industrial,11,135,3,Severe Inundation
W008,Tambaram Outer Valley,South-West,12.9249,80.1,55.49,9.17,2.43,2053.4,15.72,2.93,3.62,62.6,40.4,Low_Density_Residential,6,70,0,Low
W002,Velachery Lowlands,South,12.9815,80.218,38.66,21.03,2.79,2911.3,3.8,0.49,1.96,17.4,85.2,High_Density_Residential,12,140,1,Moderate
W009,Perambur Railway Lowlands,North,13.1114,80.2437,171.74,42.76,4.27,6270.7,4.95,0.53,2.26,56.0,39.8,Commercial,10,125,3,Severe Inundation
W003,Madipakkam Lake Basin,South,12.9647,80.1961,9.97,2.93,1.14,917.1,2.25,0.3,2.02,50.2,52.8,High_Density_Residential,14,160,0,Low
W003,Madipakkam Lake Basin,South,12.9647,80.1961,32.99,6.73,0.99,342.6,2.36,0.39,1.92,45.2,57.6,High_Density_Residential,14,160,0,Low
W011,Sholinganallur IT Corridor,South-East,12.901,80.2279,106.9,22.65,4.46,4841.7,4.32,0.49,3.15,26.4,79.4,Commercial,9,115,3,Severe Inundation
W008,Tambaram Outer Valley,South-West,12.9249,80.1,312.07,87.24,5.47,13555.4,15.88,2.91,3.1,50.8,49.0,Low_Density_Residential,6,70,3,Severe Inundation
W009,Perambur Railway Lowlands,North,13.1114,80.2437,140.96,29.38,4.38,4160.1,5.53,0.59,2.83,31.6,77.2,Commercial,10,125,3,Severe Inundation
W003,Madipakkam Lake Basin,South,12.9647,80.1961,47.59,18.15,3.38,3308.7,2.6,0.36,1.91,5.0,92.0,High_Density_Residential,14,160,2,High
W005,Adyar Estuary Buffer,Coastal,13.0012,80.2565,72.11,19.52,2.43,3342.6,4.1,0.41,2.98,42.3,52.5,Green_Space,9,110,1,Moderate
W009,Perambur Railway Lowlands,North,13.1114,80.2437,130.97,40.03,4.71,3848.6,5.15,0.73,3.11,68.9,32.3,Commercial,10,125,3,Severe Inundation
W010,Kolathur Urban Catchment,North-West,13.1235,80.2188,32.4,6.25,1.39,419.4,7.48,1.08,3.09,50.5,47.8,High_Density_Residential,7,85,0,Low
W007,Mylapore Heritage Sector,East,13.0368,80.2676,115.79,44.08,5.0,3150.1,8.58,1.24,4.48,36.7,60.8,High_Density_Residential,5,55,3,Severe Inundation
W004,Guindy Industrial Estate,South-Central,13.0067,80.2025,310.72,87.63,7.33,8393.6,12.13,2.07,3.86,36.3,61.4,Industrial,4,45,3,Severe Inundation
W009,Perambur Railway Lowlands,North,13.1114,80.2437,9.67,2.17,0.88,419.8,5.42,0.43,2.57,47.7,52.1,Commercial,10,125,0,Low
W012,Manali Petrochemical Zone,North-East,13.1706,80.2605,20.59,8.23,0.71,622.6,2.73,0.4,1.62,9.2,88.9,Industrial,11,135,0,Low
W012,Manali Petrochemical Zone,North-East,13.1706,80.2605,141.69,40.02,4.6,7311.0,2.27,0.46,1.9,15.4,84.4,Industrial,11,135,3,Severe Inundation
W004,Guindy Industrial Estate,South-Central,13.0067,80.2025,81.1,14.14,3.26,1898.4,12.19,1.81,4.25,25.3,68.4,Industrial,4,45,0,Low
W012,Manali Petrochemical Zone,North-East,13.1706,80.2605,47.64,17.4,2.43,2586.5,4.27,0.43,1.86,29.9,67.4,Industrial,11,135,1,Moderate
W005,Adyar Estuary Buffer,Coastal,13.0012,80.2565,335.19,73.56,5.19,11432.8,3.89,0.78,3.0,54.7,40.5,Green_Space,9,110,3,Severe Inundation
W007,Mylapore Heritage Sector,East,13.0368,80.2676,112.47,27.9,3.2,7353.3,8.23,1.28,4.26,60.9,38.9,High_Density_Residential,5,55,2,High
W011,Sholinganallur IT Corridor,South-East,12.901,80.2279,186.41,59.57,5.36,10000.5,4.47,0.63,3.79,66.6,26.4,Commercial,9,115,3,Severe Inundation
W011,Sholinganallur IT Corridor,South-East,12.901,80.2279,3.01,2.84,1.01,559.5,4.35,0.62,3.4,53.0,36.6,Commercial,9,115,0,Low
W006,Anna Nagar Residential,West,13.085,80.2101,104.46,20.75,4.01,4187.4,14.6,2.37,5.29,30.5,66.4,Low_Density_Residential,2,25,1,Moderate
W008,Tambaram Outer Valley,South-West,12.9249,80.1,24.35,6.09,1.89,448.6,15.82,2.81,2.96,70.3,30.2,Low_Density_Residential,6,70,0,Low
W009,Perambur Railway Lowlands,North,13.1114,80.2437,222.48,75.57,6.63,10834.3,5.13,0.58,2.7,34.1,71.0,Commercial,10,125,3,Severe Inundation
W008,Tambaram Outer Valley,South-West,12.9249,80.1,16.61,3.35,1.02,851.1,15.49,2.9,3.26,53.4,47.0,Low_Density_Residential,6,70,0,Low
W002,Velachery Lowlands,South,12.9815,80.218,17.54,6.96,1.63,778.5,3.85,0.42,2.23,38.7,55.7,High_Density_Residential,12,140,0,Low
W004,Guindy Industrial Estate,South-Central,13.0067,80.2025,323.29,90.46,5.65,14756.1,11.78,1.98,3.82,39.6,62.1,Industrial,4,45,3,Severe Inundation
W004,Guindy Industrial Estate,South-Central,13.0067,80.2025,50.84,16.38,2.31,2409.4,11.92,2.06,4.37,57.8,48.4,Industrial,4,45,0,Low
W002,Velachery Lowlands,South,12.9815,80.218,243.92,61.34,4.83,16178.8,3.82,0.38,2.08,57.6,49.9,High_Density_Residential,12,140,3,Severe Inundation
W006,Anna Nagar Residential,West,13.085,80.2101,23.74,5.79,0.65,255.3,13.8,2.59,5.03,31.3,67.2,Low_Density_Residential,2,25,0,Low
W001,T. Nagar Commercial Hub,Central,13.0418,80.2341,48.91,17.82,2.41,3023.6,6.11,0.79,3.7,44.5,47.9,Commercial,8,90,1,Moderate
W010,Kolathur Urban Catchment,North-West,13.1235,80.2188,109.91,31.43,4.66,7118.1,7.48,0.76,3.07,48.7,61.1,High_Density_Residential,7,85,3,Severe Inundation
W009,Perambur Railway Lowlands,North,13.1114,80.2437,43.87,19.16,3.45,2317.9,4.79,0.45,2.32,37.8,59.3,Commercial,10,125,2,High
W004,Guindy Industrial Estate,South-Central,13.0067,80.2025,65.29,14.85,3.22,2999.6,11.78,2.31,4.43,33.8,72.6,Industrial,4,45,0,Low
W010,Kolathur Urban Catchment,North-West,13.1235,80.2188,7.17,8.45,0.56,477.3,7.53,0.87,2.95,39.2,61.9,High_Density_Residential,7,85,0,Low
W004,Guindy Industrial Estate,South-Central,13.0067,80.2025,57.18,20.79,2.7,2629.1,13.05,2.02,4.15,29.4,76.4,Industrial,4,45,0,Low
W001,T. Nagar Commercial Hub,Central,13.0418,80.2341,29.86,5.36,1.27,377.6,6.11,0.53,3.66,32.4,72.9,Commercial,8,90,0,Low
W002,Velachery Lowlands,South,12.9815,80.218,244.03,84.16,5.52,17898.5,3.53,0.35,2.19,44.7,49.6,High_Density_Residential,12,140,3,Severe Inundation
W012,Manali Petrochemical Zone,North-East,13.1706,80.2605,57.95,10.72,2.09,1929.0,2.79,0.46,1.96,57.0,48.2,Industrial,11,135,2,High
W011,Sholinganallur IT Corridor,South-East,12.901,80.2279,9.72,1.21,1.75,977.2,4.35,0.42,3.33,28.8,70.8,Commercial,9,115,0,Low
W001,T. Nagar Commercial Hub,Central,13.0418,80.2341,117.58,21.21,4.26,4988.4,6.21,0.81,3.99,63.5,40.7,Commercial,8,90,3,Severe Inundation
W004,Guindy Industrial Estate,South-Central,13.0067,80.2025,16.06,8.49,1.71,301.9,12.65,2.02,4.04,20.2,65.2,Industrial,4,45,0,Low
W002,Velachery Lowlands,South,12.9815,80.218,15.02,5.77,0.74,614.8,3.74,0.51,2.44,37.7,57.9,High_Density_Residential,12,140,0,Low
W001,T. Nagar Commercial Hub,Central,13.0418,80.2341,23.17,3.34,1.83,906.1,5.86,0.65,3.57,17.5,87.4,Commercial,8,90,0,Low
W006,Anna Nagar Residential,West,13.085,80.2101,43.6,20.55,2.41,2612.4,14.35,2.47,4.94,34.3,56.6,Low_Density_Residential,2,25,0,Low
W002,Velachery Lowlands,South,12.9815,80.218,53.17,17.59,3.25,1344.1,4.21,0.43,2.16,28.0,67.2,High_Density_Residential,12,140,2,High
W009,Perambur Railway Lowlands,North,13.1114,80.2437,112.77,45.97,3.39,3629.8,4.82,0.63,2.16,32.5,76.6,Commercial,10,125,3,Severe Inundation
W004,Guindy Industrial Estate,South-Central,13.0067,80.2025,24.85,3.1,1.44,772.4,12.09,2.14,3.78,23.6,74.3,Industrial,4,45,0,Low
W005,Adyar Estuary Buffer,Coastal,13.0012,80.2565,4.69,3.33,0.54,668.2,4.68,0.27,3.22,41.6,68.2,Green_Space,9,110,0,Low
W011,Sholinganallur IT Corridor,South-East,12.901,80.2279,21.83,4.07,1.88,465.9,4.5,0.57,3.45,11.1,92.1,Commercial,9,115,0,Low
W008,Tambaram Outer Valley,South-West,12.9249,80.1,175.13,28.87,3.2,4359.8,16.26,2.63,3.43,36.3,57.5,Low_Density_Residential,6,70,1,Moderate
W004,Guindy Industrial Estate,South-Central,13.0067,80.2025,5.12,8.48,1.88,684.8,12.68,2.07,4.26,27.0,68.4,Industrial,4,45,0,Low
W009,Perambur Railway Lowlands,North,13.1114,80.2437,2.43,5.86,1.78,961.9,5.24,0.91,2.22,54.3,42.8,Commercial,10,125,0,Low
W003,Madipakkam Lake Basin,South,12.9647,80.1961,7.84,9.89,1.17,578.7,2.55,0.49,1.47,58.1,36.1,High_Density_Residential,14,160,0,Low
W012,Manali Petrochemical Zone,North-East,13.1706,80.2605,22.87,2.15,1.37,724.1,3.61,0.52,1.91,25.6,65.8,Industrial,11,135,0,Low
W010,Kolathur Urban Catchment,North-West,13.1235,80.2188,6.14,9.67,0.66,530.6,7.94,1.27,3.46,57.2,48.3,High_Density_Residential,7,85,0,Low
W010,Kolathur Urban Catchment,North-West,13.1235,80.2188,18.44,7.2,0.88,377.0,8.13,1.14,2.9,28.6,82.2,High_Density_Residential,7,85,0,Low
W008,Tambaram Outer Valley,South-West,12.9249,80.1,54.72,23.49,1.84,1652.6,15.63,2.65,3.08,39.9,63.5,Low_Density_Residential,6,70,0,Low
W004,Guindy Industrial Estate,South-Central,13.0067,80.2025,5.97,6.26,1.95,440.1,12.33,2.03,3.79,16.1,80.5,Industrial,4,45,0,Low
W008,Tambaram Outer Valley,South-West,12.9249,80.1,246.37,64.36,6.58,12141.4,15.9,2.72,3.3,39.2,60.4,Low_Density_Residential,6,70,3,Severe Inundation
W007,Mylapore Heritage Sector,East,13.0368,80.2676,67.0,14.82,2.37,1142.4,8.05,1.15,4.7,16.9,84.4,High_Density_Residential,5,55,0,Low
W004,Guindy Industrial Estate,South-Central,13.0067,80.2025,138.63,22.38,4.22,7540.1,12.77,1.86,3.97,26.3,76.2,Industrial,4,45,2,High
W002,Velachery Lowlands,South,12.9815,80.218,97.22,34.31,4.33,7143.3,3.22,0.53,2.63,61.8,40.9,High_Density_Residential,12,140,3,Severe Inundation
W002,Velachery Lowlands,South,12.9815,80.218,79.53,24.16,1.84,3452.8,3.69,0.3,2.41,52.4,51.8,High_Density_Residential,12,140,2,High
W011,Sholinganallur IT Corridor,South-East,12.901,80.2279,46.9,15.52,1.88,3015.3,4.63,0.68,3.65,66.1,36.7,Commercial,9,115,1,Moderate
W007,Mylapore Heritage Sector,East,13.0368,80.2676,266.58,75.25,5.4,14069.3,9.2,1.01,4.61,26.8,76.7,High_Density_Residential,5,55,3,Severe Inundation
W006,Anna Nagar Residential,West,13.085,80.2101,16.58,2.47,0.78,282.1,14.28,2.48,4.96,86.8,14.1,Low_Density_Residential,2,25,0,Low
W007,Mylapore Heritage Sector,East,13.0368,80.2676,20.94,6.09,1.82,602.1,8.5,1.23,4.66,19.4,80.2,High_Density_Residential,5,55,0,Low
W007,Mylapore Heritage Sector,East,13.0368,80.2676,19.11,3.21,1.04,990.6,8.63,1.22,4.28,48.9,60.0,High_Density_Residential,5,55,0,Low
W008,Tambaram Outer Valley,South-West,12.9249,80.1,13.07,2.59,0.65,961.0,15.87,3.03,3.09,73.3,29.2,Low_Density_Residential,6,70,0,Low
W012,Manali Petrochemical Zone,North-East,13.1706,80.2605,139.22,34.25,4.86,3363.7,2.84,0.2,1.69,52.9,38.6,Industrial,11,135,3,Severe Inundation
W001,T. Nagar Commercial Hub,Central,13.0418,80.2341,127.8,37.35,4.7,7020.8,6.63,0.68,4.02,83.8,11.4,Commercial,8,90,3,Severe Inundation
W011,Sholinganallur IT Corridor,South-East,12.901,80.2279,7.24,9.54,1.82,916.3,5.05,0.32,3.16,5.0,96.3,Commercial,9,115,0,Low
W011,Sholinganallur IT Corridor,South-East,12.901,80.2279,46.56,20.62,1.84,1758.0,3.96,0.55,3.76,53.2,50.2,Commercial,9,115,1,Moderate
W011,Sholinganallur IT Corridor,South-East,12.901,80.2279,42.33,12.44,2.51,2418.1,3.76,0.52,3.41,41.9,56.3,Commercial,9,115,1,Moderate
W002,Velachery Lowlands,South,12.9815,80.218,65.28,14.93,2.69,3220.8,3.48,0.43,2.18,39.7,61.9,High_Density_Residential,12,140,2,High
W001,T. Nagar Commercial Hub,Central,13.0418,80.2341,44.94,12.57,2.14,1466.5,6.41,0.52,3.5,5.0,95.5,Commercial,8,90,0,Low
W007,Mylapore Heritage Sector,East,13.0368,80.2676,91.25,39.48,4.4,6993.3,7.87,1.55,4.54,10.0,85.1,High_Density_Residential,5,55,3,Severe Inundation
W012,Manali Petrochemical Zone,North-East,13.1706,80.2605,94.43,26.93,4.82,4281.0,3.01,0.35,2.16,24.9,79.0,Industrial,11,135,3,Severe Inundation
W006,Anna Nagar Residential,West,13.085,80.2101,34.23,6.81,1.9,373.0,13.82,2.6,5.08,52.7,53.2,Low_Density_Residential,2,25,0,Low
W002,Velachery Lowlands,South,12.9815,80.218,46.37,16.58,2.33,1954.2,4.02,0.51,2.12,53.5,46.9,High_Density_Residential,12,140,2,High
W004,Guindy Industrial Estate,South-Central,13.0067,80.2025,315.38,54.14,7.38,11455.1,12.12,2.03,4.11,39.4,61.9,Industrial,4,45,3,Severe Inundation
W004,Guindy Industrial Estate,South-Central,13.0067,80.2025,30.34,8.72,1.65,232.0,12.53,2.12,3.99,10.1,90.0,Industrial,4,45,0,Low
W004,Guindy Industrial Estate,South-Central,13.0067,80.2025,102.36,48.57,3.79,6311.6,12.15,2.21,4.11,37.6,67.6,Industrial,4,45,2,High
W009,Perambur Railway Lowlands,North,13.1114,80.2437,112.71,46.19,3.5,3268.2,4.92,0.77,2.23,20.8,80.3,Commercial,10,125,3,Severe Inundation
W008,Tambaram Outer Valley,South-West,12.9249,80.1,60.35,22.09,3.21,2715.3,16.72,2.98,3.32,51.0,53.7,Low_Density_Residential,6,70,0,Low
W003,Madipakkam Lake Basin,South,12.9647,80.1961,33.73,7.11,1.45,343.5,3.2,0.2,1.79,23.2,77.9,High_Density_Residential,14,160,0,Low
W007,Mylapore Heritage Sector,East,13.0368,80.2676,59.24,22.96,2.66,2170.9,8.0,1.17,4.85,64.4,32.5,High_Density_Residential,5,55,1,Moderate
W003,Madipakkam Lake Basin,South,12.9647,80.1961,148.39,32.57,4.02,4283.2,2.83,0.55,1.75,80.3,22.8,High_Density_Residential,14,160,3,Severe Inundation
W005,Adyar Estuary Buffer,Coastal,13.0012,80.2565,32.2,8.59,1.61,251.0,3.94,0.65,2.69,41.0,66.1,Green_Space,9,110,0,Low
W008,Tambaram Outer Valley,South-West,12.9249,80.1,99.95,21.07,4.99,4163.6,15.96,2.73,3.43,17.4,82.7,Low_Density_Residential,6,70,1,Moderate
W004,Guindy Industrial Estate,South-Central,13.0067,80.2025,257.32,94.34,6.84,10110.4,13.0,2.13,4.09,34.8,68.5,Industrial,4,45,3,Severe Inundation
W002,Velachery Lowlands,South,12.9815,80.218,29.31,1.01,0.96,317.0,3.59,0.2,2.1,55.4,49.2,High_Density_Residential,12,140,0,Low
W008,Tambaram Outer Valley,South-West,12.9249,80.1,189.64,59.88,5.6,10864.2,15.88,2.87,3.26,41.9,59.0,Low_Density_Residential,6,70,3,Severe Inundation
W009,Perambur Railway Lowlands,North,13.1114,80.2437,33.53,3.22,1.79,251.9,5.63,0.51,2.69,39.9,48.9,Commercial,10,125,0,Low
W002,Velachery Lowlands,South,12.9815,80.218,12.24,5.53,1.69,765.5,3.15,0.25,1.95,49.4,48.7,High_Density_Residential,12,140,0,Low
W001,T. Nagar Commercial Hub,Central,13.0418,80.2341,14.94,9.53,0.71,787.2,6.73,0.72,3.86,80.4,23.9,Commercial,8,90,0,Low
W011,Sholinganallur IT Corridor,South-East,12.901,80.2279,54.58,10.52,2.81,2998.8,4.06,0.35,3.2,45.0,63.0,Commercial,9,115,1,Moderate
W009,Perambur Railway Lowlands,North,13.1114,80.2437,80.32,11.47,2.6,2962.5,4.87,0.62,2.38,10.8,82.3,Commercial,10,125,1,Moderate
W001,T. Nagar Commercial Hub,Central,13.0418,80.2341,180.97,69.19,5.13,10730.6,6.09,0.85,4.28,44.4,50.1,Commercial,8,90,3,Severe Inundation
W002,Velachery Lowlands,South,12.9815,80.218,120.49,48.56,4.53,5987.1,3.4,0.2,2.16,64.9,34.6,High_Density_Residential,12,140,3,Severe Inundation
W004,Guindy Industrial Estate,South-Central,13.0067,80.2025,85.03,17.67,3.1,2991.9,11.24,1.98,4.09,5.0,100.0,Industrial,4,45,1,Moderate
W003,Madipakkam Lake Basin,South,12.9647,80.1961,166.05,31.85,3.29,5009.4,2.58,0.59,1.86,14.1,94.0,High_Density_Residential,14,160,3,Severe Inundation
W007,Mylapore Heritage Sector,East,13.0368,80.2676,133.43,26.48,4.94,6575.6,8.13,1.19,4.69,47.3,51.0,High_Density_Residential,5,55,3,Severe Inundation
W008,Tambaram Outer Valley,South-West,12.9249,80.1,8.8,1.01,0.56,979.6,16.3,2.62,3.5,26.9,76.3,Low_Density_Residential,6,70,0,Low
W008,Tambaram Outer Valley,South-West,12.9249,80.1,38.76,23.26,2.0,1685.2,16.35,2.86,3.18,43.0,59.7,Low_Density_Residential,6,70,0,Low
W004,Guindy Industrial Estate,South-Central,13.0067,80.2025,16.2,2.49,1.56,581.8,11.93,2.18,4.32,80.7,18.9,Industrial,4,45,0,Low
W007,Mylapore Heritage Sector,East,13.0368,80.2676,49.24,8.9,3.03,1127.5,8.57,1.25,4.57,15.8,86.0,High_Density_Residential,5,55,0,Low
W001,T. Nagar Commercial Hub,Central,13.0418,80.2341,173.03,42.87,4.27,3960.1,6.65,1.03,3.52,12.9,87.5,Commercial,8,90,3,Severe Inundation
W003,Madipakkam Lake Basin,South,12.9647,80.1961,16.4,6.92,1.16,349.1,3.0,0.2,1.96,51.5,38.1,High_Density_Residential,14,160,0,Low
W007,Mylapore Heritage Sector,East,13.0368,80.2676,181.92,72.64,6.8,12592.7,9.46,1.26,4.36,65.3,31.6,High_Density_Residential,5,55,3,Severe Inundation
W001,T. Nagar Commercial Hub,Central,13.0418,80.2341,21.03,2.07,0.55,147.5,6.21,0.79,3.48,35.0,75.8,Commercial,8,90,0,Low
W007,Mylapore Heritage Sector,East,13.0368,80.2676,53.28,13.36,1.98,1790.4,8.59,1.15,4.35,30.5,80.3,High_Density_Residential,5,55,0,Low
W005,Adyar Estuary Buffer,Coastal,13.0012,80.2565,12.5,9.32,0.58,537.1,4.05,0.63,2.65,64.2,39.3,Green_Space,9,110,0,Low
W008,Tambaram Outer Valley,South-West,12.9249,80.1,2.53,9.67,1.07,642.9,16.09,2.72,3.1,31.4,75.7,Low_Density_Residential,6,70,0,Low
W005,Adyar Estuary Buffer,Coastal,13.0012,80.2565,279.76,51.56,5.64,9618.8,4.44,0.63,2.78,59.2,33.1,Green_Space,9,110,3,Severe Inundation
W007,Mylapore Heritage Sector,East,13.0368,80.2676,37.22,13.54,2.6,1199.5,8.38,1.15,4.49,16.9,80.6,High_Density_Residential,5,55,0,Low
W012,Manali Petrochemical Zone,North-East,13.1706,80.2605,19.77,9.22,1.08,846.6,3.23,0.24,1.76,74.7,28.2,Industrial,11,135,0,Low
W012,Manali Petrochemical Zone,North-East,13.1706,80.2605,95.74,31.62,3.71,4522.5,3.68,0.33,1.86,59.1,35.4,Industrial,11,135,3,Severe Inundation
W009,Perambur Railway Lowlands,North,13.1114,80.2437,59.45,20.62,2.19,957.8,5.57,0.46,2.16,15.9,88.9,Commercial,10,125,1,Moderate
W011,Sholinganallur IT Corridor,South-East,12.901,80.2279,21.73,6.98,1.13,731.0,4.55,0.2,3.41,31.9,54.5,Commercial,9,115,0,Low
W012,Manali Petrochemical Zone,North-East,13.1706,80.2605,78.88,22.69,2.58,2082.8,3.39,0.46,1.99,49.1,55.8,Industrial,11,135,2,High
W008,Tambaram Outer Valley,South-West,12.9249,80.1,29.27,6.02,0.58,974.7,15.26,2.82,3.12,59.1,37.3,Low_Density_Residential,6,70,0,Low
W003,Madipakkam Lake Basin,South,12.9647,80.1961,7.48,3.99,1.91,408.7,3.4,0.3,2.0,45.5,55.9,High_Density_Residential,14,160,0,Low
W004,Guindy Industrial Estate,South-Central,13.0067,80.2025,8.08,1.35,0.53,797.0,12.36,1.93,4.17,6.3,98.4,Industrial,4,45,0,Low
W005,Adyar Estuary Buffer,Coastal,13.0012,80.2565,83.81,23.2,2.37,2460.7,5.16,0.2,3.02,76.3,24.2,Green_Space,9,110,1,Moderate
W004,Guindy Industrial Estate,South-Central,13.0067,80.2025,7.1,4.96,1.27,332.9,12.17,2.06,4.14,30.0,70.2,Industrial,4,45,0,Low
W001,T. Nagar Commercial Hub,Central,13.0418,80.2341,155.98,49.86,3.72,5691.1,5.54,0.44,3.79,24.6,84.7,Commercial,8,90,3,Severe Inundation
W010,Kolathur Urban Catchment,North-West,13.1235,80.2188,89.47,18.39,2.43,2884.8,7.64,0.93,3.07,56.7,50.2,High_Density_Residential,7,85,1,Moderate
W012,Manali Petrochemical Zone,North-East,13.1706,80.2605,9.4,5.54,0.89,108.2,2.98,0.42,2.09,69.7,31.3,Industrial,11,135,0,Low
W009,Perambur Railway Lowlands,North,13.1114,80.2437,142.48,41.54,3.87,3462.2,4.1,0.36,2.35,25.0,68.8,Commercial,10,125,3,Severe Inundation
W001,T. Nagar Commercial Hub,Central,13.0418,80.2341,72.83,12.65,3.05,939.5,5.96,0.78,3.4,30.0,67.0,Commercial,8,90,1,Moderate
W012,Manali Petrochemical Zone,North-East,13.1706,80.2605,245.78,67.24,6.36,17825.1,3.51,0.23,2.03,32.1,64.6,Industrial,11,135,3,Severe Inundation
W006,Anna Nagar Residential,West,13.085,80.2101,92.73,45.31,4.03,4087.9,14.77,2.68,4.86,15.1,82.8,Low_Density_Residential,2,25,1,Moderate
W001,T. Nagar Commercial Hub,Central,13.0418,80.2341,109.57,31.0,3.9,7882.3,5.75,0.67,4.08,62.5,32.3,Commercial,8,90,3,Severe Inundation
W001,T. Nagar Commercial Hub,Central,13.0418,80.2341,90.88,32.28,3.79,6466.9,6.13,0.69,3.44,63.2,40.2,Commercial,8,90,3,Severe Inundation
W010,Kolathur Urban Catchment,North-West,13.1235,80.2188,85.33,10.66,3.08,2334.3,7.72,0.83,3.06,81.9,29.5,High_Density_Residential,7,85,1,Moderate
W008,Tambaram Outer Valley,South-West,12.9249,80.1,18.64,3.91,0.89,517.6,15.97,2.86,3.32,41.7,59.8,Low_Density_Residential,6,70,0,Low
W009,Perambur Railway Lowlands,North,13.1114,80.2437,141.96,39.39,4.03,5643.5,5.04,0.45,2.58,49.3,46.9,Commercial,10,125,3,Severe Inundation
W009,Perambur Railway Lowlands,North,13.1114,80.2437,6.8,8.89,1.29,520.5,5.18,0.54,2.72,19.9,77.0,Commercial,10,125,0,Low
W003,Madipakkam Lake Basin,South,12.9647,80.1961,14.71,9.49,1.42,851.5,2.55,0.35,1.86,14.2,84.9,High_Density_Residential,14,160,0,Low
W001,T. Nagar Commercial Hub,Central,13.0418,80.2341,336.1,48.26,7.02,14286.3,6.4,0.67,3.79,53.5,49.2,Commercial,8,90,3,Severe Inundation
W009,Perambur Railway Lowlands,North,13.1114,80.2437,38.03,15.26,2.6,3307.1,4.44,0.66,2.06,24.2,74.1,Commercial,10,125,1,Moderate
W002,Velachery Lowlands,South,12.9815,80.218,114.13,29.47,3.43,6277.5,4.01,0.42,2.29,31.2,69.9,High_Density_Residential,12,140,3,Severe Inundation
W003,Madipakkam Lake Basin,South,12.9647,80.1961,112.02,32.64,4.71,7385.6,2.92,0.2,1.84,21.6,76.8,High_Density_Residential,14,160,3,Severe Inundation
W002,Velachery Lowlands,South,12.9815,80.218,8.08,1.51,1.38,856.3,3.63,0.59,1.76,29.7,76.2,High_Density_Residential,12,140,0,Low
W010,Kolathur Urban Catchment,North-West,13.1235,80.2188,150.77,26.18,3.83,3630.6,7.95,0.98,3.37,14.2,92.0,High_Density_Residential,7,85,3,Severe Inundation
W002,Velachery Lowlands,South,12.9815,80.218,95.06,42.43,4.73,4430.7,3.89,0.2,2.01,55.1,40.7,High_Density_Residential,12,140,3,Severe Inundation
W011,Sholinganallur IT Corridor,South-East,12.901,80.2279,18.31,9.23,0.82,229.8,4.5,0.74,3.69,11.8,90.9,Commercial,9,115,0,Low
W004,Guindy Industrial Estate,South-Central,13.0067,80.2025,89.12,12.97,2.3,1757.3,11.66,1.86,4.14,38.8,64.7,Industrial,4,45,0,Low
W007,Mylapore Heritage Sector,East,13.0368,80.2676,33.95,5.08,1.92,709.1,8.13,1.11,4.77,31.5,66.7,High_Density_Residential,5,55,0,Low
W002,Velachery Lowlands,South,12.9815,80.218,7.51,9.31,1.73,418.7,3.72,0.47,2.39,56.0,43.7,High_Density_Residential,12,140,0,Low
W010,Kolathur Urban Catchment,North-West,13.1235,80.2188,271.12,86.62,7.48,9218.0,8.24,1.28,3.03,12.9,87.6,High_Density_Residential,7,85,3,Severe Inundation
W004,Guindy Industrial Estate,South-Central,13.0067,80.2025,59.08,13.28,3.1,3327.7,11.85,2.16,4.15,50.8,56.2,Industrial,4,45,0,Low
W010,Kolathur Urban Catchment,North-West,13.1235,80.2188,25.74,1.25,1.06,664.1,7.91,1.05,2.95,70.8,31.4,High_Density_Residential,7,85,0,Low
W010,Kolathur Urban Catchment,North-West,13.1235,80.2188,176.89,47.47,4.11,6975.6,7.46,1.01,3.23,39.6,54.5,High_Density_Residential,7,85,3,Severe Inundation
W001,T. Nagar Commercial Hub,Central,13.0418,80.2341,34.54,8.39,0.92,163.1,6.49,0.82,3.65,59.0,43.8,Commercial,8,90,0,Low
W010,Kolathur Urban Catchment,North-West,13.1235,80.2188,13.93,5.81,1.99,527.1,7.25,1.06,3.05,46.8,61.3,High_Density_Residential,7,85,0,Low
W002,Velachery Lowlands,South,12.9815,80.218,42.94,9.59,1.83,3158.5,3.21,0.3,2.05,13.3,91.8,High_Density_Residential,12,140,0,Low
W007,Mylapore Heritage Sector,East,13.0368,80.2676,2.66,6.28,1.18,566.2,8.67,1.2,4.42,19.3,82.5,High_Density_Residential,5,55,0,Low
W011,Sholinganallur IT Corridor,South-East,12.901,80.2279,9.81,6.65,1.74,474.1,4.74,0.44,3.11,12.2,94.4,Commercial,9,115,0,Low
W010,Kolathur Urban Catchment,North-West,13.1235,80.2188,66.12,23.58,3.16,2018.1,7.87,1.2,2.73,66.3,32.5,High_Density_Residential,7,85,2,High
W010,Kolathur Urban Catchment,North-West,13.1235,80.2188,265.29,76.58,6.27,8858.5,7.48,1.06,2.94,8.7,85.5,High_Density_Residential,7,85,3,Severe Inundation
W009,Perambur Railway Lowlands,North,13.1114,80.2437,63.45,9.43,3.47,2599.3,5.16,0.6,2.65,22.8,80.7,Commercial,10,125,2,High
W006,Anna Nagar Residential,West,13.085,80.2101,84.09,9.34,2.36,1470.4,14.86,2.67,4.75,36.6,57.2,Low_Density_Residential,2,25,0,Low
W005,Adyar Estuary Buffer,Coastal,13.0012,80.2565,28.07,6.55,0.57,660.3,4.21,0.45,3.15,16.6,90.5,Green_Space,9,110,0,Low
W004,Guindy Industrial Estate,South-Central,13.0067,80.2025,84.36,23.43,1.95,3328.5,12.6,2.18,4.23,57.4,36.7,Industrial,4,45,1,Moderate
W011,Sholinganallur IT Corridor,South-East,12.901,80.2279,33.69,1.4,0.71,112.6,4.89,0.61,3.82,77.3,23.8,Commercial,9,115,0,Low
W012,Manali Petrochemical Zone,North-East,13.1706,80.2605,77.08,16.25,2.05,2550.3,3.25,0.38,2.04,15.9,80.9,Industrial,11,135,2,High
W006,Anna Nagar Residential,West,13.085,80.2101,178.11,35.06,4.02,6767.4,14.25,2.52,4.83,20.5,78.3,Low_Density_Residential,2,25,2,High
W004,Guindy Industrial Estate,South-Central,13.0067,80.2025,101.6,41.6,3.38,6115.7,12.87,2.01,4.25,71.1,34.0,Industrial,4,45,2,High
W005,Adyar Estuary Buffer,Coastal,13.0012,80.2565,25.11,7.83,0.66,555.5,3.69,0.7,2.83,25.9,68.6,Green_Space,9,110,0,Low
W007,Mylapore Heritage Sector,East,13.0368,80.2676,164.87,32.11,3.8,5459.6,7.9,1.26,4.32,21.4,76.0,High_Density_Residential,5,55,3,Severe Inundation
W003,Madipakkam Lake Basin,South,12.9647,80.1961,12.66,5.9,1.33,420.9,2.65,0.38,1.64,51.6,44.7,High_Density_Residential,14,160,0,Low
W011,Sholinganallur IT Corridor,South-East,12.901,80.2279,91.9,32.57,4.6,4693.7,3.94,0.55,3.21,26.8,78.9,Commercial,9,115,3,Severe Inundation
W011,Sholinganallur IT Corridor,South-East,12.901,80.2279,8.47,9.49,1.96,438.6,3.97,0.51,3.66,38.5,65.8,Commercial,9,115,0,Low
W005,Adyar Estuary Buffer,Coastal,13.0012,80.2565,5.75,1.04,2.0,822.0,4.12,0.82,2.95,29.4,78.6,Green_Space,9,110,0,Low
W008,Tambaram Outer Valley,South-West,12.9249,80.1,281.98,85.09,6.06,11297.5,15.65,2.72,3.07,50.7,49.6,Low_Density_Residential,6,70,3,Severe Inundation
W006,Anna Nagar Residential,West,13.085,80.2101,103.93,29.04,3.65,4861.5,14.67,2.49,5.03,13.7,100.0,Low_Density_Residential,2,25,1,Moderate
W002,Velachery Lowlands,South,12.9815,80.218,44.39,11.36,2.34,2402.4,3.37,0.36,2.19,40.1,55.9,High_Density_Residential,12,140,1,Moderate
W001,T. Nagar Commercial Hub,Central,13.0418,80.2341,290.71,52.79,5.46,16343.0,6.44,0.68,3.85,73.7,22.2,Commercial,8,90,3,Severe Inundation
W008,Tambaram Outer Valley,South-West,12.9249,80.1,37.82,16.44,2.01,1882.6,16.48,2.7,3.28,26.0,71.8,Low_Density_Residential,6,70,0,Low
W010,Kolathur Urban Catchment,North-West,13.1235,80.2188,40.82,18.68,2.01,3462.0,8.04,1.02,3.17,58.5,46.8,High_Density_Residential,7,85,0,Low
W010,Kolathur Urban Catchment,North-West,13.1235,80.2188,70.79,22.74,3.32,3283.4,7.84,0.97,3.13,42.0,62.4,High_Density_Residential,7,85,2,High
W002,Velachery Lowlands,South,12.9815,80.218,13.14,1.16,1.1,594.9,3.16,0.63,2.04,62.9,37.1,High_Density_Residential,12,140,0,Low
W002,Velachery Lowlands,South,12.9815,80.218,195.58,60.15,6.52,11175.1,4.38,0.58,2.2,10.9,86.8,High_Density_Residential,12,140,3,Severe Inundation
W009,Perambur Railway Lowlands,North,13.1114,80.2437,108.68,37.06,4.76,5160.6,5.15,0.49,2.47,39.9,56.8,Commercial,10,125,3,Severe Inundation
W004,Guindy Industrial Estate,South-Central,13.0067,80.2025,118.04,43.49,4.0,5426.3,12.18,2.3,4.1,10.7,95.0,Industrial,4,45,2,High
W009,Perambur Railway Lowlands,North,13.1114,80.2437,11.16,9.4,1.59,619.5,5.12,0.47,2.63,13.5,85.9,Commercial,10,125,0,Low
W005,Adyar Estuary Buffer,Coastal,13.0012,80.2565,37.9,8.64,3.02,2252.9,3.45,0.61,2.7,20.1,75.7,Green_Space,9,110,0,Low
W003,Madipakkam Lake Basin,South,12.9647,80.1961,127.59,22.19,3.69,7900.0,3.32,0.54,1.8,60.1,29.3,High_Density_Residential,14,160,3,Severe Inundation
W006,Anna Nagar Residential,West,13.085,80.2101,287.78,48.24,6.06,10022.6,13.51,2.25,5.1,5.0,99.9,Low_Density_Residential,2,25,3,Severe Inundation
W002,Velachery Lowlands,South,12.9815,80.218,213.5,46.97,6.8,16189.9,3.42,0.51,1.78,75.7,32.4,High_Density_Residential,12,140,3,Severe Inundation
W004,Guindy Industrial Estate,South-Central,13.0067,80.2025,20.64,1.79,1.12,775.1,12.39,1.83,4.16,60.9,40.5,Industrial,4,45,0,Low
W006,Anna Nagar Residential,West,13.085,80.2101,18.9,9.47,0.57,417.0,14.8,2.45,4.75,84.8,15.3,Low_Density_Residential,2,25,0,Low
W005,Adyar Estuary Buffer,Coastal,13.0012,80.2565,254.44,47.91,5.51,12078.7,3.79,0.73,3.21,54.6,45.8,Green_Space,9,110,3,Severe Inundation
W003,Madipakkam Lake Basin,South,12.9647,80.1961,6.16,5.77,0.9,118.9,3.62,0.44,1.93,25.2,73.4,High_Density_Residential,14,160,0,Low
W008,Tambaram Outer Valley,South-West,12.9249,80.1,37.26,13.9,2.25,2652.4,15.52,2.68,3.44,30.5,70.7,Low_Density_Residential,6,70,0,Low
W009,Perambur Railway Lowlands,North,13.1114,80.2437,173.22,35.51,3.41,5640.9,5.1,0.35,2.63,76.1,23.8,Commercial,10,125,3,Severe Inundation
W012,Manali Petrochemical Zone,North-East,13.1706,80.2605,144.34,28.97,3.94,4088.5,2.44,0.36,2.12,47.6,51.1,Industrial,11,135,3,Severe Inundation
W005,Adyar Estuary Buffer,Coastal,13.0012,80.2565,28.65,7.94,1.87,869.1,3.97,0.62,3.02,41.5,56.2,Green_Space,9,110,0,Low
W010,Kolathur Urban Catchment,North-West,13.1235,80.2188,28.15,2.68,0.6,998.7,7.58,1.26,2.76,22.2,89.2,High_Density_Residential,7,85,0,Low
W011,Sholinganallur IT Corridor,South-East,12.901,80.2279,28.56,9.71,0.9,545.3,4.55,0.37,3.91,17.5,85.8,Commercial,9,115,0,Low
W009,Perambur Railway Lowlands,North,13.1114,80.2437,26.91,9.6,0.86,391.2,5.56,0.55,2.3,8.3,85.2,Commercial,10,125,0,Low
W001,T. Nagar Commercial Hub,Central,13.0418,80.2341,35.32,9.33,3.3,1010.3,6.38,0.83,3.85,46.3,50.6,Commercial,8,90,1,Moderate
W011,Sholinganallur IT Corridor,South-East,12.901,80.2279,8.31,8.11,1.18,371.5,3.52,0.65,3.33,41.1,59.7,Commercial,9,115,0,Low
W009,Perambur Railway Lowlands,North,13.1114,80.2437,67.8,14.22,3.17,2212.9,5.29,0.51,2.33,57.9,45.3,Commercial,10,125,2,High
W005,Adyar Estuary Buffer,Coastal,13.0012,80.2565,100.19,32.19,4.07,5704.1,3.17,0.54,3.27,38.4,56.3,Green_Space,9,110,2,High
W011,Sholinganallur IT Corridor,South-East,12.901,80.2279,137.22,39.18,3.81,7534.3,4.18,0.53,3.34,68.0,34.6,Commercial,9,115,3,Severe Inundation
W002,Velachery Lowlands,South,12.9815,80.218,289.71,87.95,5.04,16582.4,3.42,0.26,2.0,55.0,42.9,High_Density_Residential,12,140,3,Severe Inundation
W003,Madipakkam Lake Basin,South,12.9647,80.1961,59.3,13.89,3.07,3212.5,2.49,0.48,1.68,21.4,82.2,High_Density_Residential,14,160,2,High
W005,Adyar Estuary Buffer,Coastal,13.0012,80.2565,20.32,5.75,1.48,309.9,4.49,0.54,2.48,43.3,53.5,Green_Space,9,110,0,Low
W002,Velachery Lowlands,South,12.9815,80.218,162.29,36.86,4.53,6309.3,3.95,0.32,2.02,78.0,12.7,High_Density_Residential,12,140,3,Severe Inundation
W002,Velachery Lowlands,South,12.9815,80.218,195.77,56.6,6.71,16149.3,3.72,0.36,2.03,79.7,19.0,High_Density_Residential,12,140,3,Severe Inundation
W012,Manali Petrochemical Zone,North-East,13.1706,80.2605,39.93,13.74,1.95,3396.2,3.13,0.61,2.04,25.7,69.4,Industrial,11,135,1,Moderate
W009,Perambur Railway Lowlands,North,13.1114,80.2437,288.67,48.7,7.48,11782.9,5.45,0.57,2.46,5.0,91.1,Commercial,10,125,3,Severe Inundation
W003,Madipakkam Lake Basin,South,12.9647,80.1961,11.41,8.14,1.86,977.6,2.97,0.25,1.75,28.9,65.1,High_Density_Residential,14,160,1,Moderate
W005,Adyar Estuary Buffer,Coastal,13.0012,80.2565,89.41,8.93,2.4,2101.1,3.74,0.3,2.97,33.5,63.8,Green_Space,9,110,1,Moderate
W005,Adyar Estuary Buffer,Coastal,13.0012,80.2565,52.43,15.95,2.29,3396.4,3.85,0.56,2.42,25.3,68.3,Green_Space,9,110,1,Moderate
W010,Kolathur Urban Catchment,North-West,13.1235,80.2188,53.35,13.38,3.12,940.6,8.12,0.94,3.37,39.5,63.5,High_Density_Residential,7,85,1,Moderate
W004,Guindy Industrial Estate,South-Central,13.0067,80.2025,9.05,7.08,1.11,938.4,12.41,1.97,4.13,47.8,45.7,Industrial,4,45,0,Low
W012,Manali Petrochemical Zone,North-East,13.1706,80.2605,9.48,9.38,1.86,803.2,2.75,0.2,2.04,62.4,28.1,Industrial,11,135,1,Moderate
W006,Anna Nagar Residential,West,13.085,80.2101,44.88,17.83,3.43,2158.3,14.58,2.39,5.12,60.4,36.2,Low_Density_Residential,2,25,0,Low
W004,Guindy Industrial Estate,South-Central,13.0067,80.2025,12.62,5.19,1.91,938.6,12.09,2.01,4.17,11.9,76.1,Industrial,4,45,0,Low
W011,Sholinganallur IT Corridor,South-East,12.901,80.2279,3.25,6.79,0.89,147.1,4.33,0.6,3.26,34.4,60.9,Commercial,9,115,0,Low
W011,Sholinganallur IT Corridor,South-East,12.901,80.2279,278.46,65.6,7.32,8008.9,4.05,0.55,3.3,14.7,90.2,Commercial,9,115,3,Severe Inundation
W005,Adyar Estuary Buffer,Coastal,13.0012,80.2565,5.09,4.84,0.69,952.9,3.31,0.56,2.98,21.1,83.1,Green_Space,9,110,0,Low
W009,Perambur Railway Lowlands,North,13.1114,80.2437,102.29,26.86,4.79,3100.6,4.77,0.47,2.07,55.7,44.7,Commercial,10,125,3,Severe Inundation
W008,Tambaram Outer Valley,South-West,12.9249,80.1,56.98,24.21,2.89,1605.0,16.56,2.62,3.44,14.9,73.9,Low_Density_Residential,6,70,0,Low
W005,Adyar Estuary Buffer,Coastal,13.0012,80.2565,159.41,21.16,3.55,5683.0,3.94,0.53,2.88,72.7,26.2,Green_Space,9,110,2,High
W001,T. Nagar Commercial Hub,Central,13.0418,80.2341,272.76,78.35,7.26,11129.0,6.03,0.82,3.92,53.0,35.7,Commercial,8,90,3,Severe Inundation
W002,Velachery Lowlands,South,12.9815,80.218,115.17,25.75,4.11,7328.2,3.19,0.37,2.42,32.0,67.2,High_Density_Residential,12,140,3,Severe Inundation
W011,Sholinganallur IT Corridor,South-East,12.901,80.2279,34.48,4.45,0.73,700.0,4.76,0.26,3.74,5.6,82.8,Commercial,9,115,0,Low
W007,Mylapore Heritage Sector,East,13.0368,80.2676,70.53,10.56,3.39,1834.3,8.76,1.19,4.51,9.0,85.8,High_Density_Residential,5,55,0,Low
W005,Adyar Estuary Buffer,Coastal,13.0012,80.2565,112.23,46.99,4.84,7716.6,4.91,0.63,2.66,26.2,73.8,Green_Space,9,110,3,Severe Inundation
W001,T. Nagar Commercial Hub,Central,13.0418,80.2341,69.27,9.27,2.66,1293.1,5.75,1.09,4.04,68.9,27.8,Commercial,8,90,1,Moderate
W001,T. Nagar Commercial Hub,Central,13.0418,80.2341,36.01,19.12,2.85,1636.6,6.29,0.88,3.51,46.3,57.1,Commercial,8,90,1,Moderate
W006,Anna Nagar Residential,West,13.085,80.2101,74.62,23.61,2.49,1316.4,14.37,2.63,4.92,36.6,68.6,Low_Density_Residential,2,25,0,Low
W003,Madipakkam Lake Basin,South,12.9647,80.1961,61.51,9.2,2.27,1676.2,2.77,0.33,1.92,74.4,27.6,High_Density_Residential,14,160,2,High
W011,Sholinganallur IT Corridor,South-East,12.901,80.2279,33.21,2.19,1.66,338.3,4.94,0.52,3.11,48.5,49.8,Commercial,9,115,0,Low
W005,Adyar Estuary Buffer,Coastal,13.0012,80.2565,322.44,58.52,7.02,12942.4,3.33,0.54,3.11,56.0,49.1,Green_Space,9,110,3,Severe Inundation
W003,Madipakkam Lake Basin,South,12.9647,80.1961,17.94,8.98,1.07,774.8,2.68,0.29,1.93,30.6,67.0,High_Density_Residential,14,160,0,Low
W012,Manali Petrochemical Zone,North-East,13.1706,80.2605,159.41,26.84,4.86,5962.8,3.22,0.2,2.09,32.5,65.1,Industrial,11,135,3,Severe Inundation
W008,Tambaram Outer Valley,South-West,12.9249,80.1,173.92,48.42,3.86,3677.6,16.05,2.65,3.05,48.6,57.7,Low_Density_Residential,6,70,2,High
W009,Perambur Railway Lowlands,North,13.1114,80.2437,44.39,12.54,2.67,1198.1,5.47,0.8,2.39,41.6,56.6,Commercial,10,125,1,Moderate
W012,Manali Petrochemical Zone,North-East,13.1706,80.2605,317.49,50.5,7.36,11945.3,3.07,0.4,2.11,72.1,32.7,Industrial,11,135,3,Severe Inundation
W007,Mylapore Heritage Sector,East,13.0368,80.2676,129.06,44.58,4.83,3598.8,7.78,1.24,4.57,46.2,55.4,High_Density_Residential,5,55,3,Severe Inundation
W009,Perambur Railway Lowlands,North,13.1114,80.2437,231.31,72.62,4.94,7960.8,5.15,0.43,2.29,57.6,40.2,Commercial,10,125,3,Severe Inundation
W001,T. Nagar Commercial Hub,Central,13.0418,80.2341,54.52,13.45,3.44,2532.3,6.18,0.74,4.06,23.4,86.4,Commercial,8,90,1,Moderate
W002,Velachery Lowlands,South,12.9815,80.218,64.97,12.82,3.41,3074.7,3.71,0.34,2.09,63.7,36.1,High_Density_Residential,12,140,2,High
W002,Velachery Lowlands,South,12.9815,80.218,70.17,10.19,2.53,1541.7,3.89,0.3,1.95,6.6,100.0,High_Density_Residential,12,140,1,Moderate
W012,Manali Petrochemical Zone,North-East,13.1706,80.2605,96.12,25.81,3.59,6690.8,4.33,0.45,2.05,51.8,50.5,Industrial,11,135,3,Severe Inundation
W003,Madipakkam Lake Basin,South,12.9647,80.1961,243.4,79.69,6.12,12882.1,2.67,0.2,1.8,70.4,26.6,High_Density_Residential,14,160,3,Severe Inundation
W009,Perambur Railway Lowlands,North,13.1114,80.2437,178.64,48.37,3.55,7376.8,5.07,0.44,2.74,67.4,46.1,Commercial,10,125,3,Severe Inundation
W001,T. Nagar Commercial Hub,Central,13.0418,80.2341,31.73,7.07,1.45,189.5,5.82,0.84,3.77,53.0,42.8,Commercial,8,90,0,Low
W006,Anna Nagar Residential,West,13.085,80.2101,5.13,9.78,0.93,481.4,14.74,2.48,5.06,71.0,23.5,Low_Density_Residential,2,25,0,Low
W010,Kolathur Urban Catchment,North-West,13.1235,80.2188,24.79,6.15,1.11,427.3,8.06,0.93,2.99,5.5,100.0,High_Density_Residential,7,85,0,Low
W009,Perambur Railway Lowlands,North,13.1114,80.2437,4.84,7.43,0.79,721.1,5.17,0.29,2.45,14.0,92.2,Commercial,10,125,0,Low
W003,Madipakkam Lake Basin,South,12.9647,80.1961,17.18,2.74,0.82,120.7,2.74,0.33,1.53,38.1,68.1,High_Density_Residential,14,160,0,Low
W007,Mylapore Heritage Sector,East,13.0368,80.2676,23.48,2.05,1.3,493.4,9.21,1.3,4.4,28.1,60.5,High_Density_Residential,5,55,0,Low
W003,Madipakkam Lake Basin,South,12.9647,80.1961,238.93,63.67,5.84,16284.5,3.28,0.54,1.3,64.1,37.5,High_Density_Residential,14,160,3,Severe Inundation
W001,T. Nagar Commercial Hub,Central,13.0418,80.2341,30.76,5.02,1.01,224.4,6.19,0.77,3.78,11.1,89.3,Commercial,8,90,0,Low
W005,Adyar Estuary Buffer,Coastal,13.0012,80.2565,82.36,9.33,1.92,3095.9,3.68,0.7,2.69,17.2,74.0,Green_Space,9,110,0,Low
W006,Anna Nagar Residential,West,13.085,80.2101,86.17,22.23,3.49,860.9,14.6,2.37,4.97,19.4,77.9,Low_Density_Residential,2,25,0,Low
W001,T. Nagar Commercial Hub,Central,13.0418,80.2341,121.94,38.38,4.25,5738.1,6.31,0.6,3.72,56.4,46.0,Commercial,8,90,3,Severe Inundation
W006,Anna Nagar Residential,West,13.085,80.2101,121.59,32.14,3.91,3959.4,14.55,2.4,5.35,59.2,35.9,Low_Density_Residential,2,25,2,High
W004,Guindy Industrial Estate,South-Central,13.0067,80.2025,45.37,16.63,2.7,2988.6,12.16,2.23,4.56,58.7,44.7,Industrial,4,45,0,Low
W011,Sholinganallur IT Corridor,South-East,12.901,80.2279,26.63,1.08,0.75,622.7,4.68,0.53,3.42,39.3,55.6,Commercial,9,115,0,Low
W004,Guindy Industrial Estate,South-Central,13.0067,80.2025,136.97,22.23,3.55,7200.0,13.1,2.18,3.96,31.7,72.6,Industrial,4,45,2,High
W011,Sholinganallur IT Corridor,South-East,12.901,80.2279,24.12,2.69,1.44,402.8,4.23,0.35,3.62,18.5,80.5,Commercial,9,115,0,Low
W002,Velachery Lowlands,South,12.9815,80.218,136.21,39.52,4.8,5202.2,3.59,0.44,2.08,32.8,65.7,High_Density_Residential,12,140,3,Severe Inundation
W006,Anna Nagar Residential,West,13.085,80.2101,16.85,3.99,1.16,336.4,14.56,2.58,4.8,29.9,74.2,Low_Density_Residential,2,25,0,Low
W009,Perambur Railway Lowlands,North,13.1114,80.2437,150.24,34.31,4.36,3191.8,5.52,0.58,2.65,5.0,97.0,Commercial,10,125,3,Severe Inundation
W007,Mylapore Heritage Sector,East,13.0368,80.2676,83.56,16.97,2.68,2360.3,8.22,1.21,4.49,65.9,29.9,High_Density_Residential,5,55,1,Moderate
W010,Kolathur Urban Catchment,North-West,13.1235,80.2188,29.65,1.65,1.82,331.0,8.07,1.12,3.15,10.8,95.6,High_Density_Residential,7,85,0,Low
W012,Manali Petrochemical Zone,North-East,13.1706,80.2605,20.29,7.86,1.31,856.7,3.14,0.39,1.98,44.3,57.0,Industrial,11,135,0,Low
W003,Madipakkam Lake Basin,South,12.9647,80.1961,86.2,8.09,3.07,3238.2,3.08,0.28,1.94,34.0,67.1,High_Density_Residential,14,160,2,High
W004,Guindy Industrial Estate,South-Central,13.0067,80.2025,21.92,2.48,1.6,371.1,11.96,2.45,4.41,34.6,67.8,Industrial,4,45,0,Low
W003,Madipakkam Lake Basin,South,12.9647,80.1961,16.04,3.22,1.62,335.8,2.98,0.2,1.51,47.1,57.1,High_Density_Residential,14,160,0,Low
W003,Madipakkam Lake Basin,South,12.9647,80.1961,135.35,41.26,3.65,4622.2,2.7,0.46,2.03,83.8,16.2,High_Density_Residential,14,160,3,Severe Inundation
W007,Mylapore Heritage Sector,East,13.0368,80.2676,32.5,1.22,1.37,594.0,8.35,0.99,4.4,47.6,49.3,High_Density_Residential,5,55,0,Low
W001,T. Nagar Commercial Hub,Central,13.0418,80.2341,25.74,8.69,0.89,118.8,6.06,0.78,3.82,49.4,51.4,Commercial,8,90,0,Low
W003,Madipakkam Lake Basin,South,12.9647,80.1961,55.96,15.0,3.04,2019.4,3.08,0.2,2.25,18.3,77.0,High_Density_Residential,14,160,2,High
W012,Manali Petrochemical Zone,North-East,13.1706,80.2605,141.15,33.19,3.32,5323.4,3.81,0.46,2.0,73.8,31.6,Industrial,11,135,3,Severe Inundation
W006,Anna Nagar Residential,West,13.085,80.2101,116.62,34.87,3.96,5052.6,14.3,2.44,4.73,75.5,35.9,Low_Density_Residential,2,25,2,High
W007,Mylapore Heritage Sector,East,13.0368,80.2676,124.83,39.42,3.28,3270.2,9.36,0.92,4.28,22.9,75.5,High_Density_Residential,5,55,2,High
W011,Sholinganallur IT Corridor,South-East,12.901,80.2279,61.98,22.43,3.0,2124.2,4.51,0.58,3.22,43.7,57.8,Commercial,9,115,2,High
W012,Manali Petrochemical Zone,North-East,13.1706,80.2605,62.07,22.97,2.5,2251.2,3.52,0.23,2.13,80.1,17.7,Industrial,11,135,2,High
W004,Guindy Industrial Estate,South-Central,13.0067,80.2025,29.12,7.92,1.4,403.5,12.6,2.01,4.42,64.9,42.0,Industrial,4,45,0,Low
W005,Adyar Estuary Buffer,Coastal,13.0012,80.2565,206.23,64.07,5.18,14061.9,4.21,0.62,3.31,51.6,50.2,Green_Space,9,110,3,Severe Inundation
W003,Madipakkam Lake Basin,South,12.9647,80.1961,31.0,3.83,0.69,521.6,2.91,0.24,1.71,41.2,52.8,High_Density_Residential,14,160,0,Low
W012,Manali Petrochemical Zone,North-East,13.1706,80.2605,301.2,81.59,6.71,9603.6,3.47,0.25,2.29,58.2,40.7,Industrial,11,135,3,Severe Inundation
W002,Velachery Lowlands,South,12.9815,80.218,11.04,3.83,0.68,345.8,3.9,0.37,1.99,11.4,78.8,High_Density_Residential,12,140,0,Low
W007,Mylapore Heritage Sector,East,13.0368,80.2676,113.16,40.81,3.27,7197.0,9.33,1.08,4.34,68.5,42.6,High_Density_Residential,5,55,3,Severe Inundation
W001,T. Nagar Commercial Hub,Central,13.0418,80.2341,162.12,32.32,3.61,5030.4,6.59,0.72,4.02,58.0,39.8,Commercial,8,90,3,Severe Inundation
W008,Tambaram Outer Valley,South-West,12.9249,80.1,98.91,28.14,4.74,4732.3,15.83,3.07,3.39,53.2,49.9,Low_Density_Residential,6,70,1,Moderate
W004,Guindy Industrial Estate,South-Central,13.0067,80.2025,17.86,5.97,1.45,331.4,11.99,1.79,4.58,65.7,38.8,Industrial,4,45,0,Low
W004,Guindy Industrial Estate,South-Central,13.0067,80.2025,112.5,38.29,4.25,4848.7,11.61,2.08,4.28,38.4,62.3,Industrial,4,45,3,Severe Inundation
W008,Tambaram Outer Valley,South-West,12.9249,80.1,265.17,90.27,5.02,9506.0,15.45,3.11,3.29,27.6,76.6,Low_Density_Residential,6,70,3,Severe Inundation
W006,Anna Nagar Residential,West,13.085,80.2101,51.79,24.55,2.93,1902.2,14.89,2.36,4.82,33.2,68.3,Low_Density_Residential,2,25,0,Low
W005,Adyar Estuary Buffer,Coastal,13.0012,80.2565,6.19,9.4,1.8,310.2,4.47,0.68,2.69,40.8,61.4,Green_Space,9,110,0,Low
W004,Guindy Industrial Estate,South-Central,13.0067,80.2025,50.83,10.04,3.0,2541.1,12.6,2.08,4.31,27.4,68.3,Industrial,4,45,0,Low
W004,Guindy Industrial Estate,South-Central,13.0067,80.2025,176.65,23.8,3.96,5404.7,11.73,1.88,4.57,20.9,81.6,Industrial,4,45,2,High
W001,T. Nagar Commercial Hub,Central,13.0418,80.2341,51.41,18.85,2.29,1437.2,6.02,0.71,3.47,29.7,65.1,Commercial,8,90,1,Moderate
W011,Sholinganallur IT Corridor,South-East,12.901,80.2279,24.35,3.61,1.37,159.3,4.0,0.44,3.17,7.8,87.9,Commercial,9,115,0,Low
W004,Guindy Industrial Estate,South-Central,13.0067,80.2025,27.11,1.14,1.34,441.5,13.54,2.14,4.14,31.0,72.8,Industrial,4,45,0,Low
W007,Mylapore Heritage Sector,East,13.0368,80.2676,21.45,5.73,0.8,506.7,8.8,1.26,4.59,36.9,58.0,High_Density_Residential,5,55,0,Low
W006,Anna Nagar Residential,West,13.085,80.2101,150.96,20.73,3.94,4664.8,14.06,2.6,4.75,49.7,59.3,Low_Density_Residential,2,25,1,Moderate
W005,Adyar Estuary Buffer,Coastal,13.0012,80.2565,278.19,84.68,5.03,9426.3,4.34,0.42,3.16,76.6,24.2,Green_Space,9,110,3,Severe Inundation
W002,Velachery Lowlands,South,12.9815,80.218,75.82,16.67,2.52,1874.8,3.86,0.2,2.2,22.0,78.1,High_Density_Residential,12,140,2,High
W005,Adyar Estuary Buffer,Coastal,13.0012,80.2565,27.45,8.57,1.43,680.0,4.18,0.5,2.8,61.0,40.4,Green_Space,9,110,0,Low
W006,Anna Nagar Residential,West,13.085,80.2101,49.89,8.5,2.83,1868.5,14.8,2.44,4.8,43.1,60.1,Low_Density_Residential,2,25,0,Low
W011,Sholinganallur IT Corridor,South-East,12.901,80.2279,101.33,47.09,4.76,5322.9,4.46,0.6,3.33,42.4,57.5,Commercial,9,115,3,Severe Inundation
W009,Perambur Railway Lowlands,North,13.1114,80.2437,78.18,21.97,2.74,1285.5,5.2,0.49,2.71,42.7,59.6,Commercial,10,125,2,High
W007,Mylapore Heritage Sector,East,13.0368,80.2676,11.3,5.78,0.58,242.7,8.59,1.16,3.93,29.6,77.6,High_Density_Residential,5,55,0,Low
W011,Sholinganallur IT Corridor,South-East,12.901,80.2279,41.22,10.66,2.54,1871.6,4.71,0.73,3.5,21.9,64.7,Commercial,9,115,1,Moderate
W009,Perambur Railway Lowlands,North,13.1114,80.2437,113.21,34.75,4.96,4666.2,4.6,0.38,2.64,30.1,63.8,Commercial,10,125,3,Severe Inundation
W006,Anna Nagar Residential,West,13.085,80.2101,176.12,34.97,4.88,5916.7,13.61,2.78,4.78,68.6,30.6,Low_Density_Residential,2,25,3,Severe Inundation
W001,T. Nagar Commercial Hub,Central,13.0418,80.2341,20.87,3.28,0.84,110.4,6.36,0.74,3.73,27.8,70.2,Commercial,8,90,0,Low
W002,Velachery Lowlands,South,12.9815,80.218,57.77,12.59,2.15,2565.9,3.0,0.35,2.23,27.6,77.9,High_Density_Residential,12,140,1,Moderate
W005,Adyar Estuary Buffer,Coastal,13.0012,80.2565,86.97,10.41,2.89,1831.3,3.83,0.58,3.0,48.2,56.1,Green_Space,9,110,0,Low
W003,Madipakkam Lake Basin,South,12.9647,80.1961,2.5,2.98,0.92,499.2,2.84,0.29,1.83,26.3,73.3,High_Density_Residential,14,160,0,Low
W010,Kolathur Urban Catchment,North-West,13.1235,80.2188,98.23,35.42,3.62,3906.1,7.92,1.05,3.04,64.9,26.3,High_Density_Residential,7,85,3,Severe Inundation
W005,Adyar Estuary Buffer,Coastal,13.0012,80.2565,34.08,2.38,1.6,100.4,4.41,0.63,2.68,29.9,75.9,Green_Space,9,110,0,Low
W001,T. Nagar Commercial Hub,Central,13.0418,80.2341,130.71,32.73,3.48,5132.0,6.52,0.74,4.01,30.2,77.0,Commercial,8,90,3,Severe Inundation
W002,Velachery Lowlands,South,12.9815,80.218,52.81,10.32,3.31,2071.1,3.59,0.55,2.38,47.4,52.9,High_Density_Residential,12,140,1,Moderate
W010,Kolathur Urban Catchment,North-West,13.1235,80.2188,32.18,1.82,1.47,471.9,7.18,1.35,3.1,11.9,92.2,High_Density_Residential,7,85,0,Low
W007,Mylapore Heritage Sector,East,13.0368,80.2676,64.81,23.62,3.33,2010.0,8.21,0.97,4.54,19.4,78.1,High_Density_Residential,5,55,1,Moderate
W006,Anna Nagar Residential,West,13.085,80.2101,10.91,7.92,1.83,299.4,14.09,2.21,5.0,22.1,77.8,Low_Density_Residential,2,25,0,Low
W012,Manali Petrochemical Zone,North-East,13.1706,80.2605,64.13,13.91,2.68,2569.5,3.36,0.65,1.76,28.9,65.6,Industrial,11,135,2,High
W006,Anna Nagar Residential,West,13.085,80.2101,83.26,15.11,3.35,3481.5,14.4,2.44,4.7,62.1,41.5,Low_Density_Residential,2,25,0,Low
W007,Mylapore Heritage Sector,East,13.0368,80.2676,150.68,26.64,3.26,5046.2,8.78,1.33,4.32,10.8,87.8,High_Density_Residential,5,55,2,High
W010,Kolathur Urban Catchment,North-West,13.1235,80.2188,10.75,5.83,1.17,496.1,7.9,1.03,2.64,35.2,70.8,High_Density_Residential,7,85,0,Low
W009,Perambur Railway Lowlands,North,13.1114,80.2437,7.14,8.92,1.15,470.9,4.07,0.5,2.6,13.6,90.1,Commercial,10,125,0,Low
W002,Velachery Lowlands,South,12.9815,80.218,201.75,69.88,5.38,8130.8,3.15,0.34,2.0,23.1,79.2,High_Density_Residential,12,140,3,Severe Inundation
W007,Mylapore Heritage Sector,East,13.0368,80.2676,52.36,9.48,2.18,1307.8,8.92,1.48,4.44,22.8,77.7,High_Density_Residential,5,55,0,Low
W010,Kolathur Urban Catchment,North-West,13.1235,80.2188,66.54,23.77,3.21,1672.0,7.48,0.97,3.17,64.6,38.6,High_Density_Residential,7,85,2,High
W004,Guindy Industrial Estate,South-Central,13.0067,80.2025,83.9,22.37,2.69,2667.1,11.9,2.1,4.34,68.2,33.9,Industrial,4,45,1,Moderate
W005,Adyar Estuary Buffer,Coastal,13.0012,80.2565,46.81,14.05,2.28,1275.4,3.76,0.73,3.21,10.6,86.3,Green_Space,9,110,0,Low
W001,T. Nagar Commercial Hub,Central,13.0418,80.2341,62.76,10.54,1.98,1133.6,6.29,0.67,3.72,38.0,64.7,Commercial,8,90,0,Low
W012,Manali Petrochemical Zone,North-East,13.1706,80.2605,36.08,19.41,2.69,3226.3,2.94,0.46,1.8,33.5,62.2,Industrial,11,135,1,Moderate
W007,Mylapore Heritage Sector,East,13.0368,80.2676,57.63,24.11,2.01,3429.0,8.79,1.09,4.66,26.8,82.7,High_Density_Residential,5,55,0,Low
W001,T. Nagar Commercial Hub,Central,13.0418,80.2341,97.9,40.05,4.81,3288.9,4.86,0.86,3.75,40.8,58.9,Commercial,8,90,3,Severe Inundation
W009,Perambur Railway Lowlands,North,13.1114,80.2437,113.24,34.42,4.99,6433.3,4.89,0.67,2.76,38.5,55.1,Commercial,10,125,3,Severe Inundation
W009,Perambur Railway Lowlands,North,13.1114,80.2437,66.74,13.82,1.94,3480.6,5.66,0.44,2.18,67.5,27.5,Commercial,10,125,1,Moderate
W011,Sholinganallur IT Corridor,South-East,12.901,80.2279,136.04,48.31,3.28,5515.3,4.81,0.52,3.45,49.8,50.8,Commercial,9,115,3,Severe Inundation
W012,Manali Petrochemical Zone,North-East,13.1706,80.2605,32.36,5.23,0.54,720.8,3.98,0.24,1.86,35.9,70.9,Industrial,11,135,0,Low
W012,Manali Petrochemical Zone,North-East,13.1706,80.2605,145.41,20.38,4.45,5090.0,3.98,0.53,1.77,53.6,38.9,Industrial,11,135,3,Severe Inundation
W012,Manali Petrochemical Zone,North-East,13.1706,80.2605,36.88,13.43,3.18,2662.2,2.65,0.54,1.9,60.9,39.1,Industrial,11,135,2,High
W011,Sholinganallur IT Corridor,South-East,12.901,80.2279,6.62,3.9,1.37,167.6,4.44,0.58,3.69,38.3,68.4,Commercial,9,115,0,Low
W004,Guindy Industrial Estate,South-Central,13.0067,80.2025,297.17,83.85,7.16,9764.2,13.23,2.09,4.45,25.3,71.9,Industrial,4,45,3,Severe Inundation
W006,Anna Nagar Residential,West,13.085,80.2101,80.54,10.68,2.81,2402.7,14.48,2.54,4.86,34.1,67.1,Low_Density_Residential,2,25,0,Low
W007,Mylapore Heritage Sector,East,13.0368,80.2676,17.26,4.51,1.8,936.3,8.85,1.31,4.61,60.0,40.1,High_Density_Residential,5,55,0,Low
W002,Velachery Lowlands,South,12.9815,80.218,12.65,6.8,1.78,648.3,3.32,0.5,2.3,5.0,100.0,High_Density_Residential,12,140,0,Low
W011,Sholinganallur IT Corridor,South-East,12.901,80.2279,5.84,6.37,0.91,171.7,5.14,0.74,3.67,5.0,98.7,Commercial,9,115,0,Low
W006,Anna Nagar Residential,West,13.085,80.2101,65.44,8.19,2.98,1815.3,13.9,2.58,4.75,44.9,55.3,Low_Density_Residential,2,25,0,Low
W010,Kolathur Urban Catchment,North-West,13.1235,80.2188,69.65,13.79,2.31,2361.2,7.88,1.51,2.96,48.6,50.3,High_Density_Residential,7,85,1,Moderate
W006,Anna Nagar Residential,West,13.085,80.2101,28.83,1.35,1.49,345.3,14.48,2.66,4.63,76.3,19.2,Low_Density_Residential,2,25,0,Low
W011,Sholinganallur IT Corridor,South-East,12.901,80.2279,130.88,41.59,3.39,7230.6,5.06,0.37,3.07,55.2,51.5,Commercial,9,115,3,Severe Inundation
W002,Velachery Lowlands,South,12.9815,80.218,262.68,85.96,6.28,7928.2,3.79,0.2,2.18,34.9,67.8,High_Density_Residential,12,140,3,Severe Inundation
W012,Manali Petrochemical Zone,North-East,13.1706,80.2605,48.94,16.59,1.85,1155.9,2.21,0.45,2.06,85.5,18.0,Industrial,11,135,2,High
W005,Adyar Estuary Buffer,Coastal,13.0012,80.2565,108.41,30.14,4.05,4654.0,3.79,0.77,2.66,50.2,59.8,Green_Space,9,110,2,High
W009,Perambur Railway Lowlands,North,13.1114,80.2437,136.19,46.16,3.72,3431.2,4.69,0.47,2.71,59.5,38.5,Commercial,10,125,3,Severe Inundation
W005,Adyar Estuary Buffer,Coastal,13.0012,80.2565,28.77,3.0,1.58,949.0,5.1,0.86,3.32,8.8,89.0,Green_Space,9,110,0,Low
W011,Sholinganallur IT Corridor,South-East,12.901,80.2279,246.53,75.05,6.72,17481.2,4.85,0.62,3.25,15.4,78.2,Commercial,9,115,3,Severe Inundation
W007,Mylapore Heritage Sector,East,13.0368,80.2676,68.95,14.88,2.14,3396.4,9.2,1.21,4.91,17.5,92.8,High_Density_Residential,5,55,0,Low
W006,Anna Nagar Residential,West,13.085,80.2101,44.3,10.14,3.39,2433.4,14.5,2.34,5.13,48.2,50.5,Low_Density_Residential,2,25,0,Low
W007,Mylapore Heritage Sector,East,13.0368,80.2676,11.43,3.44,1.78,128.7,8.42,1.15,4.5,36.9,62.7,High_Density_Residential,5,55,0,Low
W012,Manali Petrochemical Zone,North-East,13.1706,80.2605,153.19,41.63,4.51,3000.3,3.11,0.51,1.76,40.4,69.5,Industrial,11,135,3,Severe Inundation
W005,Adyar Estuary Buffer,Coastal,13.0012,80.2565,142.47,47.27,4.9,3321.6,3.97,0.59,3.07,80.7,31.5,Green_Space,9,110,3,Severe Inundation
W009,Perambur Railway Lowlands,North,13.1114,80.2437,244.42,89.52,5.84,15236.6,4.89,0.34,2.43,19.6,90.2,Commercial,10,125,3,Severe Inundation
W003,Madipakkam Lake Basin,South,12.9647,80.1961,24.95,7.29,1.56,543.3,2.79,0.43,1.53,16.0,87.5,High_Density_Residential,14,160,0,Low
W004,Guindy Industrial Estate,South-Central,13.0067,80.2025,9.99,2.52,1.66,216.7,12.1,2.17,4.05,50.6,47.2,Industrial,4,45,0,Low
W007,Mylapore Heritage Sector,East,13.0368,80.2676,71.5,14.48,3.02,1707.6,8.05,1.25,4.35,9.4,88.3,High_Density_Residential,5,55,1,Moderate
W011,Sholinganallur IT Corridor,South-East,12.901,80.2279,155.91,38.33,4.68,5020.5,4.53,0.27,3.31,69.8,30.3,Commercial,9,115,3,Severe Inundation
W007,Mylapore Heritage Sector,East,13.0368,80.2676,102.51,27.57,4.52,3823.7,7.98,1.08,4.79,74.3,19.3,High_Density_Residential,5,55,3,Severe Inundation
W011,Sholinganallur IT Corridor,South-East,12.901,80.2279,278.6,66.44,5.29,17394.2,4.77,0.39,3.59,41.6,67.1,Commercial,9,115,3,Severe Inundation
W012,Manali Petrochemical Zone,North-East,13.1706,80.2605,46.62,18.76,3.46,1638.6,3.99,0.33,2.07,56.3,48.2,Industrial,11,135,2,High
W003,Madipakkam Lake Basin,South,12.9647,80.1961,4.58,8.09,1.75,246.4,2.66,0.37,2.04,57.5,42.8,High_Density_Residential,14,160,0,Low
W010,Kolathur Urban Catchment,North-West,13.1235,80.2188,79.31,21.45,2.79,2908.1,8.13,0.94,3.13,58.8,32.6,High_Density_Residential,7,85,2,High
W010,Kolathur Urban Catchment,North-West,13.1235,80.2188,172.12,27.98,4.03,5745.7,6.9,1.22,2.39,33.9,60.4,High_Density_Residential,7,85,3,Severe Inundation
W005,Adyar Estuary Buffer,Coastal,13.0012,80.2565,51.55,10.84,2.49,1427.1,3.54,0.62,2.88,16.3,78.7,Green_Space,9,110,0,Low
W007,Mylapore Heritage Sector,East,13.0368,80.2676,19.41,5.66,1.89,594.2,8.22,0.93,4.69,73.1,33.1,High_Density_Residential,5,55,0,Low
W009,Perambur Railway Lowlands,North,13.1114,80.2437,107.0,41.03,3.72,4487.5,5.42,0.36,2.41,18.3,70.1,Commercial,10,125,3,Severe Inundation
W001,T. Nagar Commercial Hub,Central,13.0418,80.2341,16.8,6.64,0.72,270.0,6.67,0.74,3.97,44.0,55.5,Commercial,8,90,0,Low
W005,Adyar Estuary Buffer,Coastal,13.0012,80.2565,175.92,47.77,4.84,5560.8,3.88,0.28,2.83,45.6,57.5,Green_Space,9,110,3,Severe Inundation
W005,Adyar Estuary Buffer,Coastal,13.0012,80.2565,170.93,38.71,3.21,3931.6,3.5,0.56,2.83,25.7,71.7,Green_Space,9,110,3,Severe Inundation
W004,Guindy Industrial Estate,South-Central,13.0067,80.2025,58.52,24.25,2.17,2195.0,12.56,2.35,3.89,27.1,76.9,Industrial,4,45,0,Low
W007,Mylapore Heritage Sector,East,13.0368,80.2676,39.17,19.87,2.86,1310.3,8.01,1.47,4.31,63.2,37.7,High_Density_Residential,5,55,1,Moderate
W010,Kolathur Urban Catchment,North-West,13.1235,80.2188,17.2,9.02,0.64,990.0,7.73,1.19,2.75,21.1,80.7,High_Density_Residential,7,85,0,Low
W010,Kolathur Urban Catchment,North-West,13.1235,80.2188,53.38,9.83,2.05,890.3,7.28,1.19,3.26,22.3,77.8,High_Density_Residential,7,85,0,Low
W011,Sholinganallur IT Corridor,South-East,12.901,80.2279,142.81,44.98,3.33,6453.5,3.59,0.6,3.33,80.7,25.2,Commercial,9,115,3,Severe Inundation
W006,Anna Nagar Residential,West,13.085,80.2101,25.69,7.69,0.58,299.0,14.29,2.55,5.1,13.0,92.9,Low_Density_Residential,2,25,0,Low
W008,Tambaram Outer Valley,South-West,12.9249,80.1,42.03,20.56,2.47,1509.9,15.98,2.45,3.08,24.8,77.7,Low_Density_Residential,6,70,0,Low
W008,Tambaram Outer Valley,South-West,12.9249,80.1,163.24,34.81,3.57,6686.1,15.85,2.64,3.36,46.4,49.3,Low_Density_Residential,6,70,2,High
W008,Tambaram Outer Valley,South-West,12.9249,80.1,38.93,14.62,3.06,1843.4,16.38,2.55,2.95,22.7,82.1,Low_Density_Residential,6,70,0,Low
W011,Sholinganallur IT Corridor,South-East,12.901,80.2279,17.96,5.51,0.98,218.9,4.36,0.73,3.57,6.5,89.5,Commercial,9,115,0,Low
W004,Guindy Industrial Estate,South-Central,13.0067,80.2025,9.42,5.68,1.34,950.5,12.61,1.93,4.34,27.1,68.1,Industrial,4,45,0,Low
W009,Perambur Railway Lowlands,North,13.1114,80.2437,124.92,24.8,3.92,5899.8,5.59,0.2,2.76,37.0,58.0,Commercial,10,125,3,Severe Inundation
W008,Tambaram Outer Valley,South-West,12.9249,80.1,80.96,24.44,2.55,1862.1,15.9,2.97,3.31,10.5,92.6,Low_Density_Residential,6,70,0,Low
W012,Manali Petrochemical Zone,North-East,13.1706,80.2605,121.15,25.18,3.2,5254.5,2.83,0.51,2.13,8.3,90.6,Industrial,11,135,2,High
W003,Madipakkam Lake Basin,South,12.9647,80.1961,10.97,2.53,1.58,793.1,3.52,0.25,1.69,22.1,75.2,High_Density_Residential,14,160,0,Low
W011,Sholinganallur IT Corridor,South-East,12.901,80.2279,157.16,38.14,4.44,3091.8,5.16,0.65,3.58,26.1,70.6,Commercial,9,115,3,Severe Inundation
W002,Velachery Lowlands,South,12.9815,80.218,32.78,4.11,0.66,542.7,3.21,0.51,2.25,32.6,68.1,High_Density_Residential,12,140,0,Low
W005,Adyar Estuary Buffer,Coastal,13.0012,80.2565,178.74,25.41,4.58,4694.0,3.61,0.56,2.59,50.4,56.2,Green_Space,9,110,3,Severe Inundation
W009,Perambur Railway Lowlands,North,13.1114,80.2437,266.78,83.42,5.04,9717.2,4.65,0.44,2.5,43.8,69.8,Commercial,10,125,3,Severe Inundation
W011,Sholinganallur IT Corridor,South-East,12.901,80.2279,283.26,65.74,7.31,15741.3,4.36,0.46,3.2,27.2,73.3,Commercial,9,115,3,Severe Inundation
W011,Sholinganallur IT Corridor,South-East,12.901,80.2279,176.14,40.9,4.27,5301.9,4.78,0.29,3.63,10.4,96.9,Commercial,9,115,3,Severe Inundation
W010,Kolathur Urban Catchment,North-West,13.1235,80.2188,64.51,21.11,2.92,1905.2,8.13,0.96,2.87,40.3,61.4,High_Density_Residential,7,85,1,Moderate
W006,Anna Nagar Residential,West,13.085,80.2101,67.51,16.56,2.9,3426.8,14.38,2.52,4.99,38.8,56.6,Low_Density_Residential,2,25,0,Low
W002,Velachery Lowlands,South,12.9815,80.218,136.94,48.0,4.65,6464.9,3.28,0.27,2.38,9.0,86.9,High_Density_Residential,12,140,3,Severe Inundation
W004,Guindy Industrial Estate,South-Central,13.0067,80.2025,55.1,23.91,1.89,2618.2,13.0,2.12,4.0,28.2,74.8,Industrial,4,45,0,Low
W011,Sholinganallur IT Corridor,South-East,12.901,80.2279,99.02,41.53,4.42,7154.6,4.09,0.44,3.2,50.9,60.1,Commercial,9,115,3,Severe Inundation
W005,Adyar Estuary Buffer,Coastal,13.0012,80.2565,144.44,38.42,4.16,3459.3,3.9,0.5,2.97,23.5,71.5,Green_Space,9,110,2,High
W004,Guindy Industrial Estate,South-Central,13.0067,80.2025,10.9,5.6,1.16,561.2,11.99,2.34,4.35,32.6,73.2,Industrial,4,45,0,Low
W004,Guindy Industrial Estate,South-Central,13.0067,80.2025,61.63,17.35,2.64,2326.7,11.82,2.01,4.06,45.7,60.7,Industrial,4,45,0,Low
W003,Madipakkam Lake Basin,South,12.9647,80.1961,281.48,62.7,6.43,10776.0,2.04,0.39,1.76,20.6,80.2,High_Density_Residential,14,160,3,Severe Inundation
W001,T. Nagar Commercial Hub,Central,13.0418,80.2341,14.33,4.0,0.76,646.5,6.43,0.97,3.94,23.0,78.7,Commercial,8,90,0,Low
W001,T. Nagar Commercial Hub,Central,13.0418,80.2341,233.23,70.16,4.84,7573.1,6.05,0.76,3.86,32.0,71.8,Commercial,8,90,3,Severe Inundation
W004,Guindy Industrial Estate,South-Central,13.0067,80.2025,31.49,3.62,1.34,189.8,12.7,2.15,4.32,27.6,71.6,Industrial,4,45,0,Low
W008,Tambaram Outer Valley,South-West,12.9249,80.1,245.58,71.25,6.09,12200.1,16.06,3.03,3.09,28.4,69.5,Low_Density_Residential,6,70,3,Severe Inundation
W010,Kolathur Urban Catchment,North-West,13.1235,80.2188,135.32,46.82,4.89,7036.9,8.25,0.89,2.87,68.7,38.1,High_Density_Residential,7,85,3,Severe Inundation
W002,Velachery Lowlands,South,12.9815,80.218,134.73,20.96,4.3,6580.9,4.1,0.33,2.16,35.0,66.6,High_Density_Residential,12,140,3,Severe Inundation
W008,Tambaram Outer Valley,South-West,12.9249,80.1,111.71,25.04,4.95,6087.8,15.3,2.65,3.23,83.6,16.0,Low_Density_Residential,6,70,2,High
W007,Mylapore Heritage Sector,East,13.0368,80.2676,7.67,1.92,1.42,184.8,8.68,1.16,4.56,29.4,76.1,High_Density_Residential,5,55,0,Low
W011,Sholinganallur IT Corridor,South-East,12.901,80.2279,37.17,8.25,2.0,2552.5,3.97,0.75,3.39,59.0,47.4,Commercial,9,115,1,Moderate
W010,Kolathur Urban Catchment,North-West,13.1235,80.2188,136.74,45.74,3.9,7443.5,7.48,0.96,3.04,17.0,89.1,High_Density_Residential,7,85,3,Severe Inundation
W004,Guindy Industrial Estate,South-Central,13.0067,80.2025,85.35,10.14,2.51,1730.3,13.34,1.63,3.97,35.4,62.6,Industrial,4,45,0,Low
W012,Manali Petrochemical Zone,North-East,13.1706,80.2605,75.02,19.55,2.6,1847.3,3.79,0.2,2.07,58.7,36.6,Industrial,11,135,2,High
W012,Manali Petrochemical Zone,North-East,13.1706,80.2605,294.79,83.13,5.34,9959.0,3.35,0.21,1.9,55.2,42.1,Industrial,11,135,3,Severe Inundation
W007,Mylapore Heritage Sector,East,13.0368,80.2676,22.77,9.78,1.0,206.8,8.85,1.22,4.55,31.8,65.2,High_Density_Residential,5,55,0,Low
W008,Tambaram Outer Valley,South-West,12.9249,80.1,107.44,27.85,4.12,4653.0,16.16,2.79,3.28,38.4,58.9,Low_Density_Residential,6,70,1,Moderate
W007,Mylapore Heritage Sector,East,13.0368,80.2676,46.77,16.08,2.34,1520.1,8.76,1.18,4.55,41.7,55.5,High_Density_Residential,5,55,0,Low
W004,Guindy Industrial Estate,South-Central,13.0067,80.2025,311.69,47.1,6.07,11678.5,12.89,2.03,4.19,6.5,93.3,Industrial,4,45,3,Severe Inundation
W003,Madipakkam Lake Basin,South,12.9647,80.1961,80.66,14.13,2.53,1905.7,3.07,0.27,1.81,50.8,43.5,High_Density_Residential,14,160,2,High
W011,Sholinganallur IT Corridor,South-East,12.901,80.2279,319.86,62.95,4.92,16379.1,5.31,0.63,3.36,18.6,82.8,Commercial,9,115,3,Severe Inundation
W012,Manali Petrochemical Zone,North-East,13.1706,80.2605,47.29,20.0,2.12,2292.7,3.0,0.2,1.83,65.9,34.9,Industrial,11,135,2,High
W001,T. Nagar Commercial Hub,Central,13.0418,80.2341,112.51,32.51,3.83,7294.1,6.4,0.83,3.86,15.1,88.8,Commercial,8,90,3,Severe Inundation
W002,Velachery Lowlands,South,12.9815,80.218,61.82,17.83,2.97,1088.6,3.4,0.59,2.33,26.6,71.2,High_Density_Residential,12,140,2,High
W007,Mylapore Heritage Sector,East,13.0368,80.2676,55.08,23.38,2.66,2054.9,7.83,1.2,4.51,25.0,78.4,High_Density_Residential,5,55,1,Moderate
W004,Guindy Industrial Estate,South-Central,13.0067,80.2025,30.45,9.04,0.79,217.4,13.24,2.19,4.21,25.9,85.1,Industrial,4,45,0,Low
W003,Madipakkam Lake Basin,South,12.9647,80.1961,7.24,2.76,1.96,237.8,2.79,0.39,1.71,9.5,86.6,High_Density_Residential,14,160,0,Low
W012,Manali Petrochemical Zone,North-East,13.1706,80.2605,312.11,79.89,5.02,11891.8,2.67,0.44,1.91,83.7,20.9,Industrial,11,135,3,Severe Inundation
W009,Perambur Railway Lowlands,North,13.1114,80.2437,23.18,5.25,1.86,426.9,5.1,0.5,2.29,5.0,99.6,Commercial,10,125,0,Low
W008,Tambaram Outer Valley,South-West,12.9249,80.1,72.24,16.09,3.49,2768.0,15.35,2.76,3.29,36.3,63.9,Low_Density_Residential,6,70,0,Low
W001,T. Nagar Commercial Hub,Central,13.0418,80.2341,78.92,16.91,2.77,3103.1,5.44,0.75,3.69,74.2,14.7,Commercial,8,90,2,High
W009,Perambur Railway Lowlands,North,13.1114,80.2437,24.92,7.93,0.87,144.5,5.07,0.59,2.56,27.4,67.6,Commercial,10,125,0,Low
W004,Guindy Industrial Estate,South-Central,13.0067,80.2025,51.39,8.6,1.86,871.1,11.89,1.97,3.76,80.5,14.5,Industrial,4,45,0,Low
W002,Velachery Lowlands,South,12.9815,80.218,20.35,3.94,1.16,682.3,4.45,0.38,2.26,60.4,41.5,High_Density_Residential,12,140,0,Low
W008,Tambaram Outer Valley,South-West,12.9249,80.1,142.43,22.13,4.81,3153.9,15.4,2.92,3.08,50.4,46.4,Low_Density_Residential,6,70,2,High
W003,Madipakkam Lake Basin,South,12.9647,80.1961,61.35,9.78,2.84,2792.5,2.91,0.33,1.75,49.9,44.1,High_Density_Residential,14,160,2,High
W008,Tambaram Outer Valley,South-West,12.9249,80.1,76.25,16.67,1.98,3117.4,15.25,2.78,3.29,24.7,76.0,Low_Density_Residential,6,70,0,Low
W011,Sholinganallur IT Corridor,South-East,12.901,80.2279,81.5,13.05,2.4,3246.1,4.36,0.68,3.29,34.6,64.3,Commercial,9,115,1,Moderate
W009,Perambur Railway Lowlands,North,13.1114,80.2437,27.63,6.63,1.11,328.6,5.04,0.56,2.54,64.6,32.6,Commercial,10,125,0,Low
W009,Perambur Railway Lowlands,North,13.1114,80.2437,172.01,32.11,3.57,6243.7,5.15,0.58,2.27,27.1,64.9,Commercial,10,125,3,Severe Inundation
W010,Kolathur Urban Catchment,North-West,13.1235,80.2188,102.11,25.18,3.84,4453.7,7.81,1.22,3.09,29.9,70.7,High_Density_Residential,7,85,2,High
W006,Anna Nagar Residential,West,13.085,80.2101,75.84,11.74,2.43,1782.9,14.47,2.58,4.99,40.9,63.9,Low_Density_Residential,2,25,0,Low
W008,Tambaram Outer Valley,South-West,12.9249,80.1,166.0,37.07,3.89,7672.8,16.07,3.0,3.71,7.6,91.6,Low_Density_Residential,6,70,2,High
W010,Kolathur Urban Catchment,North-West,13.1235,80.2188,42.66,8.06,2.22,2702.4,7.54,1.01,2.96,41.7,49.2,High_Density_Residential,7,85,0,Low
W012,Manali Petrochemical Zone,North-East,13.1706,80.2605,17.05,1.64,1.7,319.0,3.86,0.36,1.97,38.1,61.8,Industrial,11,135,0,Low
W009,Perambur Railway Lowlands,North,13.1114,80.2437,123.36,25.53,4.0,3828.7,5.71,0.69,2.55,62.7,36.6,Commercial,10,125,3,Severe Inundation
W007,Mylapore Heritage Sector,East,13.0368,80.2676,18.8,8.99,1.54,455.2,8.05,1.09,4.78,12.9,90.2,High_Density_Residential,5,55,0,Low
W009,Perambur Railway Lowlands,North,13.1114,80.2437,46.55,21.19,2.63,1406.8,4.81,0.44,2.7,18.5,82.6,Commercial,10,125,1,Moderate
W008,Tambaram Outer Valley,South-West,12.9249,80.1,16.07,6.46,1.34,686.2,16.43,2.86,3.44,30.3,69.1,Low_Density_Residential,6,70,0,Low
W003,Madipakkam Lake Basin,South,12.9647,80.1961,110.42,43.86,4.34,5937.8,2.69,0.2,1.68,9.4,87.5,High_Density_Residential,14,160,3,Severe Inundation
W012,Manali Petrochemical Zone,North-East,13.1706,80.2605,33.65,5.52,1.88,736.1,3.46,0.34,1.88,28.3,70.5,Industrial,11,135,0,Low
W008,Tambaram Outer Valley,South-West,12.9249,80.1,13.25,4.68,1.02,787.3,15.89,2.69,3.54,41.4,64.3,Low_Density_Residential,6,70,0,Low
W008,Tambaram Outer Valley,South-West,12.9249,80.1,153.51,37.32,4.8,6501.5,16.13,2.75,3.05,11.9,88.5,Low_Density_Residential,6,70,2,High
W005,Adyar Estuary Buffer,Coastal,13.0012,80.2565,6.01,4.27,0.88,556.0,4.13,0.67,3.12,33.4,66.2,Green_Space,9,110,0,Low
W004,Guindy Industrial Estate,South-Central,13.0067,80.2025,142.87,46.67,4.89,3268.1,12.24,1.75,4.38,49.6,46.8,Industrial,4,45,3,Severe Inundation
W011,Sholinganallur IT Corridor,South-East,12.901,80.2279,144.55,48.49,3.81,3540.7,4.15,0.5,3.65,23.0,86.1,Commercial,9,115,3,Severe Inundation
W005,Adyar Estuary Buffer,Coastal,13.0012,80.2565,16.84,5.89,0.65,938.9,4.0,0.5,3.4,30.2,69.3,Green_Space,9,110,0,Low
W009,Perambur Railway Lowlands,North,13.1114,80.2437,97.19,45.66,3.37,7172.3,5.51,0.26,2.77,35.3,66.8,Commercial,10,125,3,Severe Inundation
W008,Tambaram Outer Valley,South-West,12.9249,80.1,61.06,15.05,3.23,1421.0,16.65,2.83,3.18,13.9,89.6,Low_Density_Residential,6,70,0,Low
W011,Sholinganallur IT Corridor,South-East,12.901,80.2279,2.84,7.75,0.82,851.0,5.18,0.24,3.41,22.0,77.0,Commercial,9,115,0,Low
W004,Guindy Industrial Estate,South-Central,13.0067,80.2025,13.2,7.12,0.59,936.2,12.83,2.18,4.41,30.8,75.0,Industrial,4,45,0,Low
W005,Adyar Estuary Buffer,Coastal,13.0012,80.2565,19.28,5.37,1.03,902.3,4.0,0.56,3.14,54.8,49.4,Green_Space,9,110,0,Low
W008,Tambaram Outer Valley,South-West,12.9249,80.1,131.21,37.08,4.45,5961.0,15.97,2.75,3.45,37.8,61.9,Low_Density_Residential,6,70,2,High
W002,Velachery Lowlands,South,12.9815,80.218,122.35,47.8,4.46,4285.9,4.01,0.77,2.13,61.1,41.3,High_Density_Residential,12,140,3,Severe Inundation
W012,Manali Petrochemical Zone,North-East,13.1706,80.2605,63.2,19.49,3.43,1484.9,3.51,0.48,2.03,41.1,58.7,Industrial,11,135,2,High
W005,Adyar Estuary Buffer,Coastal,13.0012,80.2565,66.16,10.54,2.6,3044.0,4.44,0.7,2.98,33.3,74.0,Green_Space,9,110,0,Low
W004,Guindy Industrial Estate,South-Central,13.0067,80.2025,123.15,41.39,3.27,4932.1,12.49,1.92,4.02,27.8,75.4,Industrial,4,45,2,High
W005,Adyar Estuary Buffer,Coastal,13.0012,80.2565,25.68,7.79,0.63,875.1,4.15,0.29,2.89,8.5,90.7,Green_Space,9,110,0,Low
W006,Anna Nagar Residential,West,13.085,80.2101,6.33,8.37,1.99,396.6,14.83,2.72,4.96,8.5,100.0,Low_Density_Residential,2,25,0,Low
W006,Anna Nagar Residential,West,13.085,80.2101,307.13,47.0,5.7,12440.7,14.96,2.34,5.07,37.5,64.9,Low_Density_Residential,2,25,3,Severe Inundation
W009,Perambur Railway Lowlands,North,13.1114,80.2437,28.05,5.79,0.94,690.2,4.68,0.32,2.15,26.6,73.7,Commercial,10,125,0,Low
W002,Velachery Lowlands,South,12.9815,80.218,129.54,42.38,3.57,4855.3,3.81,0.48,1.9,56.4,37.6,High_Density_Residential,12,140,3,Severe Inundation
W003,Madipakkam Lake Basin,South,12.9647,80.1961,12.23,9.1,1.53,987.4,3.54,0.4,2.21,30.0,70.3,High_Density_Residential,14,160,0,Low
W003,Madipakkam Lake Basin,South,12.9647,80.1961,57.86,22.14,2.33,3346.2,3.01,0.2,1.65,11.9,93.9,High_Density_Residential,14,160,1,Moderate
W004,Guindy Industrial Estate,South-Central,13.0067,80.2025,18.03,1.77,1.76,746.2,12.42,2.12,4.55,29.7,74.6,Industrial,4,45,0,Low
W007,Mylapore Heritage Sector,East,13.0368,80.2676,68.42,10.61,2.15,2478.4,8.88,1.14,4.09,29.1,68.2,High_Density_Residential,5,55,0,Low
W012,Manali Petrochemical Zone,North-East,13.1706,80.2605,76.54,23.33,3.36,2896.9,2.8,0.35,1.92,38.0,54.2,Industrial,11,135,2,High
W003,Madipakkam Lake Basin,South,12.9647,80.1961,38.61,14.82,3.1,3271.0,3.54,0.2,1.74,5.0,96.4,High_Density_Residential,14,160,1,Moderate
W012,Manali Petrochemical Zone,North-East,13.1706,80.2605,18.84,5.76,1.81,516.2,2.83,0.29,1.97,35.8,71.9,Industrial,11,135,0,Low
W004,Guindy Industrial Estate,South-Central,13.0067,80.2025,139.84,41.54,4.81,7508.7,11.85,2.15,4.15,26.1,69.2,Industrial,4,45,3,Severe Inundation
W002,Velachery Lowlands,South,12.9815,80.218,59.11,20.35,3.32,2620.3,3.23,0.33,1.89,55.1,40.0,High_Density_Residential,12,140,2,High
W007,Mylapore Heritage Sector,East,13.0368,80.2676,113.62,27.36,4.94,3041.2,8.66,1.17,4.11,55.7,35.7,High_Density_Residential,5,55,3,Severe Inundation
W007,Mylapore Heritage Sector,East,13.0368,80.2676,75.19,8.72,1.82,2036.8,8.65,1.07,4.59,57.1,39.1,High_Density_Residential,5,55,0,Low
W006,Anna Nagar Residential,West,13.085,80.2101,331.17,83.98,6.43,12277.1,14.82,2.57,5.09,61.6,37.7,Low_Density_Residential,2,25,3,Severe Inundation
W009,Perambur Railway Lowlands,North,13.1114,80.2437,41.31,22.23,1.85,3051.8,4.7,0.58,2.17,6.1,86.1,Commercial,10,125,1,Moderate
W008,Tambaram Outer Valley,South-West,12.9249,80.1,122.68,48.55,4.9,3724.5,15.55,2.84,3.28,20.5,82.2,Low_Density_Residential,6,70,2,High
W007,Mylapore Heritage Sector,East,13.0368,80.2676,128.6,42.75,3.87,4220.5,8.27,1.44,4.83,61.5,36.8,High_Density_Residential,5,55,3,Severe Inundation
W001,T. Nagar Commercial Hub,Central,13.0418,80.2341,16.04,7.8,1.41,719.8,6.13,0.78,3.8,9.2,96.6,Commercial,8,90,0,Low
W004,Guindy Industrial Estate,South-Central,13.0067,80.2025,112.85,42.91,4.44,4614.1,11.94,2.12,3.94,57.7,44.2,Industrial,4,45,3,Severe Inundation
W007,Mylapore Heritage Sector,East,13.0368,80.2676,41.58,15.08,1.92,1066.7,9.58,0.94,4.37,13.8,81.0,High_Density_Residential,5,55,0,Low
W007,Mylapore Heritage Sector,East,13.0368,80.2676,264.81,86.57,5.79,8552.2,7.95,1.18,4.12,40.9,76.8,High_Density_Residential,5,55,3,Severe Inundation
W010,Kolathur Urban Catchment,North-West,13.1235,80.2188,47.31,15.55,2.62,3045.4,8.19,1.07,3.05,57.2,42.4,High_Density_Residential,7,85,1,Moderate
W012,Manali Petrochemical Zone,North-East,13.1706,80.2605,196.11,66.18,5.63,17003.4,3.05,0.48,1.79,53.8,49.6,Industrial,11,135,3,Severe Inundation
W001,T. Nagar Commercial Hub,Central,13.0418,80.2341,22.13,7.53,0.97,846.0,5.97,0.56,3.85,79.4,15.3,Commercial,8,90,0,Low
W010,Kolathur Urban Catchment,North-West,13.1235,80.2188,133.43,48.21,3.73,5078.5,7.89,1.32,3.07,25.6,78.1,High_Density_Residential,7,85,3,Severe Inundation
W007,Mylapore Heritage Sector,East,13.0368,80.2676,169.5,24.81,3.81,4676.1,7.69,1.22,4.36,16.1,78.9,High_Density_Residential,5,55,3,Severe Inundation
W008,Tambaram Outer Valley,South-West,12.9249,80.1,166.91,40.58,3.23,4081.2,16.05,2.69,3.14,26.8,68.4,Low_Density_Residential,6,70,2,High
W001,T. Nagar Commercial Hub,Central,13.0418,80.2341,164.95,23.65,4.66,5406.4,6.27,0.47,3.93,13.2,89.7,Commercial,8,90,3,Severe Inundation
W006,Anna Nagar Residential,West,13.085,80.2101,151.12,38.21,4.22,7304.7,14.45,2.52,5.26,21.3,77.3,Low_Density_Residential,2,25,2,High
W005,Adyar Estuary Buffer,Coastal,13.0012,80.2565,114.85,33.31,3.36,4433.3,4.1,0.52,3.01,42.3,56.2,Green_Space,9,110,2,High
W007,Mylapore Heritage Sector,East,13.0368,80.2676,294.42,76.98,6.59,11849.1,8.38,1.5,4.51,24.8,82.4,High_Density_Residential,5,55,3,Severe Inundation
W007,Mylapore Heritage Sector,East,13.0368,80.2676,124.65,45.09,4.91,7028.2,8.33,1.39,4.45,20.2,78.9,High_Density_Residential,5,55,3,Severe Inundation
W009,Perambur Railway Lowlands,North,13.1114,80.2437,202.34,72.59,5.54,8184.5,4.14,0.47,2.43,53.2,50.4,Commercial,10,125,3,Severe Inundation
W012,Manali Petrochemical Zone,North-East,13.1706,80.2605,61.49,14.81,3.48,3017.0,2.59,0.65,1.85,33.4,71.8,Industrial,11,135,2,High
W012,Manali Petrochemical Zone,North-East,13.1706,80.2605,7.77,9.01,1.41,955.3,3.51,0.33,2.1,40.2,64.3,Industrial,11,135,0,Low
W009,Perambur Railway Lowlands,North,13.1114,80.2437,185.9,55.99,5.64,13977.3,4.78,0.28,2.18,41.5,58.2,Commercial,10,125,3,Severe Inundation
W010,Kolathur Urban Catchment,North-West,13.1235,80.2188,26.07,3.96,1.48,351.6,8.39,1.16,2.8,32.6,67.3,High_Density_Residential,7,85,0,Low
W004,Guindy Industrial Estate,South-Central,13.0067,80.2025,87.22,24.94,2.44,2417.3,12.23,1.98,4.17,74.9,21.0,Industrial,4,45,1,Moderate
W008,Tambaram Outer Valley,South-West,12.9249,80.1,30.53,5.44,1.36,612.5,15.49,2.74,3.07,23.9,71.1,Low_Density_Residential,6,70,0,Low
W004,Guindy Industrial Estate,South-Central,13.0067,80.2025,146.11,39.33,4.49,4463.1,11.88,2.0,4.0,7.6,88.2,Industrial,4,45,3,Severe Inundation
W005,Adyar Estuary Buffer,Coastal,13.0012,80.2565,62.93,21.77,3.23,3256.2,4.88,0.61,2.63,57.7,46.0,Green_Space,9,110,1,Moderate
W007,Mylapore Heritage Sector,East,13.0368,80.2676,34.56,3.75,0.69,591.0,8.33,1.26,4.6,31.4,72.8,High_Density_Residential,5,55,0,Low
W008,Tambaram Outer Valley,South-West,12.9249,80.1,142.1,32.9,4.35,7091.1,15.95,2.6,2.96,26.9,71.2,Low_Density_Residential,6,70,2,High
W001,T. Nagar Commercial Hub,Central,13.0418,80.2341,339.17,50.74,6.76,8043.3,5.62,0.73,3.92,10.6,85.4,Commercial,8,90,3,Severe Inundation
W007,Mylapore Heritage Sector,East,13.0368,80.2676,285.08,66.82,6.93,16088.1,8.11,1.01,4.51,46.5,57.7,High_Density_Residential,5,55,3,Severe Inundation
W006,Anna Nagar Residential,West,13.085,80.2101,98.4,25.18,3.22,5968.3,14.15,2.55,5.19,60.7,42.4,Low_Density_Residential,2,25,0,Low
W011,Sholinganallur IT Corridor,South-East,12.901,80.2279,301.23,73.17,5.12,13085.7,4.97,0.41,3.41,41.1,58.1,Commercial,9,115,3,Severe Inundation
W011,Sholinganallur IT Corridor,South-East,12.901,80.2279,80.41,23.93,3.17,1952.0,4.1,0.65,3.3,54.3,42.8,Commercial,9,115,2,High
W007,Mylapore Heritage Sector,East,13.0368,80.2676,11.83,6.04,1.1,707.2,7.65,1.2,4.84,33.9,62.6,High_Density_Residential,5,55,0,Low
W012,Manali Petrochemical Zone,North-East,13.1706,80.2605,58.64,8.19,3.38,2428.9,3.48,0.5,1.96,33.9,69.7,Industrial,11,135,2,High
W003,Madipakkam Lake Basin,South,12.9647,80.1961,2.69,5.19,0.86,720.9,2.49,0.32,1.63,50.0,49.1,High_Density_Residential,14,160,0,Low
W008,Tambaram Outer Valley,South-West,12.9249,80.1,9.91,8.74,1.89,843.6,15.99,2.62,3.3,14.8,86.7,Low_Density_Residential,6,70,0,Low
W003,Madipakkam Lake Basin,South,12.9647,80.1961,85.26,24.45,3.24,1636.3,2.89,0.2,1.73,58.0,43.2,High_Density_Residential,14,160,3,Severe Inundation
W010,Kolathur Urban Catchment,North-West,13.1235,80.2188,43.7,22.63,2.56,3276.0,7.17,0.84,2.97,33.7,73.5,High_Density_Residential,7,85,1,Moderate
W009,Perambur Railway Lowlands,North,13.1114,80.2437,7.78,7.97,1.92,190.4,5.15,0.48,2.53,77.2,30.5,Commercial,10,125,0,Low
W001,T. Nagar Commercial Hub,Central,13.0418,80.2341,130.41,49.38,4.93,4645.7,6.5,0.88,3.87,19.6,87.6,Commercial,8,90,3,Severe Inundation
W007,Mylapore Heritage Sector,East,13.0368,80.2676,177.68,33.18,3.31,6745.6,7.83,1.51,4.71,74.7,25.9,High_Density_Residential,5,55,3,Severe Inundation
W010,Kolathur Urban Catchment,North-West,13.1235,80.2188,140.15,26.21,4.32,4788.6,7.9,1.08,2.84,61.5,36.3,High_Density_Residential,7,85,3,Severe Inundation
W010,Kolathur Urban Catchment,North-West,13.1235,80.2188,12.88,6.85,1.64,774.6,8.35,1.11,3.07,21.6,85.2,High_Density_Residential,7,85,0,Low
W011,Sholinganallur IT Corridor,South-East,12.901,80.2279,53.23,24.61,3.27,1672.2,4.58,0.2,3.5,21.1,80.0,Commercial,9,115,2,High
W001,T. Nagar Commercial Hub,Central,13.0418,80.2341,27.22,6.23,1.44,146.5,6.55,0.58,3.69,53.3,44.7,Commercial,8,90,0,Low
W002,Velachery Lowlands,South,12.9815,80.218,7.85,8.86,1.61,693.5,3.92,0.2,2.29,36.6,59.4,High_Density_Residential,12,140,0,Low
W011,Sholinganallur IT Corridor,South-East,12.901,80.2279,45.23,9.89,3.03,1522.3,4.48,0.38,3.85,40.1,54.4,Commercial,9,115,1,Moderate
W007,Mylapore Heritage Sector,East,13.0368,80.2676,287.24,68.18,6.46,10361.6,8.63,1.11,4.36,19.6,82.7,High_Density_Residential,5,55,3,Severe Inundation
W003,Madipakkam Lake Basin,South,12.9647,80.1961,105.77,34.21,4.37,3141.3,2.62,0.2,1.76,18.4,78.0,High_Density_Residential,14,160,3,Severe Inundation
W008,Tambaram Outer Valley,South-West,12.9249,80.1,65.1,11.93,2.38,2457.9,15.58,2.86,2.92,71.7,34.5,Low_Density_Residential,6,70,0,Low
W003,Madipakkam Lake Basin,South,12.9647,80.1961,21.98,5.36,0.66,350.1,2.85,0.45,1.84,26.9,85.2,High_Density_Residential,14,160,0,Low
W001,T. Nagar Commercial Hub,Central,13.0418,80.2341,33.06,6.3,0.97,504.7,5.64,0.73,4.03,65.6,36.2,Commercial,8,90,0,Low
W005,Adyar Estuary Buffer,Coastal,13.0012,80.2565,2.42,9.08,1.37,416.6,4.34,0.4,2.81,43.1,42.4,Green_Space,9,110,0,Low
W007,Mylapore Heritage Sector,East,13.0368,80.2676,4.48,1.66,0.79,536.7,8.62,1.19,4.33,61.1,40.3,High_Density_Residential,5,55,0,Low
W006,Anna Nagar Residential,West,13.085,80.2101,9.0,5.26,1.95,794.6,14.38,2.61,5.14,38.7,64.8,Low_Density_Residential,2,25,0,Low
W004,Guindy Industrial Estate,South-Central,13.0067,80.2025,52.3,17.54,2.71,3023.3,12.47,2.09,4.15,40.8,58.6,Industrial,4,45,0,Low
W008,Tambaram Outer Valley,South-West,12.9249,80.1,41.56,23.71,1.93,3311.0,15.6,2.98,3.15,71.5,16.3,Low_Density_Residential,6,70,0,Low
W006,Anna Nagar Residential,West,13.085,80.2101,158.76,28.77,3.35,3057.2,14.24,2.22,4.83,11.5,89.5,Low_Density_Residential,2,25,1,Moderate
W006,Anna Nagar Residential,West,13.085,80.2101,53.95,18.64,3.35,1539.8,14.44,2.59,5.3,28.8,64.5,Low_Density_Residential,2,25,0,Low
W007,Mylapore Heritage Sector,East,13.0368,80.2676,109.4,32.59,3.54,3041.5,8.47,1.27,4.59,12.5,81.4,High_Density_Residential,5,55,2,High
W005,Adyar Estuary Buffer,Coastal,13.0012,80.2565,8.22,5.5,1.69,235.1,4.24,0.41,3.31,64.2,37.9,Green_Space,9,110,0,Low
W007,Mylapore Heritage Sector,East,13.0368,80.2676,8.4,6.91,1.78,327.4,8.67,0.9,4.8,57.8,41.2,High_Density_Residential,5,55,0,Low
W005,Adyar Estuary Buffer,Coastal,13.0012,80.2565,22.09,2.37,1.75,419.9,3.52,0.72,2.64,58.5,42.5,Green_Space,9,110,0,Low
W002,Velachery Lowlands,South,12.9815,80.218,25.58,5.75,1.85,381.7,3.51,0.81,2.21,5.0,94.7,High_Density_Residential,12,140,0,Low
W008,Tambaram Outer Valley,South-West,12.9249,80.1,286.15,88.56,7.03,11281.2,15.55,2.63,3.03,34.1,58.1,Low_Density_Residential,6,70,3,Severe Inundation
W001,T. Nagar Commercial Hub,Central,13.0418,80.2341,191.47,47.18,5.39,17696.3,6.09,0.85,3.57,56.3,42.7,Commercial,8,90,3,Severe Inundation
W012,Manali Petrochemical Zone,North-East,13.1706,80.2605,131.29,37.81,3.68,6229.6,3.05,0.42,2.12,55.4,41.7,Industrial,11,135,3,Severe Inundation
W009,Perambur Railway Lowlands,North,13.1114,80.2437,145.3,47.4,3.62,3605.7,5.0,0.47,2.39,57.1,47.5,Commercial,10,125,3,Severe Inundation
W001,T. Nagar Commercial Hub,Central,13.0418,80.2341,58.37,12.91,2.09,2858.0,5.98,0.65,3.58,21.9,83.2,Commercial,8,90,1,Moderate
W006,Anna Nagar Residential,West,13.085,80.2101,12.9,7.13,1.02,291.4,13.93,2.38,4.9,25.1,68.3,Low_Density_Residential,2,25,0,Low
W004,Guindy Industrial Estate,South-Central,13.0067,80.2025,13.09,2.21,0.61,993.0,12.63,2.18,4.29,63.9,38.7,Industrial,4,45,0,Low
W011,Sholinganallur IT Corridor,South-East,12.901,80.2279,89.04,19.31,3.43,1343.9,4.34,0.62,3.39,60.8,40.4,Commercial,9,115,2,High
W002,Velachery Lowlands,South,12.9815,80.218,148.34,32.12,3.23,5958.3,3.55,0.22,2.13,53.8,47.5,High_Density_Residential,12,140,3,Severe Inundation
W011,Sholinganallur IT Corridor,South-East,12.901,80.2279,154.9,27.66,3.36,3393.4,4.75,0.48,3.62,37.2,69.7,Commercial,9,115,3,Severe Inundation
W001,T. Nagar Commercial Hub,Central,13.0418,80.2341,11.55,6.96,1.42,577.9,6.66,0.96,3.89,42.8,60.5,Commercial,8,90,0,Low
W001,T. Nagar Commercial Hub,Central,13.0418,80.2341,77.85,20.32,1.9,2370.1,6.18,0.81,3.35,59.2,45.0,Commercial,8,90,1,Moderate
W004,Guindy Industrial Estate,South-Central,13.0067,80.2025,109.48,27.91,3.58,6825.3,12.51,2.11,4.52,63.0,34.2,Industrial,4,45,2,High
W004,Guindy Industrial Estate,South-Central,13.0067,80.2025,65.67,12.72,2.61,2071.1,12.87,2.04,4.14,83.1,19.7,Industrial,4,45,0,Low
W001,T. Nagar Commercial Hub,Central,13.0418,80.2341,39.49,10.3,2.06,2502.1,6.1,0.9,3.6,56.4,47.0,Commercial,8,90,0,Low
W010,Kolathur Urban Catchment,North-West,13.1235,80.2188,75.6,16.33,1.85,973.3,8.51,1.15,2.88,65.5,42.0,High_Density_Residential,7,85,1,Moderate
W003,Madipakkam Lake Basin,South,12.9647,80.1961,235.26,65.55,5.25,9642.8,3.1,0.38,1.63,52.1,43.0,High_Density_Residential,14,160,3,Severe Inundation
W004,Guindy Industrial Estate,South-Central,13.0067,80.2025,90.71,36.18,4.63,4331.1,13.06,2.25,4.04,11.0,94.6,Industrial,4,45,2,High
W003,Madipakkam Lake Basin,South,12.9647,80.1961,13.12,7.78,0.94,787.0,2.46,0.2,2.09,62.2,41.9,High_Density_Residential,14,160,0,Low
W008,Tambaram Outer Valley,South-West,12.9249,80.1,44.51,19.61,2.53,2397.1,16.04,3.06,3.19,37.4,57.0,Low_Density_Residential,6,70,0,Low
W011,Sholinganallur IT Corridor,South-East,12.901,80.2279,102.68,46.31,3.53,6986.3,4.17,0.2,3.2,23.8,76.8,Commercial,9,115,3,Severe Inundation
W002,Velachery Lowlands,South,12.9815,80.218,95.26,36.81,3.35,7518.7,3.61,0.48,2.32,27.9,64.7,High_Density_Residential,12,140,3,Severe Inundation
W010,Kolathur Urban Catchment,North-West,13.1235,80.2188,47.82,18.01,3.37,2819.8,7.51,1.23,2.96,70.8,27.0,High_Density_Residential,7,85,1,Moderate
W004,Guindy Industrial Estate,South-Central,13.0067,80.2025,6.52,2.56,0.58,691.0,12.24,2.26,3.95,28.2,81.0,Industrial,4,45,0,Low
W008,Tambaram Outer Valley,South-West,12.9249,80.1,69.52,23.9,2.31,1769.7,16.24,2.92,2.75,71.1,28.4,Low_Density_Residential,6,70,0,Low
W012,Manali Petrochemical Zone,North-East,13.1706,80.2605,170.76,24.09,3.65,5713.5,3.19,0.45,1.98,24.0,78.7,Industrial,11,135,3,Severe Inundation
W005,Adyar Estuary Buffer,Coastal,13.0012,80.2565,65.73,8.99,2.98,942.6,4.01,0.67,2.5,49.6,53.9,Green_Space,9,110,0,Low
W006,Anna Nagar Residential,West,13.085,80.2101,3.83,1.02,0.65,813.0,14.47,2.58,5.13,17.0,83.8,Low_Density_Residential,2,25,0,Low
W003,Madipakkam Lake Basin,South,12.9647,80.1961,14.39,2.0,1.03,256.2,2.52,0.2,1.85,6.0,90.9,High_Density_Residential,14,160,0,Low
W010,Kolathur Urban Catchment,North-West,13.1235,80.2188,141.45,33.65,3.47,5248.6,7.87,1.09,2.59,11.4,90.3,High_Density_Residential,7,85,3,Severe Inundation
W010,Kolathur Urban Catchment,North-West,13.1235,80.2188,60.74,11.7,2.37,3391.6,7.57,0.73,3.23,58.2,50.7,High_Density_Residential,7,85,1,Moderate
W012,Manali Petrochemical Zone,North-East,13.1706,80.2605,169.38,31.14,3.34,7791.7,4.0,0.24,2.05,25.2,81.7,Industrial,11,135,3,Severe Inundation
W012,Manali Petrochemical Zone,North-East,13.1706,80.2605,13.21,3.8,1.93,805.3,3.19,0.44,2.04,70.5,34.9,Industrial,11,135,0,Low
W002,Velachery Lowlands,South,12.9815,80.218,181.75,89.31,5.53,7909.2,4.08,0.68,1.61,39.7,60.3,High_Density_Residential,12,140,3,Severe Inundation
W003,Madipakkam Lake Basin,South,12.9647,80.1961,82.9,11.63,2.52,3336.6,2.86,0.2,1.87,7.8,98.8,High_Density_Residential,14,160,2,High
W005,Adyar Estuary Buffer,Coastal,13.0012,80.2565,53.62,19.19,3.02,2306.7,3.7,0.45,2.97,15.7,83.1,Green_Space,9,110,1,Moderate
W002,Velachery Lowlands,South,12.9815,80.218,145.43,28.77,3.96,6533.5,3.17,0.33,1.8,54.4,39.0,High_Density_Residential,12,140,3,Severe Inundation
W010,Kolathur Urban Catchment,North-West,13.1235,80.2188,85.94,21.86,2.35,3452.1,7.67,1.12,2.95,18.1,85.0,High_Density_Residential,7,85,1,Moderate
W001,T. Nagar Commercial Hub,Central,13.0418,80.2341,31.99,5.67,0.61,199.2,6.12,0.89,3.99,40.6,58.6,Commercial,8,90,0,Low
W005,Adyar Estuary Buffer,Coastal,13.0012,80.2565,24.74,9.82,1.95,244.8,4.21,0.41,3.1,49.6,52.4,Green_Space,9,110,0,Low
W010,Kolathur Urban Catchment,North-West,13.1235,80.2188,273.14,88.34,7.37,14591.2,8.24,1.09,2.9,47.3,47.7,High_Density_Residential,7,85,3,Severe Inundation
W011,Sholinganallur IT Corridor,South-East,12.901,80.2279,40.44,8.72,2.95,2250.8,5.32,0.37,3.35,20.4,85.5,Commercial,9,115,1,Moderate
W007,Mylapore Heritage Sector,East,13.0368,80.2676,88.97,16.81,3.38,1899.8,8.69,1.21,4.37,19.9,86.2,High_Density_Residential,5,55,1,Moderate
W007,Mylapore Heritage Sector,East,13.0368,80.2676,65.83,23.55,2.95,1890.1,8.4,1.24,4.7,48.6,53.7,High_Density_Residential,5,55,1,Moderate
W012,Manali Petrochemical Zone,North-East,13.1706,80.2605,17.97,7.32,0.84,103.7,3.23,0.43,1.92,59.1,38.6,Industrial,11,135,0,Low
W004,Guindy Industrial Estate,South-Central,13.0067,80.2025,11.95,2.81,1.66,741.3,11.88,2.34,4.6,37.7,54.6,Industrial,4,45,0,Low
W002,Velachery Lowlands,South,12.9815,80.218,87.73,11.5,2.91,917.2,3.61,0.41,2.21,11.7,83.2,High_Density_Residential,12,140,2,High
W010,Kolathur Urban Catchment,North-West,13.1235,80.2188,57.66,19.11,3.49,3332.1,7.48,0.88,2.84,39.4,65.0,High_Density_Residential,7,85,1,Moderate
W012,Manali Petrochemical Zone,North-East,13.1706,80.2605,7.92,2.12,1.87,226.2,2.91,0.75,1.87,59.2,34.6,Industrial,11,135,0,Low
W011,Sholinganallur IT Corridor,South-East,12.901,80.2279,73.1,17.05,2.54,1845.8,4.32,0.58,3.22,42.4,57.3,Commercial,9,115,2,High
W004,Guindy Industrial Estate,South-Central,13.0067,80.2025,111.21,48.05,4.92,7794.5,11.85,2.04,4.6,34.4,65.6,Industrial,4,45,3,Severe Inundation
W002,Velachery Lowlands,South,12.9815,80.218,8.13,1.04,1.26,600.0,3.51,0.6,2.19,32.9,71.4,High_Density_Residential,12,140,0,Low
W012,Manali Petrochemical Zone,North-East,13.1706,80.2605,185.15,68.13,5.65,14483.3,3.02,0.34,2.18,58.0,50.0,Industrial,11,135,3,Severe Inundation
W005,Adyar Estuary Buffer,Coastal,13.0012,80.2565,10.93,1.42,1.15,844.7,4.52,0.74,3.25,9.6,89.7,Green_Space,9,110,0,Low
W011,Sholinganallur IT Corridor,South-East,12.901,80.2279,8.98,3.39,0.64,412.2,4.22,0.38,3.73,49.0,48.5,Commercial,9,115,0,Low
W010,Kolathur Urban Catchment,North-West,13.1235,80.2188,21.84,7.41,0.98,585.6,7.51,1.36,3.07,38.3,54.1,High_Density_Residential,7,85,0,Low
W002,Velachery Lowlands,South,12.9815,80.218,19.57,2.03,1.32,101.2,3.21,0.24,2.36,38.4,54.2,High_Density_Residential,12,140,0,Low
W010,Kolathur Urban Catchment,North-West,13.1235,80.2188,80.94,18.47,2.88,2260.8,7.02,1.12,2.99,16.2,83.4,High_Density_Residential,7,85,1,Moderate
W001,T. Nagar Commercial Hub,Central,13.0418,80.2341,72.48,13.76,2.77,2007.9,6.18,0.74,3.56,58.5,38.7,Commercial,8,90,1,Moderate
W006,Anna Nagar Residential,West,13.085,80.2101,82.47,15.08,3.06,3112.2,14.14,2.26,5.13,63.0,46.2,Low_Density_Residential,2,25,0,Low
W009,Perambur Railway Lowlands,North,13.1114,80.2437,16.21,5.52,1.85,334.8,4.07,0.55,2.33,70.6,22.9,Commercial,10,125,0,Low
W007,Mylapore Heritage Sector,East,13.0368,80.2676,22.5,2.48,1.77,831.2,8.97,1.19,4.52,9.4,92.0,High_Density_Residential,5,55,0,Low
W011,Sholinganallur IT Corridor,South-East,12.901,80.2279,26.2,4.88,1.17,377.7,4.55,0.32,3.26,65.2,29.4,Commercial,9,115,0,Low
W006,Anna Nagar Residential,West,13.085,80.2101,2.24,9.89,1.49,428.9,13.81,2.47,4.84,79.0,20.6,Low_Density_Residential,2,25,0,Low
W002,Velachery Lowlands,South,12.9815,80.218,168.28,43.91,3.82,6872.0,3.31,0.27,2.17,18.8,83.5,High_Density_Residential,12,140,3,Severe Inundation
W009,Perambur Railway Lowlands,North,13.1114,80.2437,27.69,8.7,1.15,440.4,5.13,0.53,2.74,17.2,84.2,Commercial,10,125,0,Low
W011,Sholinganallur IT Corridor,South-East,12.901,80.2279,84.13,10.92,2.52,3048.7,4.26,0.69,3.9,16.9,81.5,Commercial,9,115,1,Moderate
W006,Anna Nagar Residential,West,13.085,80.2101,21.67,3.25,1.0,524.1,14.23,2.77,5.03,35.3,63.8,Low_Density_Residential,2,25,0,Low
W001,T. Nagar Commercial Hub,Central,13.0418,80.2341,111.36,33.13,4.74,3837.1,6.3,0.74,3.76,7.4,99.8,Commercial,8,90,3,Severe Inundation
W007,Mylapore Heritage Sector,East,13.0368,80.2676,23.66,2.48,0.58,208.9,8.54,1.31,4.18,17.1,95.1,High_Density_Residential,5,55,0,Low
W008,Tambaram Outer Valley,South-West,12.9249,80.1,15.57,3.19,0.69,871.7,16.09,2.97,2.85,36.3,62.8,Low_Density_Residential,6,70,0,Low
W002,Velachery Lowlands,South,12.9815,80.218,51.65,15.83,2.23,1812.1,3.7,0.47,2.05,68.1,33.5,High_Density_Residential,12,140,2,High
W007,Mylapore Heritage Sector,East,13.0368,80.2676,82.26,9.73,2.39,2253.3,9.2,1.12,4.42,70.0,30.2,High_Density_Residential,5,55,0,Low
W006,Anna Nagar Residential,West,13.085,80.2101,13.76,6.41,1.33,464.2,13.91,2.44,5.5,50.1,58.8,Low_Density_Residential,2,25,0,Low
W011,Sholinganallur IT Corridor,South-East,12.901,80.2279,88.28,19.43,2.06,1159.7,4.92,0.6,3.25,36.2,52.3,Commercial,9,115,1,Moderate
W008,Tambaram Outer Valley,South-West,12.9249,80.1,48.39,8.89,3.4,1304.1,15.95,2.59,2.98,31.4,72.2,Low_Density_Residential,6,70,0,Low
W012,Manali Petrochemical Zone,North-East,13.1706,80.2605,232.17,51.68,6.12,15340.6,2.38,0.37,1.9,21.5,80.1,Industrial,11,135,3,Severe Inundation
W003,Madipakkam Lake Basin,South,12.9647,80.1961,57.44,16.45,1.87,3210.5,3.3,0.49,1.83,37.8,72.1,High_Density_Residential,14,160,2,High
W007,Mylapore Heritage Sector,East,13.0368,80.2676,70.42,18.42,3.02,2535.6,8.35,1.5,4.25,26.1,71.7,High_Density_Residential,5,55,1,Moderate
W003,Madipakkam Lake Basin,South,12.9647,80.1961,132.41,46.29,4.0,4424.5,2.23,0.26,1.99,67.8,22.7,High_Density_Residential,14,160,3,Severe Inundation
W012,Manali Petrochemical Zone,North-East,13.1706,80.2605,315.92,87.18,6.18,15789.1,3.32,0.21,2.09,21.6,73.0,Industrial,11,135,3,Severe Inundation
W009,Perambur Railway Lowlands,North,13.1114,80.2437,33.22,7.41,1.61,549.5,4.7,0.35,2.77,43.3,54.9,Commercial,10,125,0,Low
W011,Sholinganallur IT Corridor,South-East,12.901,80.2279,8.98,6.01,1.68,382.9,4.47,0.37,3.3,17.0,85.5,Commercial,9,115,0,Low
W005,Adyar Estuary Buffer,Coastal,13.0012,80.2565,33.57,8.1,1.59,267.4,3.65,0.54,2.95,45.8,49.8,Green_Space,9,110,0,Low
W010,Kolathur Urban Catchment,North-West,13.1235,80.2188,11.14,3.24,0.85,273.5,7.07,1.22,2.86,24.7,75.2,High_Density_Residential,7,85,0,Low
W009,Perambur Railway Lowlands,North,13.1114,80.2437,76.73,11.24,2.77,2998.4,4.99,0.6,2.63,51.4,51.9,Commercial,10,125,2,High
W008,Tambaram Outer Valley,South-West,12.9249,80.1,182.19,62.76,5.56,10254.3,16.29,2.66,3.34,47.5,45.7,Low_Density_Residential,6,70,3,Severe Inundation
W008,Tambaram Outer Valley,South-West,12.9249,80.1,176.84,37.44,4.84,7042.6,16.13,2.8,3.01,52.1,44.6,Low_Density_Residential,6,70,3,Severe Inundation
W007,Mylapore Heritage Sector,East,13.0368,80.2676,90.83,29.38,3.51,5945.2,8.16,1.07,4.81,72.5,19.5,High_Density_Residential,5,55,2,High
W012,Manali Petrochemical Zone,North-East,13.1706,80.2605,3.15,5.22,1.1,223.2,2.55,0.64,2.25,15.7,84.5,Industrial,11,135,0,Low
W010,Kolathur Urban Catchment,North-West,13.1235,80.2188,7.32,4.84,0.7,729.1,8.49,0.73,3.01,42.3,63.0,High_Density_Residential,7,85,0,Low
W005,Adyar Estuary Buffer,Coastal,13.0012,80.2565,12.09,8.96,1.59,702.8,3.78,0.5,2.86,33.1,71.1,Green_Space,9,110,0,Low
W006,Anna Nagar Residential,West,13.085,80.2101,38.66,16.77,2.39,2615.0,14.49,2.6,5.05,75.4,27.5,Low_Density_Residential,2,25,0,Low
W004,Guindy Industrial Estate,South-Central,13.0067,80.2025,116.3,47.93,4.2,6482.7,12.7,1.95,4.09,48.5,56.9,Industrial,4,45,3,Severe Inundation
W002,Velachery Lowlands,South,12.9815,80.218,55.73,23.67,1.86,3111.6,3.73,0.33,2.25,61.1,42.0,High_Density_Residential,12,140,2,High
W005,Adyar Estuary Buffer,Coastal,13.0012,80.2565,44.52,8.81,2.22,1186.6,4.16,0.4,3.13,73.9,20.2,Green_Space,9,110,0,Low
W008,Tambaram Outer Valley,South-West,12.9249,80.1,158.7,32.88,4.75,3753.7,15.8,2.76,3.42,36.6,51.0,Low_Density_Residential,6,70,2,High
W004,Guindy Industrial Estate,South-Central,13.0067,80.2025,70.56,13.96,2.26,2359.0,12.49,2.21,4.22,77.2,24.7,Industrial,4,45,0,Low
W008,Tambaram Outer Valley,South-West,12.9249,80.1,107.57,37.99,3.8,3046.0,15.91,2.77,3.07,22.0,76.2,Low_Density_Residential,6,70,1,Moderate
W010,Kolathur Urban Catchment,North-West,13.1235,80.2188,82.41,15.21,3.36,2144.4,7.95,1.32,2.86,24.7,82.5,High_Density_Residential,7,85,1,Moderate
W010,Kolathur Urban Catchment,North-West,13.1235,80.2188,88.99,22.13,3.35,1486.7,7.5,1.23,3.08,49.4,43.7,High_Density_Residential,7,85,2,High
W011,Sholinganallur IT Corridor,South-East,12.901,80.2279,4.12,1.9,1.13,833.3,3.99,0.46,3.59,59.2,35.3,Commercial,9,115,0,Low
W007,Mylapore Heritage Sector,East,13.0368,80.2676,7.04,6.64,0.61,270.7,8.26,1.17,4.49,77.9,28.1,High_Density_Residential,5,55,0,Low
W006,Anna Nagar Residential,West,13.085,80.2101,303.28,93.3,6.19,12473.8,14.98,2.57,4.88,30.9,62.6,Low_Density_Residential,2,25,3,Severe Inundation
W001,T. Nagar Commercial Hub,Central,13.0418,80.2341,32.73,2.31,1.45,633.7,6.06,0.68,3.68,13.3,83.9,Commercial,8,90,0,Low
W008,Tambaram Outer Valley,South-West,12.9249,80.1,2.66,5.87,1.93,452.1,15.88,2.87,3.54,30.7,72.6,Low_Density_Residential,6,70,0,Low
W006,Anna Nagar Residential,West,13.085,80.2101,156.16,28.71,3.75,6914.9,14.72,2.24,4.75,60.3,41.7,Low_Density_Residential,2,25,1,Moderate
W003,Madipakkam Lake Basin,South,12.9647,80.1961,13.6,1.57,1.98,128.4,2.94,0.2,1.57,43.9,52.7,High_Density_Residential,14,160,0,Low
W008,Tambaram Outer Valley,South-West,12.9249,80.1,115.2,20.86,3.95,5167.7,16.74,2.76,2.82,33.6,70.7,Low_Density_Residential,6,70,1,Moderate
W004,Guindy Industrial Estate,South-Central,13.0067,80.2025,63.12,18.82,2.92,1580.2,13.14,2.08,4.4,40.0,63.3,Industrial,4,45,0,Low
W006,Anna Nagar Residential,West,13.085,80.2101,277.09,88.04,4.84,8626.0,14.61,2.42,4.98,51.0,49.7,Low_Density_Residential,2,25,3,Severe Inundation
W005,Adyar Estuary Buffer,Coastal,13.0012,80.2565,24.21,8.35,1.9,888.7,3.84,0.72,2.85,12.1,86.1,Green_Space,9,110,0,Low
W006,Anna Nagar Residential,West,13.085,80.2101,58.84,15.8,3.45,1599.6,14.03,2.78,5.16,49.9,54.8,Low_Density_Residential,2,25,0,Low
W005,Adyar Estuary Buffer,Coastal,13.0012,80.2565,302.67,85.6,7.0,14248.5,5.1,0.77,3.09,40.4,59.3,Green_Space,9,110,3,Severe Inundation
W010,Kolathur Urban Catchment,North-West,13.1235,80.2188,178.78,33.25,4.13,5609.1,8.31,1.53,3.02,15.6,75.5,High_Density_Residential,7,85,3,Severe Inundation
W012,Manali Petrochemical Zone,North-East,13.1706,80.2605,316.21,66.67,6.85,8524.6,3.0,0.59,2.1,40.6,65.5,Industrial,11,135,3,Severe Inundation
W005,Adyar Estuary Buffer,Coastal,13.0012,80.2565,80.61,20.4,2.16,3362.0,4.1,0.31,2.79,19.4,77.9,Green_Space,9,110,1,Moderate
W009,Perambur Railway Lowlands,North,13.1114,80.2437,84.13,18.82,2.97,2602.5,4.98,0.78,2.6,24.9,78.7,Commercial,10,125,2,High
W001,T. Nagar Commercial Hub,Central,13.0418,80.2341,90.4,35.04,4.47,3777.0,5.94,0.84,3.7,60.0,37.2,Commercial,8,90,3,Severe Inundation
W009,Perambur Railway Lowlands,North,13.1114,80.2437,70.96,15.45,3.12,2742.0,4.71,0.68,2.34,23.8,71.0,Commercial,10,125,2,High
W004,Guindy Industrial Estate,South-Central,13.0067,80.2025,239.59,67.88,5.68,9420.3,12.6,2.06,4.13,29.2,66.6,Industrial,4,45,3,Severe Inundation
W002,Velachery Lowlands,South,12.9815,80.218,16.13,9.85,0.99,888.8,3.75,0.57,2.18,43.7,57.8,High_Density_Residential,12,140,0,Low
W004,Guindy Industrial Estate,South-Central,13.0067,80.2025,85.83,22.03,3.23,2617.1,12.72,2.12,4.14,46.3,56.2,Industrial,4,45,1,Moderate
W012,Manali Petrochemical Zone,North-East,13.1706,80.2605,51.72,8.15,3.22,1036.1,3.23,0.75,1.86,51.4,48.0,Industrial,11,135,2,High
W007,Mylapore Heritage Sector,East,13.0368,80.2676,3.34,6.51,1.71,494.0,9.09,1.41,4.23,35.5,68.2,High_Density_Residential,5,55,0,Low
W008,Tambaram Outer Valley,South-West,12.9249,80.1,211.57,92.55,6.25,14555.5,15.9,2.68,3.47,38.1,57.4,Low_Density_Residential,6,70,3,Severe Inundation
W009,Perambur Railway Lowlands,North,13.1114,80.2437,12.64,4.82,0.72,848.0,4.71,0.33,2.48,11.6,82.0,Commercial,10,125,0,Low
W004,Guindy Industrial Estate,South-Central,13.0067,80.2025,45.73,9.94,3.06,2879.1,12.52,2.19,4.16,29.4,73.2,Industrial,4,45,0,Low
W012,Manali Petrochemical Zone,North-East,13.1706,80.2605,335.74,58.11,5.37,8345.4,3.09,0.41,1.91,26.9,75.7,Industrial,11,135,3,Severe Inundation
W008,Tambaram Outer Valley,South-West,12.9249,80.1,109.71,22.16,4.49,4953.5,15.85,2.75,3.14,41.9,58.3,Low_Density_Residential,6,70,1,Moderate
W011,Sholinganallur IT Corridor,South-East,12.901,80.2279,17.46,8.97,1.04,939.2,4.74,0.53,3.4,27.9,65.7,Commercial,9,115,0,Low
W012,Manali Petrochemical Zone,North-East,13.1706,80.2605,78.21,24.01,3.29,1363.4,3.19,0.2,1.91,24.8,77.1,Industrial,11,135,2,High
W008,Tambaram Outer Valley,South-West,12.9249,80.1,18.1,7.97,0.73,650.4,16.21,2.74,3.07,32.6,59.2,Low_Density_Residential,6,70,0,Low
W008,Tambaram Outer Valley,South-West,12.9249,80.1,66.17,19.12,2.32,1141.4,15.13,2.89,2.68,46.9,51.5,Low_Density_Residential,6,70,0,Low
W001,T. Nagar Commercial Hub,Central,13.0418,80.2341,95.58,34.05,4.69,5256.1,6.3,0.86,3.72,19.5,85.1,Commercial,8,90,3,Severe Inundation
W002,Velachery Lowlands,South,12.9815,80.218,17.9,1.38,1.19,477.0,3.53,0.31,1.85,53.4,47.7,High_Density_Residential,12,140,0,Low
W005,Adyar Estuary Buffer,Coastal,13.0012,80.2565,80.93,23.91,3.48,1870.7,3.96,0.57,2.95,66.1,45.3,Green_Space,9,110,1,Moderate
W004,Guindy Industrial Estate,South-Central,13.0067,80.2025,150.95,40.93,4.16,7426.1,13.02,2.0,4.2,8.6,95.6,Industrial,4,45,3,Severe Inundation
W007,Mylapore Heritage Sector,East,13.0368,80.2676,63.39,13.66,2.27,2571.1,8.25,1.29,4.83,32.6,63.6,High_Density_Residential,5,55,0,Low
W012,Manali Petrochemical Zone,North-East,13.1706,80.2605,158.21,38.54,4.62,4671.3,4.07,0.44,2.05,77.6,29.7,Industrial,11,135,3,Severe Inundation
W004,Guindy Industrial Estate,South-Central,13.0067,80.2025,80.99,19.53,2.96,1386.3,12.14,2.26,4.6,17.4,86.2,Industrial,4,45,0,Low
W005,Adyar Estuary Buffer,Coastal,13.0012,80.2565,99.77,43.75,3.51,3183.5,3.12,0.69,3.12,25.2,71.9,Green_Space,9,110,2,High
W011,Sholinganallur IT Corridor,South-East,12.901,80.2279,105.13,30.36,4.57,7771.2,4.94,0.44,3.25,56.2,41.8,Commercial,9,115,3,Severe Inundation
W010,Kolathur Urban Catchment,North-West,13.1235,80.2188,89.7,8.2,2.72,2348.9,7.6,1.1,2.96,81.0,16.1,High_Density_Residential,7,85,1,Moderate
W006,Anna Nagar Residential,West,13.085,80.2101,51.9,17.07,2.03,3318.1,14.96,2.26,5.05,45.1,60.4,Low_Density_Residential,2,25,0,Low
W008,Tambaram Outer Valley,South-West,12.9249,80.1,335.09,51.27,5.23,14605.7,16.01,2.74,3.14,28.9,69.6,Low_Density_Residential,6,70,3,Severe Inundation
W009,Perambur Railway Lowlands,North,13.1114,80.2437,16.31,5.12,1.33,195.0,5.05,0.29,2.65,42.4,62.5,Commercial,10,125,0,Low
W009,Perambur Railway Lowlands,North,13.1114,80.2437,15.37,9.34,1.03,512.9,4.97,0.66,2.5,58.5,39.7,Commercial,10,125,0,Low
W006,Anna Nagar Residential,West,13.085,80.2101,156.58,36.14,3.36,7630.4,15.34,2.18,5.13,42.2,53.4,Low_Density_Residential,2,25,2,High
W007,Mylapore Heritage Sector,East,13.0368,80.2676,75.18,24.41,3.18,3338.9,7.8,1.27,4.57,34.5,46.7,High_Density_Residential,5,55,2,High
W012,Manali Petrochemical Zone,North-East,13.1706,80.2605,59.57,14.17,1.83,2209.7,2.62,0.23,1.78,20.8,85.1,Industrial,11,135,1,Moderate
W009,Perambur Railway Lowlands,North,13.1114,80.2437,63.55,21.78,2.53,2694.3,4.22,0.27,2.25,20.6,76.1,Commercial,10,125,2,High
W006,Anna Nagar Residential,West,13.085,80.2101,122.81,49.66,4.27,4997.0,14.64,2.58,4.72,53.8,56.2,Low_Density_Residential,2,25,2,High
W006,Anna Nagar Residential,West,13.085,80.2101,81.33,12.84,2.78,1132.7,14.94,2.64,4.74,44.5,53.8,Low_Density_Residential,2,25,0,Low
W012,Manali Petrochemical Zone,North-East,13.1706,80.2605,159.68,38.21,3.24,7655.1,2.67,0.32,2.05,64.9,37.8,Industrial,11,135,3,Severe Inundation
W008,Tambaram Outer Valley,South-West,12.9249,80.1,96.79,22.06,4.17,3800.6,15.97,2.8,3.02,28.0,74.0,Low_Density_Residential,6,70,0,Low
W005,Adyar Estuary Buffer,Coastal,13.0012,80.2565,4.29,3.32,1.32,765.6,3.47,0.83,3.24,49.3,51.1,Green_Space,9,110,0,Low
W005,Adyar Estuary Buffer,Coastal,13.0012,80.2565,32.88,5.12,0.69,489.4,5.33,0.6,2.86,25.1,77.8,Green_Space,9,110,0,Low
W005,Adyar Estuary Buffer,Coastal,13.0012,80.2565,76.85,16.25,2.14,1135.9,3.74,0.54,2.98,36.8,60.7,Green_Space,9,110,1,Moderate
W004,Guindy Industrial Estate,South-Central,13.0067,80.2025,170.01,45.07,4.29,4942.0,11.71,2.34,4.03,42.5,48.2,Industrial,4,45,3,Severe Inundation
W002,Velachery Lowlands,South,12.9815,80.218,68.16,25.0,2.64,1362.9,4.17,0.73,2.37,66.1,30.7,High_Density_Residential,12,140,2,High
W012,Manali Petrochemical Zone,North-East,13.1706,80.2605,150.1,45.64,4.89,5899.9,3.11,0.32,2.1,24.9,69.5,Industrial,11,135,3,Severe Inundation
W004,Guindy Industrial Estate,South-Central,13.0067,80.2025,76.07,17.57,1.94,1301.1,12.11,1.98,4.42,15.3,84.3,Industrial,4,45,0,Low
W006,Anna Nagar Residential,West,13.085,80.2101,107.35,40.65,3.69,7160.3,14.98,2.51,5.14,41.9,46.7,Low_Density_Residential,2,25,1,Moderate
W002,Velachery Lowlands,South,12.9815,80.218,87.11,8.7,3.36,2444.5,3.32,0.58,2.37,58.1,46.3,High_Density_Residential,12,140,2,High
W012,Manali Petrochemical Zone,North-East,13.1706,80.2605,54.53,16.43,3.28,2894.8,3.3,0.65,2.15,54.3,44.7,Industrial,11,135,2,High
W009,Perambur Railway Lowlands,North,13.1114,80.2437,24.83,1.26,1.43,226.6,5.22,0.3,2.82,27.1,67.8,Commercial,10,125,0,Low
W012,Manali Petrochemical Zone,North-East,13.1706,80.2605,10.08,1.9,1.71,221.7,2.96,0.2,2.42,66.2,32.6,Industrial,11,135,1,Moderate
W003,Madipakkam Lake Basin,South,12.9647,80.1961,20.45,7.03,0.54,519.3,3.23,0.33,1.88,87.1,14.2,High_Density_Residential,14,160,0,Low
W004,Guindy Industrial Estate,South-Central,13.0067,80.2025,189.15,74.85,6.34,7874.6,12.79,2.47,3.93,32.8,65.2,Industrial,4,45,3,Severe Inundation
W004,Guindy Industrial Estate,South-Central,13.0067,80.2025,34.5,9.2,0.54,793.7,12.02,1.96,4.54,36.7,59.8,Industrial,4,45,0,Low
W012,Manali Petrochemical Zone,North-East,13.1706,80.2605,175.89,26.33,4.11,6402.8,2.94,0.49,1.61,19.3,78.7,Industrial,11,135,3,Severe Inundation
W008,Tambaram Outer Valley,South-West,12.9249,80.1,7.25,1.43,0.79,623.7,15.78,2.87,3.01,51.1,54.9,Low_Density_Residential,6,70,0,Low
W005,Adyar Estuary Buffer,Coastal,13.0012,80.2565,5.88,2.58,1.66,562.5,3.36,0.66,2.91,5.0,90.2,Green_Space,9,110,0,Low
W012,Manali Petrochemical Zone,North-East,13.1706,80.2605,14.5,8.36,1.87,282.0,4.05,0.5,2.26,5.0,92.8,Industrial,11,135,0,Low
W010,Kolathur Urban Catchment,North-West,13.1235,80.2188,31.97,5.82,1.79,152.3,7.95,1.48,2.93,68.3,29.6,High_Density_Residential,7,85,0,Low
W009,Perambur Railway Lowlands,North,13.1114,80.2437,170.34,25.61,4.32,7586.8,4.62,0.49,2.19,7.7,100.0,Commercial,10,125,3,Severe Inundation
W010,Kolathur Urban Catchment,North-West,13.1235,80.2188,28.37,3.44,0.55,565.3,7.59,1.19,2.89,20.0,84.8,High_Density_Residential,7,85,0,Low
W005,Adyar Estuary Buffer,Coastal,13.0012,80.2565,60.63,18.82,2.31,1293.0,3.56,0.69,2.39,5.9,92.2,Green_Space,9,110,0,Low
W002,Velachery Lowlands,South,12.9815,80.218,329.78,87.4,7.28,12216.0,4.04,0.65,2.22,38.4,66.7,High_Density_Residential,12,140,3,Severe Inundation
W004,Guindy Industrial Estate,South-Central,13.0067,80.2025,152.22,29.78,4.61,7501.9,12.63,1.91,4.24,12.6,83.8,Industrial,4,45,3,Severe Inundation
W005,Adyar Estuary Buffer,Coastal,13.0012,80.2565,7.65,8.54,0.53,309.8,4.3,0.67,2.97,65.8,29.0,Green_Space,9,110,0,Low
W004,Guindy Industrial Estate,South-Central,13.0067,80.2025,258.1,47.88,7.33,13655.8,12.5,2.38,3.9,65.8,30.7,Industrial,4,45,3,Severe Inundation
W006,Anna Nagar Residential,West,13.085,80.2101,47.52,18.58,1.82,2119.3,14.96,2.6,5.28,35.4,56.4,Low_Density_Residential,2,25,0,Low
W003,Madipakkam Lake Basin,South,12.9647,80.1961,187.88,51.82,5.02,16352.7,2.75,0.3,1.68,20.1,79.8,High_Density_Residential,14,160,3,Severe Inundation
W005,Adyar Estuary Buffer,Coastal,13.0012,80.2565,164.7,26.02,4.8,4611.0,4.28,0.63,2.57,50.5,50.9,Green_Space,9,110,3,Severe Inundation
W001,T. Nagar Commercial Hub,Central,13.0418,80.2341,28.68,9.28,1.14,428.5,6.25,1.01,3.97,35.8,59.7,Commercial,8,90,0,Low
W012,Manali Petrochemical Zone,North-East,13.1706,80.2605,26.68,6.01,1.82,376.6,2.74,0.56,1.5,59.4,46.5,Industrial,11,135,0,Low
W009,Perambur Railway Lowlands,North,13.1114,80.2437,25.41,9.42,1.35,650.3,5.32,0.28,2.51,35.4,58.5,Commercial,10,125,0,Low
W003,Madipakkam Lake Basin,South,12.9647,80.1961,17.44,3.8,1.16,423.0,3.71,0.2,1.8,69.5,33.0,High_Density_Residential,14,160,0,Low
W005,Adyar Estuary Buffer,Coastal,13.0012,80.2565,28.98,4.32,0.94,845.3,4.41,0.64,3.01,50.4,56.2,Green_Space,9,110,0,Low
W001,T. Nagar Commercial Hub,Central,13.0418,80.2341,26.29,5.92,1.93,264.8,5.89,0.6,3.99,34.2,72.3,Commercial,8,90,0,Low
W001,T. Nagar Commercial Hub,Central,13.0418,80.2341,45.49,17.4,2.49,1853.1,6.05,0.99,3.89,10.4,92.6,Commercial,8,90,0,Low
W009,Perambur Railway Lowlands,North,13.1114,80.2437,11.64,8.0,1.84,752.0,4.07,0.37,2.05,47.3,57.7,Commercial,10,125,0,Low
W005,Adyar Estuary Buffer,Coastal,13.0012,80.2565,42.17,21.56,3.01,2224.1,3.75,0.6,2.84,46.4,56.2,Green_Space,9,110,1,Moderate
W012,Manali Petrochemical Zone,North-East,13.1706,80.2605,57.87,13.1,1.88,2809.6,4.04,0.52,2.28,58.7,46.9,Industrial,11,135,1,Moderate
W003,Madipakkam Lake Basin,South,12.9647,80.1961,323.48,91.0,7.25,13035.9,3.06,0.21,1.62,38.0,59.7,High_Density_Residential,14,160,3,Severe Inundation
W011,Sholinganallur IT Corridor,South-East,12.901,80.2279,83.31,11.33,2.08,2354.1,4.45,0.81,3.31,51.7,46.6,Commercial,9,115,1,Moderate
W008,Tambaram Outer Valley,South-West,12.9249,80.1,15.09,2.0,0.55,691.1,16.61,2.92,3.3,20.7,82.6,Low_Density_Residential,6,70,0,Low
W002,Velachery Lowlands,South,12.9815,80.218,275.07,85.06,5.51,9705.6,3.06,0.5,2.44,30.8,65.1,High_Density_Residential,12,140,3,Severe Inundation
W001,T. Nagar Commercial Hub,Central,13.0418,80.2341,117.8,36.39,4.46,7999.6,5.44,0.54,4.0,39.2,52.8,Commercial,8,90,3,Severe Inundation
W010,Kolathur Urban Catchment,North-West,13.1235,80.2188,88.77,19.53,2.49,870.4,7.42,0.97,3.32,45.0,53.5,High_Density_Residential,7,85,1,Moderate
W005,Adyar Estuary Buffer,Coastal,13.0012,80.2565,32.99,8.28,1.73,275.7,4.4,0.49,2.6,67.0,28.4,Green_Space,9,110,0,Low
W008,Tambaram Outer Valley,South-West,12.9249,80.1,73.22,21.9,2.73,886.9,15.6,2.72,3.32,58.1,45.6,Low_Density_Residential,6,70,0,Low
W008,Tambaram Outer Valley,South-West,12.9249,80.1,231.31,86.0,4.83,7538.3,16.31,2.92,3.27,39.2,70.6,Low_Density_Residential,6,70,3,Severe Inundation
W008,Tambaram Outer Valley,South-West,12.9249,80.1,81.88,20.03,2.86,2139.3,15.82,2.7,2.88,67.4,38.7,Low_Density_Residential,6,70,0,Low
W006,Anna Nagar Residential,West,13.085,80.2101,33.12,1.89,1.78,100.3,14.22,2.69,4.99,14.2,82.5,Low_Density_Residential,2,25,0,Low
W003,Madipakkam Lake Basin,South,12.9647,80.1961,27.05,8.06,1.88,438.5,3.41,0.2,2.04,53.1,54.8,High_Density_Residential,14,160,0,Low
W001,T. Nagar Commercial Hub,Central,13.0418,80.2341,286.68,68.58,6.9,14230.2,6.18,0.72,3.89,19.3,85.6,Commercial,8,90,3,Severe Inundation
W005,Adyar Estuary Buffer,Coastal,13.0012,80.2565,5.53,3.63,1.33,157.6,3.96,0.56,3.33,22.8,73.3,Green_Space,9,110,0,Low
W008,Tambaram Outer Valley,South-West,12.9249,80.1,31.62,9.82,1.47,925.1,15.88,2.81,2.88,12.3,85.7,Low_Density_Residential,6,70,0,Low
W002,Velachery Lowlands,South,12.9815,80.218,307.78,67.93,5.34,16015.7,2.99,0.34,1.89,29.4,62.9,High_Density_Residential,12,140,3,Severe Inundation
W002,Velachery Lowlands,South,12.9815,80.218,41.16,10.4,3.2,3191.9,3.33,0.36,2.33,50.0,54.9,High_Density_Residential,12,140,2,High
W007,Mylapore Heritage Sector,East,13.0368,80.2676,39.6,12.65,2.31,2314.0,8.66,1.16,4.13,42.6,58.9,High_Density_Residential,5,55,0,Low
W008,Tambaram Outer Valley,South-West,12.9249,80.1,259.28,92.07,7.21,13552.8,15.92,2.87,3.09,32.0,70.1,Low_Density_Residential,6,70,3,Severe Inundation
W002,Velachery Lowlands,South,12.9815,80.218,104.22,47.12,3.62,4457.0,3.41,0.38,2.1,71.1,21.2,High_Density_Residential,12,140,3,Severe Inundation
W010,Kolathur Urban Catchment,North-West,13.1235,80.2188,39.23,21.6,3.37,3161.0,7.29,0.92,2.6,44.5,55.6,High_Density_Residential,7,85,1,Moderate
W011,Sholinganallur IT Corridor,South-East,12.901,80.2279,24.69,4.14,1.27,940.5,4.21,0.5,3.53,56.1,47.4,Commercial,9,115,0,Low
W011,Sholinganallur IT Corridor,South-East,12.901,80.2279,4.36,3.93,0.85,338.4,4.24,0.41,3.55,38.1,65.2,Commercial,9,115,0,Low
W001,T. Nagar Commercial Hub,Central,13.0418,80.2341,80.22,21.24,3.31,3306.0,5.96,0.73,3.97,15.8,83.8,Commercial,8,90,2,High
W003,Madipakkam Lake Basin,South,12.9647,80.1961,184.09,65.32,4.88,11394.7,2.59,0.2,1.71,23.6,73.2,High_Density_Residential,14,160,3,Severe Inundation
W003,Madipakkam Lake Basin,South,12.9647,80.1961,134.23,43.16,4.91,3579.0,2.91,0.2,1.94,13.5,83.0,High_Density_Residential,14,160,3,Severe Inundation
W010,Kolathur Urban Catchment,North-West,13.1235,80.2188,78.52,17.76,2.25,2602.4,8.07,0.78,3.02,16.0,90.2,High_Density_Residential,7,85,1,Moderate
W005,Adyar Estuary Buffer,Coastal,13.0012,80.2565,7.25,6.92,1.81,903.2,4.25,0.93,2.98,70.4,29.1,Green_Space,9,110,0,Low
W002,Velachery Lowlands,South,12.9815,80.218,20.9,7.45,1.62,914.5,3.54,0.33,1.8,40.1,48.2,High_Density_Residential,12,140,0,Low
W004,Guindy Industrial Estate,South-Central,13.0067,80.2025,13.06,4.52,1.98,287.1,12.52,2.1,4.47,31.5,67.2,Industrial,4,45,0,Low
W002,Velachery Lowlands,South,12.9815,80.218,112.81,46.27,4.03,4050.9,3.52,0.36,2.28,88.1,5.0,High_Density_Residential,12,140,3,Severe Inundation
W009,Perambur Railway Lowlands,North,13.1114,80.2437,31.55,1.32,1.79,424.0,5.26,0.53,2.96,62.2,40.1,Commercial,10,125,0,Low
W007,Mylapore Heritage Sector,East,13.0368,80.2676,121.86,49.9,3.98,3122.3,8.69,1.06,4.49,34.2,68.3,High_Density_Residential,5,55,3,Severe Inundation
W010,Kolathur Urban Catchment,North-West,13.1235,80.2188,320.09,88.8,5.28,10281.5,7.84,0.99,3.05,34.4,71.5,High_Density_Residential,7,85,3,Severe Inundation
W010,Kolathur Urban Catchment,North-West,13.1235,80.2188,225.01,74.77,6.66,11625.8,8.15,0.73,3.19,30.7,67.5,High_Density_Residential,7,85,3,Severe Inundation
W010,Kolathur Urban Catchment,North-West,13.1235,80.2188,119.55,34.16,4.64,3232.2,7.67,0.93,2.74,43.7,51.3,High_Density_Residential,7,85,3,Severe Inundation
W004,Guindy Industrial Estate,South-Central,13.0067,80.2025,111.26,31.31,4.11,5640.7,12.2,2.06,4.12,32.9,66.5,Industrial,4,45,2,High
W009,Perambur Railway Lowlands,North,13.1114,80.2437,70.25,24.06,1.99,2020.0,5.01,0.5,2.3,31.0,75.8,Commercial,10,125,2,High
W007,Mylapore Heritage Sector,East,13.0368,80.2676,21.29,4.96,0.95,160.5,9.2,1.08,4.8,13.5,92.4,High_Density_Residential,5,55,0,Low
W008,Tambaram Outer Valley,South-West,12.9249,80.1,89.33,15.47,2.9,936.0,16.38,2.86,3.23,76.7,22.6,Low_Density_Residential,6,70,0,Low
W008,Tambaram Outer Valley,South-West,12.9249,80.1,6.65,7.15,0.97,918.6,16.35,2.97,3.26,37.5,69.0,Low_Density_Residential,6,70,0,Low
W005,Adyar Estuary Buffer,Coastal,13.0012,80.2565,159.31,26.79,4.96,7975.9,4.5,0.43,2.53,42.9,53.3,Green_Space,9,110,3,Severe Inundation
W010,Kolathur Urban Catchment,North-West,13.1235,80.2188,178.25,44.14,4.75,4798.2,7.94,1.13,3.06,7.6,87.5,High_Density_Residential,7,85,3,Severe Inundation
W007,Mylapore Heritage Sector,East,13.0368,80.2676,139.96,23.26,4.88,5261.6,8.5,1.46,4.09,7.4,87.0,High_Density_Residential,5,55,3,Severe Inundation
W005,Adyar Estuary Buffer,Coastal,13.0012,80.2565,13.18,4.71,0.65,312.3,4.54,0.54,3.24,50.1,50.8,Green_Space,9,110,0,Low
W010,Kolathur Urban Catchment,North-West,13.1235,80.2188,27.81,9.6,1.37,713.8,7.35,0.87,2.9,41.2,56.0,High_Density_Residential,7,85,0,Low
W010,Kolathur Urban Catchment,North-West,13.1235,80.2188,51.04,21.46,3.17,2052.2,7.85,1.17,3.11,29.9,67.5,High_Density_Residential,7,85,1,Moderate
W001,T. Nagar Commercial Hub,Central,13.0418,80.2341,9.8,9.18,1.25,690.5,6.47,1.07,3.51,9.9,86.2,Commercial,8,90,0,Low
W010,Kolathur Urban Catchment,North-West,13.1235,80.2188,57.84,18.69,3.35,897.7,7.51,1.01,3.05,28.3,70.7,High_Density_Residential,7,85,1,Moderate
W012,Manali Petrochemical Zone,North-East,13.1706,80.2605,2.21,7.36,1.91,268.2,3.73,0.51,2.12,34.0,55.6,Industrial,11,135,0,Low
W002,Velachery Lowlands,South,12.9815,80.218,121.05,35.67,3.85,3080.2,3.83,0.25,2.22,41.3,59.3,High_Density_Residential,12,140,3,Severe Inundation
W004,Guindy Industrial Estate,South-Central,13.0067,80.2025,29.83,4.25,0.89,871.8,12.37,2.1,4.22,79.7,17.2,Industrial,4,45,0,Low
W011,Sholinganallur IT Corridor,South-East,12.901,80.2279,39.86,11.43,2.06,2100.6,5.09,0.6,3.89,30.8,67.8,Commercial,9,115,0,Low
W004,Guindy Industrial Estate,South-Central,13.0067,80.2025,24.18,4.11,0.53,326.2,12.77,1.87,4.22,53.0,49.9,Industrial,4,45,0,Low
W005,Adyar Estuary Buffer,Coastal,13.0012,80.2565,83.36,23.23,2.21,1338.0,4.65,0.74,3.09,23.3,66.6,Green_Space,9,110,1,Moderate
W011,Sholinganallur IT Corridor,South-East,12.901,80.2279,277.81,81.43,5.73,14534.5,4.16,0.38,3.16,21.7,88.9,Commercial,9,115,3,Severe Inundation
W002,Velachery Lowlands,South,12.9815,80.218,162.53,27.8,3.74,6305.8,3.8,0.56,1.79,79.8,22.6,High_Density_Residential,12,140,3,Severe Inundation
W003,Madipakkam Lake Basin,South,12.9647,80.1961,32.95,8.44,1.79,916.0,3.25,0.26,1.73,16.3,85.4,High_Density_Residential,14,160,0,Low
W004,Guindy Industrial Estate,South-Central,13.0067,80.2025,17.89,2.52,1.59,313.8,12.69,2.22,4.11,5.0,93.8,Industrial,4,45,0,Low
W003,Madipakkam Lake Basin,South,12.9647,80.1961,64.85,14.33,3.14,906.2,2.01,0.2,1.73,42.2,52.1,High_Density_Residential,14,160,2,High
W009,Perambur Railway Lowlands,North,13.1114,80.2437,53.6,10.08,2.3,3193.4,4.88,0.66,2.42,43.5,47.8,Commercial,10,125,1,Moderate
W002,Velachery Lowlands,South,12.9815,80.218,5.84,8.92,1.16,662.7,3.93,0.4,2.21,5.3,97.0,High_Density_Residential,12,140,0,Low
W003,Madipakkam Lake Basin,South,12.9647,80.1961,59.15,19.56,1.98,3395.5,3.51,0.41,1.57,64.9,28.4,High_Density_Residential,14,160,2,High
W001,T. Nagar Commercial Hub,Central,13.0418,80.2341,79.76,8.45,2.57,2848.1,7.02,0.89,3.59,42.9,55.3,Commercial,8,90,1,Moderate
W007,Mylapore Heritage Sector,East,13.0368,80.2676,79.86,18.67,1.8,2860.6,7.94,1.21,4.68,64.1,31.0,High_Density_Residential,5,55,1,Moderate
W008,Tambaram Outer Valley,South-West,12.9249,80.1,299.12,50.28,7.45,15175.1,16.77,2.81,3.15,61.8,39.5,Low_Density_Residential,6,70,3,Severe Inundation
W012,Manali Petrochemical Zone,North-East,13.1706,80.2605,148.78,33.1,4.37,3263.9,2.6,0.47,2.28,23.2,77.3,Industrial,11,135,3,Severe Inundation
W010,Kolathur Urban Catchment,North-West,13.1235,80.2188,20.21,6.42,2.0,281.1,6.95,1.15,2.79,10.7,86.6,High_Density_Residential,7,85,0,Low
W008,Tambaram Outer Valley,South-West,12.9249,80.1,272.98,85.74,5.94,16984.8,15.95,3.2,3.53,22.2,79.3,Low_Density_Residential,6,70,3,Severe Inundation
W005,Adyar Estuary Buffer,Coastal,13.0012,80.2565,40.28,14.73,2.68,3032.6,4.01,0.51,2.7,33.1,46.8,Green_Space,9,110,0,Low
W001,T. Nagar Commercial Hub,Central,13.0418,80.2341,3.01,1.19,1.09,946.9,6.05,0.81,3.93,75.9,28.1,Commercial,8,90,0,Low
W004,Guindy Industrial Estate,South-Central,13.0067,80.2025,121.37,37.62,3.76,7995.7,12.66,2.31,4.34,83.0,16.2,Industrial,4,45,3,Severe Inundation
W005,Adyar Estuary Buffer,Coastal,13.0012,80.2565,223.02,57.19,5.6,13560.6,4.19,0.51,2.76,66.4,36.8,Green_Space,9,110,3,Severe Inundation
W012,Manali Petrochemical Zone,North-East,13.1706,80.2605,133.34,40.01,3.34,7257.8,3.83,0.48,1.98,35.2,54.5,Industrial,11,135,3,Severe Inundation
W005,Adyar Estuary Buffer,Coastal,13.0012,80.2565,11.82,4.97,0.97,436.8,4.21,0.8,3.11,22.4,81.3,Green_Space,9,110,0,Low
W012,Manali Petrochemical Zone,North-East,13.1706,80.2605,172.53,35.01,4.18,7165.2,3.72,0.83,2.24,38.3,62.1,Industrial,11,135,3,Severe Inundation
W008,Tambaram Outer Valley,South-West,12.9249,80.1,28.67,6.51,0.79,526.0,15.9,2.96,3.39,61.0,39.5,Low_Density_Residential,6,70,0,Low
W002,Velachery Lowlands,South,12.9815,80.218,109.39,35.82,3.63,6798.5,3.95,0.43,2.41,33.4,60.6,High_Density_Residential,12,140,3,Severe Inundation
W011,Sholinganallur IT Corridor,South-East,12.901,80.2279,14.82,4.92,0.61,548.6,4.83,0.89,3.46,24.5,72.9,Commercial,9,115,0,Low
W004,Guindy Industrial Estate,South-Central,13.0067,80.2025,292.94,61.8,5.2,9005.9,12.44,2.24,4.19,45.8,56.6,Industrial,4,45,3,Severe Inundation
W005,Adyar Estuary Buffer,Coastal,13.0012,80.2565,171.53,31.19,4.25,3060.9,3.91,0.53,3.01,43.1,55.4,Green_Space,9,110,3,Severe Inundation
W011,Sholinganallur IT Corridor,South-East,12.901,80.2279,39.35,17.99,1.85,1088.1,5.38,0.68,3.45,46.5,48.5,Commercial,9,115,1,Moderate
W010,Kolathur Urban Catchment,North-West,13.1235,80.2188,171.56,45.51,4.68,6724.8,7.83,1.32,3.24,76.0,24.7,High_Density_Residential,7,85,3,Severe Inundation
W011,Sholinganallur IT Corridor,South-East,12.901,80.2279,179.45,40.63,3.26,7135.0,4.32,0.24,3.63,29.4,73.0,Commercial,9,115,3,Severe Inundation
W004,Guindy Industrial Estate,South-Central,13.0067,80.2025,150.33,47.03,3.23,7265.2,12.12,2.45,4.13,71.1,35.7,Industrial,4,45,3,Severe Inundation
W007,Mylapore Heritage Sector,East,13.0368,80.2676,143.19,36.18,3.97,7863.5,7.86,1.26,4.61,71.2,33.0,High_Density_Residential,5,55,3,Severe Inundation
W002,Velachery Lowlands,South,12.9815,80.218,86.45,22.66,2.29,1224.1,3.58,0.2,2.16,26.2,74.4,High_Density_Residential,12,140,2,High
W009,Perambur Railway Lowlands,North,13.1114,80.2437,211.95,47.03,6.12,12231.5,5.12,0.48,2.39,33.9,74.2,Commercial,10,125,3,Severe Inundation
W004,Guindy Industrial Estate,South-Central,13.0067,80.2025,145.96,29.45,3.49,3200.7,12.36,2.07,4.13,12.3,86.0,Industrial,4,45,2,High
W011,Sholinganallur IT Corridor,South-East,12.901,80.2279,5.97,8.83,1.91,170.9,4.64,0.48,3.15,53.6,45.8,Commercial,9,115,0,Low
W003,Madipakkam Lake Basin,South,12.9647,80.1961,277.26,83.31,6.8,14449.1,2.73,0.38,1.63,43.3,61.4,High_Density_Residential,14,160,3,Severe Inundation
W005,Adyar Estuary Buffer,Coastal,13.0012,80.2565,174.36,24.96,4.37,4221.2,4.55,0.69,3.02,48.0,50.4,Green_Space,9,110,3,Severe Inundation
W003,Madipakkam Lake Basin,South,12.9647,80.1961,14.46,3.85,1.3,695.1,2.2,0.2,1.87,36.1,53.7,High_Density_Residential,14,160,0,Low
W002,Velachery Lowlands,South,12.9815,80.218,294.43,91.41,6.95,13897.6,3.36,0.3,2.04,52.1,38.6,High_Density_Residential,12,140,3,Severe Inundation
W001,T. Nagar Commercial Hub,Central,13.0418,80.2341,149.53,29.75,4.13,5224.1,6.02,0.94,4.32,26.9,76.6,Commercial,8,90,3,Severe Inundation
W003,Madipakkam Lake Basin,South,12.9647,80.1961,20.92,6.14,1.87,573.6,2.89,0.2,1.83,46.7,54.8,High_Density_Residential,14,160,1,Moderate
W005,Adyar Estuary Buffer,Coastal,13.0012,80.2565,28.81,6.06,1.32,962.0,4.22,0.7,3.1,22.9,69.6,Green_Space,9,110,0,Low
W010,Kolathur Urban Catchment,North-West,13.1235,80.2188,14.34,7.65,1.87,511.9,7.49,1.14,3.04,29.9,61.7,High_Density_Residential,7,85,0,Low
W012,Manali Petrochemical Zone,North-East,13.1706,80.2605,30.43,9.4,1.62,308.2,3.22,0.37,2.2,31.9,68.7,Industrial,11,135,0,Low
W010,Kolathur Urban Catchment,North-West,13.1235,80.2188,172.13,41.92,4.69,6729.8,7.37,1.39,3.08,33.6,57.4,High_Density_Residential,7,85,3,Severe Inundation
W005,Adyar Estuary Buffer,Coastal,13.0012,80.2565,44.34,21.61,2.62,2349.4,3.81,0.53,3.03,17.1,76.0,Green_Space,9,110,1,Moderate
W008,Tambaram Outer Valley,South-West,12.9249,80.1,332.34,73.16,6.69,15915.0,16.39,2.96,3.44,33.6,70.8,Low_Density_Residential,6,70,3,Severe Inundation
W002,Velachery Lowlands,South,12.9815,80.218,18.69,5.1,2.0,650.1,2.98,0.3,2.28,37.1,73.4,High_Density_Residential,12,140,0,Low
W008,Tambaram Outer Valley,South-West,12.9249,80.1,85.34,23.27,3.45,2602.1,15.79,2.56,3.08,14.0,96.7,Low_Density_Residential,6,70,0,Low
W012,Manali Petrochemical Zone,North-East,13.1706,80.2605,15.5,9.93,0.5,277.5,2.91,0.49,1.97,39.9,60.4,Industrial,11,135,0,Low
W005,Adyar Estuary Buffer,Coastal,13.0012,80.2565,28.09,6.1,1.59,476.7,3.78,0.56,3.0,32.3,71.1,Green_Space,9,110,0,Low
W012,Manali Petrochemical Zone,North-East,13.1706,80.2605,24.92,4.44,0.7,875.8,2.8,0.2,2.01,47.6,59.3,Industrial,11,135,0,Low
W007,Mylapore Heritage Sector,East,13.0368,80.2676,40.01,17.91,2.84,2767.5,8.81,1.31,4.11,13.3,88.5,High_Density_Residential,5,55,0,Low
W005,Adyar Estuary Buffer,Coastal,13.0012,80.2565,35.54,21.26,3.19,3406.9,3.48,0.65,2.52,11.6,91.4,Green_Space,9,110,1,Moderate
W009,Perambur Railway Lowlands,North,13.1114,80.2437,125.02,42.55,3.9,7493.5,4.78,0.37,2.52,5.7,100.0,Commercial,10,125,3,Severe Inundation
W009,Perambur Railway Lowlands,North,13.1114,80.2437,63.37,20.68,2.01,1398.3,4.71,0.27,2.71,21.6,71.8,Commercial,10,125,1,Moderate
W008,Tambaram Outer Valley,South-West,12.9249,80.1,139.24,33.4,4.66,4217.5,16.06,2.95,3.12,50.6,57.1,Low_Density_Residential,6,70,2,High
W008,Tambaram Outer Valley,South-West,12.9249,80.1,29.37,1.54,0.75,816.2,16.03,3.06,3.62,26.7,85.6,Low_Density_Residential,6,70,0,Low
W002,Velachery Lowlands,South,12.9815,80.218,244.23,64.26,4.81,13941.0,3.5,0.33,2.28,26.1,69.3,High_Density_Residential,12,140,3,Severe Inundation
W010,Kolathur Urban Catchment,North-West,13.1235,80.2188,212.1,94.48,4.82,10266.6,7.95,1.24,2.67,62.5,46.5,High_Density_Residential,7,85,3,Severe Inundation
W001,T. Nagar Commercial Hub,Central,13.0418,80.2341,41.31,21.28,3.03,2570.8,6.01,0.69,3.99,18.6,91.2,Commercial,8,90,1,Moderate
W007,Mylapore Heritage Sector,East,13.0368,80.2676,28.23,9.7,1.59,993.6,8.49,1.02,4.68,68.6,29.8,High_Density_Residential,5,55,0,Low
W012,Manali Petrochemical Zone,North-East,13.1706,80.2605,218.75,81.06,6.84,9820.5,2.32,0.4,2.15,32.0,64.0,Industrial,11,135,3,Severe Inundation
W006,Anna Nagar Residential,West,13.085,80.2101,240.73,76.93,5.23,17794.7,15.05,2.65,5.14,42.0,57.5,Low_Density_Residential,2,25,3,Severe Inundation
W010,Kolathur Urban Catchment,North-West,13.1235,80.2188,17.56,3.19,1.02,246.3,7.82,1.22,2.82,61.1,37.8,High_Density_Residential,7,85,0,Low
W005,Adyar Estuary Buffer,Coastal,13.0012,80.2565,2.87,9.91,0.92,931.2,3.09,0.53,3.03,6.8,94.7,Green_Space,9,110,0,Low
W001,T. Nagar Commercial Hub,Central,13.0418,80.2341,6.61,5.61,0.98,480.9,5.98,0.66,3.81,31.4,67.8,Commercial,8,90,0,Low
W002,Velachery Lowlands,South,12.9815,80.218,9.59,6.56,0.6,518.3,2.97,0.68,1.78,68.2,26.2,High_Density_Residential,12,140,0,Low
W004,Guindy Industrial Estate,South-Central,13.0067,80.2025,290.46,52.27,6.4,16868.4,12.35,1.98,3.83,53.4,47.1,Industrial,4,45,3,Severe Inundation
W011,Sholinganallur IT Corridor,South-East,12.901,80.2279,68.26,16.15,3.39,1449.5,4.65,0.47,3.22,53.4,49.2,Commercial,9,115,2,High
W010,Kolathur Urban Catchment,North-West,13.1235,80.2188,71.84,24.0,3.06,2261.0,7.73,1.09,3.34,77.4,23.7,High_Density_Residential,7,85,2,High
W010,Kolathur Urban Catchment,North-West,13.1235,80.2188,171.36,46.52,4.12,6215.8,7.52,0.75,3.0,83.0,18.0,High_Density_Residential,7,85,3,Severe Inundation
W001,T. Nagar Commercial Hub,Central,13.0418,80.2341,82.13,17.28,2.5,1091.1,6.47,1.02,3.54,36.6,63.9,Commercial,8,90,1,Moderate
W011,Sholinganallur IT Corridor,South-East,12.901,80.2279,68.94,17.41,1.95,2769.7,5.16,0.66,3.41,38.1,62.7,Commercial,9,115,1,Moderate
W005,Adyar Estuary Buffer,Coastal,13.0012,80.2565,92.5,21.71,3.32,6655.2,3.71,0.25,3.13,53.7,50.1,Green_Space,9,110,2,High
W010,Kolathur Urban Catchment,North-West,13.1235,80.2188,70.28,12.61,3.15,1419.2,7.98,1.02,2.86,17.1,88.4,High_Density_Residential,7,85,1,Moderate
W001,T. Nagar Commercial Hub,Central,13.0418,80.2341,36.03,14.66,1.93,2082.9,6.34,0.58,3.66,5.0,90.7,Commercial,8,90,0,Low
W003,Madipakkam Lake Basin,South,12.9647,80.1961,66.01,24.16,1.99,888.9,3.02,0.32,2.21,34.4,69.9,High_Density_Residential,14,160,2,High
W008,Tambaram Outer Valley,South-West,12.9249,80.1,60.4,18.87,2.57,2036.0,16.22,3.0,3.26,77.0,24.1,Low_Density_Residential,6,70,0,Low
W009,Perambur Railway Lowlands,North,13.1114,80.2437,34.83,3.72,0.86,611.1,4.83,0.57,2.5,30.9,73.4,Commercial,10,125,0,Low
W011,Sholinganallur IT Corridor,South-East,12.901,80.2279,284.03,51.36,6.17,13056.2,4.48,0.91,3.6,34.9,74.0,Commercial,9,115,3,Severe Inundation
W008,Tambaram Outer Valley,South-West,12.9249,80.1,97.69,38.8,3.71,5535.0,16.3,2.95,3.29,58.8,45.1,Low_Density_Residential,6,70,1,Moderate
W005,Adyar Estuary Buffer,Coastal,13.0012,80.2565,31.9,4.24,0.59,640.5,4.47,0.64,2.98,28.6,78.0,Green_Space,9,110,0,Low
W003,Madipakkam Lake Basin,South,12.9647,80.1961,88.48,20.51,1.83,3176.0,3.05,0.36,1.57,7.2,88.9,High_Density_Residential,14,160,2,High
W010,Kolathur Urban Catchment,North-West,13.1235,80.2188,8.16,8.55,1.61,937.8,7.89,1.07,3.48,40.8,58.8,High_Density_Residential,7,85,0,Low
W007,Mylapore Heritage Sector,East,13.0368,80.2676,128.94,40.38,4.01,4668.0,8.2,0.95,4.38,20.3,77.8,High_Density_Residential,5,55,3,Severe Inundation
W011,Sholinganallur IT Corridor,South-East,12.901,80.2279,20.97,4.74,0.68,397.3,4.2,0.61,3.19,56.2,49.2,Commercial,9,115,0,Low
W008,Tambaram Outer Valley,South-West,12.9249,80.1,12.28,1.18,1.65,460.9,16.23,2.93,3.36,20.0,82.6,Low_Density_Residential,6,70,0,Low
W002,Velachery Lowlands,South,12.9815,80.218,58.6,8.3,2.2,1568.9,3.57,0.44,2.04,18.0,89.5,High_Density_Residential,12,140,1,Moderate
W008,Tambaram Outer Valley,South-West,12.9249,80.1,184.01,67.41,6.45,10844.9,15.42,2.77,3.34,12.4,80.2,Low_Density_Residential,6,70,3,Severe Inundation
W006,Anna Nagar Residential,West,13.085,80.2101,81.68,11.91,3.19,1434.2,14.08,2.39,5.14,79.0,27.8,Low_Density_Residential,2,25,0,Low
W007,Mylapore Heritage Sector,East,13.0368,80.2676,8.06,1.09,1.21,485.8,9.06,1.15,4.46,44.7,47.0,High_Density_Residential,5,55,0,Low
W006,Anna Nagar Residential,West,13.085,80.2101,157.18,49.76,4.3,5316.3,13.96,2.77,5.01,37.4,58.7,Low_Density_Residential,2,25,2,High
W006,Anna Nagar Residential,West,13.085,80.2101,95.58,22.45,3.74,5570.9,14.29,2.48,4.99,69.5,21.9,Low_Density_Residential,2,25,1,Moderate
W011,Sholinganallur IT Corridor,South-East,12.901,80.2279,133.33,39.65,3.54,5667.5,4.24,0.54,3.65,10.2,90.6,Commercial,9,115,3,Severe Inundation
W002,Velachery Lowlands,South,12.9815,80.218,24.43,1.94,1.81,565.0,3.27,0.38,2.07,56.0,47.4,High_Density_Residential,12,140,1,Moderate
W003,Madipakkam Lake Basin,South,12.9647,80.1961,44.27,8.32,2.84,3286.2,2.13,0.27,1.96,43.3,66.4,High_Density_Residential,14,160,2,High
W006,Anna Nagar Residential,West,13.085,80.2101,78.01,10.83,1.88,1867.9,14.67,2.59,5.12,67.8,38.0,Low_Density_Residential,2,25,0,Low
W007,Mylapore Heritage Sector,East,13.0368,80.2676,148.0,31.15,4.31,5877.2,8.48,0.96,4.86,52.4,48.6,High_Density_Residential,5,55,3,Severe Inundation
W012,Manali Petrochemical Zone,North-East,13.1706,80.2605,14.15,8.96,1.63,390.9,3.19,0.37,1.72,84.2,6.1,Industrial,11,135,1,Moderate
W008,Tambaram Outer Valley,South-West,12.9249,80.1,138.52,25.96,4.17,3915.0,16.07,3.01,3.06,27.6,71.7,Low_Density_Residential,6,70,1,Moderate
W005,Adyar Estuary Buffer,Coastal,13.0012,80.2565,81.83,20.05,1.86,1599.7,4.79,0.65,3.0,51.6,53.8,Green_Space,9,110,0,Low
W011,Sholinganallur IT Corridor,South-East,12.901,80.2279,168.87,28.17,3.82,7653.7,3.53,0.31,3.53,57.2,47.8,Commercial,9,115,3,Severe Inundation
W007,Mylapore Heritage Sector,East,13.0368,80.2676,4.05,5.28,0.9,743.7,8.53,1.23,4.51,24.7,84.6,High_Density_Residential,5,55,0,Low
W009,Perambur Railway Lowlands,North,13.1114,80.2437,28.72,9.55,1.2,731.0,5.37,0.63,2.7,60.8,41.4,Commercial,10,125,0,Low
W001,T. Nagar Commercial Hub,Central,13.0418,80.2341,102.47,20.92,4.88,3738.6,6.39,0.87,3.43,21.2,70.9,Commercial,8,90,3,Severe Inundation
W008,Tambaram Outer Valley,South-West,12.9249,80.1,319.07,94.9,6.38,15387.5,15.96,2.89,3.42,16.2,84.6,Low_Density_Residential,6,70,3,Severe Inundation
W002,Velachery Lowlands,South,12.9815,80.218,17.44,7.14,1.87,842.9,2.63,0.26,1.89,48.1,52.9,High_Density_Residential,12,140,1,Moderate
W006,Anna Nagar Residential,West,13.085,80.2101,36.95,24.16,2.27,843.7,13.67,2.52,4.91,25.9,72.4,Low_Density_Residential,2,25,0,Low
W005,Adyar Estuary Buffer,Coastal,13.0012,80.2565,43.77,16.6,1.94,925.6,3.44,0.62,2.95,49.6,51.4,Green_Space,9,110,0,Low
W006,Anna Nagar Residential,West,13.085,80.2101,24.66,9.95,1.2,751.3,15.02,2.08,5.02,78.1,23.6,Low_Density_Residential,2,25,0,Low
W002,Velachery Lowlands,South,12.9815,80.218,12.21,7.54,0.96,147.7,4.07,0.28,2.07,79.3,25.2,High_Density_Residential,12,140,0,Low
W007,Mylapore Heritage Sector,East,13.0368,80.2676,74.26,8.22,2.34,2905.6,8.13,1.38,4.71,43.9,56.3,High_Density_Residential,5,55,0,Low
W009,Perambur Railway Lowlands,North,13.1114,80.2437,11.66,7.24,1.89,260.8,4.91,0.56,2.37,79.1,16.4,Commercial,10,125,0,Low
W001,T. Nagar Commercial Hub,Central,13.0418,80.2341,238.88,78.53,5.41,10023.4,6.4,1.04,4.03,58.4,42.9,Commercial,8,90,3,Severe Inundation
W011,Sholinganallur IT Corridor,South-East,12.901,80.2279,311.1,47.22,5.67,13504.7,4.66,0.76,3.75,17.1,86.3,Commercial,9,115,3,Severe Inundation
W009,Perambur Railway Lowlands,North,13.1114,80.2437,5.28,7.32,1.05,704.2,4.37,0.54,2.48,23.2,73.4,Commercial,10,125,0,Low
W008,Tambaram Outer Valley,South-West,12.9249,80.1,21.47,7.67,0.98,194.2,15.61,2.96,3.19,37.2,62.7,Low_Density_Residential,6,70,0,Low
W007,Mylapore Heritage Sector,East,13.0368,80.2676,98.87,36.82,3.42,4058.1,8.28,1.14,4.35,55.0,36.8,High_Density_Residential,5,55,2,High
W001,T. Nagar Commercial Hub,Central,13.0418,80.2341,33.0,5.94,1.68,692.5,5.85,0.8,3.94,16.7,88.6,Commercial,8,90,0,Low
W004,Guindy Industrial Estate,South-Central,13.0067,80.2025,3.42,7.48,1.93,337.7,12.57,2.09,4.21,30.1,69.1,Industrial,4,45,0,Low
W009,Perambur Railway Lowlands,North,13.1114,80.2437,252.11,63.59,6.04,16263.0,4.81,0.53,2.46,33.9,71.2,Commercial,10,125,3,Severe Inundation
W006,Anna Nagar Residential,West,13.085,80.2101,133.13,28.62,3.85,7295.4,15.37,2.28,4.88,42.7,53.7,Low_Density_Residential,2,25,1,Moderate
W010,Kolathur Urban Catchment,North-West,13.1235,80.2188,12.13,6.38,0.76,193.8,8.23,1.2,2.9,5.0,88.7,High_Density_Residential,7,85,0,Low
W008,Tambaram Outer Valley,South-West,12.9249,80.1,79.56,21.05,2.66,3107.0,16.35,2.92,3.02,65.9,35.0,Low_Density_Residential,6,70,0,Low
W011,Sholinganallur IT Corridor,South-East,12.901,80.2279,18.63,2.4,0.69,111.0,3.93,0.7,3.17,43.5,50.3,Commercial,9,115,0,Low
W008,Tambaram Outer Valley,South-West,12.9249,80.1,147.24,48.39,3.57,7945.2,16.4,2.85,3.23,65.9,34.3,Low_Density_Residential,6,70,2,High
W001,T. Nagar Commercial Hub,Central,13.0418,80.2341,76.91,16.92,1.82,2787.8,5.9,0.88,4.01,21.4,76.2,Commercial,8,90,1,Moderate
W004,Guindy Industrial Estate,South-Central,13.0067,80.2025,38.05,8.86,3.3,3071.3,12.42,2.28,4.22,12.5,83.4,Industrial,4,45,0,Low
W005,Adyar Estuary Buffer,Coastal,13.0012,80.2565,72.76,11.75,2.47,2416.0,3.53,0.38,2.7,40.0,71.1,Green_Space,9,110,1,Moderate
W009,Perambur Railway Lowlands,North,13.1114,80.2437,34.22,3.18,1.58,228.8,5.57,0.4,2.47,15.9,81.7,Commercial,10,125,0,Low
W003,Madipakkam Lake Basin,South,12.9647,80.1961,106.66,26.76,4.39,5343.8,2.36,0.3,1.86,31.1,75.5,High_Density_Residential,14,160,3,Severe Inundation
W005,Adyar Estuary Buffer,Coastal,13.0012,80.2565,19.08,8.59,1.15,490.0,3.76,0.62,2.61,43.8,57.8,Green_Space,9,110,0,Low
W008,Tambaram Outer Valley,South-West,12.9249,80.1,60.41,11.14,2.32,2889.7,16.41,2.78,3.28,59.4,36.6,Low_Density_Residential,6,70,0,Low
W012,Manali Petrochemical Zone,North-East,13.1706,80.2605,69.52,21.09,2.73,2256.7,2.9,0.37,1.98,15.5,82.3,Industrial,11,135,2,High
W008,Tambaram Outer Valley,South-West,12.9249,80.1,125.58,26.98,3.82,3354.8,15.81,2.5,3.22,33.6,59.5,Low_Density_Residential,6,70,1,Moderate
W002,Velachery Lowlands,South,12.9815,80.218,17.04,3.98,1.57,560.0,3.55,0.55,2.21,21.7,84.5,High_Density_Residential,12,140,0,Low
W001,T. Nagar Commercial Hub,Central,13.0418,80.2341,59.07,22.54,1.89,3181.3,6.21,0.98,3.97,18.4,84.7,Commercial,8,90,1,Moderate
W011,Sholinganallur IT Corridor,South-East,12.901,80.2279,14.33,2.25,1.82,774.7,4.79,0.69,3.25,16.9,85.6,Commercial,9,115,0,Low
W010,Kolathur Urban Catchment,North-West,13.1235,80.2188,42.44,13.35,2.34,2691.0,8.24,1.0,3.16,33.1,64.5,High_Density_Residential,7,85,0,Low
W004,Guindy Industrial Estate,South-Central,13.0067,80.2025,78.65,20.54,3.37,958.3,12.03,1.92,4.41,20.3,81.8,Industrial,4,45,1,Moderate
W012,Manali Petrochemical Zone,North-East,13.1706,80.2605,21.95,4.63,1.66,645.3,3.22,0.53,1.73,31.5,65.4,Industrial,11,135,0,Low
W003,Madipakkam Lake Basin,South,12.9647,80.1961,297.23,50.53,5.37,17743.6,2.97,0.33,2.22,70.0,34.3,High_Density_Residential,14,160,3,Severe Inundation
W005,Adyar Estuary Buffer,Coastal,13.0012,80.2565,166.55,44.1,4.08,4907.2,4.07,0.59,2.9,76.7,17.2,Green_Space,9,110,3,Severe Inundation
W009,Perambur Railway Lowlands,North,13.1114,80.2437,304.3,84.35,6.48,16311.3,5.22,0.72,2.95,28.4,75.7,Commercial,10,125,3,Severe Inundation
W001,T. Nagar Commercial Hub,Central,13.0418,80.2341,252.88,87.59,5.38,12811.2,6.31,0.95,4.09,38.6,57.9,Commercial,8,90,3,Severe Inundation
W009,Perambur Railway Lowlands,North,13.1114,80.2437,54.63,17.36,3.0,2648.8,3.83,0.69,2.35,60.3,46.3,Commercial,10,125,2,High
W007,Mylapore Heritage Sector,East,13.0368,80.2676,94.06,31.57,3.82,7083.4,8.86,1.19,4.86,43.1,58.2,High_Density_Residential,5,55,2,High
W002,Velachery Lowlands,South,12.9815,80.218,307.82,94.09,6.98,7607.1,3.45,0.37,2.1,58.3,45.6,High_Density_Residential,12,140,3,Severe Inundation
W004,Guindy Industrial Estate,South-Central,13.0067,80.2025,32.24,4.49,1.26,396.0,12.79,2.18,4.29,58.3,38.1,Industrial,4,45,0,Low
W002,Velachery Lowlands,South,12.9815,80.218,11.08,6.28,1.49,115.8,3.34,0.2,2.35,57.1,37.8,High_Density_Residential,12,140,0,Low
W008,Tambaram Outer Valley,South-West,12.9249,80.1,157.42,37.15,3.76,6728.9,16.45,2.89,3.46,27.6,73.8,Low_Density_Residential,6,70,2,High
W002,Velachery Lowlands,South,12.9815,80.218,284.13,52.21,7.32,17885.6,4.29,0.2,2.45,39.3,64.3,High_Density_Residential,12,140,3,Severe Inundation
W011,Sholinganallur IT Corridor,South-East,12.901,80.2279,128.46,32.67,3.66,7091.2,4.67,0.57,3.24,40.7,56.3,Commercial,9,115,3,Severe Inundation
W003,Madipakkam Lake Basin,South,12.9647,80.1961,5.5,9.59,0.92,499.5,2.92,0.4,1.96,50.6,50.8,High_Density_Residential,14,160,0,Low
W008,Tambaram Outer Valley,South-West,12.9249,80.1,266.64,90.31,4.91,11673.9,16.11,2.82,3.29,50.4,48.9,Low_Density_Residential,6,70,3,Severe Inundation
W012,Manali Petrochemical Zone,North-East,13.1706,80.2605,78.05,10.73,3.46,1650.7,2.54,0.32,1.89,25.1,71.5,Industrial,11,135,2,High
W005,Adyar Estuary Buffer,Coastal,13.0012,80.2565,25.07,1.81,1.83,918.5,4.08,0.52,2.65,17.0,85.5,Green_Space,9,110,0,Low
W009,Perambur Railway Lowlands,North,13.1114,80.2437,75.39,23.99,1.96,1626.5,4.93,0.2,2.31,6.6,94.4,Commercial,10,125,1,Moderate
W012,Manali Petrochemical Zone,North-East,13.1706,80.2605,85.7,16.17,1.82,1984.9,3.06,0.48,1.67,52.7,46.9,Industrial,11,135,2,High
W005,Adyar Estuary Buffer,Coastal,13.0012,80.2565,79.71,16.41,3.49,2034.2,4.18,0.53,2.63,71.6,37.2,Green_Space,9,110,1,Moderate
W007,Mylapore Heritage Sector,East,13.0368,80.2676,109.7,42.83,4.5,7520.4,8.83,1.19,4.33,31.7,69.8,High_Density_Residential,5,55,3,Severe Inundation
W008,Tambaram Outer Valley,South-West,12.9249,80.1,25.69,6.23,1.25,973.8,15.56,2.93,3.28,25.1,79.9,Low_Density_Residential,6,70,0,Low
W008,Tambaram Outer Valley,South-West,12.9249,80.1,15.59,2.53,0.53,290.7,15.63,2.59,2.98,67.1,37.1,Low_Density_Residential,6,70,0,Low
W004,Guindy Industrial Estate,South-Central,13.0067,80.2025,74.22,12.71,1.8,3136.5,12.35,2.12,4.16,78.9,15.6,Industrial,4,45,0,Low
W008,Tambaram Outer Valley,South-West,12.9249,80.1,31.64,5.74,1.77,153.9,15.67,2.69,3.45,28.7,69.7,Low_Density_Residential,6,70,0,Low
W009,Perambur Railway Lowlands,North,13.1114,80.2437,151.41,24.06,3.46,6776.7,4.68,0.72,2.54,55.7,48.8,Commercial,10,125,3,Severe Inundation
W003,Madipakkam Lake Basin,South,12.9647,80.1961,108.42,38.55,3.43,3010.4,3.01,0.31,1.56,71.6,31.1,High_Density_Residential,14,160,3,Severe Inundation
W007,Mylapore Heritage Sector,East,13.0368,80.2676,184.07,80.41,5.69,9392.5,9.18,1.72,4.33,38.2,59.5,High_Density_Residential,5,55,3,Severe Inundation
W004,Guindy Industrial Estate,South-Central,13.0067,80.2025,287.78,48.44,5.12,17119.2,12.68,2.26,4.19,55.5,39.7,Industrial,4,45,3,Severe Inundation
W010,Kolathur Urban Catchment,North-West,13.1235,80.2188,16.71,4.06,1.2,486.3,8.02,1.13,2.84,25.0,76.4,High_Density_Residential,7,85,0,Low
W009,Perambur Railway Lowlands,North,13.1114,80.2437,93.31,43.97,3.45,4111.9,5.08,0.26,2.55,62.3,29.2,Commercial,10,125,3,Severe Inundation
W012,Manali Petrochemical Zone,North-East,13.1706,80.2605,50.79,14.02,1.85,3450.2,3.21,0.75,1.65,87.1,11.5,Industrial,11,135,2,High
W003,Madipakkam Lake Basin,South,12.9647,80.1961,103.75,20.98,3.64,7898.6,2.28,0.35,1.79,53.3,50.1,High_Density_Residential,14,160,3,Severe Inundation
W002,Velachery Lowlands,South,12.9815,80.218,69.45,13.18,2.85,1544.5,3.89,0.57,2.11,18.1,86.0,High_Density_Residential,12,140,1,Moderate
W005,Adyar Estuary Buffer,Coastal,13.0012,80.2565,33.63,3.4,0.94,277.8,4.23,0.55,2.54,12.3,90.7,Green_Space,9,110,0,Low
W007,Mylapore Heritage Sector,East,13.0368,80.2676,14.66,1.62,1.69,763.5,8.41,1.25,4.52,16.6,82.6,High_Density_Residential,5,55,0,Low
W006,Anna Nagar Residential,West,13.085,80.2101,31.81,9.99,1.88,800.1,14.57,2.55,5.2,43.7,47.7,Low_Density_Residential,2,25,0,Low
W009,Perambur Railway Lowlands,North,13.1114,80.2437,178.14,25.32,3.79,5709.4,5.34,0.44,2.49,45.6,55.7,Commercial,10,125,3,Severe Inundation
W005,Adyar Estuary Buffer,Coastal,13.0012,80.2565,18.74,2.17,1.81,422.1,4.62,0.44,2.65,45.3,57.5,Green_Space,9,110,0,Low
W001,T. Nagar Commercial Hub,Central,13.0418,80.2341,45.25,13.64,2.76,2761.5,7.29,0.51,4.05,35.5,66.8,Commercial,8,90,0,Low
W005,Adyar Estuary Buffer,Coastal,13.0012,80.2565,43.08,14.07,3.26,902.5,3.75,0.56,3.15,24.8,76.5,Green_Space,9,110,0,Low
W012,Manali Petrochemical Zone,North-East,13.1706,80.2605,9.73,4.57,1.17,929.2,2.97,0.41,2.18,5.0,88.5,Industrial,11,135,0,Low
W005,Adyar Estuary Buffer,Coastal,13.0012,80.2565,155.89,42.26,4.99,7012.6,4.1,0.42,3.08,5.7,89.8,Green_Space,9,110,3,Severe Inundation
W010,Kolathur Urban Catchment,North-West,13.1235,80.2188,31.56,6.36,1.74,590.8,8.01,1.0,3.03,18.1,80.2,High_Density_Residential,7,85,0,Low
W010,Kolathur Urban Catchment,North-West,13.1235,80.2188,33.19,1.12,1.32,168.0,7.61,1.06,3.0,29.8,72.6,High_Density_Residential,7,85,0,Low
W011,Sholinganallur IT Corridor,South-East,12.901,80.2279,81.53,18.96,3.16,2923.2,5.25,0.58,3.64,12.6,85.5,Commercial,9,115,2,High
W008,Tambaram Outer Valley,South-West,12.9249,80.1,231.66,49.41,4.96,16447.4,16.28,2.94,3.18,49.9,46.5,Low_Density_Residential,6,70,3,Severe Inundation
W003,Madipakkam Lake Basin,South,12.9647,80.1961,26.5,3.98,1.58,736.9,3.41,0.33,2.02,7.5,93.1,High_Density_Residential,14,160,0,Low
W008,Tambaram Outer Valley,South-West,12.9249,80.1,57.87,15.64,3.32,2928.0,16.4,2.84,3.48,54.1,41.9,Low_Density_Residential,6,70,0,Low
W009,Perambur Railway Lowlands,North,13.1114,80.2437,159.98,28.15,3.46,4459.0,5.0,0.2,2.37,40.1,47.7,Commercial,10,125,3,Severe Inundation
W008,Tambaram Outer Valley,South-West,12.9249,80.1,31.84,2.66,1.52,932.2,16.42,2.82,2.79,56.4,39.2,Low_Density_Residential,6,70,0,Low
W006,Anna Nagar Residential,West,13.085,80.2101,12.81,5.0,1.18,797.3,14.57,2.43,5.2,37.0,60.7,Low_Density_Residential,2,25,0,Low
W006,Anna Nagar Residential,West,13.085,80.2101,16.21,9.35,1.28,272.9,14.21,2.28,4.96,8.3,91.2,Low_Density_Residential,2,25,0,Low
W009,Perambur Railway Lowlands,North,13.1114,80.2437,154.47,38.33,4.73,4410.3,4.73,0.46,2.46,67.8,30.2,Commercial,10,125,3,Severe Inundation
W009,Perambur Railway Lowlands,North,13.1114,80.2437,4.46,2.37,0.57,363.2,4.85,0.63,2.51,58.9,34.4,Commercial,10,125,0,Low
W007,Mylapore Heritage Sector,East,13.0368,80.2676,31.4,9.23,1.13,690.9,7.84,1.16,4.25,39.0,61.9,High_Density_Residential,5,55,0,Low
W008,Tambaram Outer Valley,South-West,12.9249,80.1,295.08,72.44,5.53,17992.6,16.68,2.93,3.35,46.8,54.7,Low_Density_Residential,6,70,3,Severe Inundation
W006,Anna Nagar Residential,West,13.085,80.2101,75.59,20.6,2.83,1587.0,15.19,2.51,4.77,62.1,38.0,Low_Density_Residential,2,25,0,Low
W004,Guindy Industrial Estate,South-Central,13.0067,80.2025,76.32,12.79,2.17,3300.6,12.03,2.13,4.31,67.6,39.7,Industrial,4,45,0,Low
W012,Manali Petrochemical Zone,North-East,13.1706,80.2605,73.18,9.18,3.07,1712.6,3.16,0.27,1.8,40.8,66.2,Industrial,11,135,2,High
W004,Guindy Industrial Estate,South-Central,13.0067,80.2025,21.51,5.34,1.97,861.6,13.0,2.06,4.35,66.7,28.7,Industrial,4,45,0,Low
W010,Kolathur Urban Catchment,North-West,13.1235,80.2188,39.76,20.5,3.22,3239.5,7.77,1.33,2.94,50.6,47.9,High_Density_Residential,7,85,1,Moderate
W007,Mylapore Heritage Sector,East,13.0368,80.2676,248.96,81.31,6.67,9647.1,8.53,1.1,4.38,56.4,44.2,High_Density_Residential,5,55,3,Severe Inundation
W004,Guindy Industrial Estate,South-Central,13.0067,80.2025,21.99,3.6,1.7,818.6,12.11,2.12,4.3,70.2,32.5,Industrial,4,45,0,Low
W007,Mylapore Heritage Sector,East,13.0368,80.2676,148.73,32.47,3.38,7555.8,7.47,1.23,4.35,13.0,83.0,High_Density_Residential,5,55,3,Severe Inundation
W001,T. Nagar Commercial Hub,Central,13.0418,80.2341,72.92,24.18,1.99,3050.5,6.59,0.64,3.76,21.8,87.9,Commercial,8,90,1,Moderate
W006,Anna Nagar Residential,West,13.085,80.2101,82.47,22.78,2.6,3426.9,15.06,2.25,5.24,12.4,93.8,Low_Density_Residential,2,25,0,Low
W012,Manali Petrochemical Zone,North-East,13.1706,80.2605,73.27,17.13,1.83,3374.6,3.37,0.33,2.04,95.0,5.0,Industrial,11,135,2,High
W008,Tambaram Outer Valley,South-West,12.9249,80.1,4.17,1.38,1.11,746.6,16.23,2.63,2.79,12.4,85.5,Low_Density_Residential,6,70,0,Low
W012,Manali Petrochemical Zone,North-East,13.1706,80.2605,56.55,15.89,1.93,2293.5,3.22,0.28,1.71,29.4,56.3,Industrial,11,135,1,Moderate
W007,Mylapore Heritage Sector,East,13.0368,80.2676,25.11,2.14,0.58,790.9,8.49,1.52,4.49,9.5,86.3,High_Density_Residential,5,55,0,Low
W007,Mylapore Heritage Sector,East,13.0368,80.2676,55.55,17.12,2.57,3201.9,8.75,1.25,4.56,43.3,56.9,High_Density_Residential,5,55,0,Low
W011,Sholinganallur IT Corridor,South-East,12.901,80.2279,70.68,13.36,3.02,3432.8,4.34,0.45,3.08,71.2,25.5,Commercial,9,115,2,High
W011,Sholinganallur IT Corridor,South-East,12.901,80.2279,173.42,20.73,4.98,6550.1,3.54,0.57,3.11,5.6,98.3,Commercial,9,115,3,Severe Inundation
W003,Madipakkam Lake Basin,South,12.9647,80.1961,58.46,9.23,3.32,2450.9,2.66,0.3,1.68,18.5,77.6,High_Density_Residential,14,160,2,High
W008,Tambaram Outer Valley,South-West,12.9249,80.1,120.83,48.4,3.33,5431.0,15.41,2.88,2.92,32.3,67.5,Low_Density_Residential,6,70,2,High
W001,T. Nagar Commercial Hub,Central,13.0418,80.2341,27.59,9.37,1.04,825.0,5.47,0.42,3.9,25.8,73.2,Commercial,8,90,0,Low
W003,Madipakkam Lake Basin,South,12.9647,80.1961,19.95,9.74,0.98,244.4,3.01,0.2,1.87,25.4,74.0,High_Density_Residential,14,160,0,Low
W009,Perambur Railway Lowlands,North,13.1114,80.2437,4.34,1.09,0.96,453.1,4.3,0.53,2.33,42.5,64.3,Commercial,10,125,0,Low
W010,Kolathur Urban Catchment,North-West,13.1235,80.2188,73.77,9.4,2.4,1971.8,8.04,0.99,2.54,29.9,66.2,High_Density_Residential,7,85,1,Moderate
W006,Anna Nagar Residential,West,13.085,80.2101,64.13,24.7,3.07,2354.6,14.43,2.53,4.79,14.9,81.7,Low_Density_Residential,2,25,0,Low
W002,Velachery Lowlands,South,12.9815,80.218,168.32,43.54,4.16,3512.2,3.22,0.26,2.29,67.7,26.2,High_Density_Residential,12,140,3,Severe Inundation
W008,Tambaram Outer Valley,South-West,12.9249,80.1,75.34,9.07,2.81,3372.6,16.16,2.76,3.37,16.6,78.6,Low_Density_Residential,6,70,0,Low
W002,Velachery Lowlands,South,12.9815,80.218,5.03,6.18,1.97,840.7,3.95,0.61,1.85,5.0,98.1,High_Density_Residential,12,140,0,Low
W009,Perambur Railway Lowlands,North,13.1114,80.2437,68.32,10.18,3.49,2886.7,4.91,0.65,2.54,78.0,20.1,Commercial,10,125,2,High
W008,Tambaram Outer Valley,South-West,12.9249,80.1,118.97,44.45,4.19,7345.0,15.43,2.88,3.16,49.9,49.7,Low_Density_Residential,6,70,2,High
W001,T. Nagar Commercial Hub,Central,13.0418,80.2341,119.45,30.19,4.81,5129.1,5.93,0.91,3.99,32.2,67.7,Commercial,8,90,3,Severe Inundation
W012,Manali Petrochemical Zone,North-East,13.1706,80.2605,26.09,2.66,1.02,697.0,2.47,0.66,1.87,31.4,66.3,Industrial,11,135,0,Low
W003,Madipakkam Lake Basin,South,12.9647,80.1961,12.55,4.08,1.85,767.6,2.83,0.36,1.87,41.8,68.2,High_Density_Residential,14,160,0,Low
W007,Mylapore Heritage Sector,East,13.0368,80.2676,9.22,1.97,1.68,201.2,8.36,1.09,4.76,57.6,45.6,High_Density_Residential,5,55,0,Low
W011,Sholinganallur IT Corridor,South-East,12.901,80.2279,116.03,21.86,4.74,4568.5,4.53,0.29,3.26,27.5,81.9,Commercial,9,115,3,Severe Inundation
W003,Madipakkam Lake Basin,South,12.9647,80.1961,172.79,32.81,3.73,6198.3,2.99,0.56,1.56,12.5,87.4,High_Density_Residential,14,160,3,Severe Inundation
W002,Velachery Lowlands,South,12.9815,80.218,15.68,8.08,1.12,726.9,2.85,0.41,2.48,12.3,87.7,High_Density_Residential,12,140,0,Low
W008,Tambaram Outer Valley,South-West,12.9249,80.1,69.74,17.81,2.52,2412.5,16.37,2.63,3.41,16.1,93.4,Low_Density_Residential,6,70,0,Low
W005,Adyar Estuary Buffer,Coastal,13.0012,80.2565,67.34,13.63,2.59,1010.9,4.65,0.45,2.86,55.7,42.6,Green_Space,9,110,1,Moderate
W006,Anna Nagar Residential,West,13.085,80.2101,29.45,3.79,0.59,167.3,14.94,2.39,4.88,18.2,91.6,Low_Density_Residential,2,25,0,Low
W010,Kolathur Urban Catchment,North-West,13.1235,80.2188,144.1,47.74,3.61,5468.6,7.26,1.21,3.17,58.9,33.4,High_Density_Residential,7,85,3,Severe Inundation
W012,Manali Petrochemical Zone,North-East,13.1706,80.2605,123.01,28.17,4.02,7035.7,3.36,0.58,1.79,40.9,54.3,Industrial,11,135,3,Severe Inundation
W007,Mylapore Heritage Sector,East,13.0368,80.2676,287.12,90.6,7.43,12719.5,8.22,1.11,4.82,66.9,39.2,High_Density_Residential,5,55,3,Severe Inundation
W011,Sholinganallur IT Corridor,South-East,12.901,80.2279,138.03,23.16,4.63,7765.3,5.09,0.48,3.26,18.2,75.5,Commercial,9,115,3,Severe Inundation
W002,Velachery Lowlands,South,12.9815,80.218,3.56,3.17,1.02,849.8,4.03,0.3,2.17,66.2,38.7,High_Density_Residential,12,140,0,Low
W006,Anna Nagar Residential,West,13.085,80.2101,47.54,9.19,2.71,3473.9,14.93,2.37,5.19,69.8,27.7,Low_Density_Residential,2,25,0,Low
W011,Sholinganallur IT Corridor,South-East,12.901,80.2279,28.16,9.44,1.67,645.0,4.56,0.26,3.63,60.0,37.9,Commercial,9,115,0,Low
W009,Perambur Railway Lowlands,North,13.1114,80.2437,38.87,24.12,2.78,2171.1,4.23,0.51,2.32,36.3,53.6,Commercial,10,125,2,High
W007,Mylapore Heritage Sector,East,13.0368,80.2676,80.25,18.09,3.5,2924.6,8.12,1.06,4.55,61.6,42.1,High_Density_Residential,5,55,1,Moderate
W006,Anna Nagar Residential,West,13.085,80.2101,170.44,27.68,3.96,7173.0,14.22,2.6,5.12,52.6,49.1,Low_Density_Residential,2,25,2,High
W011,Sholinganallur IT Corridor,South-East,12.901,80.2279,97.3,45.31,3.73,6274.3,4.54,0.43,3.3,12.2,92.5,Commercial,9,115,3,Severe Inundation
W012,Manali Petrochemical Zone,North-East,13.1706,80.2605,237.48,45.18,6.91,14842.4,2.82,0.4,2.08,76.3,25.4,Industrial,11,135,3,Severe Inundation
W008,Tambaram Outer Valley,South-West,12.9249,80.1,68.5,11.71,2.91,2866.7,16.46,2.72,3.11,69.9,21.5,Low_Density_Residential,6,70,0,Low
W009,Perambur Railway Lowlands,North,13.1114,80.2437,33.24,5.77,0.92,415.2,5.47,0.6,2.73,13.2,79.1,Commercial,10,125,0,Low
W001,T. Nagar Commercial Hub,Central,13.0418,80.2341,228.62,61.19,7.47,8906.2,6.14,0.8,3.41,26.0,65.3,Commercial,8,90,3,Severe Inundation
W010,Kolathur Urban Catchment,North-West,13.1235,80.2188,117.75,44.65,4.22,4502.6,8.38,0.96,2.99,13.7,89.7,High_Density_Residential,7,85,3,Severe Inundation
W002,Velachery Lowlands,South,12.9815,80.218,16.39,2.06,1.13,855.0,4.06,0.51,2.26,49.5,49.8,High_Density_Residential,12,140,0,Low
W004,Guindy Industrial Estate,South-Central,13.0067,80.2025,47.3,20.3,2.83,2153.6,12.65,1.91,3.86,62.6,43.0,Industrial,4,45,1,Moderate
W011,Sholinganallur IT Corridor,South-East,12.901,80.2279,265.76,70.75,4.91,8228.9,4.17,0.2,3.33,30.7,71.0,Commercial,9,115,3,Severe Inundation
W011,Sholinganallur IT Corridor,South-East,12.901,80.2279,109.6,40.3,3.36,3736.0,4.11,0.62,3.45,37.7,69.5,Commercial,9,115,3,Severe Inundation
W005,Adyar Estuary Buffer,Coastal,13.0012,80.2565,19.94,4.47,1.16,571.2,3.96,0.47,2.84,40.2,54.9,Green_Space,9,110,0,Low
W004,Guindy Industrial Estate,South-Central,13.0067,80.2025,16.46,8.26,1.38,645.7,12.3,2.01,4.19,10.3,95.8,Industrial,4,45,0,Low
W012,Manali Petrochemical Zone,North-East,13.1706,80.2605,110.67,49.19,3.35,3342.5,3.83,0.5,1.89,30.4,61.0,Industrial,11,135,3,Severe Inundation
W002,Velachery Lowlands,South,12.9815,80.218,58.45,20.11,2.9,1300.1,3.49,0.3,2.43,14.5,88.4,High_Density_Residential,12,140,1,Moderate
W007,Mylapore Heritage Sector,East,13.0368,80.2676,259.48,59.51,6.88,8890.8,8.77,1.28,4.43,10.8,82.4,High_Density_Residential,5,55,3,Severe Inundation
W002,Velachery Lowlands,South,12.9815,80.218,2.59,7.75,1.46,156.4,3.58,0.61,2.26,44.8,55.6,High_Density_Residential,12,140,0,Low
W011,Sholinganallur IT Corridor,South-East,12.901,80.2279,77.5,14.87,2.96,1073.8,4.52,0.41,3.16,30.7,62.3,Commercial,9,115,2,High
W012,Manali Petrochemical Zone,North-East,13.1706,80.2605,2.43,6.37,1.91,648.5,2.8,0.5,2.11,45.3,49.0,Industrial,11,135,0,Low
W002,Velachery Lowlands,South,12.9815,80.218,83.68,13.87,2.44,3123.0,4.67,0.59,2.03,24.6,69.4,High_Density_Residential,12,140,2,High
W008,Tambaram Outer Valley,South-West,12.9249,80.1,316.19,60.78,7.4,14738.1,16.0,3.03,3.15,20.7,79.3,Low_Density_Residential,6,70,3,Severe Inundation
W003,Madipakkam Lake Basin,South,12.9647,80.1961,281.05,64.91,5.12,10584.3,2.78,0.36,2.11,50.0,52.9,High_Density_Residential,14,160,3,Severe Inundation
W012,Manali Petrochemical Zone,North-East,13.1706,80.2605,144.05,24.03,3.9,7856.5,3.56,0.35,1.96,43.8,55.1,Industrial,11,135,3,Severe Inundation
W005,Adyar Estuary Buffer,Coastal,13.0012,80.2565,55.59,11.54,3.02,2990.0,4.7,0.59,2.75,14.0,82.6,Green_Space,9,110,0,Low
W001,T. Nagar Commercial Hub,Central,13.0418,80.2341,315.79,89.0,6.04,14050.0,5.93,0.77,3.72,85.6,9.3,Commercial,8,90,3,Severe Inundation
W001,T. Nagar Commercial Hub,Central,13.0418,80.2341,10.99,4.61,1.22,589.3,5.81,0.83,3.7,5.6,96.4,Commercial,8,90,0,Low
W006,Anna Nagar Residential,West,13.085,80.2101,178.43,40.77,3.88,4404.3,14.85,2.54,5.3,49.8,37.7,Low_Density_Residential,2,25,2,High
W001,T. Nagar Commercial Hub,Central,13.0418,80.2341,16.38,5.65,0.65,769.4,6.57,0.77,3.78,12.6,83.4,Commercial,8,90,0,Low
W005,Adyar Estuary Buffer,Coastal,13.0012,80.2565,260.36,92.55,6.16,12454.7,3.31,0.51,2.98,5.0,93.4,Green_Space,9,110,3,Severe Inundation
W006,Anna Nagar Residential,West,13.085,80.2101,283.05,94.13,5.64,9455.8,14.71,2.39,5.05,7.0,87.1,Low_Density_Residential,2,25,3,Severe Inundation
W006,Anna Nagar Residential,West,13.085,80.2101,17.5,7.77,1.04,311.9,15.01,2.36,4.83,41.3,55.0,Low_Density_Residential,2,25,0,Low
W007,Mylapore Heritage Sector,East,13.0368,80.2676,174.34,46.82,3.3,3845.4,8.82,1.36,4.61,57.6,48.9,High_Density_Residential,5,55,3,Severe Inundation
W003,Madipakkam Lake Basin,South,12.9647,80.1961,174.05,31.03,4.43,6013.1,2.42,0.45,1.44,35.3,66.0,High_Density_Residential,14,160,3,Severe Inundation
W004,Guindy Industrial Estate,South-Central,13.0067,80.2025,79.81,15.67,2.75,807.4,12.02,2.05,4.68,16.1,85.0,Industrial,4,45,0,Low
W009,Perambur Railway Lowlands,North,13.1114,80.2437,320.98,71.82,7.47,14864.4,4.36,0.44,2.35,8.3,88.8,Commercial,10,125,3,Severe Inundation
W007,Mylapore Heritage Sector,East,13.0368,80.2676,47.34,12.41,2.84,910.3,8.62,0.84,4.08,57.2,34.9,High_Density_Residential,5,55,1,Moderate
W010,Kolathur Urban Catchment,North-West,13.1235,80.2188,38.82,18.13,1.82,1677.5,7.86,1.07,2.78,59.5,40.5,High_Density_Residential,7,85,1,Moderate
W011,Sholinganallur IT Corridor,South-East,12.901,80.2279,186.44,91.11,5.33,16784.5,4.96,0.45,3.54,16.1,81.0,Commercial,9,115,3,Severe Inundation
W003,Madipakkam Lake Basin,South,12.9647,80.1961,80.68,10.51,2.73,2720.3,2.68,0.39,1.68,53.0,59.2,High_Density_Residential,14,160,2,High
W003,Madipakkam Lake Basin,South,12.9647,80.1961,154.78,36.74,3.6,7711.0,2.38,0.42,1.97,51.8,41.1,High_Density_Residential,14,160,3,Severe Inundation
W003,Madipakkam Lake Basin,South,12.9647,80.1961,91.71,23.15,3.85,3774.3,3.26,0.33,1.91,19.6,75.9,High_Density_Residential,14,160,3,Severe Inundation
W002,Velachery Lowlands,South,12.9815,80.218,209.31,55.72,5.58,17741.0,3.64,0.74,2.26,30.9,69.1,High_Density_Residential,12,140,3,Severe Inundation
W010,Kolathur Urban Catchment,North-West,13.1235,80.2188,69.47,16.57,3.44,2668.7,7.42,1.15,2.95,47.5,47.6,High_Density_Residential,7,85,1,Moderate
W007,Mylapore Heritage Sector,East,13.0368,80.2676,308.88,52.05,6.88,17086.8,9.29,1.28,4.49,68.6,28.8,High_Density_Residential,5,55,3,Severe Inundation
W010,Kolathur Urban Catchment,North-West,13.1235,80.2188,16.99,4.86,1.66,533.0,7.67,1.13,2.8,11.9,85.0,High_Density_Residential,7,85,0,Low
W011,Sholinganallur IT Corridor,South-East,12.901,80.2279,72.68,10.11,3.4,1720.8,4.58,0.77,3.09,55.0,47.8,Commercial,9,115,2,High
W004,Guindy Industrial Estate,South-Central,13.0067,80.2025,109.56,20.44,3.68,3955.3,12.84,1.88,4.0,29.0,72.8,Industrial,4,45,1,Moderate
W008,Tambaram Outer Valley,South-West,12.9249,80.1,76.43,24.26,1.84,2252.4,16.12,2.58,3.44,85.2,15.7,Low_Density_Residential,6,70,0,Low
W010,Kolathur Urban Catchment,North-West,13.1235,80.2188,50.33,14.46,2.82,2366.5,7.06,0.89,3.06,74.4,29.3,High_Density_Residential,7,85,1,Moderate
W003,Madipakkam Lake Basin,South,12.9647,80.1961,16.41,9.22,1.69,374.9,2.71,0.38,1.69,24.1,73.1,High_Density_Residential,14,160,0,Low
W004,Guindy Industrial Estate,South-Central,13.0067,80.2025,27.82,1.52,1.22,674.1,12.37,2.04,4.23,52.7,48.7,Industrial,4,45,0,Low
W008,Tambaram Outer Valley,South-West,12.9249,80.1,19.66,9.21,0.52,678.4,15.9,2.63,3.22,18.2,73.8,Low_Density_Residential,6,70,0,Low
W011,Sholinganallur IT Corridor,South-East,12.901,80.2279,120.47,43.8,3.58,6692.1,4.68,0.8,3.48,40.2,60.9,Commercial,9,115,3,Severe Inundation
W005,Adyar Estuary Buffer,Coastal,13.0012,80.2565,72.78,14.69,3.12,3430.8,4.47,0.44,3.39,35.6,71.2,Green_Space,9,110,1,Moderate
W008,Tambaram Outer Valley,South-West,12.9249,80.1,22.54,3.92,1.19,294.1,15.89,2.84,3.24,71.8,28.6,Low_Density_Residential,6,70,0,Low
W005,Adyar Estuary Buffer,Coastal,13.0012,80.2565,51.9,10.62,3.23,972.4,3.69,0.43,2.86,60.7,41.5,Green_Space,9,110,1,Moderate
W011,Sholinganallur IT Corridor,South-East,12.901,80.2279,79.48,11.24,3.28,2845.4,3.62,0.43,3.45,29.6,70.3,Commercial,9,115,2,High
W001,T. Nagar Commercial Hub,Central,13.0418,80.2341,154.96,25.18,3.25,5041.4,6.87,0.9,3.72,30.6,73.0,Commercial,8,90,3,Severe Inundation
W008,Tambaram Outer Valley,South-West,12.9249,80.1,112.55,48.62,4.01,3649.0,16.18,2.85,3.12,21.3,74.4,Low_Density_Residential,6,70,2,High
W005,Adyar Estuary Buffer,Coastal,13.0012,80.2565,90.97,29.15,3.92,7176.2,4.09,0.27,2.58,36.6,64.6,Green_Space,9,110,2,High
W011,Sholinganallur IT Corridor,South-East,12.901,80.2279,18.87,9.81,0.69,435.5,4.21,0.74,4.04,24.6,81.4,Commercial,9,115,0,Low
W009,Perambur Railway Lowlands,North,13.1114,80.2437,92.35,36.46,4.27,4037.7,4.73,0.37,2.54,32.2,69.6,Commercial,10,125,3,Severe Inundation
W003,Madipakkam Lake Basin,South,12.9647,80.1961,33.57,3.79,0.99,270.6,2.72,0.21,1.41,77.4,29.4,High_Density_Residential,14,160,0,Low
W002,Velachery Lowlands,South,12.9815,80.218,161.85,23.03,4.64,3601.3,3.59,0.6,2.2,43.2,53.5,High_Density_Residential,12,140,3,Severe Inundation
W008,Tambaram Outer Valley,South-West,12.9249,80.1,13.84,9.69,1.55,577.8,15.85,2.94,3.05,51.0,59.7,Low_Density_Residential,6,70,0,Low
W006,Anna Nagar Residential,West,13.085,80.2101,92.01,21.62,4.16,3955.2,14.83,2.81,4.73,6.9,94.3,Low_Density_Residential,2,25,0,Low
W010,Kolathur Urban Catchment,North-West,13.1235,80.2188,10.45,2.34,1.61,465.9,7.87,0.81,2.64,56.0,51.5,High_Density_Residential,7,85,0,Low
W005,Adyar Estuary Buffer,Coastal,13.0012,80.2565,116.5,35.86,4.71,3341.0,4.14,0.48,2.84,12.8,88.1,Green_Space,9,110,2,High
W011,Sholinganallur IT Corridor,South-East,12.901,80.2279,81.45,8.07,2.68,1386.3,5.34,0.55,3.2,38.9,63.5,Commercial,9,115,1,Moderate
W007,Mylapore Heritage Sector,East,13.0368,80.2676,75.18,9.6,2.7,1586.4,8.59,1.22,4.79,55.6,45.5,High_Density_Residential,5,55,0,Low
W012,Manali Petrochemical Zone,North-East,13.1706,80.2605,43.81,21.24,2.31,1369.8,2.63,0.2,2.21,61.2,32.9,Industrial,11,135,2,High
W005,Adyar Estuary Buffer,Coastal,13.0012,80.2565,79.27,13.28,2.12,2083.8,4.18,0.54,2.84,17.1,84.6,Green_Space,9,110,0,Low
W008,Tambaram Outer Valley,South-West,12.9249,80.1,157.2,41.61,4.39,6831.2,15.37,2.87,3.24,72.7,24.5,Low_Density_Residential,6,70,3,Severe Inundation
W005,Adyar Estuary Buffer,Coastal,13.0012,80.2565,52.51,12.36,1.84,1537.0,4.31,0.39,2.96,27.2,70.1,Green_Space,9,110,0,Low
W004,Guindy Industrial Estate,South-Central,13.0067,80.2025,99.91,40.09,4.6,6629.3,11.97,2.23,4.31,25.9,72.4,Industrial,4,45,3,Severe Inundation
W007,Mylapore Heritage Sector,East,13.0368,80.2676,38.27,22.11,2.09,1805.1,9.0,1.13,4.31,71.2,34.2,High_Density_Residential,5,55,0,Low
W008,Tambaram Outer Valley,South-West,12.9249,80.1,28.4,4.55,0.74,258.5,16.05,2.96,3.43,46.5,53.3,Low_Density_Residential,6,70,0,Low
W002,Velachery Lowlands,South,12.9815,80.218,138.94,40.25,4.21,4777.1,3.82,0.2,2.03,57.0,41.3,High_Density_Residential,12,140,3,Severe Inundation
W004,Guindy Industrial Estate,South-Central,13.0067,80.2025,105.77,32.73,3.41,3693.1,12.98,2.34,4.07,62.4,49.4,Industrial,4,45,2,High
W007,Mylapore Heritage Sector,East,13.0368,80.2676,32.69,6.63,0.78,606.3,7.8,1.42,4.26,53.7,51.6,High_Density_Residential,5,55,0,Low
W010,Kolathur Urban Catchment,North-West,13.1235,80.2188,170.59,45.51,4.97,7881.2,7.96,1.2,3.32,23.5,72.5,High_Density_Residential,7,85,3,Severe Inundation
W006,Anna Nagar Residential,West,13.085,80.2101,13.72,1.42,0.52,529.3,14.67,2.54,4.91,51.1,53.2,Low_Density_Residential,2,25,0,Low
W010,Kolathur Urban Catchment,North-West,13.1235,80.2188,155.82,42.02,3.39,4354.2,7.23,1.18,3.04,44.7,49.3,High_Density_Residential,7,85,3,Severe Inundation
W005,Adyar Estuary Buffer,Coastal,13.0012,80.2565,97.84,34.68,3.22,7843.7,3.84,0.67,2.69,26.0,77.3,Green_Space,9,110,2,High
W012,Manali Petrochemical Zone,North-East,13.1706,80.2605,71.78,17.42,2.4,3205.5,2.31,0.39,1.94,21.7,75.8,Industrial,11,135,2,High
W005,Adyar Estuary Buffer,Coastal,13.0012,80.2565,33.77,6.86,0.95,936.7,3.75,0.75,2.84,21.6,82.2,Green_Space,9,110,0,Low
W001,T. Nagar Commercial Hub,Central,13.0418,80.2341,171.11,29.22,4.04,7325.0,5.95,0.72,3.62,70.3,35.3,Commercial,8,90,3,Severe Inundation
W011,Sholinganallur IT Corridor,South-East,12.901,80.2279,53.23,10.98,3.11,1879.9,5.39,0.51,3.4,36.0,65.4,Commercial,9,115,1,Moderate
W007,Mylapore Heritage Sector,East,13.0368,80.2676,53.23,19.18,2.19,1083.3,8.69,1.36,4.47,9.2,91.2,High_Density_Residential,5,55,0,Low
W005,Adyar Estuary Buffer,Coastal,13.0012,80.2565,107.61,31.04,3.23,7197.6,4.27,0.58,2.8,87.5,19.4,Green_Space,9,110,2,High
W001,T. Nagar Commercial Hub,Central,13.0418,80.2341,293.24,67.45,4.83,12965.1,6.17,0.8,3.79,45.1,57.0,Commercial,8,90,3,Severe Inundation
W010,Kolathur Urban Catchment,North-West,13.1235,80.2188,64.64,20.02,2.51,2606.9,7.66,1.01,3.35,28.8,63.6,High_Density_Residential,7,85,1,Moderate
W011,Sholinganallur IT Corridor,South-East,12.901,80.2279,205.77,50.18,4.81,10797.0,3.52,0.44,3.17,39.4,66.9,Commercial,9,115,3,Severe Inundation
W012,Manali Petrochemical Zone,North-East,13.1706,80.2605,21.64,9.99,1.92,102.4,2.97,0.57,2.24,40.7,63.2,Industrial,11,135,0,Low
W001,T. Nagar Commercial Hub,Central,13.0418,80.2341,13.97,10.0,1.67,977.5,5.75,0.68,4.0,69.6,26.7,Commercial,8,90,0,Low
W010,Kolathur Urban Catchment,North-West,13.1235,80.2188,95.29,35.88,3.28,3146.0,8.24,0.87,3.36,51.9,53.9,High_Density_Residential,7,85,2,High
W012,Manali Petrochemical Zone,North-East,13.1706,80.2605,85.96,16.86,3.48,2174.9,3.17,0.25,1.99,66.1,29.3,Industrial,11,135,3,Severe Inundation
W008,Tambaram Outer Valley,South-West,12.9249,80.1,176.61,24.46,4.16,5837.7,15.78,2.83,3.04,27.2,71.6,Low_Density_Residential,6,70,2,High
W005,Adyar Estuary Buffer,Coastal,13.0012,80.2565,189.46,94.19,7.12,14432.9,3.99,0.62,3.27,54.5,42.9,Green_Space,9,110,3,Severe Inundation
W004,Guindy Industrial Estate,South-Central,13.0067,80.2025,13.3,8.17,1.38,328.2,12.85,2.02,4.23,64.8,37.0,Industrial,4,45,0,Low
W010,Kolathur Urban Catchment,North-West,13.1235,80.2188,39.14,20.22,2.3,932.0,7.78,1.24,3.21,70.8,33.0,High_Density_Residential,7,85,1,Moderate
W006,Anna Nagar Residential,West,13.085,80.2101,26.64,8.63,0.66,834.8,13.91,2.4,5.18,32.1,73.5,Low_Density_Residential,2,25,0,Low
W004,Guindy Industrial Estate,South-Central,13.0067,80.2025,84.93,17.9,2.09,3266.6,12.86,2.26,4.19,15.6,87.0,Industrial,4,45,0,Low
W011,Sholinganallur IT Corridor,South-East,12.901,80.2279,88.35,24.79,2.89,3194.9,4.81,0.4,3.34,28.0,80.6,Commercial,9,115,2,High
W004,Guindy Industrial Estate,South-Central,13.0067,80.2025,32.38,9.24,1.09,490.9,12.81,2.29,4.58,41.7,56.2,Industrial,4,45,0,Low
W010,Kolathur Urban Catchment,North-West,13.1235,80.2188,77.05,8.11,2.61,2943.5,8.09,1.03,3.17,69.5,28.0,High_Density_Residential,7,85,1,Moderate
W005,Adyar Estuary Buffer,Coastal,13.0012,80.2565,66.1,21.55,2.54,3392.2,4.47,0.47,2.91,81.5,13.8,Green_Space,9,110,1,Moderate
W011,Sholinganallur IT Corridor,South-East,12.901,80.2279,188.85,74.58,6.64,17850.9,4.56,0.52,3.18,48.8,55.3,Commercial,9,115,3,Severe Inundation
W012,Manali Petrochemical Zone,North-East,13.1706,80.2605,128.62,41.83,3.46,3812.9,3.13,0.2,1.97,31.1,72.8,Industrial,11,135,3,Severe Inundation
W011,Sholinganallur IT Corridor,South-East,12.901,80.2279,47.28,19.67,3.02,1542.2,5.43,0.57,3.23,53.2,44.9,Commercial,9,115,2,High
W011,Sholinganallur IT Corridor,South-East,12.901,80.2279,59.55,22.42,2.37,3209.2,4.72,0.85,3.4,26.9,77.6,Commercial,9,115,1,Moderate
W003,Madipakkam Lake Basin,South,12.9647,80.1961,128.24,28.08,4.75,5984.1,2.95,0.56,1.85,65.5,33.4,High_Density_Residential,14,160,3,Severe Inundation
W011,Sholinganallur IT Corridor,South-East,12.901,80.2279,19.23,6.88,0.76,434.5,4.46,0.61,3.54,41.8,61.9,Commercial,9,115,0,Low
W002,Velachery Lowlands,South,12.9815,80.218,260.11,64.89,7.07,8417.1,3.44,0.2,1.97,28.5,74.8,High_Density_Residential,12,140,3,Severe Inundation
W011,Sholinganallur IT Corridor,South-East,12.901,80.2279,51.39,10.71,3.21,3423.0,3.97,0.36,3.7,53.6,42.8,Commercial,9,115,2,High
W011,Sholinganallur IT Corridor,South-East,12.901,80.2279,125.62,23.78,4.08,5609.6,5.59,0.43,3.47,41.2,61.9,Commercial,9,115,3,Severe Inundation
W001,T. Nagar Commercial Hub,Central,13.0418,80.2341,3.57,8.79,0.75,937.7,5.36,0.76,3.96,43.1,56.3,Commercial,8,90,0,Low
W005,Adyar Estuary Buffer,Coastal,13.0012,80.2565,9.6,3.37,0.85,692.7,4.43,0.56,2.87,25.9,71.5,Green_Space,9,110,0,Low
W008,Tambaram Outer Valley,South-West,12.9249,80.1,50.32,17.83,2.69,2099.0,15.68,2.74,3.38,43.0,61.7,Low_Density_Residential,6,70,0,Low
W001,T. Nagar Commercial Hub,Central,13.0418,80.2341,167.7,30.94,4.15,3587.0,6.71,0.53,3.86,12.7,84.6,Commercial,8,90,3,Severe Inundation
W010,Kolathur Urban Catchment,North-West,13.1235,80.2188,114.89,47.67,4.48,6926.3,7.86,0.98,3.02,39.9,57.7,High_Density_Residential,7,85,3,Severe Inundation
W006,Anna Nagar Residential,West,13.085,80.2101,27.9,4.46,0.66,786.4,14.63,2.54,5.14,32.0,62.9,Low_Density_Residential,2,25,0,Low
W012,Manali Petrochemical Zone,North-East,13.1706,80.2605,267.24,75.76,7.32,17281.6,2.51,0.49,2.26,88.8,10.9,Industrial,11,135,3,Severe Inundation
W003,Madipakkam Lake Basin,South,12.9647,80.1961,166.94,31.62,3.41,7212.3,2.94,0.2,1.67,31.9,70.4,High_Density_Residential,14,160,3,Severe Inundation
W002,Velachery Lowlands,South,12.9815,80.218,28.17,5.4,1.6,443.2,3.89,0.33,2.17,9.6,90.4,High_Density_Residential,12,140,0,Low
W005,Adyar Estuary Buffer,Coastal,13.0012,80.2565,70.89,11.48,2.6,3446.3,3.73,0.68,3.13,7.1,90.9,Green_Space,9,110,0,Low
W006,Anna Nagar Residential,West,13.085,80.2101,77.38,24.66,3.42,3228.3,14.38,2.64,4.66,65.7,31.9,Low_Density_Residential,2,25,0,Low
W012,Manali Petrochemical Zone,North-East,13.1706,80.2605,323.25,90.44,6.8,8623.5,3.3,0.24,1.65,24.6,76.0,Industrial,11,135,3,Severe Inundation
W007,Mylapore Heritage Sector,East,13.0368,80.2676,131.94,38.16,3.37,7419.6,8.28,1.21,4.6,27.7,70.5,High_Density_Residential,5,55,3,Severe Inundation
W003,Madipakkam Lake Basin,South,12.9647,80.1961,44.63,24.46,2.16,1315.5,3.17,0.2,2.09,95.0,5.0,High_Density_Residential,14,160,2,High
W004,Guindy Industrial Estate,South-Central,13.0067,80.2025,181.48,93.81,6.49,9094.4,12.42,2.01,4.04,39.4,61.1,Industrial,4,45,3,Severe Inundation
W003,Madipakkam Lake Basin,South,12.9647,80.1961,31.36,6.2,1.93,233.3,2.85,0.39,1.91,73.7,34.0,High_Density_Residential,14,160,1,Moderate
W009,Perambur Railway Lowlands,North,13.1114,80.2437,51.87,17.04,2.68,852.4,4.94,0.49,2.55,36.5,68.2,Commercial,10,125,1,Moderate
W006,Anna Nagar Residential,West,13.085,80.2101,171.37,27.06,3.52,6481.1,14.4,2.41,5.11,8.4,92.7,Low_Density_Residential,2,25,1,Moderate
W009,Perambur Railway Lowlands,North,13.1114,80.2437,177.34,37.4,4.68,7065.5,5.1,0.49,2.61,33.8,68.0,Commercial,10,125,3,Severe Inundation
W009,Perambur Railway Lowlands,North,13.1114,80.2437,9.54,4.88,1.52,268.5,5.16,0.36,2.45,62.8,37.8,Commercial,10,125,0,Low
W005,Adyar Estuary Buffer,Coastal,13.0012,80.2565,171.41,40.25,3.72,7348.9,3.91,0.83,2.74,44.9,46.2,Green_Space,9,110,3,Severe Inundation
W003,Madipakkam Lake Basin,South,12.9647,80.1961,237.74,76.03,6.6,15709.2,2.62,0.21,2.05,22.4,83.4,High_Density_Residential,14,160,3,Severe Inundation
W005,Adyar Estuary Buffer,Coastal,13.0012,80.2565,27.49,5.11,0.66,345.9,4.69,0.51,2.77,51.5,51.2,Green_Space,9,110,0,Low
W008,Tambaram Outer Valley,South-West,12.9249,80.1,68.62,20.52,2.37,2691.3,16.05,2.75,3.26,42.0,57.6,Low_Density_Residential,6,70,0,Low
W005,Adyar Estuary Buffer,Coastal,13.0012,80.2565,125.14,30.52,3.98,6715.4,4.65,0.6,3.1,8.6,92.0,Green_Space,9,110,2,High
W012,Manali Petrochemical Zone,North-East,13.1706,80.2605,93.45,20.81,3.35,5187.8,3.9,0.7,1.75,67.2,42.0,Industrial,11,135,2,High
W006,Anna Nagar Residential,West,13.085,80.2101,77.28,9.54,3.12,2320.7,14.01,2.68,5.04,29.6,67.5,Low_Density_Residential,2,25,0,Low
W002,Velachery Lowlands,South,12.9815,80.218,310.97,81.29,6.45,13588.3,3.66,0.61,2.1,64.5,35.2,High_Density_Residential,12,140,3,Severe Inundation
W008,Tambaram Outer Valley,South-West,12.9249,80.1,23.99,3.39,1.03,946.5,15.86,2.75,3.21,14.5,83.5,Low_Density_Residential,6,70,0,Low
W002,Velachery Lowlands,South,12.9815,80.218,163.49,49.56,4.89,4781.0,4.09,0.31,1.81,43.3,58.0,High_Density_Residential,12,140,3,Severe Inundation
W003,Madipakkam Lake Basin,South,12.9647,80.1961,38.28,16.03,2.68,3107.6,2.34,0.25,1.73,53.7,46.4,High_Density_Residential,14,160,2,High
W004,Guindy Industrial Estate,South-Central,13.0067,80.2025,151.46,45.5,3.59,6769.1,12.48,2.09,3.76,16.8,82.5,Industrial,4,45,3,Severe Inundation
W011,Sholinganallur IT Corridor,South-East,12.901,80.2279,168.66,24.66,4.68,4274.0,4.02,0.63,3.32,42.5,59.4,Commercial,9,115,3,Severe Inundation
W012,Manali Petrochemical Zone,North-East,13.1706,80.2605,170.59,22.29,4.87,4982.0,3.6,0.54,1.84,86.9,9.5,Industrial,11,135,3,Severe Inundation
W011,Sholinganallur IT Corridor,South-East,12.901,80.2279,188.76,48.99,5.46,10178.1,4.54,0.47,3.86,13.4,90.8,Commercial,9,115,3,Severe Inundation
W007,Mylapore Heritage Sector,East,13.0368,80.2676,4.82,3.67,0.71,520.6,8.45,1.02,4.58,64.8,39.3,High_Density_Residential,5,55,0,Low
W009,Perambur Railway Lowlands,North,13.1114,80.2437,61.03,15.13,3.31,1461.9,4.72,0.25,2.67,12.7,89.0,Commercial,10,125,2,High
W006,Anna Nagar Residential,West,13.085,80.2101,314.71,92.29,6.25,7572.7,14.51,2.46,4.92,6.7,78.3,Low_Density_Residential,2,25,3,Severe Inundation
W002,Velachery Lowlands,South,12.9815,80.218,153.72,29.86,3.38,4324.3,3.34,0.29,1.98,73.8,34.2,High_Density_Residential,12,140,3,Severe Inundation
W007,Mylapore Heritage Sector,East,13.0368,80.2676,252.3,45.45,6.94,10493.2,8.32,1.5,5.13,38.3,66.6,High_Density_Residential,5,55,3,Severe Inundation
W001,T. Nagar Commercial Hub,Central,13.0418,80.2341,43.99,9.61,2.6,2055.4,6.04,1.12,3.96,59.0,49.4,Commercial,8,90,1,Moderate
W005,Adyar Estuary Buffer,Coastal,13.0012,80.2565,279.35,87.35,5.47,15263.8,4.28,0.53,2.95,70.7,25.8,Green_Space,9,110,3,Severe Inundation
W009,Perambur Railway Lowlands,North,13.1114,80.2437,318.94,76.32,7.01,16819.6,5.27,0.43,2.18,53.8,52.3,Commercial,10,125,3,Severe Inundation
W002,Velachery Lowlands,South,12.9815,80.218,6.82,6.66,1.18,252.1,3.98,0.22,2.16,9.5,89.8,High_Density_Residential,12,140,0,Low
W008,Tambaram Outer Valley,South-West,12.9249,80.1,68.52,19.49,2.98,2768.2,15.72,2.84,3.23,43.6,66.3,Low_Density_Residential,6,70,0,Low
W006,Anna Nagar Residential,West,13.085,80.2101,25.98,7.38,1.66,212.1,15.03,2.3,4.78,44.2,57.4,Low_Density_Residential,2,25,0,Low
W011,Sholinganallur IT Corridor,South-East,12.901,80.2279,335.08,56.8,6.98,11212.3,4.56,0.53,3.74,47.1,48.8,Commercial,9,115,3,Severe Inundation
W012,Manali Petrochemical Zone,North-East,13.1706,80.2605,248.43,81.18,7.04,16938.3,3.23,0.37,1.95,51.5,48.3,Industrial,11,135,3,Severe Inundation
W011,Sholinganallur IT Corridor,South-East,12.901,80.2279,95.98,46.28,4.89,6089.5,4.38,0.53,3.13,16.7,90.4,Commercial,9,115,3,Severe Inundation
W005,Adyar Estuary Buffer,Coastal,13.0012,80.2565,13.09,8.63,1.08,582.2,4.48,0.4,2.87,81.5,17.7,Green_Space,9,110,0,Low
W010,Kolathur Urban Catchment,North-West,13.1235,80.2188,33.74,6.31,1.68,140.8,7.33,1.17,3.32,89.3,14.2,High_Density_Residential,7,85,0,Low
W007,Mylapore Heritage Sector,East,13.0368,80.2676,155.68,44.6,4.83,3492.1,8.09,1.22,4.38,37.2,64.6,High_Density_Residential,5,55,3,Severe Inundation
W011,Sholinganallur IT Corridor,South-East,12.901,80.2279,5.62,4.16,0.63,861.3,4.66,0.58,3.75,69.9,30.7,Commercial,9,115,0,Low
W006,Anna Nagar Residential,West,13.085,80.2101,248.66,91.94,7.48,13029.9,14.28,2.64,4.86,18.3,84.6,Low_Density_Residential,2,25,3,Severe Inundation
W002,Velachery Lowlands,South,12.9815,80.218,101.26,28.31,3.6,4899.3,3.81,0.55,1.95,38.6,60.6,High_Density_Residential,12,140,3,Severe Inundation
W011,Sholinganallur IT Corridor,South-East,12.901,80.2279,39.93,23.13,3.44,1346.4,4.77,0.62,3.0,51.0,52.4,Commercial,9,115,2,High
W004,Guindy Industrial Estate,South-Central,13.0067,80.2025,111.72,37.57,4.44,3700.8,12.69,2.06,3.8,11.3,91.5,Industrial,4,45,2,High
W008,Tambaram Outer Valley,South-West,12.9249,80.1,20.03,1.56,1.82,227.9,16.07,2.65,3.52,63.9,49.1,Low_Density_Residential,6,70,0,Low
W001,T. Nagar Commercial Hub,Central,13.0418,80.2341,144.66,38.47,4.62,7745.4,6.67,0.52,4.15,45.0,55.5,Commercial,8,90,3,Severe Inundation
W010,Kolathur Urban Catchment,North-West,13.1235,80.2188,215.89,46.58,5.97,14896.5,7.65,0.81,2.83,5.0,100.0,High_Density_Residential,7,85,3,Severe Inundation
W009,Perambur Railway Lowlands,North,13.1114,80.2437,161.24,41.65,3.85,3611.5,5.18,0.45,2.75,52.9,50.4,Commercial,10,125,3,Severe Inundation
W006,Anna Nagar Residential,West,13.085,80.2101,2.4,4.15,0.64,389.3,14.31,2.62,4.92,52.8,47.5,Low_Density_Residential,2,25,0,Low
W010,Kolathur Urban Catchment,North-West,13.1235,80.2188,29.74,4.56,1.85,334.6,7.85,0.73,3.27,11.1,91.5,High_Density_Residential,7,85,0,Low
W004,Guindy Industrial Estate,South-Central,13.0067,80.2025,73.66,22.48,2.66,2098.3,11.42,1.95,4.08,18.9,85.1,Industrial,4,45,0,Low
W011,Sholinganallur IT Corridor,South-East,12.901,80.2279,22.68,7.95,0.91,766.7,4.73,0.57,3.87,75.1,20.5,Commercial,9,115,0,Low
W002,Velachery Lowlands,South,12.9815,80.218,4.56,6.56,1.77,118.8,3.38,0.39,1.95,31.3,61.9,High_Density_Residential,12,140,0,Low
W011,Sholinganallur IT Corridor,South-East,12.901,80.2279,75.07,18.39,1.94,2521.9,4.8,0.49,3.4,70.5,34.1,Commercial,9,115,1,Moderate
W008,Tambaram Outer Valley,South-West,12.9249,80.1,21.34,3.87,1.25,436.6,16.17,2.77,3.57,82.6,16.8,Low_Density_Residential,6,70,0,Low
W012,Manali Petrochemical Zone,North-East,13.1706,80.2605,32.87,4.89,0.56,224.9,3.26,0.29,1.91,62.4,27.9,Industrial,11,135,0,Low
W005,Adyar Estuary Buffer,Coastal,13.0012,80.2565,149.55,32.32,4.11,7836.0,4.77,0.7,2.89,31.7,67.7,Green_Space,9,110,3,Severe Inundation
W011,Sholinganallur IT Corridor,South-East,12.901,80.2279,31.02,3.27,0.53,222.2,4.46,0.35,3.45,60.6,32.6,Commercial,9,115,0,Low
W007,Mylapore Heritage Sector,East,13.0368,80.2676,20.59,8.18,0.7,165.4,8.93,1.29,4.55,52.3,48.6,High_Density_Residential,5,55,0,Low
W002,Velachery Lowlands,South,12.9815,80.218,17.42,9.54,1.13,877.0,3.68,0.2,2.0,73.9,24.7,High_Density_Residential,12,140,0,Low
W003,Madipakkam Lake Basin,South,12.9647,80.1961,286.98,66.3,7.47,9108.9,2.33,0.63,1.86,39.9,65.6,High_Density_Residential,14,160,3,Severe Inundation
W001,T. Nagar Commercial Hub,Central,13.0418,80.2341,51.1,18.56,2.5,1192.6,5.89,0.86,3.44,55.1,37.8,Commercial,8,90,1,Moderate
W001,T. Nagar Commercial Hub,Central,13.0418,80.2341,88.31,24.25,2.5,3015.7,6.55,0.92,3.83,67.9,29.5,Commercial,8,90,2,High
W005,Adyar Estuary Buffer,Coastal,13.0012,80.2565,47.83,13.37,2.79,1784.9,3.35,0.88,2.6,32.4,69.5,Green_Space,9,110,0,Low
W008,Tambaram Outer Valley,South-West,12.9249,80.1,209.34,80.54,5.22,13171.0,16.02,2.81,3.22,26.3,65.6,Low_Density_Residential,6,70,3,Severe Inundation
W002,Velachery Lowlands,South,12.9815,80.218,113.79,41.82,4.71,6921.3,3.23,0.2,2.72,83.6,21.7,High_Density_Residential,12,140,3,Severe Inundation
W002,Velachery Lowlands,South,12.9815,80.218,23.88,8.18,0.98,680.8,4.03,0.34,2.27,20.1,94.1,High_Density_Residential,12,140,0,Low
W004,Guindy Industrial Estate,South-Central,13.0067,80.2025,38.96,15.19,3.14,2973.2,12.01,2.11,4.17,39.6,57.0,Industrial,4,45,0,Low
W009,Perambur Railway Lowlands,North,13.1114,80.2437,4.13,6.86,1.96,844.3,5.16,0.54,2.43,40.4,55.1,Commercial,10,125,0,Low
W003,Madipakkam Lake Basin,South,12.9647,80.1961,163.61,27.36,4.59,7021.8,2.56,0.21,1.74,44.7,47.1,High_Density_Residential,14,160,3,Severe Inundation
W007,Mylapore Heritage Sector,East,13.0368,80.2676,55.54,22.74,2.33,1014.4,8.63,1.42,4.81,16.8,78.2,High_Density_Residential,5,55,0,Low
W008,Tambaram Outer Valley,South-West,12.9249,80.1,54.63,20.52,2.89,2849.1,16.11,2.79,3.5,66.0,33.4,Low_Density_Residential,6,70,0,Low
W006,Anna Nagar Residential,West,13.085,80.2101,96.05,26.15,4.95,6465.9,14.61,2.2,4.54,54.7,45.5,Low_Density_Residential,2,25,1,Moderate
W011,Sholinganallur IT Corridor,South-East,12.901,80.2279,48.2,17.99,3.33,2077.6,5.51,0.4,3.25,13.6,82.6,Commercial,9,115,2,High
W012,Manali Petrochemical Zone,North-East,13.1706,80.2605,122.65,48.75,4.81,5169.8,3.34,0.47,1.97,25.7,68.9,Industrial,11,135,3,Severe Inundation
W012,Manali Petrochemical Zone,North-East,13.1706,80.2605,23.68,5.6,0.85,462.6,3.07,0.56,2.32,26.1,69.1,Industrial,11,135,0,Low
W009,Perambur Railway Lowlands,North,13.1114,80.2437,88.86,15.7,3.39,3268.8,4.64,0.41,2.51,21.6,76.5,Commercial,10,125,2,High
W007,Mylapore Heritage Sector,East,13.0368,80.2676,39.82,16.42,3.38,3220.8,8.66,0.89,4.49,10.9,88.8,High_Density_Residential,5,55,1,Moderate
W010,Kolathur Urban Catchment,North-West,13.1235,80.2188,11.11,8.82,0.72,545.9,6.97,1.12,2.99,52.5,43.3,High_Density_Residential,7,85,0,Low
W012,Manali Petrochemical Zone,North-East,13.1706,80.2605,85.34,11.49,2.58,2045.0,3.39,0.47,2.23,14.8,90.4,Industrial,11,135,1,Moderate
W012,Manali Petrochemical Zone,North-East,13.1706,80.2605,64.66,10.56,2.58,2271.1,3.41,0.38,2.05,74.2,25.1,Industrial,11,135,2,High
W003,Madipakkam Lake Basin,South,12.9647,80.1961,16.69,9.9,1.51,783.8,2.77,0.2,1.88,53.7,59.3,High_Density_Residential,14,160,0,Low
W007,Mylapore Heritage Sector,East,13.0368,80.2676,78.56,16.98,2.48,879.5,8.75,1.35,4.93,46.1,40.2,High_Density_Residential,5,55,1,Moderate
W011,Sholinganallur IT Corridor,South-East,12.901,80.2279,17.74,8.86,0.56,980.1,4.05,0.4,3.44,26.2,66.8,Commercial,9,115,0,Low
W002,Velachery Lowlands,South,12.9815,80.218,170.26,26.14,4.75,4505.1,3.48,0.38,1.81,47.0,67.7,High_Density_Residential,12,140,3,Severe Inundation
W008,Tambaram Outer Valley,South-West,12.9249,80.1,177.15,43.5,3.6,4515.0,16.11,2.69,2.8,39.0,67.5,Low_Density_Residential,6,70,2,High
W010,Kolathur Urban Catchment,North-West,13.1235,80.2188,84.26,13.52,2.44,2913.8,7.55,1.21,3.26,56.2,34.8,High_Density_Residential,7,85,1,Moderate
W007,Mylapore Heritage Sector,East,13.0368,80.2676,9.39,2.3,0.78,156.9,8.96,1.24,4.48,24.4,74.7,High_Density_Residential,5,55,0,Low
W005,Adyar Estuary Buffer,Coastal,13.0012,80.2565,167.34,31.61,4.78,4700.7,3.79,0.51,2.68,10.0,85.0,Green_Space,9,110,3,Severe Inundation
W001,T. Nagar Commercial Hub,Central,13.0418,80.2341,65.68,19.67,2.21,3057.1,5.83,0.92,3.42,18.5,74.1,Commercial,8,90,1,Moderate
W012,Manali Petrochemical Zone,North-East,13.1706,80.2605,119.35,33.32,4.59,6127.0,3.45,0.26,2.19,32.8,61.7,Industrial,11,135,3,Severe Inundation
W006,Anna Nagar Residential,West,13.085,80.2101,9.31,4.51,1.27,556.1,14.21,2.59,4.9,29.9,76.1,Low_Density_Residential,2,25,0,Low
W004,Guindy Industrial Estate,South-Central,13.0067,80.2025,93.08,44.82,4.59,6346.5,12.53,1.99,4.18,37.1,68.4,Industrial,4,45,2,High
W008,Tambaram Outer Valley,South-West,12.9249,80.1,127.84,47.0,3.34,7200.6,15.79,2.94,3.39,33.8,57.6,Low_Density_Residential,6,70,2,High
W008,Tambaram Outer Valley,South-West,12.9249,80.1,205.41,92.38,7.03,17708.3,15.55,2.72,3.47,19.2,77.5,Low_Density_Residential,6,70,3,Severe Inundation
W004,Guindy Industrial Estate,South-Central,13.0067,80.2025,15.94,1.82,0.89,434.2,12.55,2.17,4.39,71.1,34.6,Industrial,4,45,0,Low
W006,Anna Nagar Residential,West,13.085,80.2101,124.61,46.07,3.49,7419.4,15.09,2.37,4.91,19.9,74.0,Low_Density_Residential,2,25,2,High
W002,Velachery Lowlands,South,12.9815,80.218,14.81,6.46,1.49,620.4,3.43,0.34,1.86,59.2,36.8,High_Density_Residential,12,140,0,Low
W011,Sholinganallur IT Corridor,South-East,12.901,80.2279,47.5,20.1,3.05,856.6,3.98,0.63,3.24,55.7,43.1,Commercial,9,115,2,High
W006,Anna Nagar Residential,West,13.085,80.2101,27.79,1.35,0.96,616.0,13.86,2.4,5.06,63.7,44.1,Low_Density_Residential,2,25,0,Low
W009,Perambur Railway Lowlands,North,13.1114,80.2437,321.73,84.42,6.08,10735.3,5.4,0.67,2.42,65.8,26.6,Commercial,10,125,3,Severe Inundation
W011,Sholinganallur IT Corridor,South-East,12.901,80.2279,47.37,8.7,2.95,1379.5,4.39,0.5,3.58,65.3,40.2,Commercial,9,115,1,Moderate
W006,Anna Nagar Residential,West,13.085,80.2101,13.49,7.64,1.48,274.8,13.97,2.38,4.74,6.4,91.6,Low_Density_Residential,2,25,0,Low
W001,T. Nagar Commercial Hub,Central,13.0418,80.2341,47.72,18.81,2.97,2062.4,6.53,0.79,3.69,78.2,28.4,Commercial,8,90,1,Moderate
W007,Mylapore Heritage Sector,East,13.0368,80.2676,21.21,8.93,0.83,264.9,8.2,1.32,4.23,49.4,59.1,High_Density_Residential,5,55,0,Low
W005,Adyar Estuary Buffer,Coastal,13.0012,80.2565,8.85,9.66,1.94,259.4,4.12,0.56,2.94,25.4,77.5,Green_Space,9,110,0,Low
W004,Guindy Industrial Estate,South-Central,13.0067,80.2025,54.61,24.97,2.7,1813.2,11.91,2.03,4.22,5.0,85.1,Industrial,4,45,0,Low
W002,Velachery Lowlands,South,12.9815,80.218,24.87,1.56,1.61,775.0,3.76,0.59,2.18,63.6,36.4,High_Density_Residential,12,140,0,Low
W008,Tambaram Outer Valley,South-West,12.9249,80.1,194.23,68.88,4.97,14117.2,16.35,2.67,3.25,47.4,52.3,Low_Density_Residential,6,70,3,Severe Inundation
W002,Velachery Lowlands,South,12.9815,80.218,108.0,33.8,3.68,5257.6,3.94,0.51,2.15,54.0,53.6,High_Density_Residential,12,140,3,Severe Inundation
W011,Sholinganallur IT Corridor,South-East,12.901,80.2279,22.06,4.37,1.62,827.3,5.03,0.61,3.26,63.7,33.0,Commercial,9,115,0,Low
W004,Guindy Industrial Estate,South-Central,13.0067,80.2025,51.68,18.86,2.86,2411.7,12.43,2.16,4.13,19.4,82.0,Industrial,4,45,0,Low
W011,Sholinganallur IT Corridor,South-East,12.901,80.2279,26.17,2.03,0.91,613.8,5.06,0.57,3.28,39.0,58.7,Commercial,9,115,0,Low
W011,Sholinganallur IT Corridor,South-East,12.901,80.2279,6.26,1.96,1.38,318.6,4.2,0.55,3.04,11.7,87.4,Commercial,9,115,0,Low
W010,Kolathur Urban Catchment,North-West,13.1235,80.2188,336.57,83.94,4.85,13206.5,8.0,1.46,3.03,5.0,98.4,High_Density_Residential,7,85,3,Severe Inundation
W001,T. Nagar Commercial Hub,Central,13.0418,80.2341,59.52,9.38,2.44,3484.0,6.31,0.81,4.18,24.0,71.8,Commercial,8,90,1,Moderate
W001,T. Nagar Commercial Hub,Central,13.0418,80.2341,249.17,78.27,6.23,8074.1,6.12,1.06,4.23,20.2,88.9,Commercial,8,90,3,Severe Inundation
W006,Anna Nagar Residential,West,13.085,80.2101,31.32,6.16,1.41,252.1,14.75,2.62,4.81,25.0,72.8,Low_Density_Residential,2,25,0,Low
W004,Guindy Industrial Estate,South-Central,13.0067,80.2025,8.4,4.52,1.94,787.8,12.52,2.08,4.08,11.2,82.0,Industrial,4,45,0,Low
W003,Madipakkam Lake Basin,South,12.9647,80.1961,122.29,41.5,4.24,7809.2,3.7,0.42,2.05,19.6,71.0,High_Density_Residential,14,160,3,Severe Inundation
W010,Kolathur Urban Catchment,North-West,13.1235,80.2188,68.56,23.45,2.58,3466.9,7.34,1.15,2.96,63.4,30.9,High_Density_Residential,7,85,1,Moderate
W004,Guindy Industrial Estate,South-Central,13.0067,80.2025,10.31,4.31,0.6,625.9,13.05,2.01,4.02,72.8,22.3,Industrial,4,45,0,Low
W002,Velachery Lowlands,South,12.9815,80.218,104.59,38.57,4.11,4525.4,3.65,0.66,2.28,72.8,28.7,High_Density_Residential,12,140,3,Severe Inundation
W009,Perambur Railway Lowlands,North,13.1114,80.2437,5.11,5.79,1.62,471.0,4.99,0.48,2.2,79.8,16.0,Commercial,10,125,0,Low
W004,Guindy Industrial Estate,South-Central,13.0067,80.2025,23.78,5.92,1.15,237.2,12.94,2.04,4.04,35.6,58.9,Industrial,4,45,0,Low
W010,Kolathur Urban Catchment,North-West,13.1235,80.2188,68.65,19.36,2.2,2000.5,7.54,1.31,2.85,47.5,49.9,High_Density_Residential,7,85,1,Moderate
W004,Guindy Industrial Estate,South-Central,13.0067,80.2025,208.69,78.75,6.36,9313.7,12.25,2.04,4.35,73.4,29.2,Industrial,4,45,3,Severe Inundation
W004,Guindy Industrial Estate,South-Central,13.0067,80.2025,4.28,7.42,0.54,621.8,11.92,2.04,4.24,51.3,41.4,Industrial,4,45,0,Low
W006,Anna Nagar Residential,West,13.085,80.2101,24.92,3.08,1.79,519.7,15.15,2.53,5.2,33.4,72.9,Low_Density_Residential,2,25,0,Low
W003,Madipakkam Lake Basin,South,12.9647,80.1961,6.53,4.95,0.72,911.5,2.59,0.41,1.87,28.9,67.1,High_Density_Residential,14,160,0,Low
W010,Kolathur Urban Catchment,North-West,13.1235,80.2188,138.06,43.82,3.7,5540.1,8.06,1.11,3.1,43.0,63.6,High_Density_Residential,7,85,3,Severe Inundation
W001,T. Nagar Commercial Hub,Central,13.0418,80.2341,155.26,26.4,4.31,5237.7,5.96,0.82,3.62,17.3,82.1,Commercial,8,90,3,Severe Inundation
W005,Adyar Estuary Buffer,Coastal,13.0012,80.2565,3.01,2.13,0.71,264.6,3.99,0.8,3.15,64.8,24.6,Green_Space,9,110,0,Low
W003,Madipakkam Lake Basin,South,12.9647,80.1961,35.53,19.46,3.01,2497.9,2.68,0.36,2.14,5.0,100.0,High_Density_Residential,14,160,2,High
W003,Madipakkam Lake Basin,South,12.9647,80.1961,83.17,22.33,2.1,3241.5,3.48,0.23,1.65,23.3,72.5,High_Density_Residential,14,160,2,High
W009,Perambur Railway Lowlands,North,13.1114,80.2437,215.21,88.19,5.5,17691.7,4.85,0.59,2.56,25.1,76.4,Commercial,10,125,3,Severe Inundation
W005,Adyar Estuary Buffer,Coastal,13.0012,80.2565,167.8,48.69,3.43,3482.9,4.24,0.64,2.89,5.0,87.0,Green_Space,9,110,2,High
W003,Madipakkam Lake Basin,South,12.9647,80.1961,314.37,92.08,6.98,11224.9,2.2,0.32,1.9,45.3,65.0,High_Density_Residential,14,160,3,Severe Inundation
W002,Velachery Lowlands,South,12.9815,80.218,10.25,4.93,1.45,254.4,3.24,0.59,2.2,10.8,90.2,High_Density_Residential,12,140,0,Low
W011,Sholinganallur IT Corridor,South-East,12.901,80.2279,18.32,1.38,0.79,482.0,4.99,0.49,3.55,65.0,33.3,Commercial,9,115,0,Low
W001,T. Nagar Commercial Hub,Central,13.0418,80.2341,88.89,24.71,2.18,979.4,5.93,0.57,3.8,82.0,15.1,Commercial,8,90,2,High
W003,Madipakkam Lake Basin,South,12.9647,80.1961,218.64,80.3,5.62,7971.7,2.56,0.48,1.85,31.5,71.6,High_Density_Residential,14,160,3,Severe Inundation
W001,T. Nagar Commercial Hub,Central,13.0418,80.2341,76.03,16.41,2.02,2338.8,7.52,0.58,3.83,27.7,74.5,Commercial,8,90,1,Moderate
W006,Anna Nagar Residential,West,13.085,80.2101,70.19,17.95,2.1,890.7,13.79,2.38,5.21,11.0,82.1,Low_Density_Residential,2,25,0,Low
W004,Guindy Industrial Estate,South-Central,13.0067,80.2025,181.65,65.63,7.3,11536.4,12.29,2.01,4.1,14.6,81.6,Industrial,4,45,3,Severe Inundation
W010,Kolathur Urban Catchment,North-West,13.1235,80.2188,154.5,23.01,4.32,3565.1,8.27,0.99,3.4,17.6,82.3,High_Density_Residential,7,85,3,Severe Inundation
W006,Anna Nagar Residential,West,13.085,80.2101,5.98,6.26,1.97,614.8,14.47,2.59,5.1,89.7,5.0,Low_Density_Residential,2,25,0,Low
W001,T. Nagar Commercial Hub,Central,13.0418,80.2341,61.65,19.68,3.12,2792.1,6.49,0.73,3.42,58.0,44.6,Commercial,8,90,2,High
W003,Madipakkam Lake Basin,South,12.9647,80.1961,21.58,3.55,0.66,715.8,2.97,0.2,1.96,49.4,56.6,High_Density_Residential,14,160,0,Low
W005,Adyar Estuary Buffer,Coastal,13.0012,80.2565,146.83,43.89,4.01,3606.3,3.88,0.35,2.87,46.5,52.3,Green_Space,9,110,3,Severe Inundation
W001,T. Nagar Commercial Hub,Central,13.0418,80.2341,51.03,16.12,2.49,3316.3,6.23,0.77,3.81,63.7,31.2,Commercial,8,90,1,Moderate
W003,Madipakkam Lake Basin,South,12.9647,80.1961,115.91,27.22,3.43,6782.6,2.81,0.44,2.05,54.0,37.6,High_Density_Residential,14,160,3,Severe Inundation
W012,Manali Petrochemical Zone,North-East,13.1706,80.2605,44.67,20.29,3.0,1341.8,3.14,0.43,1.96,25.7,75.5,Industrial,11,135,1,Moderate
W007,Mylapore Heritage Sector,East,13.0368,80.2676,227.83,45.36,6.19,9082.7,9.04,1.21,4.41,16.8,89.5,High_Density_Residential,5,55,3,Severe Inundation
W009,Perambur Railway Lowlands,North,13.1114,80.2437,107.97,28.06,3.99,5230.6,4.76,0.69,2.87,39.2,59.5,Commercial,10,125,3,Severe Inundation
W002,Velachery Lowlands,South,12.9815,80.218,287.17,88.19,6.17,17313.5,3.42,0.59,1.84,61.4,39.3,High_Density_Residential,12,140,3,Severe Inundation
W012,Manali Petrochemical Zone,North-East,13.1706,80.2605,56.27,23.04,3.25,2416.9,3.12,0.2,2.21,18.1,75.6,Industrial,11,135,2,High
W002,Velachery Lowlands,South,12.9815,80.218,34.75,5.57,0.54,587.1,2.77,0.45,1.92,41.1,63.6,High_Density_Residential,12,140,0,Low
W008,Tambaram Outer Valley,South-West,12.9249,80.1,9.99,8.83,1.44,101.3,16.37,2.74,2.81,50.3,52.8,Low_Density_Residential,6,70,0,Low
W008,Tambaram Outer Valley,South-West,12.9249,80.1,18.08,6.71,0.66,567.6,15.77,3.03,2.85,39.1,65.0,Low_Density_Residential,6,70,0,Low
W006,Anna Nagar Residential,West,13.085,80.2101,11.91,1.52,1.06,983.2,14.56,2.36,4.95,36.2,62.0,Low_Density_Residential,2,25,0,Low
W009,Perambur Railway Lowlands,North,13.1114,80.2437,102.99,37.85,3.44,5006.2,5.27,0.75,2.54,73.6,27.7,Commercial,10,125,3,Severe Inundation
W010,Kolathur Urban Catchment,North-West,13.1235,80.2188,220.64,69.39,5.44,14039.4,7.88,1.03,3.07,74.1,25.7,High_Density_Residential,7,85,3,Severe Inundation
W002,Velachery Lowlands,South,12.9815,80.218,183.65,72.49,5.63,12787.3,3.46,0.2,2.28,58.3,45.6,High_Density_Residential,12,140,3,Severe Inundation
W008,Tambaram Outer Valley,South-West,12.9249,80.1,168.41,25.1,3.33,3596.9,16.05,2.61,3.18,33.8,56.6,Low_Density_Residential,6,70,2,High
W009,Perambur Railway Lowlands,North,13.1114,80.2437,277.03,81.07,5.04,14092.0,4.56,0.65,2.64,54.8,37.8,Commercial,10,125,3,Severe Inundation
W004,Guindy Industrial Estate,South-Central,13.0067,80.2025,3.64,8.53,0.6,898.6,12.44,2.53,3.78,79.2,21.0,Industrial,4,45,0,Low
W010,Kolathur Urban Catchment,North-West,13.1235,80.2188,81.62,23.64,2.71,1380.4,8.11,1.08,3.13,29.4,72.7,High_Density_Residential,7,85,1,Moderate
W001,T. Nagar Commercial Hub,Central,13.0418,80.2341,37.83,11.76,2.22,1712.2,7.02,0.83,3.92,51.4,43.1,Commercial,8,90,0,Low
W012,Manali Petrochemical Zone,North-East,13.1706,80.2605,59.49,23.48,1.98,1555.3,3.01,0.68,2.06,69.8,34.5,Industrial,11,135,2,High
W011,Sholinganallur IT Corridor,South-East,12.901,80.2279,276.87,71.35,4.85,8257.0,3.83,0.35,3.43,23.8,66.4,Commercial,9,115,3,Severe Inundation
W009,Perambur Railway Lowlands,North,13.1114,80.2437,20.56,3.51,1.08,915.8,4.81,0.51,2.39,49.7,56.7,Commercial,10,125,0,Low
W005,Adyar Estuary Buffer,Coastal,13.0012,80.2565,336.19,80.36,6.84,13415.7,4.33,0.66,2.84,75.7,28.4,Green_Space,9,110,3,Severe Inundation
W008,Tambaram Outer Valley,South-West,12.9249,80.1,18.45,9.13,1.43,869.9,15.43,2.74,3.23,29.8,68.0,Low_Density_Residential,6,70,0,Low
W011,Sholinganallur IT Corridor,South-East,12.901,80.2279,22.71,1.47,1.63,104.0,4.52,0.21,3.41,21.7,83.6,Commercial,9,115,0,Low
W001,T. Nagar Commercial Hub,Central,13.0418,80.2341,17.81,9.52,1.34,700.8,5.93,0.89,4.13,21.9,88.0,Commercial,8,90,0,Low
W001,T. Nagar Commercial Hub,Central,13.0418,80.2341,175.4,36.16,4.87,6625.8,6.31,0.78,3.87,10.1,86.9,Commercial,8,90,3,Severe Inundation
W008,Tambaram Outer Valley,South-West,12.9249,80.1,33.57,1.23,1.0,334.1,16.31,2.78,3.48,30.0,69.4,Low_Density_Residential,6,70,0,Low
W007,Mylapore Heritage Sector,East,13.0368,80.2676,133.44,31.59,4.15,6379.3,8.16,1.4,4.62,50.8,44.1,High_Density_Residential,5,55,3,Severe Inundation
W007,Mylapore Heritage Sector,East,13.0368,80.2676,28.62,8.18,1.24,525.3,8.47,0.99,4.44,45.9,59.7,High_Density_Residential,5,55,0,Low
W011,Sholinganallur IT Corridor,South-East,12.901,80.2279,35.4,12.29,2.88,995.4,4.62,0.38,3.37,14.5,87.1,Commercial,9,115,1,Moderate
W002,Velachery Lowlands,South,12.9815,80.218,256.42,83.74,6.87,12723.0,4.0,0.3,2.08,43.4,63.4,High_Density_Residential,12,140,3,Severe Inundation
W008,Tambaram Outer Valley,South-West,12.9249,80.1,14.88,7.36,1.96,251.2,15.66,2.77,3.34,48.7,47.7,Low_Density_Residential,6,70,0,Low
W012,Manali Petrochemical Zone,North-East,13.1706,80.2605,113.23,47.84,4.41,7013.4,3.27,0.42,1.82,44.3,49.6,Industrial,11,135,3,Severe Inundation
W008,Tambaram Outer Valley,South-West,12.9249,80.1,22.56,3.8,1.16,424.0,15.83,3.12,3.79,32.4,70.1,Low_Density_Residential,6,70,0,Low
W002,Velachery Lowlands,South,12.9815,80.218,2.2,2.94,1.55,793.9,2.69,0.3,1.96,7.7,89.0,High_Density_Residential,12,140,0,Low
W002,Velachery Lowlands,South,12.9815,80.218,108.82,30.02,4.4,5805.6,3.87,0.39,2.08,64.5,40.9,High_Density_Residential,12,140,3,Severe Inundation
W006,Anna Nagar Residential,West,13.085,80.2101,25.29,9.28,1.36,267.5,14.73,2.44,5.0,39.1,55.2,Low_Density_Residential,2,25,0,Low
W010,Kolathur Urban Catchment,North-West,13.1235,80.2188,73.81,8.8,1.94,964.3,7.59,1.09,3.29,16.8,81.8,High_Density_Residential,7,85,0,Low
W003,Madipakkam Lake Basin,South,12.9647,80.1961,247.56,85.43,5.83,16302.6,3.41,0.2,1.66,28.2,75.3,High_Density_Residential,14,160,3,Severe Inundation
W002,Velachery Lowlands,South,12.9815,80.218,164.5,36.31,3.32,3502.3,2.73,0.49,2.23,61.9,42.1,High_Density_Residential,12,140,3,Severe Inundation
W003,Madipakkam Lake Basin,South,12.9647,80.1961,142.16,43.69,3.95,5952.5,2.26,0.35,2.0,48.1,41.9,High_Density_Residential,14,160,3,Severe Inundation
W005,Adyar Estuary Buffer,Coastal,13.0012,80.2565,133.54,40.92,4.74,3977.8,3.82,0.32,3.02,31.5,68.0,Green_Space,9,110,3,Severe Inundation
W010,Kolathur Urban Catchment,North-West,13.1235,80.2188,38.19,19.83,3.0,1769.8,8.19,1.38,2.93,12.6,80.9,High_Density_Residential,7,85,1,Moderate
W011,Sholinganallur IT Corridor,South-East,12.901,80.2279,86.02,17.63,3.33,3235.5,4.44,0.43,3.71,6.6,91.7,Commercial,9,115,2,High
W010,Kolathur Urban Catchment,North-West,13.1235,80.2188,12.02,6.39,1.21,403.2,7.52,0.88,2.83,59.0,49.4,High_Density_Residential,7,85,0,Low
W009,Perambur Railway Lowlands,North,13.1114,80.2437,29.59,9.07,0.74,808.4,5.14,0.39,2.41,29.6,71.1,Commercial,10,125,0,Low
W012,Manali Petrochemical Zone,North-East,13.1706,80.2605,160.76,24.44,4.15,7287.8,2.9,0.2,1.8,21.8,81.6,Industrial,11,135,3,Severe Inundation
W006,Anna Nagar Residential,West,13.085,80.2101,58.89,19.77,2.57,1147.2,14.8,2.47,5.09,29.4,73.6,Low_Density_Residential,2,25,0,Low
W007,Mylapore Heritage Sector,East,13.0368,80.2676,127.87,48.86,3.69,5888.5,8.94,1.07,4.31,19.6,83.6,High_Density_Residential,5,55,3,Severe Inundation
W010,Kolathur Urban Catchment,North-West,13.1235,80.2188,137.26,27.25,3.57,4984.3,8.37,1.14,3.11,55.9,40.0,High_Density_Residential,7,85,3,Severe Inundation
W009,Perambur Railway Lowlands,North,13.1114,80.2437,72.57,19.56,2.88,2150.6,5.9,0.55,2.36,38.9,57.0,Commercial,10,125,2,High
W005,Adyar Estuary Buffer,Coastal,13.0012,80.2565,48.86,9.89,3.33,3210.2,4.18,0.63,2.73,21.6,72.7,Green_Space,9,110,0,Low
W008,Tambaram Outer Valley,South-West,12.9249,80.1,18.58,3.55,1.17,431.0,16.26,3.02,3.14,13.3,84.1,Low_Density_Residential,6,70,0,Low
W009,Perambur Railway Lowlands,North,13.1114,80.2437,196.13,86.06,5.12,14534.1,4.74,0.61,2.45,53.0,47.3,Commercial,10,125,3,Severe Inundation
W010,Kolathur Urban Catchment,North-West,13.1235,80.2188,137.97,46.5,4.01,3748.4,7.6,1.22,3.28,42.6,59.6,High_Density_Residential,7,85,3,Severe Inundation
W007,Mylapore Heritage Sector,East,13.0368,80.2676,17.79,1.17,0.95,526.5,8.84,1.46,5.03,58.7,39.4,High_Density_Residential,5,55,0,Low
W002,Velachery Lowlands,South,12.9815,80.218,131.85,43.71,4.47,3969.5,2.34,0.48,2.02,90.9,5.0,High_Density_Residential,12,140,3,Severe Inundation
W012,Manali Petrochemical Zone,North-East,13.1706,80.2605,330.38,53.18,7.1,12558.1,4.1,0.62,2.15,29.6,70.4,Industrial,11,135,3,Severe Inundation
W002,Velachery Lowlands,South,12.9815,80.218,7.5,3.91,0.66,833.8,3.15,0.48,2.39,9.1,90.5,High_Density_Residential,12,140,0,Low
W011,Sholinganallur IT Corridor,South-East,12.901,80.2279,25.21,9.8,1.17,333.7,4.76,0.43,3.22,10.8,88.5,Commercial,9,115,0,Low
W011,Sholinganallur IT Corridor,South-East,12.901,80.2279,134.85,48.94,4.11,4379.5,4.74,0.36,2.93,61.7,41.8,Commercial,9,115,3,Severe Inundation
W009,Perambur Railway Lowlands,North,13.1114,80.2437,15.77,4.02,1.03,182.2,5.3,0.46,2.54,35.2,69.9,Commercial,10,125,0,Low
W012,Manali Petrochemical Zone,North-East,13.1706,80.2605,8.49,2.9,1.99,613.7,3.03,0.3,1.67,22.1,79.7,Industrial,11,135,0,Low
W004,Guindy Industrial Estate,South-Central,13.0067,80.2025,22.37,8.67,0.68,907.7,11.87,2.07,4.23,40.1,60.5,Industrial,4,45,0,Low
W007,Mylapore Heritage Sector,East,13.0368,80.2676,208.17,84.6,4.96,16773.6,8.06,1.42,4.75,55.2,43.7,High_Density_Residential,5,55,3,Severe Inundation
W008,Tambaram Outer Valley,South-West,12.9249,80.1,241.97,62.42,5.35,16922.9,15.9,2.89,3.0,7.4,87.3,Low_Density_Residential,6,70,3,Severe Inundation
W004,Guindy Industrial Estate,South-Central,13.0067,80.2025,33.28,1.15,1.74,252.2,12.87,2.04,3.95,50.5,55.9,Industrial,4,45,0,Low
W007,Mylapore Heritage Sector,East,13.0368,80.2676,8.63,8.27,1.71,547.8,8.17,1.49,4.28,39.0,64.6,High_Density_Residential,5,55,0,Low
W006,Anna Nagar Residential,West,13.085,80.2101,10.98,8.66,1.09,738.7,14.67,2.41,4.7,8.3,92.8,Low_Density_Residential,2,25,0,Low
W008,Tambaram Outer Valley,South-West,12.9249,80.1,17.55,7.09,1.89,227.2,16.42,2.7,3.11,17.8,82.8,Low_Density_Residential,6,70,0,Low
W007,Mylapore Heritage Sector,East,13.0368,80.2676,192.61,70.71,6.87,13801.6,8.09,1.08,4.78,87.1,5.0,High_Density_Residential,5,55,3,Severe Inundation
W007,Mylapore Heritage Sector,East,13.0368,80.2676,130.95,20.01,4.82,3621.7,8.42,1.11,4.76,25.9,73.7,High_Density_Residential,5,55,2,High
W012,Manali Petrochemical Zone,North-East,13.1706,80.2605,312.23,81.43,5.31,15578.8,3.37,0.2,1.99,42.9,53.3,Industrial,11,135,3,Severe Inundation
W002,Velachery Lowlands,South,12.9815,80.218,6.11,4.77,1.98,356.8,3.9,0.65,2.26,46.0,48.3,High_Density_Residential,12,140,0,Low
W006,Anna Nagar Residential,West,13.085,80.2101,91.01,39.23,3.44,7116.1,14.5,2.73,5.04,69.1,35.5,Low_Density_Residential,2,25,1,Moderate
W007,Mylapore Heritage Sector,East,13.0368,80.2676,58.11,23.46,2.2,1063.3,8.5,1.09,4.31,82.3,16.1,High_Density_Residential,5,55,1,Moderate
W006,Anna Nagar Residential,West,13.085,80.2101,48.52,18.56,2.72,1262.2,14.78,2.29,5.33,37.1,61.4,Low_Density_Residential,2,25,0,Low
W011,Sholinganallur IT Corridor,South-East,12.901,80.2279,12.49,3.35,1.01,563.4,4.63,0.57,3.59,53.1,47.3,Commercial,9,115,0,Low
W005,Adyar Estuary Buffer,Coastal,13.0012,80.2565,87.18,15.13,3.19,1563.2,4.41,0.36,2.84,36.9,70.0,Green_Space,9,110,1,Moderate
W006,Anna Nagar Residential,West,13.085,80.2101,333.5,82.35,5.6,10074.4,14.32,2.44,4.97,49.1,54.9,Low_Density_Residential,2,25,3,Severe Inundation
W003,Madipakkam Lake Basin,South,12.9647,80.1961,8.71,5.42,1.05,469.8,2.74,0.2,1.81,32.8,59.4,High_Density_Residential,14,160,0,Low
W011,Sholinganallur IT Corridor,South-East,12.901,80.2279,22.72,6.33,0.54,181.5,4.85,0.45,3.58,9.1,86.5,Commercial,9,115,0,Low
W008,Tambaram Outer Valley,South-West,12.9249,80.1,80.21,11.3,1.96,1689.5,15.38,2.67,3.32,39.8,71.2,Low_Density_Residential,6,70,0,Low
W002,Velachery Lowlands,South,12.9815,80.218,36.3,15.34,2.77,1291.4,3.63,0.28,1.68,32.9,69.3,High_Density_Residential,12,140,1,Moderate
W002,Velachery Lowlands,South,12.9815,80.218,161.46,48.55,3.62,6085.3,3.61,0.53,2.07,46.2,56.9,High_Density_Residential,12,140,3,Severe Inundation
W002,Velachery Lowlands,South,12.9815,80.218,3.8,8.24,1.71,208.5,3.72,0.55,2.22,25.7,77.8,High_Density_Residential,12,140,0,Low
W002,Velachery Lowlands,South,12.9815,80.218,47.64,13.55,3.25,2144.4,3.75,0.2,2.07,76.4,27.2,High_Density_Residential,12,140,2,High
W007,Mylapore Heritage Sector,East,13.0368,80.2676,6.12,5.04,0.82,358.2,8.56,1.0,4.44,78.1,28.1,High_Density_Residential,5,55,0,Low
W002,Velachery Lowlands,South,12.9815,80.218,14.77,8.35,0.83,207.2,4.39,0.4,2.26,53.3,42.7,High_Density_Residential,12,140,0,Low
W012,Manali Petrochemical Zone,North-East,13.1706,80.2605,10.36,1.94,0.98,584.4,3.46,0.39,1.93,50.6,49.5,Industrial,11,135,0,Low
W012,Manali Petrochemical Zone,North-East,13.1706,80.2605,54.67,19.73,2.6,1688.5,3.32,0.38,1.9,60.0,37.5,Industrial,11,135,2,High
W006,Anna Nagar Residential,West,13.085,80.2101,153.81,25.76,4.21,6714.5,15.16,2.69,5.0,64.8,27.6,Low_Density_Residential,2,25,2,High
W003,Madipakkam Lake Basin,South,12.9647,80.1961,133.25,39.29,4.63,7476.6,2.52,0.37,1.64,31.3,64.7,High_Density_Residential,14,160,3,Severe Inundation
W009,Perambur Railway Lowlands,North,13.1114,80.2437,69.86,15.69,2.84,3020.1,5.03,0.58,2.39,55.1,41.8,Commercial,10,125,2,High
W001,T. Nagar Commercial Hub,Central,13.0418,80.2341,53.48,16.48,2.99,2884.0,6.85,0.64,4.03,12.8,93.9,Commercial,8,90,1,Moderate
W010,Kolathur Urban Catchment,North-West,13.1235,80.2188,333.14,87.8,4.83,16800.1,7.89,1.21,3.05,15.4,87.5,High_Density_Residential,7,85,3,Severe Inundation
W009,Perambur Railway Lowlands,North,13.1114,80.2437,15.3,1.38,1.51,972.1,4.53,0.6,2.78,41.1,56.3,Commercial,10,125,0,Low
W009,Perambur Railway Lowlands,North,13.1114,80.2437,139.41,28.35,3.69,5693.2,5.35,0.55,2.36,34.8,53.0,Commercial,10,125,3,Severe Inundation
W006,Anna Nagar Residential,West,13.085,80.2101,175.77,42.61,3.52,7677.6,14.27,2.14,4.7,14.9,87.4,Low_Density_Residential,2,25,2,High
W011,Sholinganallur IT Corridor,South-East,12.901,80.2279,24.49,7.33,1.34,640.5,4.77,0.38,3.29,62.6,35.7,Commercial,9,115,0,Low
W002,Velachery Lowlands,South,12.9815,80.218,89.15,12.96,3.24,3493.4,3.64,0.2,2.16,56.8,37.4,High_Density_Residential,12,140,2,High
W007,Mylapore Heritage Sector,East,13.0368,80.2676,127.95,30.17,4.29,4097.0,8.55,0.97,4.57,16.3,85.3,High_Density_Residential,5,55,2,High
W006,Anna Nagar Residential,West,13.085,80.2101,126.79,47.96,4.83,4040.7,13.93,2.39,4.88,26.5,81.4,Low_Density_Residential,2,25,2,High
W011,Sholinganallur IT Corridor,South-East,12.901,80.2279,207.24,51.02,4.89,11320.2,4.18,0.22,3.46,63.9,37.6,Commercial,9,115,3,Severe Inundation
W007,Mylapore Heritage Sector,East,13.0368,80.2676,97.15,29.78,4.01,3935.4,8.07,1.16,4.82,14.2,82.5,High_Density_Residential,5,55,2,High
W012,Manali Petrochemical Zone,North-East,13.1706,80.2605,44.74,24.39,1.98,3461.1,3.1,0.57,2.45,37.1,63.9,Industrial,11,135,1,Moderate
W001,T. Nagar Commercial Hub,Central,13.0418,80.2341,62.4,15.38,2.72,3197.6,7.22,1.01,4.17,38.9,56.8,Commercial,8,90,1,Moderate
W005,Adyar Estuary Buffer,Coastal,13.0012,80.2565,28.19,4.83,1.7,345.5,3.76,0.47,2.39,51.9,46.3,Green_Space,9,110,0,Low
W010,Kolathur Urban Catchment,North-West,13.1235,80.2188,30.94,6.47,1.72,569.4,7.61,1.34,2.87,56.5,37.8,High_Density_Residential,7,85,0,Low
W005,Adyar Estuary Buffer,Coastal,13.0012,80.2565,33.22,4.91,0.79,940.5,4.22,0.52,2.79,22.5,89.7,Green_Space,9,110,0,Low
W006,Anna Nagar Residential,West,13.085,80.2101,7.24,9.99,0.94,465.0,14.18,2.55,5.08,49.9,53.3,Low_Density_Residential,2,25,0,Low
W002,Velachery Lowlands,South,12.9815,80.218,75.35,24.51,2.97,1076.6,3.72,0.2,1.96,61.9,37.2,High_Density_Residential,12,140,2,High
W010,Kolathur Urban Catchment,North-West,13.1235,80.2188,124.33,23.83,4.67,7708.7,7.91,1.32,3.0,14.5,78.1,High_Density_Residential,7,85,3,Severe Inundation
W009,Perambur Railway Lowlands,North,13.1114,80.2437,23.27,1.25,1.39,355.1,4.65,0.56,2.72,35.2,73.1,Commercial,10,125,0,Low
W004,Guindy Industrial Estate,South-Central,13.0067,80.2025,204.24,64.23,4.92,12427.4,12.47,2.22,4.04,53.9,42.4,Industrial,4,45,3,Severe Inundation
W003,Madipakkam Lake Basin,South,12.9647,80.1961,156.02,47.37,3.9,5573.0,3.11,0.29,1.72,42.1,57.6,High_Density_Residential,14,160,3,Severe Inundation
W011,Sholinganallur IT Corridor,South-East,12.901,80.2279,82.75,20.48,1.84,2654.6,4.33,0.45,3.61,16.4,81.5,Commercial,9,115,1,Moderate
W008,Tambaram Outer Valley,South-West,12.9249,80.1,73.53,8.53,3.31,2878.5,16.45,2.69,3.41,69.2,25.3,Low_Density_Residential,6,70,0,Low
W004,Guindy Industrial Estate,South-Central,13.0067,80.2025,90.77,26.62,4.09,5100.2,12.08,2.07,4.19,42.6,52.0,Industrial,4,45,2,High
W002,Velachery Lowlands,South,12.9815,80.218,22.58,7.54,0.56,577.8,3.18,0.42,2.34,66.7,34.7,High_Density_Residential,12,140,0,Low
W006,Anna Nagar Residential,West,13.085,80.2101,15.33,2.8,1.81,734.4,14.31,2.39,5.03,25.0,76.1,Low_Density_Residential,2,25,0,Low
W009,Perambur Railway Lowlands,North,13.1114,80.2437,68.18,24.33,3.3,1094.1,5.3,0.42,2.21,20.0,79.4,Commercial,10,125,2,High
W006,Anna Nagar Residential,West,13.085,80.2101,25.26,7.67,1.83,300.6,14.79,2.75,4.99,42.9,51.7,Low_Density_Residential,2,25,0,Low
W002,Velachery Lowlands,South,12.9815,80.218,6.12,9.61,1.65,970.4,3.52,0.38,2.35,26.7,79.7,High_Density_Residential,12,140,0,Low
W005,Adyar Estuary Buffer,Coastal,13.0012,80.2565,142.05,21.12,4.72,3257.5,3.18,0.59,2.73,22.5,77.2,Green_Space,9,110,2,High
W010,Kolathur Urban Catchment,North-West,13.1235,80.2188,12.51,5.01,1.5,654.8,7.81,1.21,2.46,13.9,84.6,High_Density_Residential,7,85,0,Low
W004,Guindy Industrial Estate,South-Central,13.0067,80.2025,206.85,58.09,6.99,12941.9,12.5,2.37,4.28,30.1,76.7,Industrial,4,45,3,Severe Inundation
W007,Mylapore Heritage Sector,East,13.0368,80.2676,70.59,24.51,2.85,1826.8,8.93,1.39,4.45,43.0,64.5,High_Density_Residential,5,55,1,Moderate
W009,Perambur Railway Lowlands,North,13.1114,80.2437,54.2,12.12,2.94,1818.2,4.66,0.69,2.11,34.6,62.0,Commercial,10,125,1,Moderate
W010,Kolathur Urban Catchment,North-West,13.1235,80.2188,14.11,6.08,1.49,398.2,7.99,1.13,2.93,16.7,87.7,High_Density_Residential,7,85,0,Low
W010,Kolathur Urban Catchment,North-West,13.1235,80.2188,74.55,8.69,2.76,1128.5,7.22,1.27,2.79,9.3,91.5,High_Density_Residential,7,85,0,Low
W011,Sholinganallur IT Corridor,South-East,12.901,80.2279,10.32,5.13,0.66,994.3,4.69,0.42,3.26,58.8,41.0,Commercial,9,115,0,Low
W011,Sholinganallur IT Corridor,South-East,12.901,80.2279,28.33,1.34,1.71,124.0,5.24,0.41,3.6,58.9,48.8,Commercial,9,115,0,Low
W009,Perambur Railway Lowlands,North,13.1114,80.2437,125.34,24.85,3.98,6859.4,4.72,0.61,2.36,26.5,65.1,Commercial,10,125,3,Severe Inundation
W001,T. Nagar Commercial Hub,Central,13.0418,80.2341,78.04,18.94,2.35,2593.6,6.45,0.87,3.98,53.9,52.3,Commercial,8,90,1,Moderate
W010,Kolathur Urban Catchment,North-West,13.1235,80.2188,45.89,17.99,3.2,931.9,8.48,1.27,3.12,49.4,43.9,High_Density_Residential,7,85,1,Moderate
W011,Sholinganallur IT Corridor,South-East,12.901,80.2279,64.37,12.43,2.59,3256.0,4.8,0.79,3.64,26.3,70.2,Commercial,9,115,1,Moderate
W012,Manali Petrochemical Zone,North-East,13.1706,80.2605,16.22,3.98,1.38,404.1,3.61,0.36,2.05,28.7,78.5,Industrial,11,135,0,Low
W005,Adyar Estuary Buffer,Coastal,13.0012,80.2565,163.83,25.71,3.69,4478.8,4.05,0.43,2.74,48.1,49.4,Green_Space,9,110,2,High
W001,T. Nagar Commercial Hub,Central,13.0418,80.2341,25.27,7.62,1.72,526.8,6.12,0.83,3.88,33.2,61.6,Commercial,8,90,0,Low
W003,Madipakkam Lake Basin,South,12.9647,80.1961,9.69,8.3,1.25,728.7,3.52,0.2,1.84,50.8,43.7,High_Density_Residential,14,160,0,Low
W005,Adyar Estuary Buffer,Coastal,13.0012,80.2565,320.95,54.96,5.75,15504.3,4.27,0.4,2.88,38.1,63.3,Green_Space,9,110,3,Severe Inundation
W012,Manali Petrochemical Zone,North-East,13.1706,80.2605,99.07,45.37,4.36,3144.1,3.18,0.51,2.28,58.3,47.2,Industrial,11,135,3,Severe Inundation
W005,Adyar Estuary Buffer,Coastal,13.0012,80.2565,5.33,8.78,0.54,919.9,4.13,0.31,2.87,40.5,49.7,Green_Space,9,110,0,Low
W006,Anna Nagar Residential,West,13.085,80.2101,73.67,24.34,2.06,3129.3,14.57,2.74,5.06,18.1,89.9,Low_Density_Residential,2,25,0,Low
W006,Anna Nagar Residential,West,13.085,80.2101,18.13,4.98,0.82,370.2,14.57,2.28,5.27,45.7,51.6,Low_Density_Residential,2,25,0,Low
W001,T. Nagar Commercial Hub,Central,13.0418,80.2341,15.09,1.67,1.62,157.2,6.53,0.75,3.33,26.2,77.7,Commercial,8,90,0,Low
W003,Madipakkam Lake Basin,South,12.9647,80.1961,13.67,6.52,1.24,750.7,3.34,0.34,2.11,86.4,6.6,High_Density_Residential,14,160,0,Low
W003,Madipakkam Lake Basin,South,12.9647,80.1961,88.21,22.91,2.28,2169.5,2.62,0.24,1.87,37.7,62.5,High_Density_Residential,14,160,2,High
W010,Kolathur Urban Catchment,North-West,13.1235,80.2188,52.11,22.18,2.59,962.8,7.44,0.99,3.25,33.2,70.5,High_Density_Residential,7,85,1,Moderate
W011,Sholinganallur IT Corridor,South-East,12.901,80.2279,339.25,78.47,7.32,11747.0,4.53,0.33,3.55,44.4,65.6,Commercial,9,115,3,Severe Inundation
W007,Mylapore Heritage Sector,East,13.0368,80.2676,285.84,84.31,6.37,16252.6,8.17,1.1,4.69,35.8,53.8,High_Density_Residential,5,55,3,Severe Inundation
W002,Velachery Lowlands,South,12.9815,80.218,64.61,18.79,3.43,2560.9,3.09,0.42,2.38,83.6,21.5,High_Density_Residential,12,140,2,High
W003,Madipakkam Lake Basin,South,12.9647,80.1961,203.62,64.74,6.6,10707.6,3.12,0.21,1.8,79.1,24.9,High_Density_Residential,14,160,3,Severe Inundation
W012,Manali Petrochemical Zone,North-East,13.1706,80.2605,225.5,49.06,7.03,17983.4,2.94,0.42,1.94,7.8,95.2,Industrial,11,135,3,Severe Inundation
W011,Sholinganallur IT Corridor,South-East,12.901,80.2279,21.09,4.5,1.66,216.4,4.44,0.77,3.34,26.4,81.4,Commercial,9,115,0,Low
W001,T. Nagar Commercial Hub,Central,13.0418,80.2341,2.75,5.18,1.69,244.6,6.38,0.95,4.27,79.1,20.8,Commercial,8,90,0,Low
W002,Velachery Lowlands,South,12.9815,80.218,12.66,4.54,1.91,456.3,3.48,0.2,1.88,41.4,58.1,High_Density_Residential,12,140,0,Low
W012,Manali Petrochemical Zone,North-East,13.1706,80.2605,31.94,2.62,0.56,628.9,2.78,0.2,2.07,52.9,41.2,Industrial,11,135,0,Low
W009,Perambur Railway Lowlands,North,13.1114,80.2437,9.07,7.14,1.98,112.0,5.42,0.44,2.47,26.3,71.2,Commercial,10,125,0,Low
W004,Guindy Industrial Estate,South-Central,13.0067,80.2025,136.21,21.18,4.9,3413.7,12.79,2.14,4.01,53.7,51.1,Industrial,4,45,3,Severe Inundation
W007,Mylapore Heritage Sector,East,13.0368,80.2676,166.88,22.62,3.4,6203.1,8.92,1.19,4.68,41.2,59.9,High_Density_Residential,5,55,3,Severe Inundation
W007,Mylapore Heritage Sector,East,13.0368,80.2676,28.18,5.4,0.71,896.1,9.01,1.05,4.67,72.5,27.9,High_Density_Residential,5,55,0,Low
W008,Tambaram Outer Valley,South-West,12.9249,80.1,18.01,8.17,1.34,269.2,15.72,2.92,3.45,53.3,47.8,Low_Density_Residential,6,70,0,Low
W006,Anna Nagar Residential,West,13.085,80.2101,19.88,7.37,1.6,248.2,14.82,2.67,5.04,8.0,100.0,Low_Density_Residential,2,25,0,Low
W003,Madipakkam Lake Basin,South,12.9647,80.1961,115.44,37.67,3.46,5022.4,3.03,0.27,1.72,15.8,76.2,High_Density_Residential,14,160,3,Severe Inundation
W006,Anna Nagar Residential,West,13.085,80.2101,188.67,79.45,6.48,12130.9,14.34,2.27,4.97,30.9,71.2,Low_Density_Residential,2,25,3,Severe Inundation
W005,Adyar Estuary Buffer,Coastal,13.0012,80.2565,66.14,11.0,2.65,3279.2,4.02,0.36,2.53,34.3,68.2,Green_Space,9,110,1,Moderate
W012,Manali Petrochemical Zone,North-East,13.1706,80.2605,92.6,43.43,4.14,4852.6,2.42,0.47,2.25,58.2,45.0,Industrial,11,135,3,Severe Inundation
W006,Anna Nagar Residential,West,13.085,80.2101,102.31,40.33,3.31,4674.7,14.28,2.57,5.14,42.5,49.9,Low_Density_Residential,2,25,1,Moderate
W010,Kolathur Urban Catchment,North-West,13.1235,80.2188,227.31,45.46,5.33,8649.9,8.18,1.02,2.55,15.9,85.1,High_Density_Residential,7,85,3,Severe Inundation
W010,Kolathur Urban Catchment,North-West,13.1235,80.2188,11.99,7.44,1.49,269.2,8.12,1.15,2.92,15.3,86.4,High_Density_Residential,7,85,0,Low
W002,Velachery Lowlands,South,12.9815,80.218,25.53,4.73,0.79,777.0,3.46,0.41,2.55,40.9,65.5,High_Density_Residential,12,140,0,Low
W001,T. Nagar Commercial Hub,Central,13.0418,80.2341,63.39,22.97,2.2,1512.8,6.77,0.83,3.31,31.8,74.8,Commercial,8,90,1,Moderate
W003,Madipakkam Lake Basin,South,12.9647,80.1961,54.4,13.76,3.37,931.6,2.14,0.24,1.62,26.9,74.9,High_Density_Residential,14,160,2,High
W003,Madipakkam Lake Basin,South,12.9647,80.1961,58.86,13.82,2.16,2430.8,3.02,0.28,1.49,67.0,37.9,High_Density_Residential,14,160,2,High
W010,Kolathur Urban Catchment,North-West,13.1235,80.2188,63.77,8.51,2.32,1734.2,8.56,1.39,3.06,42.1,55.4,High_Density_Residential,7,85,0,Low
W001,T. Nagar Commercial Hub,Central,13.0418,80.2341,93.27,26.7,4.31,7236.1,6.65,0.59,4.17,44.7,52.6,Commercial,8,90,3,Severe Inundation
W011,Sholinganallur IT Corridor,South-East,12.901,80.2279,16.87,7.28,0.83,978.6,4.64,0.21,3.59,21.2,81.6,Commercial,9,115,0,Low
W002,Velachery Lowlands,South,12.9815,80.218,179.52,25.48,3.75,6181.1,3.58,0.44,2.0,83.7,20.2,High_Density_Residential,12,140,3,Severe Inundation
W005,Adyar Estuary Buffer,Coastal,13.0012,80.2565,194.96,72.66,6.68,10402.0,4.78,0.68,2.78,21.8,75.4,Green_Space,9,110,3,Severe Inundation
W008,Tambaram Outer Valley,South-West,12.9249,80.1,23.52,6.83,0.61,358.7,15.96,2.53,3.11,62.0,37.5,Low_Density_Residential,6,70,0,Low
W011,Sholinganallur IT Corridor,South-East,12.901,80.2279,75.36,8.81,2.21,3046.8,4.36,0.65,3.27,70.2,22.7,Commercial,9,115,1,Moderate
W007,Mylapore Heritage Sector,East,13.0368,80.2676,136.24,22.16,3.99,6544.5,8.24,1.02,4.63,58.7,36.5,High_Density_Residential,5,55,3,Severe Inundation
W008,Tambaram Outer Valley,South-West,12.9249,80.1,23.21,1.47,0.91,287.5,16.25,2.65,2.84,36.8,57.2,Low_Density_Residential,6,70,0,Low
W010,Kolathur Urban Catchment,North-West,13.1235,80.2188,18.8,9.35,1.09,139.0,7.65,0.94,2.81,39.8,51.6,High_Density_Residential,7,85,0,Low
W008,Tambaram Outer Valley,South-West,12.9249,80.1,6.1,9.4,1.46,124.3,15.74,3.1,3.29,61.3,47.9,Low_Density_Residential,6,70,0,Low
W007,Mylapore Heritage Sector,East,13.0368,80.2676,42.92,13.93,2.8,1174.7,8.4,1.55,4.38,35.9,61.0,High_Density_Residential,5,55,0,Low
W005,Adyar Estuary Buffer,Coastal,13.0012,80.2565,104.67,43.41,4.42,4632.2,3.25,0.87,2.81,52.7,45.5,Green_Space,9,110,3,Severe Inundation
W004,Guindy Industrial Estate,South-Central,13.0067,80.2025,40.73,10.31,3.18,3308.8,12.47,2.09,4.17,16.5,77.6,Industrial,4,45,0,Low
W009,Perambur Railway Lowlands,North,13.1114,80.2437,152.6,30.82,3.78,3006.2,5.07,0.41,2.43,67.6,28.2,Commercial,10,125,3,Severe Inundation
W002,Velachery Lowlands,South,12.9815,80.218,58.38,21.79,3.36,2421.3,4.13,0.46,1.98,32.9,69.1,High_Density_Residential,12,140,2,High
W006,Anna Nagar Residential,West,13.085,80.2101,153.06,22.62,4.57,3896.8,14.28,2.29,5.0,33.6,64.5,Low_Density_Residential,2,25,2,High
W007,Mylapore Heritage Sector,East,13.0368,80.2676,127.48,41.91,3.72,3277.8,8.65,1.37,4.57,76.3,29.6,High_Density_Residential,5,55,3,Severe Inundation
W002,Velachery Lowlands,South,12.9815,80.218,116.81,22.24,3.52,3464.3,3.4,0.2,2.05,76.3,27.1,High_Density_Residential,12,140,3,Severe Inundation
W005,Adyar Estuary Buffer,Coastal,13.0012,80.2565,91.93,24.52,4.48,6559.3,4.28,0.55,2.95,68.3,26.7,Green_Space,9,110,2,High
W011,Sholinganallur IT Corridor,South-East,12.901,80.2279,29.07,8.23,1.42,495.0,4.31,0.2,3.41,66.3,36.9,Commercial,9,115,0,Low
W011,Sholinganallur IT Corridor,South-East,12.901,80.2279,305.79,58.66,5.6,8227.5,4.3,0.46,3.15,67.2,28.0,Commercial,9,115,3,Severe Inundation
W010,Kolathur Urban Catchment,North-West,13.1235,80.2188,22.94,8.95,1.18,772.0,7.48,1.05,2.63,24.9,72.5,High_Density_Residential,7,85,0,Low
W008,Tambaram Outer Valley,South-West,12.9249,80.1,69.28,21.99,3.05,2337.1,16.47,2.92,3.26,38.3,61.4,Low_Density_Residential,6,70,0,Low
W009,Perambur Railway Lowlands,North,13.1114,80.2437,86.17,12.85,2.6,1305.5,4.44,0.67,2.48,38.8,63.0,Commercial,10,125,1,Moderate
W011,Sholinganallur IT Corridor,South-East,12.901,80.2279,125.53,21.18,4.84,6653.7,4.49,0.23,3.53,39.2,57.4,Commercial,9,115,3,Severe Inundation
W005,Adyar Estuary Buffer,Coastal,13.0012,80.2565,16.03,2.87,1.45,483.0,3.42,0.4,2.69,18.6,88.8,Green_Space,9,110,0,Low
W001,T. Nagar Commercial Hub,Central,13.0418,80.2341,172.96,26.42,4.69,7527.6,5.56,0.66,3.62,34.4,62.9,Commercial,8,90,3,Severe Inundation
W004,Guindy Industrial Estate,South-Central,13.0067,80.2025,131.13,44.44,3.76,5876.8,13.0,2.02,4.09,11.7,84.0,Industrial,4,45,2,High
W007,Mylapore Heritage Sector,East,13.0368,80.2676,152.93,30.35,4.05,5018.8,8.44,1.25,4.42,48.0,43.1,High_Density_Residential,5,55,3,Severe Inundation
W010,Kolathur Urban Catchment,North-West,13.1235,80.2188,16.67,9.1,1.04,532.5,7.87,0.98,3.31,18.8,76.8,High_Density_Residential,7,85,0,Low
W001,T. Nagar Commercial Hub,Central,13.0418,80.2341,68.37,16.17,3.41,862.5,5.92,1.04,3.71,39.0,58.9,Commercial,8,90,1,Moderate
W001,T. Nagar Commercial Hub,Central,13.0418,80.2341,48.58,17.86,3.02,1693.9,6.52,0.98,4.04,61.9,30.5,Commercial,8,90,1,Moderate
W004,Guindy Industrial Estate,South-Central,13.0067,80.2025,93.86,22.96,4.14,5944.7,12.03,2.23,4.08,64.1,34.6,Industrial,4,45,2,High
W005,Adyar Estuary Buffer,Coastal,13.0012,80.2565,108.94,43.56,3.4,7475.8,4.45,0.67,2.83,47.7,53.1,Green_Space,9,110,2,High
W004,Guindy Industrial Estate,South-Central,13.0067,80.2025,9.33,6.18,1.06,226.5,11.48,2.21,3.92,26.0,71.5,Industrial,4,45,0,Low
W003,Madipakkam Lake Basin,South,12.9647,80.1961,270.4,64.86,5.52,17307.5,2.34,0.47,1.96,52.2,41.0,High_Density_Residential,14,160,3,Severe Inundation
W005,Adyar Estuary Buffer,Coastal,13.0012,80.2565,28.65,2.11,1.26,402.6,3.98,0.28,2.53,66.1,25.2,Green_Space,9,110,0,Low
W005,Adyar Estuary Buffer,Coastal,13.0012,80.2565,32.21,6.29,0.54,966.7,3.86,0.53,3.25,8.6,92.9,Green_Space,9,110,0,Low
W006,Anna Nagar Residential,West,13.085,80.2101,6.55,5.49,1.7,350.9,14.81,2.42,4.96,62.2,35.6,Low_Density_Residential,2,25,0,Low
W002,Velachery Lowlands,South,12.9815,80.218,8.19,1.1,1.12,909.5,3.69,0.34,2.58,13.0,86.7,High_Density_Residential,12,140,0,Low
W001,T. Nagar Commercial Hub,Central,13.0418,80.2341,194.15,70.96,5.6,13169.1,6.92,1.06,3.66,21.1,83.0,Commercial,8,90,3,Severe Inundation
W008,Tambaram Outer Valley,South-West,12.9249,80.1,7.11,9.87,0.98,197.9,16.31,2.75,3.21,50.1,48.8,Low_Density_Residential,6,70,0,Low
W012,Manali Petrochemical Zone,North-East,13.1706,80.2605,38.41,14.78,2.31,1449.0,3.79,0.66,1.59,16.1,94.6,Industrial,11,135,1,Moderate
W007,Mylapore Heritage Sector,East,13.0368,80.2676,34.17,2.05,1.66,431.4,8.24,0.98,4.49,24.0,77.3,High_Density_Residential,5,55,0,Low
W003,Madipakkam Lake Basin,South,12.9647,80.1961,18.86,4.02,1.18,249.8,2.64,0.22,1.65,27.0,63.8,High_Density_Residential,14,160,0,Low
W003,Madipakkam Lake Basin,South,12.9647,80.1961,166.01,28.59,3.64,6407.2,3.01,0.2,1.66,55.7,54.4,High_Density_Residential,14,160,3,Severe Inundation
W007,Mylapore Heritage Sector,East,13.0368,80.2676,40.04,24.28,2.93,1076.8,8.02,1.12,4.32,41.7,50.5,High_Density_Residential,5,55,1,Moderate
W009,Perambur Railway Lowlands,North,13.1114,80.2437,14.63,2.31,1.01,715.9,4.8,0.65,2.82,57.5,51.0,Commercial,10,125,0,Low
W012,Manali Petrochemical Zone,North-East,13.1706,80.2605,72.22,16.79,2.22,2437.6,2.93,0.31,2.03,28.6,67.0,Industrial,11,135,2,High
W004,Guindy Industrial Estate,South-Central,13.0067,80.2025,169.23,35.04,3.54,3635.6,12.48,2.49,3.94,11.2,98.2,Industrial,4,45,2,High
W009,Perambur Railway Lowlands,North,13.1114,80.2437,49.5,23.39,1.83,1682.7,5.26,0.52,2.41,39.7,56.6,Commercial,10,125,1,Moderate
W009,Perambur Railway Lowlands,North,13.1114,80.2437,33.46,6.42,1.46,958.9,5.08,0.88,2.32,25.6,70.7,Commercial,10,125,0,Low
W011,Sholinganallur IT Corridor,South-East,12.901,80.2279,34.3,9.39,1.36,982.9,3.96,0.58,3.2,28.7,65.4,Commercial,9,115,0,Low
W006,Anna Nagar Residential,West,13.085,80.2101,2.15,8.93,0.94,177.7,14.55,2.37,4.87,50.8,40.5,Low_Density_Residential,2,25,0,Low
W002,Velachery Lowlands,South,12.9815,80.218,9.74,8.28,1.75,200.4,3.4,0.35,1.94,12.6,85.1,High_Density_Residential,12,140,0,Low
W007,Mylapore Heritage Sector,East,13.0368,80.2676,17.44,6.8,1.63,394.1,7.79,1.41,4.54,18.8,85.9,High_Density_Residential,5,55,0,Low
W012,Manali Petrochemical Zone,North-East,13.1706,80.2605,79.66,22.3,2.94,2532.1,2.74,0.38,2.17,48.1,46.5,Industrial,11,135,2,High
W001,T. Nagar Commercial Hub,Central,13.0418,80.2341,45.81,15.78,3.28,1032.2,6.23,0.74,3.73,53.2,39.7,Commercial,8,90,1,Moderate
W007,Mylapore Heritage Sector,East,13.0368,80.2676,152.86,42.83,4.02,3879.6,8.11,1.52,4.35,19.1,80.2,High_Density_Residential,5,55,3,Severe Inundation
W001,T. Nagar Commercial Hub,Central,13.0418,80.2341,59.9,23.62,2.28,2585.6,6.1,0.67,3.81,16.5,78.8,Commercial,8,90,1,Moderate
W008,Tambaram Outer Valley,South-West,12.9249,80.1,216.12,51.0,5.35,9280.5,16.13,2.43,3.12,55.0,44.9,Low_Density_Residential,6,70,3,Severe Inundation
W002,Velachery Lowlands,South,12.9815,80.218,19.03,7.02,1.67,739.1,3.39,0.37,2.33,12.7,83.4,High_Density_Residential,12,140,0,Low
W006,Anna Nagar Residential,West,13.085,80.2101,134.8,34.5,3.86,4357.3,14.66,2.48,4.96,41.5,61.7,Low_Density_Residential,2,25,1,Moderate
W010,Kolathur Urban Catchment,North-West,13.1235,80.2188,139.56,25.31,3.47,5869.9,8.15,0.79,2.83,74.2,28.9,High_Density_Residential,7,85,3,Severe Inundation
W007,Mylapore Heritage Sector,East,13.0368,80.2676,313.66,65.66,6.46,8731.5,9.32,1.42,4.49,46.6,57.4,High_Density_Residential,5,55,3,Severe Inundation
W010,Kolathur Urban Catchment,North-West,13.1235,80.2188,55.5,8.69,2.2,3200.5,7.92,1.29,3.17,76.2,21.4,High_Density_Residential,7,85,0,Low
W007,Mylapore Heritage Sector,East,13.0368,80.2676,133.86,25.24,3.34,6498.0,8.99,1.24,4.42,32.2,71.7,High_Density_Residential,5,55,2,High
W012,Manali Petrochemical Zone,North-East,13.1706,80.2605,36.75,17.23,3.17,1545.5,3.1,0.45,2.28,20.6,78.9,Industrial,11,135,2,High
W011,Sholinganallur IT Corridor,South-East,12.901,80.2279,23.0,7.32,1.85,301.9,4.36,0.31,3.53,61.8,42.9,Commercial,9,115,0,Low
W007,Mylapore Heritage Sector,East,13.0368,80.2676,123.55,42.36,3.97,7200.7,9.13,1.23,4.6,53.8,47.4,High_Density_Residential,5,55,3,Severe Inundation
W005,Adyar Estuary Buffer,Coastal,13.0012,80.2565,100.99,38.67,4.79,3505.6,4.37,0.66,2.57,59.9,41.9,Green_Space,9,110,2,High
W002,Velachery Lowlands,South,12.9815,80.218,9.19,7.87,0.95,987.2,4.97,0.43,2.37,63.7,42.4,High_Density_Residential,12,140,0,Low
W007,Mylapore Heritage Sector,East,13.0368,80.2676,129.9,24.97,3.76,4061.9,8.01,1.15,4.36,19.9,81.2,High_Density_Residential,5,55,2,High
W001,T. Nagar Commercial Hub,Central,13.0418,80.2341,29.52,7.99,1.63,834.5,6.49,0.67,3.46,78.0,19.1,Commercial,8,90,0,Low
W006,Anna Nagar Residential,West,13.085,80.2101,74.44,14.15,2.4,2843.7,15.05,2.44,4.75,19.7,81.7,Low_Density_Residential,2,25,0,Low
W003,Madipakkam Lake Basin,South,12.9647,80.1961,62.82,18.55,3.32,1319.2,2.89,0.2,1.53,21.9,75.9,High_Density_Residential,14,160,2,High
W010,Kolathur Urban Catchment,North-West,13.1235,80.2188,61.54,15.71,3.15,1384.9,8.07,1.11,2.83,49.3,47.7,High_Density_Residential,7,85,1,Moderate
W008,Tambaram Outer Valley,South-West,12.9249,80.1,195.79,58.96,5.1,10195.1,16.15,2.96,3.27,52.0,53.2,Low_Density_Residential,6,70,3,Severe Inundation
W012,Manali Petrochemical Zone,North-East,13.1706,80.2605,20.39,9.01,1.39,927.6,3.21,0.61,2.27,11.8,88.0,Industrial,11,135,0,Low
W006,Anna Nagar Residential,West,13.085,80.2101,54.8,21.29,3.07,3244.1,15.0,2.2,4.72,39.9,65.4,Low_Density_Residential,2,25,0,Low
W002,Velachery Lowlands,South,12.9815,80.218,217.47,73.88,5.77,14462.2,3.14,0.52,1.95,31.4,68.7,High_Density_Residential,12,140,3,Severe Inundation
W007,Mylapore Heritage Sector,East,13.0368,80.2676,94.03,28.75,4.66,5601.2,8.03,1.28,4.22,34.8,62.4,High_Density_Residential,5,55,3,Severe Inundation
W002,Velachery Lowlands,South,12.9815,80.218,13.34,4.58,0.94,739.2,4.24,0.28,1.93,85.4,10.1,High_Density_Residential,12,140,0,Low
W004,Guindy Industrial Estate,South-Central,13.0067,80.2025,77.56,14.73,3.41,3033.8,12.96,2.35,4.09,56.2,52.9,Industrial,4,45,0,Low
W007,Mylapore Heritage Sector,East,13.0368,80.2676,168.89,45.23,4.61,3068.9,8.73,1.16,4.23,50.6,44.0,High_Density_Residential,5,55,3,Severe Inundation
W010,Kolathur Urban Catchment,North-West,13.1235,80.2188,139.41,28.27,4.36,4021.2,6.92,1.26,3.16,34.1,63.9,High_Density_Residential,7,85,3,Severe Inundation
W007,Mylapore Heritage Sector,East,13.0368,80.2676,81.66,14.53,2.58,1534.0,8.42,1.18,4.63,8.1,95.7,High_Density_Residential,5,55,0,Low
W009,Perambur Railway Lowlands,North,13.1114,80.2437,86.34,8.92,2.06,1932.9,5.63,0.57,1.97,56.1,42.3,Commercial,10,125,1,Moderate
W002,Velachery Lowlands,South,12.9815,80.218,142.95,34.4,4.23,5796.3,3.26,0.36,2.2,31.1,76.3,High_Density_Residential,12,140,3,Severe Inundation
W007,Mylapore Heritage Sector,East,13.0368,80.2676,25.77,7.34,1.55,924.2,8.33,1.32,4.76,5.0,95.8,High_Density_Residential,5,55,0,Low
W005,Adyar Estuary Buffer,Coastal,13.0012,80.2565,84.84,15.95,1.92,1365.7,3.98,0.59,2.97,71.7,24.8,Green_Space,9,110,1,Moderate
W012,Manali Petrochemical Zone,North-East,13.1706,80.2605,101.59,47.77,3.56,3406.8,3.52,0.24,2.4,29.6,69.1,Industrial,11,135,3,Severe Inundation
W006,Anna Nagar Residential,West,13.085,80.2101,311.11,48.67,6.01,14167.7,14.63,2.31,4.77,12.2,83.9,Low_Density_Residential,2,25,3,Severe Inundation
W004,Guindy Industrial Estate,South-Central,13.0067,80.2025,30.79,7.19,1.02,484.7,12.76,1.97,4.62,42.8,50.2,Industrial,4,45,0,Low
W006,Anna Nagar Residential,West,13.085,80.2101,64.26,21.26,2.91,1951.8,14.26,2.33,5.2,70.9,23.4,Low_Density_Residential,2,25,0,Low
W003,Madipakkam Lake Basin,South,12.9647,80.1961,20.66,1.27,0.97,825.4,2.93,0.2,1.55,42.6,60.1,High_Density_Residential,14,160,0,Low
W002,Velachery Lowlands,South,12.9815,80.218,81.36,20.93,2.92,2141.6,3.16,0.35,2.33,70.0,30.7,High_Density_Residential,12,140,2,High
W009,Perambur Railway Lowlands,North,13.1114,80.2437,31.67,2.43,0.99,518.2,4.84,0.61,2.51,60.1,42.7,Commercial,10,125,0,Low
W011,Sholinganallur IT Corridor,South-East,12.901,80.2279,141.26,46.01,4.12,6035.3,4.33,0.73,3.31,43.9,52.2,Commercial,9,115,3,Severe Inundation
W002,Velachery Lowlands,South,12.9815,80.218,165.86,20.6,3.62,7726.2,3.35,0.49,1.97,46.1,56.1,High_Density_Residential,12,140,3,Severe Inundation
W009,Perambur Railway Lowlands,North,13.1114,80.2437,108.75,31.64,4.35,7373.9,5.39,0.57,2.66,33.9,64.9,Commercial,10,125,3,Severe Inundation
W009,Perambur Railway Lowlands,North,13.1114,80.2437,64.0,8.32,2.64,1585.9,5.26,0.49,2.35,35.7,63.1,Commercial,10,125,1,Moderate
W004,Guindy Industrial Estate,South-Central,13.0067,80.2025,122.18,33.93,4.2,7009.3,12.83,2.03,4.06,13.8,80.6,Industrial,4,45,2,High
W006,Anna Nagar Residential,West,13.085,80.2101,5.96,5.24,1.5,677.2,14.65,2.35,4.86,67.7,27.5,Low_Density_Residential,2,25,0,Low
W006,Anna Nagar Residential,West,13.085,80.2101,106.55,30.57,3.43,5705.2,14.96,2.65,4.87,19.2,78.0,Low_Density_Residential,2,25,0,Low
W012,Manali Petrochemical Zone,North-East,13.1706,80.2605,24.3,2.22,0.95,150.5,2.62,0.38,1.9,48.5,53.0,Industrial,11,135,0,Low
W011,Sholinganallur IT Corridor,South-East,12.901,80.2279,271.83,52.94,6.2,11655.7,3.95,0.29,3.27,30.7,61.6,Commercial,9,115,3,Severe Inundation
W003,Madipakkam Lake Basin,South,12.9647,80.1961,22.86,4.36,1.86,131.4,2.43,0.41,1.79,45.4,45.1,High_Density_Residential,14,160,1,Moderate
W004,Guindy Industrial Estate,South-Central,13.0067,80.2025,35.64,17.66,2.01,2864.6,12.99,2.23,4.34,37.8,64.3,Industrial,4,45,0,Low
W002,Velachery Lowlands,South,12.9815,80.218,122.25,39.6,4.2,3322.7,3.97,0.47,2.04,9.6,85.8,High_Density_Residential,12,140,3,Severe Inundation
W003,Madipakkam Lake Basin,South,12.9647,80.1961,54.76,17.4,2.21,2515.5,2.27,0.24,2.19,36.1,62.7,High_Density_Residential,14,160,2,High
W005,Adyar Estuary Buffer,Coastal,13.0012,80.2565,64.29,8.35,2.66,2566.5,3.92,0.64,3.32,22.5,78.9,Green_Space,9,110,0,Low
W004,Guindy Industrial Estate,South-Central,13.0067,80.2025,25.29,4.23,0.79,432.5,11.77,2.17,4.53,36.0,69.4,Industrial,4,45,0,Low
W003,Madipakkam Lake Basin,South,12.9647,80.1961,22.54,6.22,1.92,309.1,2.87,0.23,1.62,14.3,84.9,High_Density_Residential,14,160,0,Low
W010,Kolathur Urban Catchment,North-West,13.1235,80.2188,22.75,1.38,1.08,363.6,7.91,1.2,3.18,13.6,85.1,High_Density_Residential,7,85,0,Low
W003,Madipakkam Lake Basin,South,12.9647,80.1961,25.61,5.84,1.9,314.8,2.36,0.2,1.65,10.8,89.4,High_Density_Residential,14,160,0,Low
W011,Sholinganallur IT Corridor,South-East,12.901,80.2279,265.07,70.75,5.57,17969.7,4.51,0.45,3.36,13.5,96.3,Commercial,9,115,3,Severe Inundation
W002,Velachery Lowlands,South,12.9815,80.218,28.89,1.03,1.0,693.5,3.43,0.44,1.85,42.1,56.4,High_Density_Residential,12,140,0,Low
W003,Madipakkam Lake Basin,South,12.9647,80.1961,21.2,3.87,1.07,496.2,3.02,0.57,1.76,17.6,91.7,High_Density_Residential,14,160,0,Low
W011,Sholinganallur IT Corridor,South-East,12.901,80.2279,10.56,7.11,1.4,250.4,4.64,0.61,3.21,76.7,21.1,Commercial,9,115,0,Low
W008,Tambaram Outer Valley,South-West,12.9249,80.1,2.81,8.14,0.5,409.5,16.44,3.0,3.37,53.7,42.5,Low_Density_Residential,6,70,0,Low
W008,Tambaram Outer Valley,South-West,12.9249,80.1,72.34,8.9,1.9,2917.3,16.12,2.95,3.0,61.4,35.6,Low_Density_Residential,6,70,0,Low
W010,Kolathur Urban Catchment,North-West,13.1235,80.2188,19.02,2.52,1.71,231.0,7.55,1.35,2.56,42.1,65.5,High_Density_Residential,7,85,0,Low
W010,Kolathur Urban Catchment,North-West,13.1235,80.2188,50.74,22.49,2.81,2364.3,8.16,1.16,3.14,16.7,83.8,High_Density_Residential,7,85,1,Moderate
W008,Tambaram Outer Valley,South-West,12.9249,80.1,12.04,6.79,1.15,818.9,16.41,2.68,3.19,86.8,11.8,Low_Density_Residential,6,70,0,Low
W011,Sholinganallur IT Corridor,South-East,12.901,80.2279,13.61,2.93,1.32,232.7,4.28,0.6,3.51,18.3,84.9,Commercial,9,115,0,Low
W010,Kolathur Urban Catchment,North-West,13.1235,80.2188,24.39,3.39,1.68,961.2,8.02,0.89,2.84,16.3,93.5,High_Density_Residential,7,85,0,Low
W011,Sholinganallur IT Corridor,South-East,12.901,80.2279,71.43,24.26,2.8,975.6,4.6,0.5,3.32,85.1,18.4,Commercial,9,115,2,High
W011,Sholinganallur IT Corridor,South-East,12.901,80.2279,193.5,85.94,5.72,16419.4,3.88,0.41,3.17,55.3,53.6,Commercial,9,115,3,Severe Inundation
W010,Kolathur Urban Catchment,North-West,13.1235,80.2188,76.21,16.85,2.67,2504.5,7.4,1.3,2.54,27.1,77.8,High_Density_Residential,7,85,1,Moderate
W006,Anna Nagar Residential,West,13.085,80.2101,58.16,21.6,2.28,3152.8,15.19,2.54,5.47,44.0,52.2,Low_Density_Residential,2,25,0,Low
W011,Sholinganallur IT Corridor,South-East,12.901,80.2279,22.28,2.67,1.86,469.9,4.32,0.59,3.37,33.6,69.2,Commercial,9,115,0,Low
W006,Anna Nagar Residential,West,13.085,80.2101,18.62,1.59,1.83,777.7,15.26,2.73,5.11,10.0,85.1,Low_Density_Residential,2,25,0,Low
W003,Madipakkam Lake Basin,South,12.9647,80.1961,88.23,23.65,2.41,2905.5,2.73,0.35,2.05,20.7,79.4,High_Density_Residential,14,160,2,High
W008,Tambaram Outer Valley,South-West,12.9249,80.1,20.57,6.25,1.37,169.3,16.03,2.85,3.25,35.9,70.1,Low_Density_Residential,6,70,0,Low
W002,Velachery Lowlands,South,12.9815,80.218,21.23,8.58,0.94,907.5,3.02,0.68,2.1,6.7,98.0,High_Density_Residential,12,140,0,Low
W008,Tambaram Outer Valley,South-West,12.9249,80.1,29.68,6.37,1.91,879.4,15.73,2.87,2.99,71.2,30.0,Low_Density_Residential,6,70,0,Low
W008,Tambaram Outer Valley,South-West,12.9249,80.1,91.44,21.43,4.19,7972.1,15.49,2.61,3.61,59.3,38.7,Low_Density_Residential,6,70,1,Moderate
W011,Sholinganallur IT Corridor,South-East,12.901,80.2279,151.72,38.48,4.74,7502.9,4.47,0.33,3.49,17.5,82.1,Commercial,9,115,3,Severe Inundation
W005,Adyar Estuary Buffer,Coastal,13.0012,80.2565,151.87,46.24,4.4,5810.1,4.5,0.73,2.88,45.3,56.2,Green_Space,9,110,3,Severe Inundation
W005,Adyar Estuary Buffer,Coastal,13.0012,80.2565,22.31,9.7,0.69,556.6,4.74,0.58,3.05,26.1,72.6,Green_Space,9,110,0,Low
W010,Kolathur Urban Catchment,North-West,13.1235,80.2188,132.66,46.96,4.64,7507.3,8.06,0.93,2.83,41.5,52.7,High_Density_Residential,7,85,3,Severe Inundation
W001,T. Nagar Commercial Hub,Central,13.0418,80.2341,33.34,2.64,1.12,293.6,6.28,0.86,3.91,65.2,28.1,Commercial,8,90,0,Low
W006,Anna Nagar Residential,West,13.085,80.2101,151.1,28.4,3.64,3089.8,14.65,2.18,4.99,71.7,28.7,Low_Density_Residential,2,25,1,Moderate
W009,Perambur Railway Lowlands,North,13.1114,80.2437,9.18,3.72,1.8,790.4,4.43,0.43,2.47,71.9,24.6,Commercial,10,125,0,Low
W002,Velachery Lowlands,South,12.9815,80.218,10.68,4.3,1.09,206.1,3.2,0.27,1.79,42.3,52.5,High_Density_Residential,12,140,0,Low
W005,Adyar Estuary Buffer,Coastal,13.0012,80.2565,34.51,8.52,0.52,655.2,3.92,0.53,2.69,35.5,66.4,Green_Space,9,110,0,Low
W008,Tambaram Outer Valley,South-West,12.9249,80.1,159.68,30.67,3.22,6672.1,15.66,2.72,2.84,63.4,48.3,Low_Density_Residential,6,70,2,High
W008,Tambaram Outer Valley,South-West,12.9249,80.1,111.87,28.42,4.28,7509.7,16.06,3.08,3.09,44.6,53.0,Low_Density_Residential,6,70,1,Moderate
W001,T. Nagar Commercial Hub,Central,13.0418,80.2341,9.55,3.54,0.77,700.9,6.93,0.95,3.84,68.7,22.4,Commercial,8,90,0,Low
W001,T. Nagar Commercial Hub,Central,13.0418,80.2341,298.81,53.78,5.54,17153.3,5.94,0.9,3.76,27.0,71.0,Commercial,8,90,3,Severe Inundation
W006,Anna Nagar Residential,West,13.085,80.2101,142.01,45.42,4.69,7537.4,14.21,2.49,4.99,37.0,63.2,Low_Density_Residential,2,25,2,High
W005,Adyar Estuary Buffer,Coastal,13.0012,80.2565,2.32,6.09,1.44,145.4,4.17,0.72,2.62,35.2,58.6,Green_Space,9,110,0,Low
W002,Velachery Lowlands,South,12.9815,80.218,24.45,3.19,1.44,300.8,3.91,0.35,2.09,20.9,74.7,High_Density_Residential,12,140,0,Low
W011,Sholinganallur IT Corridor,South-East,12.901,80.2279,104.24,23.7,3.68,7761.4,3.82,0.28,3.39,21.6,86.7,Commercial,9,115,3,Severe Inundation
W002,Velachery Lowlands,South,12.9815,80.218,126.63,40.61,3.75,5177.4,3.17,0.62,1.72,55.8,35.6,High_Density_Residential,12,140,3,Severe Inundation
W010,Kolathur Urban Catchment,North-West,13.1235,80.2188,46.77,21.15,2.34,1272.8,8.09,0.99,2.99,41.0,54.8,High_Density_Residential,7,85,1,Moderate
W010,Kolathur Urban Catchment,North-West,13.1235,80.2188,53.01,13.71,2.88,1240.4,7.98,1.32,3.16,25.8,77.1,High_Density_Residential,7,85,0,Low
W009,Perambur Railway Lowlands,North,13.1114,80.2437,140.49,21.91,4.45,3303.0,4.75,0.44,2.3,30.6,59.5,Commercial,10,125,3,Severe Inundation
W007,Mylapore Heritage Sector,East,13.0368,80.2676,49.33,14.82,2.37,2971.2,8.53,1.22,4.54,31.2,72.7,High_Density_Residential,5,55,0,Low
W008,Tambaram Outer Valley,South-West,12.9249,80.1,24.02,9.32,1.88,747.7,15.48,2.96,3.12,37.4,50.2,Low_Density_Residential,6,70,0,Low
W010,Kolathur Urban Catchment,North-West,13.1235,80.2188,20.32,2.32,0.79,453.8,7.4,0.9,3.13,13.2,84.6,High_Density_Residential,7,85,0,Low
W009,Perambur Railway Lowlands,North,13.1114,80.2437,3.48,9.45,0.96,925.9,5.18,0.46,2.83,57.4,39.6,Commercial,10,125,0,Low
W012,Manali Petrochemical Zone,North-East,13.1706,80.2605,19.28,2.1,0.94,332.8,2.87,0.34,2.29,46.5,52.5,Industrial,11,135,0,Low
W001,T. Nagar Commercial Hub,Central,13.0418,80.2341,19.53,9.58,0.73,616.0,6.32,0.85,3.59,55.4,35.6,Commercial,8,90,0,Low
W008,Tambaram Outer Valley,South-West,12.9249,80.1,65.94,15.86,1.96,2951.6,15.74,2.6,3.07,48.1,46.2,Low_Density_Residential,6,70,0,Low
W010,Kolathur Urban Catchment,North-West,13.1235,80.2188,83.82,18.99,3.18,2208.1,8.02,1.15,3.19,40.2,61.4,High_Density_Residential,7,85,1,Moderate
W011,Sholinganallur IT Corridor,South-East,12.901,80.2279,105.68,39.85,4.68,4439.7,4.38,0.71,3.31,8.5,93.9,Commercial,9,115,3,Severe Inundation
W004,Guindy Industrial Estate,South-Central,13.0067,80.2025,96.29,34.56,3.78,7249.7,12.68,2.16,4.23,57.4,40.7,Industrial,4,45,2,High
W006,Anna Nagar Residential,West,13.085,80.2101,330.92,89.09,7.22,10534.6,14.35,2.56,4.87,17.7,83.8,Low_Density_Residential,2,25,3,Severe Inundation
W010,Kolathur Urban Catchment,North-West,13.1235,80.2188,59.24,15.87,3.42,1173.8,8.6,1.0,3.17,13.4,84.8,High_Density_Residential,7,85,1,Moderate
W008,Tambaram Outer Valley,South-West,12.9249,80.1,40.82,23.37,2.49,3447.1,16.01,2.95,3.38,58.4,38.8,Low_Density_Residential,6,70,0,Low
W009,Perambur Railway Lowlands,North,13.1114,80.2437,29.9,5.43,1.74,437.0,4.54,0.45,2.75,34.7,64.5,Commercial,10,125,0,Low
W003,Madipakkam Lake Basin,South,12.9647,80.1961,28.01,4.35,1.04,998.9,2.56,0.2,1.82,31.9,63.8,High_Density_Residential,14,160,0,Low
W001,T. Nagar Commercial Hub,Central,13.0418,80.2341,85.99,20.08,3.39,2581.9,6.3,0.91,4.2,42.5,53.5,Commercial,8,90,2,High
W008,Tambaram Outer Valley,South-West,12.9249,80.1,131.31,36.69,4.02,7451.8,15.91,2.92,2.93,56.4,53.4,Low_Density_Residential,6,70,2,High
W002,Velachery Lowlands,South,12.9815,80.218,23.74,8.01,1.51,533.6,3.78,0.26,2.25,48.8,54.9,High_Density_Residential,12,140,0,Low
W006,Anna Nagar Residential,West,13.085,80.2101,82.72,16.94,2.6,2740.0,14.64,2.6,4.86,41.2,62.3,Low_Density_Residential,2,25,0,Low
W012,Manali Petrochemical Zone,North-East,13.1706,80.2605,72.99,18.53,3.21,3056.8,3.91,0.58,2.13,71.3,25.0,Industrial,11,135,2,High
W002,Velachery Lowlands,South,12.9815,80.218,161.21,41.59,4.8,4086.7,3.13,0.44,2.12,18.1,80.2,High_Density_Residential,12,140,3,Severe Inundation
W009,Perambur Railway Lowlands,North,13.1114,80.2437,27.9,2.78,0.54,919.7,4.91,0.55,2.28,76.3,20.4,Commercial,10,125,0,Low
W011,Sholinganallur IT Corridor,South-East,12.901,80.2279,70.29,21.88,2.29,3449.9,4.44,0.23,3.41,21.0,73.1,Commercial,9,115,2,High
W003,Madipakkam Lake Basin,South,12.9647,80.1961,18.57,7.56,1.63,303.3,2.7,0.2,1.78,29.5,65.0,High_Density_Residential,14,160,0,Low
W001,T. Nagar Commercial Hub,Central,13.0418,80.2341,158.11,22.15,4.73,7146.6,6.2,1.19,4.11,21.0,75.5,Commercial,8,90,3,Severe Inundation
W004,Guindy Industrial Estate,South-Central,13.0067,80.2025,129.81,31.32,3.8,7824.7,12.78,1.88,4.2,8.9,87.9,Industrial,4,45,2,High
W012,Manali Petrochemical Zone,North-East,13.1706,80.2605,202.94,45.1,5.01,12358.4,2.38,0.5,1.79,83.0,11.4,Industrial,11,135,3,Severe Inundation
W008,Tambaram Outer Valley,South-West,12.9249,80.1,141.77,28.07,4.1,7813.9,16.83,2.68,2.92,48.5,48.0,Low_Density_Residential,6,70,2,High
W008,Tambaram Outer Valley,South-West,12.9249,80.1,266.34,82.87,4.82,12715.0,16.27,2.93,2.86,79.0,27.7,Low_Density_Residential,6,70,3,Severe Inundation
W009,Perambur Railway Lowlands,North,13.1114,80.2437,16.27,9.65,0.55,632.4,5.34,0.62,2.47,42.2,58.4,Commercial,10,125,0,Low
W009,Perambur Railway Lowlands,North,13.1114,80.2437,302.66,93.39,7.31,12553.6,5.65,0.62,2.58,65.5,38.4,Commercial,10,125,3,Severe Inundation
W010,Kolathur Urban Catchment,North-West,13.1235,80.2188,134.58,37.42,4.69,4563.0,7.79,1.0,2.83,29.9,79.2,High_Density_Residential,7,85,3,Severe Inundation
W003,Madipakkam Lake Basin,South,12.9647,80.1961,178.31,39.8,4.32,4597.2,2.51,0.2,1.53,41.9,49.9,High_Density_Residential,14,160,3,Severe Inundation
W006,Anna Nagar Residential,West,13.085,80.2101,129.99,41.0,4.34,3585.8,14.85,2.82,4.82,48.0,51.2,Low_Density_Residential,2,25,1,Moderate
W006,Anna Nagar Residential,West,13.085,80.2101,12.42,2.87,1.12,282.8,15.05,2.39,5.18,38.1,60.7,Low_Density_Residential,2,25,0,Low
W005,Adyar Estuary Buffer,Coastal,13.0012,80.2565,10.08,3.8,1.36,125.4,3.55,0.5,3.15,40.8,56.3,Green_Space,9,110,0,Low
W007,Mylapore Heritage Sector,East,13.0368,80.2676,329.74,77.1,4.85,15359.6,8.19,1.04,4.53,5.0,95.9,High_Density_Residential,5,55,3,Severe Inundation
W007,Mylapore Heritage Sector,East,13.0368,80.2676,175.78,43.02,3.56,7888.3,9.24,1.49,4.53,44.7,48.1,High_Density_Residential,5,55,3,Severe Inundation
W006,Anna Nagar Residential,West,13.085,80.2101,87.29,20.95,2.77,1399.4,14.81,2.72,4.76,22.7,77.5,Low_Density_Residential,2,25,0,Low
W011,Sholinganallur IT Corridor,South-East,12.901,80.2279,4.6,7.57,1.25,816.6,4.99,0.63,3.42,29.7,77.1,Commercial,9,115,0,Low
W010,Kolathur Urban Catchment,North-West,13.1235,80.2188,193.14,50.47,7.08,8650.7,7.28,1.08,3.56,28.7,67.1,High_Density_Residential,7,85,3,Severe Inundation
W001,T. Nagar Commercial Hub,Central,13.0418,80.2341,180.66,83.8,4.88,15492.7,6.14,0.89,3.58,34.2,73.0,Commercial,8,90,3,Severe Inundation
W011,Sholinganallur IT Corridor,South-East,12.901,80.2279,42.81,20.03,3.3,1550.6,3.71,0.58,3.31,24.6,78.2,Commercial,9,115,1,Moderate
W011,Sholinganallur IT Corridor,South-East,12.901,80.2279,29.03,5.52,0.62,760.2,4.33,0.76,3.55,39.2,60.5,Commercial,9,115,0,Low
W006,Anna Nagar Residential,West,13.085,80.2101,25.47,6.43,1.57,914.2,13.91,2.43,4.85,21.2,73.5,Low_Density_Residential,2,25,0,Low
W002,Velachery Lowlands,South,12.9815,80.218,23.99,2.68,1.49,543.3,2.89,0.27,2.17,30.1,70.5,High_Density_Residential,12,140,0,Low
W006,Anna Nagar Residential,West,13.085,80.2101,114.43,32.26,4.51,3495.3,14.28,2.43,4.67,36.0,60.8,Low_Density_Residential,2,25,1,Moderate
W002,Velachery Lowlands,South,12.9815,80.218,35.0,23.11,1.81,2888.9,4.31,0.2,2.24,69.0,25.7,High_Density_Residential,12,140,1,Moderate
W009,Perambur Railway Lowlands,North,13.1114,80.2437,20.99,4.08,1.51,767.3,4.48,0.26,2.45,43.3,59.3,Commercial,10,125,0,Low
W011,Sholinganallur IT Corridor,South-East,12.901,80.2279,53.07,9.62,2.72,3123.1,4.61,0.65,3.8,80.1,18.6,Commercial,9,115,1,Moderate
W007,Mylapore Heritage Sector,East,13.0368,80.2676,6.1,8.68,1.75,449.9,8.64,1.33,4.63,52.4,49.8,High_Density_Residential,5,55,0,Low
W005,Adyar Estuary Buffer,Coastal,13.0012,80.2565,77.73,17.38,1.9,2705.8,3.48,0.45,3.05,38.2,65.8,Green_Space,9,110,1,Moderate
W005,Adyar Estuary Buffer,Coastal,13.0012,80.2565,123.84,33.72,4.94,3161.5,3.96,0.57,3.01,6.8,90.4,Green_Space,9,110,2,High
W012,Manali Petrochemical Zone,North-East,13.1706,80.2605,163.94,43.77,4.61,3443.2,3.11,0.32,1.97,47.1,43.4,Industrial,11,135,3,Severe Inundation
W011,Sholinganallur IT Corridor,South-East,12.901,80.2279,72.04,22.1,3.29,2702.0,4.27,0.45,3.53,50.5,47.8,Commercial,9,115,2,High
W010,Kolathur Urban Catchment,North-West,13.1235,80.2188,113.57,33.47,3.47,6389.6,7.47,1.3,2.95,18.5,79.4,High_Density_Residential,7,85,2,High
W003,Madipakkam Lake Basin,South,12.9647,80.1961,211.3,93.59,6.99,16755.4,2.1,0.31,1.23,33.7,64.1,High_Density_Residential,14,160,3,Severe Inundation
W006,Anna Nagar Residential,West,13.085,80.2101,141.58,44.45,3.34,6106.2,14.65,2.46,4.72,42.9,55.7,Low_Density_Residential,2,25,2,High
W002,Velachery Lowlands,South,12.9815,80.218,318.88,89.76,4.97,16329.7,2.93,0.43,2.26,44.3,47.1,High_Density_Residential,12,140,3,Severe Inundation
W010,Kolathur Urban Catchment,North-West,13.1235,80.2188,54.58,21.48,2.88,2662.3,7.37,1.19,2.73,20.1,81.1,High_Density_Residential,7,85,1,Moderate
W011,Sholinganallur IT Corridor,South-East,12.901,80.2279,7.13,9.93,0.95,712.2,4.44,0.54,3.5,12.7,94.2,Commercial,9,115,0,Low
W003,Madipakkam Lake Basin,South,12.9647,80.1961,57.06,10.7,2.77,2276.1,2.87,0.2,1.54,53.8,47.2,High_Density_Residential,14,160,2,High
W006,Anna Nagar Residential,West,13.085,80.2101,50.69,21.5,2.85,972.9,13.71,2.44,4.7,28.3,77.2,Low_Density_Residential,2,25,0,Low
W005,Adyar Estuary Buffer,Coastal,13.0012,80.2565,84.75,17.78,3.38,3453.0,4.98,0.37,2.82,23.3,77.8,Green_Space,9,110,1,Moderate
W011,Sholinganallur IT Corridor,South-East,12.901,80.2279,135.82,28.24,4.91,6825.3,4.93,0.68,3.57,65.9,39.1,Commercial,9,115,3,Severe Inundation
W012,Manali Petrochemical Zone,North-East,13.1706,80.2605,84.89,17.27,2.96,1056.0,3.55,0.45,2.06,60.9,35.4,Industrial,11,135,2,High
W011,Sholinganallur IT Corridor,South-East,12.901,80.2279,17.62,1.16,0.58,114.4,4.3,0.66,3.46,58.4,44.0,Commercial,9,115,0,Low
W007,Mylapore Heritage Sector,East,13.0368,80.2676,14.38,5.57,1.6,358.4,8.19,1.16,4.33,61.0,42.2,High_Density_Residential,5,55,0,Low
W003,Madipakkam Lake Basin,South,12.9647,80.1961,77.03,14.79,3.22,3435.6,2.82,0.2,2.02,37.8,64.4,High_Density_Residential,14,160,2,High
W010,Kolathur Urban Catchment,North-West,13.1235,80.2188,30.75,6.89,0.93,988.6,7.84,1.19,2.86,22.0,95.6,High_Density_Residential,7,85,0,Low
W012,Manali Petrochemical Zone,North-East,13.1706,80.2605,4.04,4.46,1.11,387.8,2.77,0.28,1.96,11.1,84.8,Industrial,11,135,0,Low
W002,Velachery Lowlands,South,12.9815,80.218,52.66,23.93,2.53,2664.3,3.08,0.44,1.97,28.9,69.8,High_Density_Residential,12,140,1,Moderate
W005,Adyar Estuary Buffer,Coastal,13.0012,80.2565,35.37,24.69,2.09,2580.2,4.58,0.48,2.77,55.4,40.6,Green_Space,9,110,1,Moderate
W009,Perambur Railway Lowlands,North,13.1114,80.2437,37.6,22.64,2.09,1772.4,5.5,0.66,2.18,25.9,72.5,Commercial,10,125,1,Moderate
W007,Mylapore Heritage Sector,East,13.0368,80.2676,19.29,2.86,1.76,999.7,8.13,1.34,4.65,41.8,63.4,High_Density_Residential,5,55,0,Low
W011,Sholinganallur IT Corridor,South-East,12.901,80.2279,30.01,4.79,0.82,588.3,4.4,0.38,3.29,28.2,77.9,Commercial,9,115,0,Low
W006,Anna Nagar Residential,West,13.085,80.2101,68.57,16.38,3.22,3230.4,14.16,2.26,5.27,25.6,73.7,Low_Density_Residential,2,25,0,Low
W003,Madipakkam Lake Basin,South,12.9647,80.1961,43.66,22.53,2.78,1794.3,2.86,0.2,1.88,52.9,44.7,High_Density_Residential,14,160,2,High
W011,Sholinganallur IT Corridor,South-East,12.901,80.2279,85.75,13.06,3.34,944.9,4.21,0.54,3.32,41.2,63.6,Commercial,9,115,2,High
W012,Manali Petrochemical Zone,North-East,13.1706,80.2605,175.94,41.73,4.45,6471.0,3.06,0.5,1.63,69.8,31.8,Industrial,11,135,3,Severe Inundation
W012,Manali Petrochemical Zone,North-East,13.1706,80.2605,337.28,78.34,5.11,10263.7,3.62,0.58,2.0,26.9,76.5,Industrial,11,135,3,Severe Inundation
W011,Sholinganallur IT Corridor,South-East,12.901,80.2279,162.67,43.55,3.43,4986.2,5.13,0.62,3.33,29.3,77.3,Commercial,9,115,3,Severe Inundation
W009,Perambur Railway Lowlands,North,13.1114,80.2437,33.53,5.48,1.75,593.6,5.15,0.54,1.9,51.6,49.6,Commercial,10,125,0,Low
W002,Velachery Lowlands,South,12.9815,80.218,134.87,26.65,4.65,4471.6,4.28,0.4,1.99,15.9,72.0,High_Density_Residential,12,140,3,Severe Inundation
W011,Sholinganallur IT Corridor,South-East,12.901,80.2279,21.13,7.39,1.51,454.4,4.5,0.33,3.17,25.3,69.5,Commercial,9,115,0,Low
W011,Sholinganallur IT Corridor,South-East,12.901,80.2279,37.19,11.87,3.33,2212.4,4.62,0.53,3.58,60.6,47.6,Commercial,9,115,1,Moderate
W007,Mylapore Heritage Sector,East,13.0368,80.2676,80.23,11.12,2.37,2653.2,8.35,0.96,4.63,35.0,72.8,High_Density_Residential,5,55,0,Low
W009,Perambur Railway Lowlands,North,13.1114,80.2437,34.96,3.4,0.85,661.5,4.54,0.44,2.77,39.7,52.0,Commercial,10,125,0,Low
W006,Anna Nagar Residential,West,13.085,80.2101,33.6,4.26,0.57,973.3,14.24,2.62,4.53,60.2,44.0,Low_Density_Residential,2,25,0,Low
W001,T. Nagar Commercial Hub,Central,13.0418,80.2341,28.87,2.02,1.2,621.9,7.08,0.69,3.62,59.3,41.7,Commercial,8,90,0,Low
W006,Anna Nagar Residential,West,13.085,80.2101,7.39,4.11,1.31,276.7,14.53,2.43,5.09,18.5,75.3,Low_Density_Residential,2,25,0,Low
W005,Adyar Estuary Buffer,Coastal,13.0012,80.2565,167.81,25.36,4.82,3757.5,4.34,0.64,2.99,10.4,87.9,Green_Space,9,110,2,High
W003,Madipakkam Lake Basin,South,12.9647,80.1961,3.62,1.78,1.7,920.2,2.62,0.2,1.92,43.5,56.5,High_Density_Residential,14,160,0,Low
W004,Guindy Industrial Estate,South-Central,13.0067,80.2025,64.15,21.68,3.03,2472.9,12.37,2.3,4.18,31.0,74.5,Industrial,4,45,0,Low
W006,Anna Nagar Residential,West,13.085,80.2101,300.15,80.85,7.4,16568.7,14.63,2.27,5.09,12.1,89.5,Low_Density_Residential,2,25,3,Severe Inundation
W008,Tambaram Outer Valley,South-West,12.9249,80.1,57.37,14.39,2.93,1767.5,16.3,2.79,3.1,32.1,59.2,Low_Density_Residential,6,70,0,Low
W004,Guindy Industrial Estate,South-Central,13.0067,80.2025,89.5,17.3,2.9,3282.0,11.96,2.04,4.29,52.2,44.0,Industrial,4,45,1,Moderate
W004,Guindy Industrial Estate,South-Central,13.0067,80.2025,12.78,9.26,0.52,274.6,12.36,2.36,4.27,18.5,90.3,Industrial,4,45,0,Low
W003,Madipakkam Lake Basin,South,12.9647,80.1961,59.66,8.29,1.9,1121.1,2.48,0.25,1.85,18.8,69.0,High_Density_Residential,14,160,1,Moderate
W003,Madipakkam Lake Basin,South,12.9647,80.1961,202.74,88.11,6.14,7738.5,3.05,0.37,1.92,52.9,44.2,High_Density_Residential,14,160,3,Severe Inundation
W002,Velachery Lowlands,South,12.9815,80.218,15.67,3.05,1.52,275.0,3.3,0.51,1.68,18.8,79.9,High_Density_Residential,12,140,0,Low
W005,Adyar Estuary Buffer,Coastal,13.0012,80.2565,8.68,1.92,1.28,989.4,4.24,0.59,2.66,49.9,46.8,Green_Space,9,110,0,Low
W002,Velachery Lowlands,South,12.9815,80.218,51.76,9.59,1.99,1605.0,3.4,0.43,2.15,14.3,79.4,High_Density_Residential,12,140,0,Low
W009,Perambur Railway Lowlands,North,13.1114,80.2437,315.02,86.49,7.43,12299.6,5.43,0.53,2.22,33.6,67.9,Commercial,10,125,3,Severe Inundation
W009,Perambur Railway Lowlands,North,13.1114,80.2437,42.52,22.42,3.45,1586.4,4.65,0.27,2.54,67.2,34.7,Commercial,10,125,2,High
W012,Manali Petrochemical Zone,North-East,13.1706,80.2605,25.38,7.6,1.68,255.3,2.77,0.23,2.06,57.1,41.4,Industrial,11,135,1,Moderate
W009,Perambur Railway Lowlands,North,13.1114,80.2437,115.27,39.74,3.52,5718.6,5.05,0.56,2.41,59.8,38.1,Commercial,10,125,3,Severe Inundation
W001,T. Nagar Commercial Hub,Central,13.0418,80.2341,257.92,66.94,5.9,11332.6,6.17,1.16,3.93,53.9,51.3,Commercial,8,90,3,Severe Inundation
W011,Sholinganallur IT Corridor,South-East,12.901,80.2279,8.23,8.21,0.77,663.2,4.51,0.57,3.58,43.3,60.3,Commercial,9,115,0,Low
W006,Anna Nagar Residential,West,13.085,80.2101,19.03,7.18,0.75,346.3,14.5,2.7,5.29,60.8,34.8,Low_Density_Residential,2,25,0,Low
W010,Kolathur Urban Catchment,North-West,13.1235,80.2188,71.72,23.21,2.1,2189.6,7.66,1.01,3.04,26.2,74.4,High_Density_Residential,7,85,1,Moderate
W003,Madipakkam Lake Basin,South,12.9647,80.1961,212.45,91.69,6.22,8548.9,2.47,0.2,2.38,46.5,60.1,High_Density_Residential,14,160,3,Severe Inundation
W010,Kolathur Urban Catchment,North-West,13.1235,80.2188,118.54,20.13,4.84,6803.5,7.93,1.01,2.89,21.1,79.8,High_Density_Residential,7,85,3,Severe Inundation
W007,Mylapore Heritage Sector,East,13.0368,80.2676,44.29,17.82,2.54,3357.7,7.91,1.22,4.4,56.6,38.8,High_Density_Residential,5,55,1,Moderate
W003,Madipakkam Lake Basin,South,12.9647,80.1961,86.41,13.87,2.12,3343.5,1.86,0.2,1.79,52.7,44.9,High_Density_Residential,14,160,2,High
W003,Madipakkam Lake Basin,South,12.9647,80.1961,40.45,24.28,1.88,1883.7,2.69,0.37,1.85,11.3,85.7,High_Density_Residential,14,160,1,Moderate
W003,Madipakkam Lake Basin,South,12.9647,80.1961,26.14,2.94,1.17,979.0,2.94,0.35,1.48,31.4,71.9,High_Density_Residential,14,160,0,Low
W012,Manali Petrochemical Zone,North-East,13.1706,80.2605,67.08,17.5,2.72,1132.9,2.81,0.6,1.41,38.5,57.9,Industrial,11,135,2,High
W010,Kolathur Urban Catchment,North-West,13.1235,80.2188,164.89,42.61,4.04,6787.7,8.49,1.08,3.41,59.5,43.7,High_Density_Residential,7,85,3,Severe Inundation
W003,Madipakkam Lake Basin,South,12.9647,80.1961,21.87,8.7,1.61,440.5,2.32,0.38,2.06,54.5,49.7,High_Density_Residential,14,160,1,Moderate
W012,Manali Petrochemical Zone,North-East,13.1706,80.2605,53.87,15.29,2.75,3066.1,3.02,0.45,2.17,38.5,60.7,Industrial,11,135,2,High
W008,Tambaram Outer Valley,South-West,12.9249,80.1,180.06,50.47,5.61,7767.8,16.27,2.73,3.46,29.2,69.0,Low_Density_Residential,6,70,3,Severe Inundation
W001,T. Nagar Commercial Hub,Central,13.0418,80.2341,125.14,24.08,3.32,6939.2,5.84,0.67,3.66,44.4,55.8,Commercial,8,90,3,Severe Inundation
W007,Mylapore Heritage Sector,East,13.0368,80.2676,127.23,39.42,3.66,5173.7,8.92,1.24,4.77,75.0,25.4,High_Density_Residential,5,55,3,Severe Inundation
W006,Anna Nagar Residential,West,13.085,80.2101,101.77,27.08,4.16,7766.2,14.38,2.48,5.04,5.0,90.5,Low_Density_Residential,2,25,1,Moderate
W011,Sholinganallur IT Corridor,South-East,12.901,80.2279,54.34,18.26,3.06,3012.6,5.15,0.41,3.39,36.1,58.6,Commercial,9,115,2,High
W012,Manali Petrochemical Zone,North-East,13.1706,80.2605,63.91,8.62,1.9,1106.0,2.73,0.21,2.25,10.9,88.6,Industrial,11,135,1,Moderate
W004,Guindy Industrial Estate,South-Central,13.0067,80.2025,54.17,21.9,1.99,1921.3,11.97,1.73,3.91,26.2,72.0,Industrial,4,45,0,Low
W008,Tambaram Outer Valley,South-West,12.9249,80.1,20.49,1.24,1.95,407.2,15.69,2.94,3.3,39.2,64.1,Low_Density_Residential,6,70,0,Low
W010,Kolathur Urban Catchment,North-West,13.1235,80.2188,25.04,8.7,1.94,526.8,7.77,1.16,2.61,66.7,41.1,High_Density_Residential,7,85,0,Low
W005,Adyar Estuary Buffer,Coastal,13.0012,80.2565,48.92,20.9,2.37,3003.8,4.11,0.58,2.77,27.4,72.8,Green_Space,9,110,1,Moderate
W012,Manali Petrochemical Zone,North-East,13.1706,80.2605,25.79,6.62,1.7,679.2,3.4,0.26,1.68,68.0,38.5,Industrial,11,135,1,Moderate
W008,Tambaram Outer Valley,South-West,12.9249,80.1,57.41,14.64,3.19,880.1,15.64,2.94,3.16,18.4,84.3,Low_Density_Residential,6,70,0,Low
W004,Guindy Industrial Estate,South-Central,13.0067,80.2025,215.65,47.97,5.04,10244.5,12.42,2.34,4.29,85.4,15.7,Industrial,4,45,3,Severe Inundation
W009,Perambur Railway Lowlands,North,13.1114,80.2437,91.3,26.95,4.29,5512.0,4.82,0.27,2.21,52.8,44.0,Commercial,10,125,3,Severe Inundation
W004,Guindy Industrial Estate,South-Central,13.0067,80.2025,8.62,1.98,0.81,646.4,12.74,2.29,4.33,26.7,74.5,Industrial,4,45,0,Low
W005,Adyar Estuary Buffer,Coastal,13.0012,80.2565,3.0,6.51,1.42,753.0,4.38,0.5,3.35,47.1,53.0,Green_Space,9,110,0,Low
W008,Tambaram Outer Valley,South-West,12.9249,80.1,7.68,8.48,1.42,644.2,17.07,2.68,3.23,44.4,53.2,Low_Density_Residential,6,70,0,Low
W004,Guindy Industrial Estate,South-Central,13.0067,80.2025,44.83,13.64,3.42,2645.0,12.45,2.13,4.22,22.5,78.4,Industrial,4,45,0,Low
W006,Anna Nagar Residential,West,13.085,80.2101,59.82,11.05,2.18,1558.8,14.95,2.67,5.27,65.2,34.1,Low_Density_Residential,2,25,0,Low
W011,Sholinganallur IT Corridor,South-East,12.901,80.2279,49.07,20.3,2.26,3105.5,4.32,0.33,3.6,40.0,61.3,Commercial,9,115,1,Moderate
W010,Kolathur Urban Catchment,North-West,13.1235,80.2188,315.75,92.91,7.1,16122.6,8.23,0.88,3.2,51.6,47.3,High_Density_Residential,7,85,3,Severe Inundation
W008,Tambaram Outer Valley,South-West,12.9249,80.1,6.67,7.71,0.99,556.9,16.31,2.92,3.04,54.8,44.8,Low_Density_Residential,6,70,0,Low
W008,Tambaram Outer Valley,South-West,12.9249,80.1,18.3,6.25,0.68,900.4,15.69,3.0,3.54,46.8,69.3,Low_Density_Residential,6,70,0,Low
W005,Adyar Estuary Buffer,Coastal,13.0012,80.2565,24.79,5.11,1.53,529.4,3.7,0.53,3.02,59.4,38.0,Green_Space,9,110,0,Low
W007,Mylapore Heritage Sector,East,13.0368,80.2676,9.19,5.31,1.61,296.8,8.62,1.08,4.04,36.3,69.7,High_Density_Residential,5,55,0,Low
W009,Perambur Railway Lowlands,North,13.1114,80.2437,138.0,32.28,4.38,4350.6,4.59,0.64,2.59,31.5,74.3,Commercial,10,125,3,Severe Inundation
W009,Perambur Railway Lowlands,North,13.1114,80.2437,44.27,12.71,2.29,2425.3,4.71,0.35,2.34,43.5,52.1,Commercial,10,125,1,Moderate
W007,Mylapore Heritage Sector,East,13.0368,80.2676,148.22,43.58,4.25,4288.7,8.02,1.28,4.5,45.8,53.5,High_Density_Residential,5,55,3,Severe Inundation
W003,Madipakkam Lake Basin,South,12.9647,80.1961,79.89,19.55,2.06,1410.6,2.54,0.24,1.4,70.2,28.1,High_Density_Residential,14,160,2,High
W004,Guindy Industrial Estate,South-Central,13.0067,80.2025,35.4,23.68,1.91,3334.3,12.13,2.18,4.06,71.3,17.9,Industrial,4,45,0,Low
W010,Kolathur Urban Catchment,North-West,13.1235,80.2188,24.51,3.51,0.58,699.3,7.68,1.1,2.89,55.2,43.5,High_Density_Residential,7,85,0,Low
W003,Madipakkam Lake Basin,South,12.9647,80.1961,15.4,1.19,1.49,429.2,3.44,0.43,2.04,53.9,41.4,High_Density_Residential,14,160,0,Low
W005,Adyar Estuary Buffer,Coastal,13.0012,80.2565,158.5,27.39,4.75,5945.0,3.95,0.6,3.24,80.9,31.1,Green_Space,9,110,3,Severe Inundation
W001,T. Nagar Commercial Hub,Central,13.0418,80.2341,8.86,2.66,1.28,287.0,6.4,0.86,3.92,77.1,16.1,Commercial,8,90,0,Low
W011,Sholinganallur IT Corridor,South-East,12.901,80.2279,34.6,6.51,1.13,187.0,4.07,0.65,3.48,41.1,61.6,Commercial,9,115,0,Low
W008,Tambaram Outer Valley,South-West,12.9249,80.1,8.73,5.44,1.19,626.8,15.98,2.71,3.41,68.9,26.6,Low_Density_Residential,6,70,0,Low
W006,Anna Nagar Residential,West,13.085,80.2101,214.44,54.87,7.2,17662.4,14.22,2.55,5.04,61.4,37.7,Low_Density_Residential,2,25,3,Severe Inundation
W009,Perambur Railway Lowlands,North,13.1114,80.2437,64.29,24.61,2.36,2621.9,5.1,0.58,2.38,53.8,50.6,Commercial,10,125,2,High
W002,Velachery Lowlands,South,12.9815,80.218,33.0,9.23,0.56,793.4,3.31,0.32,2.23,86.1,27.4,High_Density_Residential,12,140,0,Low
W012,Manali Petrochemical Zone,North-East,13.1706,80.2605,253.51,45.42,6.5,14588.9,3.74,0.69,1.82,36.5,60.6,Industrial,11,135,3,Severe Inundation
W009,Perambur Railway Lowlands,North,13.1114,80.2437,67.91,8.5,3.48,2734.0,4.48,0.45,2.77,52.1,39.3,Commercial,10,125,2,High
W002,Velachery Lowlands,South,12.9815,80.218,109.69,39.1,3.38,5739.7,4.05,0.2,2.15,50.4,49.6,High_Density_Residential,12,140,3,Severe Inundation
W005,Adyar Estuary Buffer,Coastal,13.0012,80.2565,164.42,26.11,3.59,6793.0,3.72,0.35,3.12,25.3,75.3,Green_Space,9,110,2,High
W002,Velachery Lowlands,South,12.9815,80.218,54.3,19.69,2.59,2830.7,3.07,0.35,2.24,50.4,48.8,High_Density_Residential,12,140,2,High
W003,Madipakkam Lake Basin,South,12.9647,80.1961,20.84,4.7,0.62,666.3,2.58,0.33,1.8,33.4,57.0,High_Density_Residential,14,160,0,Low
W005,Adyar Estuary Buffer,Coastal,13.0012,80.2565,68.34,8.26,2.01,1438.6,4.41,0.87,3.1,40.4,57.2,Green_Space,9,110,0,Low
W008,Tambaram Outer Valley,South-West,12.9249,80.1,32.16,4.67,0.82,722.8,15.37,3.02,3.28,13.9,87.1,Low_Density_Residential,6,70,0,Low
W009,Perambur Railway Lowlands,North,13.1114,80.2437,151.6,26.06,4.3,3454.7,4.69,0.75,2.54,36.5,64.0,Commercial,10,125,3,Severe Inundation
W003,Madipakkam Lake Basin,South,12.9647,80.1961,254.26,77.07,5.81,14181.4,3.59,0.42,1.53,48.2,53.7,High_Density_Residential,14,160,3,Severe Inundation
W007,Mylapore Heritage Sector,East,13.0368,80.2676,60.4,21.47,2.07,1829.6,7.75,1.15,4.39,28.5,74.0,High_Density_Residential,5,55,0,Low
W002,Velachery Lowlands,South,12.9815,80.218,68.62,22.71,3.19,1570.5,3.42,0.4,1.87,39.5,62.1,High_Density_Residential,12,140,2,High
W004,Guindy Industrial Estate,South-Central,13.0067,80.2025,60.46,12.35,2.8,2735.8,12.44,1.75,4.06,31.7,69.8,Industrial,4,45,0,Low
W008,Tambaram Outer Valley,South-West,12.9249,80.1,84.22,16.83,2.7,2708.9,15.9,2.77,2.97,49.2,52.5,Low_Density_Residential,6,70,0,Low
W006,Anna Nagar Residential,West,13.085,80.2101,254.52,70.27,5.16,11914.8,13.87,2.32,5.16,31.1,70.5,Low_Density_Residential,2,25,3,Severe Inundation
W001,T. Nagar Commercial Hub,Central,13.0418,80.2341,24.38,2.92,1.5,875.7,6.0,0.68,3.58,72.9,27.7,Commercial,8,90,0,Low
W007,Mylapore Heritage Sector,East,13.0368,80.2676,17.71,3.86,1.97,980.2,8.06,1.0,4.74,10.7,82.8,High_Density_Residential,5,55,0,Low
W001,T. Nagar Commercial Hub,Central,13.0418,80.2341,135.79,41.14,4.03,3580.7,5.85,0.72,4.08,38.3,64.5,Commercial,8,90,3,Severe Inundation
W007,Mylapore Heritage Sector,East,13.0368,80.2676,48.61,10.58,2.58,3190.2,8.62,1.0,4.57,35.3,70.7,High_Density_Residential,5,55,0,Low
W009,Perambur Railway Lowlands,North,13.1114,80.2437,175.68,35.04,4.29,6047.3,5.43,0.59,2.64,35.9,70.6,Commercial,10,125,3,Severe Inundation
W006,Anna Nagar Residential,West,13.085,80.2101,216.71,73.96,6.97,15400.3,14.43,2.51,5.02,43.5,56.4,Low_Density_Residential,2,25,3,Severe Inundation
W004,Guindy Industrial Estate,South-Central,13.0067,80.2025,325.31,85.73,6.32,13034.6,12.98,1.92,4.29,48.6,57.5,Industrial,4,45,3,Severe Inundation
W007,Mylapore Heritage Sector,East,13.0368,80.2676,38.19,23.0,2.34,2534.6,9.06,1.47,4.43,14.2,92.9,High_Density_Residential,5,55,0,Low
W002,Velachery Lowlands,South,12.9815,80.218,24.26,2.87,1.26,375.6,4.23,0.48,2.32,60.9,42.7,High_Density_Residential,12,140,0,Low
W006,Anna Nagar Residential,West,13.085,80.2101,69.44,18.35,2.51,2460.2,14.22,2.29,4.86,59.4,36.6,Low_Density_Residential,2,25,0,Low
W004,Guindy Industrial Estate,South-Central,13.0067,80.2025,53.43,23.47,2.03,2745.9,12.68,2.27,4.41,71.5,26.6,Industrial,4,45,0,Low
W001,T. Nagar Commercial Hub,Central,13.0418,80.2341,191.77,79.99,6.77,16359.0,6.88,0.86,3.7,69.6,25.9,Commercial,8,90,3,Severe Inundation
W006,Anna Nagar Residential,West,13.085,80.2101,108.96,24.33,3.75,5418.8,14.5,2.15,4.98,51.0,55.9,Low_Density_Residential,2,25,1,Moderate
W002,Velachery Lowlands,South,12.9815,80.218,15.59,4.29,0.76,529.6,3.03,0.34,2.37,12.5,92.3,High_Density_Residential,12,140,0,Low
W012,Manali Petrochemical Zone,North-East,13.1706,80.2605,78.88,19.67,3.48,1172.3,3.44,0.39,2.08,38.2,56.3,Industrial,11,135,2,High
W011,Sholinganallur IT Corridor,South-East,12.901,80.2279,12.57,6.54,1.96,602.3,4.29,0.51,3.28,28.7,69.5,Commercial,9,115,0,Low
W006,Anna Nagar Residential,West,13.085,80.2101,172.73,47.96,3.39,5791.3,14.58,2.52,5.02,13.7,90.4,Low_Density_Residential,2,25,2,High
W003,Madipakkam Lake Basin,South,12.9647,80.1961,15.07,3.14,1.91,464.9,3.31,0.43,2.24,39.4,66.1,High_Density_Residential,14,160,0,Low
W003,Madipakkam Lake Basin,South,12.9647,80.1961,45.27,10.36,2.15,2294.8,2.95,0.26,1.98,81.5,17.6,High_Density_Residential,14,160,1,Moderate
W001,T. Nagar Commercial Hub,Central,13.0418,80.2341,78.01,17.59,2.21,1134.8,6.41,1.18,3.66,63.5,34.1,Commercial,8,90,1,Moderate
W005,Adyar Estuary Buffer,Coastal,13.0012,80.2565,272.8,73.32,5.4,11791.2,4.04,0.65,3.17,39.7,63.0,Green_Space,9,110,3,Severe Inundation
W008,Tambaram Outer Valley,South-West,12.9249,80.1,39.71,17.19,3.35,817.6,16.16,2.74,3.58,35.8,66.5,Low_Density_Residential,6,70,0,Low
W012,Manali Petrochemical Zone,North-East,13.1706,80.2605,237.86,47.15,5.78,14552.0,3.46,0.49,1.94,28.1,78.2,Industrial,11,135,3,Severe Inundation
W003,Madipakkam Lake Basin,South,12.9647,80.1961,44.44,9.54,3.01,1841.4,2.83,0.43,2.07,31.7,70.1,High_Density_Residential,14,160,1,Moderate
W012,Manali Petrochemical Zone,North-East,13.1706,80.2605,11.75,4.85,1.95,687.8,2.83,0.3,1.83,70.2,34.4,Industrial,11,135,0,Low
W008,Tambaram Outer Valley,South-West,12.9249,80.1,234.93,80.25,6.58,9541.9,15.67,2.99,3.17,65.4,31.6,Low_Density_Residential,6,70,3,Severe Inundation
W008,Tambaram Outer Valley,South-West,12.9249,80.1,166.92,42.32,4.85,6741.5,15.86,2.83,3.35,33.2,68.0,Low_Density_Residential,6,70,3,Severe Inundation
W010,Kolathur Urban Catchment,North-West,13.1235,80.2188,251.38,91.83,6.05,9644.7,7.42,1.03,3.25,27.8,72.5,High_Density_Residential,7,85,3,Severe Inundation
W001,T. Nagar Commercial Hub,Central,13.0418,80.2341,107.25,31.67,3.76,3472.5,6.05,1.05,3.57,70.1,28.2,Commercial,8,90,3,Severe Inundation
W002,Velachery Lowlands,South,12.9815,80.218,65.4,19.65,2.97,2932.4,3.48,0.28,1.94,27.7,73.1,High_Density_Residential,12,140,2,High
W001,T. Nagar Commercial Hub,Central,13.0418,80.2341,99.91,40.48,3.93,5938.8,5.88,0.87,4.13,7.7,93.3,Commercial,8,90,3,Severe Inundation
W005,Adyar Estuary Buffer,Coastal,13.0012,80.2565,86.33,19.49,1.85,1009.8,4.27,0.86,2.74,59.8,35.9,Green_Space,9,110,1,Moderate
W004,Guindy Industrial Estate,South-Central,13.0067,80.2025,8.5,2.63,0.63,869.2,12.19,1.87,4.37,30.5,65.5,Industrial,4,45,0,Low
W003,Madipakkam Lake Basin,South,12.9647,80.1961,29.86,9.09,0.92,120.7,2.66,0.45,1.64,34.9,65.7,High_Density_Residential,14,160,0,Low
W009,Perambur Railway Lowlands,North,13.1114,80.2437,5.28,3.92,1.26,993.9,5.26,0.65,2.39,16.9,83.4,Commercial,10,125,0,Low
W012,Manali Petrochemical Zone,North-East,13.1706,80.2605,167.39,31.24,4.99,6402.5,3.92,0.28,1.91,19.8,82.2,Industrial,11,135,3,Severe Inundation
W010,Kolathur Urban Catchment,North-West,13.1235,80.2188,321.5,88.22,5.47,16298.8,7.89,1.03,2.89,35.0,63.9,High_Density_Residential,7,85,3,Severe Inundation
W009,Perambur Railway Lowlands,North,13.1114,80.2437,44.16,12.52,2.03,1906.8,4.36,0.6,2.55,21.6,81.6,Commercial,10,125,1,Moderate
W007,Mylapore Heritage Sector,East,13.0368,80.2676,81.08,13.35,2.44,1689.2,8.09,1.14,4.5,17.8,80.2,High_Density_Residential,5,55,0,Low
W002,Velachery Lowlands,South,12.9815,80.218,147.71,40.99,4.05,7538.2,3.66,0.2,2.07,21.2,74.5,High_Density_Residential,12,140,3,Severe Inundation
W005,Adyar Estuary Buffer,Coastal,13.0012,80.2565,84.11,13.74,2.18,3211.1,4.21,0.5,3.26,33.7,73.1,Green_Space,9,110,1,Moderate
W004,Guindy Industrial Estate,South-Central,13.0067,80.2025,25.38,9.92,1.08,811.9,12.07,1.96,4.28,63.7,25.0,Industrial,4,45,0,Low
W005,Adyar Estuary Buffer,Coastal,13.0012,80.2565,48.52,21.0,1.95,1335.6,4.6,0.47,2.49,53.7,50.6,Green_Space,9,110,0,Low
W002,Velachery Lowlands,South,12.9815,80.218,66.12,17.68,2.64,2980.5,3.95,0.44,1.89,55.1,47.0,High_Density_Residential,12,140,2,High
W001,T. Nagar Commercial Hub,Central,13.0418,80.2341,75.59,9.38,2.68,2467.6,6.25,0.82,3.95,77.9,22.4,Commercial,8,90,1,Moderate
W004,Guindy Industrial Estate,South-Central,13.0067,80.2025,42.8,18.23,3.42,3441.4,12.45,2.12,4.11,35.2,67.7,Industrial,4,45,1,Moderate
W007,Mylapore Heritage Sector,East,13.0368,80.2676,59.98,11.83,3.48,2083.0,8.38,0.98,4.37,54.7,49.5,High_Density_Residential,5,55,1,Moderate
W011,Sholinganallur IT Corridor,South-East,12.901,80.2279,3.43,8.97,0.69,101.9,4.67,0.44,3.31,17.5,84.7,Commercial,9,115,0,Low
W010,Kolathur Urban Catchment,North-West,13.1235,80.2188,151.05,36.44,4.46,6197.8,7.63,0.99,2.77,55.3,50.2,High_Density_Residential,7,85,3,Severe Inundation
W008,Tambaram Outer Valley,South-West,12.9249,80.1,23.85,4.31,1.92,409.0,16.58,2.89,3.43,25.6,67.9,Low_Density_Residential,6,70,0,Low
W002,Velachery Lowlands,South,12.9815,80.218,18.3,8.79,1.85,562.9,3.56,0.25,2.26,32.7,66.8,High_Density_Residential,12,140,0,Low
W002,Velachery Lowlands,South,12.9815,80.218,154.9,44.18,4.98,7322.2,2.72,0.43,2.13,55.0,44.1,High_Density_Residential,12,140,3,Severe Inundation
W008,Tambaram Outer Valley,South-West,12.9249,80.1,97.78,35.53,3.49,7474.1,15.79,2.86,2.81,49.3,47.3,Low_Density_Residential,6,70,1,Moderate
W010,Kolathur Urban Catchment,North-West,13.1235,80.2188,17.93,2.42,1.54,618.1,7.76,1.11,3.03,75.9,20.4,High_Density_Residential,7,85,0,Low
W009,Perambur Railway Lowlands,North,13.1114,80.2437,54.03,8.32,1.84,3198.4,5.37,0.57,2.34,11.6,83.5,Commercial,10,125,0,Low
W001,T. Nagar Commercial Hub,Central,13.0418,80.2341,113.16,28.49,5.0,4636.6,6.27,0.8,3.71,30.1,62.5,Commercial,8,90,3,Severe Inundation
W011,Sholinganallur IT Corridor,South-East,12.901,80.2279,54.04,12.16,2.91,1583.0,4.52,0.52,3.29,82.0,25.6,Commercial,9,115,2,High
W009,Perambur Railway Lowlands,North,13.1114,80.2437,22.31,9.84,0.61,541.3,4.6,0.45,2.48,24.2,84.6,Commercial,10,125,0,Low
W010,Kolathur Urban Catchment,North-West,13.1235,80.2188,45.0,20.5,2.14,2465.2,7.73,1.24,2.84,6.9,96.0,High_Density_Residential,7,85,0,Low
W004,Guindy Industrial Estate,South-Central,13.0067,80.2025,83.24,22.09,2.7,984.8,11.62,2.23,4.06,62.2,39.4,Industrial,4,45,1,Moderate
W012,Manali Petrochemical Zone,North-East,13.1706,80.2605,76.96,10.12,2.13,2307.9,2.73,0.2,1.83,36.3,67.5,Industrial,11,135,2,High
W003,Madipakkam Lake Basin,South,12.9647,80.1961,14.73,2.43,0.66,683.4,2.78,0.34,1.51,34.2,60.7,High_Density_Residential,14,160,0,Low
W005,Adyar Estuary Buffer,Coastal,13.0012,80.2565,51.47,21.32,2.33,2244.5,4.59,0.42,2.58,39.5,65.2,Green_Space,9,110,0,Low
W007,Mylapore Heritage Sector,East,13.0368,80.2676,186.96,65.86,6.4,13657.6,8.54,1.1,4.4,16.4,86.1,High_Density_Residential,5,55,3,Severe Inundation
W001,T. Nagar Commercial Hub,Central,13.0418,80.2341,149.99,28.99,4.68,6710.8,6.3,0.74,3.83,37.3,63.5,Commercial,8,90,3,Severe Inundation
W010,Kolathur Urban Catchment,North-West,13.1235,80.2188,24.37,7.41,1.51,952.0,7.64,1.08,3.22,45.5,51.4,High_Density_Residential,7,85,0,Low
W006,Anna Nagar Residential,West,13.085,80.2101,134.23,40.61,4.86,6669.3,14.28,2.49,4.9,50.5,53.1,Low_Density_Residential,2,25,2,High
W004,Guindy Industrial Estate,South-Central,13.0067,80.2025,85.43,15.2,3.25,2208.7,12.2,1.82,4.43,15.2,77.3,Industrial,4,45,1,Moderate
W010,Kolathur Urban Catchment,North-West,13.1235,80.2188,240.34,68.13,5.24,11618.3,7.48,0.97,2.91,35.5,67.2,High_Density_Residential,7,85,3,Severe Inundation
W007,Mylapore Heritage Sector,East,13.0368,80.2676,42.38,10.12,1.88,3097.3,8.15,1.04,4.38,80.7,24.7,High_Density_Residential,5,55,0,Low
W003,Madipakkam Lake Basin,South,12.9647,80.1961,294.59,83.79,6.83,10870.3,2.46,0.41,1.85,30.6,74.9,High_Density_Residential,14,160,3,Severe Inundation
W011,Sholinganallur IT Corridor,South-East,12.901,80.2279,111.07,41.51,3.54,3465.2,4.84,0.52,3.52,57.3,45.0,Commercial,9,115,3,Severe Inundation
W011,Sholinganallur IT Corridor,South-East,12.901,80.2279,26.5,2.38,0.77,891.1,4.14,0.6,3.25,72.3,23.6,Commercial,9,115,0,Low
W002,Velachery Lowlands,South,12.9815,80.218,20.69,4.45,0.57,733.6,3.8,0.48,2.21,47.7,60.9,High_Density_Residential,12,140,0,Low
W009,Perambur Railway Lowlands,North,13.1114,80.2437,316.61,92.68,5.68,9068.0,5.26,0.59,2.79,43.0,60.9,Commercial,10,125,3,Severe Inundation
W006,Anna Nagar Residential,West,13.085,80.2101,78.38,8.49,3.04,3356.5,13.65,2.5,5.0,46.7,47.2,Low_Density_Residential,2,25,0,Low
W002,Velachery Lowlands,South,12.9815,80.218,66.18,23.05,2.35,2620.2,3.52,0.29,2.11,89.5,10.5,High_Density_Residential,12,140,2,High
W009,Perambur Railway Lowlands,North,13.1114,80.2437,107.58,48.18,4.63,7043.5,4.87,0.2,2.25,54.2,47.7,Commercial,10,125,3,Severe Inundation
W009,Perambur Railway Lowlands,North,13.1114,80.2437,163.33,22.6,4.29,5415.7,5.52,0.48,2.71,62.5,31.0,Commercial,10,125,3,Severe Inundation
W009,Perambur Railway Lowlands,North,13.1114,80.2437,201.09,64.57,5.96,14126.0,4.66,0.47,2.45,28.8,70.4,Commercial,10,125,3,Severe Inundation
W009,Perambur Railway Lowlands,North,13.1114,80.2437,15.86,6.62,1.44,100.1,4.9,0.48,2.42,38.8,60.7,Commercial,10,125,0,Low
W009,Perambur Railway Lowlands,North,13.1114,80.2437,65.78,9.74,2.52,3291.9,5.1,0.65,2.85,19.4,80.2,Commercial,10,125,1,Moderate
W001,T. Nagar Commercial Hub,Central,13.0418,80.2341,43.94,20.77,2.08,2102.8,6.16,0.64,3.82,61.6,34.5,Commercial,8,90,1,Moderate
W007,Mylapore Heritage Sector,East,13.0368,80.2676,86.08,16.01,3.49,1223.9,8.88,1.4,4.45,31.3,71.3,High_Density_Residential,5,55,1,Moderate
W008,Tambaram Outer Valley,South-West,12.9249,80.1,81.49,14.55,3.36,1459.4,15.72,2.96,3.15,54.9,49.7,Low_Density_Residential,6,70,0,Low
W001,T. Nagar Commercial Hub,Central,13.0418,80.2341,4.44,8.22,1.34,713.5,6.02,1.01,3.51,51.8,46.6,Commercial,8,90,0,Low
W011,Sholinganallur IT Corridor,South-East,12.901,80.2279,57.25,16.37,2.73,1446.4,4.21,0.28,3.4,42.6,49.9,Commercial,9,115,1,Moderate
W007,Mylapore Heritage Sector,East,13.0368,80.2676,191.78,77.15,5.27,16315.0,8.43,1.32,4.29,20.8,70.9,High_Density_Residential,5,55,3,Severe Inundation
W006,Anna Nagar Residential,West,13.085,80.2101,112.1,20.56,4.08,5241.5,13.79,2.26,4.99,35.4,57.3,Low_Density_Residential,2,25,1,Moderate
W005,Adyar Estuary Buffer,Coastal,13.0012,80.2565,67.07,12.51,1.92,2838.6,4.56,0.64,3.11,73.0,29.5,Green_Space,9,110,1,Moderate
W012,Manali Petrochemical Zone,North-East,13.1706,80.2605,121.38,46.29,4.12,6241.2,2.95,0.2,2.0,33.0,69.8,Industrial,11,135,3,Severe Inundation
W001,T. Nagar Commercial Hub,Central,13.0418,80.2341,15.98,1.77,1.4,124.5,6.79,0.96,4.23,15.7,81.6,Commercial,8,90,0,Low
W006,Anna Nagar Residential,West,13.085,80.2101,29.8,8.06,1.97,434.7,15.2,2.36,5.08,6.9,97.6,Low_Density_Residential,2,25,0,Low
W002,Velachery Lowlands,South,12.9815,80.218,22.79,4.71,1.26,769.4,3.23,0.3,2.48,21.5,76.5,High_Density_Residential,12,140,0,Low
W006,Anna Nagar Residential,West,13.085,80.2101,250.43,62.13,5.08,11036.8,14.75,2.45,5.12,65.2,30.6,Low_Density_Residential,2,25,3,Severe Inundation
W004,Guindy Industrial Estate,South-Central,13.0067,80.2025,21.05,2.35,0.52,194.4,12.85,1.92,4.06,45.7,50.3,Industrial,4,45,0,Low
W012,Manali Petrochemical Zone,North-East,13.1706,80.2605,151.96,46.26,3.39,5278.1,3.03,0.51,1.78,34.4,72.6,Industrial,11,135,3,Severe Inundation
W011,Sholinganallur IT Corridor,South-East,12.901,80.2279,7.21,6.64,1.36,238.6,4.33,0.63,3.11,48.7,48.0,Commercial,9,115,0,Low
W011,Sholinganallur IT Corridor,South-East,12.901,80.2279,121.25,33.06,3.62,6761.6,4.74,0.5,3.46,60.5,48.0,Commercial,9,115,3,Severe Inundation
W002,Velachery Lowlands,South,12.9815,80.218,21.56,6.01,1.76,709.2,3.08,0.36,2.33,49.4,56.4,High_Density_Residential,12,140,0,Low
W010,Kolathur Urban Catchment,North-West,13.1235,80.2188,5.47,8.78,1.25,345.7,7.92,1.17,3.18,54.8,46.7,High_Density_Residential,7,85,0,Low
W012,Manali Petrochemical Zone,North-East,13.1706,80.2605,19.3,7.17,0.83,689.4,3.18,0.38,2.0,18.1,92.1,Industrial,11,135,0,Low
W006,Anna Nagar Residential,West,13.085,80.2101,43.54,16.19,2.5,2087.1,14.05,2.71,4.87,37.0,70.6,Low_Density_Residential,2,25,0,Low
W003,Madipakkam Lake Basin,South,12.9647,80.1961,306.41,87.84,7.21,15913.4,2.36,0.2,1.82,56.9,45.8,High_Density_Residential,14,160,3,Severe Inundation
W001,T. Nagar Commercial Hub,Central,13.0418,80.2341,6.26,8.61,1.6,474.5,6.14,0.75,3.9,70.7,28.9,Commercial,8,90,0,Low
W006,Anna Nagar Residential,West,13.085,80.2101,31.52,1.9,1.42,405.8,14.65,2.69,4.75,41.9,53.1,Low_Density_Residential,2,25,0,Low
W009,Perambur Railway Lowlands,North,13.1114,80.2437,76.16,22.73,3.07,2545.5,4.65,0.62,2.31,73.4,27.1,Commercial,10,125,2,High
W006,Anna Nagar Residential,West,13.085,80.2101,182.28,84.72,7.1,14125.4,14.56,2.6,5.03,33.9,62.6,Low_Density_Residential,2,25,3,Severe Inundation
W011,Sholinganallur IT Corridor,South-East,12.901,80.2279,14.08,3.46,0.8,278.8,4.61,0.54,3.77,18.0,86.7,Commercial,9,115,0,Low
W003,Madipakkam Lake Basin,South,12.9647,80.1961,120.6,23.2,4.43,3682.3,2.8,0.2,2.02,44.4,50.0,High_Density_Residential,14,160,3,Severe Inundation
W011,Sholinganallur IT Corridor,South-East,12.901,80.2279,60.75,15.35,3.18,3375.0,4.42,0.46,3.59,6.4,97.7,Commercial,9,115,1,Moderate
W008,Tambaram Outer Valley,South-West,12.9249,80.1,45.26,8.63,2.97,3480.4,16.1,2.88,3.22,22.1,83.6,Low_Density_Residential,6,70,0,Low
W012,Manali Petrochemical Zone,North-East,13.1706,80.2605,30.94,1.89,0.77,748.6,2.95,0.35,2.15,40.0,61.7,Industrial,11,135,0,Low
W008,Tambaram Outer Valley,South-West,12.9249,80.1,37.22,14.24,2.25,1205.0,15.36,2.62,3.21,30.6,65.8,Low_Density_Residential,6,70,0,Low
W011,Sholinganallur IT Corridor,South-East,12.901,80.2279,55.62,15.33,1.83,1025.6,5.18,0.32,3.34,46.6,51.8,Commercial,9,115,1,Moderate
W003,Madipakkam Lake Basin,South,12.9647,80.1961,12.69,3.79,1.7,858.9,2.69,0.27,2.11,50.5,46.6,High_Density_Residential,14,160,0,Low
W003,Madipakkam Lake Basin,South,12.9647,80.1961,18.14,2.42,1.61,767.1,3.2,0.24,1.46,59.9,43.6,High_Density_Residential,14,160,0,Low
W002,Velachery Lowlands,South,12.9815,80.218,44.07,18.59,2.55,2981.4,3.23,0.45,2.1,68.8,23.5,High_Density_Residential,12,140,2,High
W012,Manali Petrochemical Zone,North-East,13.1706,80.2605,35.37,10.27,2.78,2133.3,3.47,0.5,2.26,13.8,75.8,Industrial,11,135,1,Moderate
W008,Tambaram Outer Valley,South-West,12.9249,80.1,252.13,71.42,6.57,8210.4,16.03,3.03,3.08,48.4,55.4,Low_Density_Residential,6,70,3,Severe Inundation
W001,T. Nagar Commercial Hub,Central,13.0418,80.2341,5.16,3.87,0.55,667.4,6.32,0.97,3.53,27.8,77.2,Commercial,8,90,0,Low
W005,Adyar Estuary Buffer,Coastal,13.0012,80.2565,30.97,4.49,1.85,407.7,4.1,0.56,2.9,19.0,78.2,Green_Space,9,110,0,Low
W004,Guindy Industrial Estate,South-Central,13.0067,80.2025,21.33,1.03,0.9,549.7,12.52,2.17,4.2,13.6,75.7,Industrial,4,45,0,Low
W001,T. Nagar Commercial Hub,Central,13.0418,80.2341,34.81,7.6,1.08,846.1,6.63,0.8,3.65,32.2,65.5,Commercial,8,90,0,Low
W004,Guindy Industrial Estate,South-Central,13.0067,80.2025,288.18,70.93,7.18,13461.9,12.51,2.05,4.3,20.0,76.0,Industrial,4,45,3,Severe Inundation
W001,T. Nagar Commercial Hub,Central,13.0418,80.2341,107.58,32.24,4.65,6059.6,5.98,0.91,3.58,18.2,82.7,Commercial,8,90,3,Severe Inundation
W006,Anna Nagar Residential,West,13.085,80.2101,65.19,16.68,3.4,3323.3,14.03,2.29,4.88,18.0,85.1,Low_Density_Residential,2,25,0,Low
W005,Adyar Estuary Buffer,Coastal,13.0012,80.2565,44.41,23.09,3.29,3128.6,3.87,0.58,3.02,41.0,66.9,Green_Space,9,110,1,Moderate
W009,Perambur Railway Lowlands,North,13.1114,80.2437,21.27,4.0,1.87,650.5,5.13,0.2,2.49,34.0,69.1,Commercial,10,125,0,Low
W007,Mylapore Heritage Sector,East,13.0368,80.2676,211.65,85.53,5.24,12299.0,8.6,1.08,4.67,77.8,19.7,High_Density_Residential,5,55,3,Severe Inundation
W009,Perambur Railway Lowlands,North,13.1114,80.2437,225.36,71.4,6.64,8814.9,6.18,0.67,2.48,11.0,92.3,Commercial,10,125,3,Severe Inundation
W008,Tambaram Outer Valley,South-West,12.9249,80.1,73.86,20.45,2.31,3414.0,15.83,2.91,3.41,45.0,61.5,Low_Density_Residential,6,70,0,Low
W005,Adyar Estuary Buffer,Coastal,13.0012,80.2565,75.35,18.51,1.95,1630.8,3.55,0.86,2.89,52.1,52.0,Green_Space,9,110,0,Low
W001,T. Nagar Commercial Hub,Central,13.0418,80.2341,17.34,7.04,1.95,999.3,6.54,0.92,3.89,13.4,88.3,Commercial,8,90,0,Low
W011,Sholinganallur IT Corridor,South-East,12.901,80.2279,217.1,56.1,6.73,9386.4,4.23,0.26,3.63,57.4,45.6,Commercial,9,115,3,Severe Inundation
W004,Guindy Industrial Estate,South-Central,13.0067,80.2025,13.31,3.27,1.15,517.2,12.6,2.1,4.25,31.8,65.7,Industrial,4,45,0,Low
W005,Adyar Estuary Buffer,Coastal,13.0012,80.2565,246.74,68.03,6.39,9569.9,3.96,0.58,3.04,63.6,45.8,Green_Space,9,110,3,Severe Inundation
W006,Anna Nagar Residential,West,13.085,80.2101,71.11,9.96,2.61,1764.0,14.62,2.48,4.75,53.4,46.4,Low_Density_Residential,2,25,0,Low
W001,T. Nagar Commercial Hub,Central,13.0418,80.2341,129.63,46.35,3.45,4301.7,6.42,0.69,3.77,30.4,63.9,Commercial,8,90,3,Severe Inundation
W011,Sholinganallur IT Corridor,South-East,12.901,80.2279,14.46,2.89,0.62,706.4,3.83,0.6,3.45,40.7,62.3,Commercial,9,115,0,Low
W006,Anna Nagar Residential,West,13.085,80.2101,69.94,16.06,2.63,2786.9,13.93,2.39,4.65,52.3,42.2,Low_Density_Residential,2,25,0,Low
W005,Adyar Estuary Buffer,Coastal,13.0012,80.2565,159.58,23.73,4.37,7807.2,4.69,0.86,2.77,68.6,29.3,Green_Space,9,110,3,Severe Inundation
W002,Velachery Lowlands,South,12.9815,80.218,14.69,4.01,1.8,529.9,3.49,0.31,2.21,43.6,49.7,High_Density_Residential,12,140,0,Low
W006,Anna Nagar Residential,West,13.085,80.2101,37.81,19.57,2.72,2548.0,14.12,2.35,5.1,37.6,69.5,Low_Density_Residential,2,25,0,Low
W007,Mylapore Heritage Sector,East,13.0368,80.2676,2.5,7.61,0.51,885.3,8.51,1.22,4.48,28.0,65.6,High_Density_Residential,5,55,0,Low
W007,Mylapore Heritage Sector,East,13.0368,80.2676,165.29,41.48,4.35,4139.6,8.68,1.29,4.63,34.4,67.8,High_Density_Residential,5,55,3,Severe Inundation
W012,Manali Petrochemical Zone,North-East,13.1706,80.2605,110.91,33.32,4.32,7575.7,3.25,0.29,2.04,11.6,91.2,Industrial,11,135,3,Severe Inundation
W008,Tambaram Outer Valley,South-West,12.9249,80.1,47.04,14.15,3.14,2795.1,15.56,2.84,3.03,17.8,78.8,Low_Density_Residential,6,70,0,Low
W007,Mylapore Heritage Sector,East,13.0368,80.2676,22.36,6.39,1.38,677.7,8.29,1.27,4.33,11.4,86.5,High_Density_Residential,5,55,0,Low
W006,Anna Nagar Residential,West,13.085,80.2101,30.78,1.75,0.78,349.3,15.13,2.5,4.91,49.9,56.6,Low_Density_Residential,2,25,0,Low
W003,Madipakkam Lake Basin,South,12.9647,80.1961,145.93,42.73,4.21,3795.8,2.73,0.39,1.72,5.0,89.3,High_Density_Residential,14,160,3,Severe Inundation
W008,Tambaram Outer Valley,South-West,12.9249,80.1,149.23,30.02,3.88,3779.4,16.01,2.99,3.44,53.2,54.0,Low_Density_Residential,6,70,1,Moderate
W012,Manali Petrochemical Zone,North-East,13.1706,80.2605,33.46,7.24,1.38,390.2,3.04,0.27,2.27,27.8,63.7,Industrial,11,135,0,Low
W008,Tambaram Outer Valley,South-West,12.9249,80.1,20.13,1.63,0.61,604.7,16.45,2.84,3.12,14.7,85.8,Low_Density_Residential,6,70,0,Low
W006,Anna Nagar Residential,West,13.085,80.2101,31.92,5.7,1.86,911.4,14.9,2.43,5.31,16.6,86.7,Low_Density_Residential,2,25,0,Low
W009,Perambur Railway Lowlands,North,13.1114,80.2437,286.46,48.44,6.39,9388.3,4.98,0.48,2.77,64.0,28.0,Commercial,10,125,3,Severe Inundation
W005,Adyar Estuary Buffer,Coastal,13.0012,80.2565,101.18,24.05,3.4,7285.8,4.34,0.69,2.94,36.1,68.7,Green_Space,9,110,2,High
W002,Velachery Lowlands,South,12.9815,80.218,17.57,1.16,0.62,647.2,3.74,0.26,2.1,41.4,53.4,High_Density_Residential,12,140,0,Low
W012,Manali Petrochemical Zone,North-East,13.1706,80.2605,134.63,23.2,3.47,3233.4,3.52,0.42,2.28,28.0,58.3,Industrial,11,135,3,Severe Inundation
W007,Mylapore Heritage Sector,East,13.0368,80.2676,241.43,87.71,7.13,9943.0,9.46,1.2,4.43,34.3,67.2,High_Density_Residential,5,55,3,Severe Inundation
W002,Velachery Lowlands,South,12.9815,80.218,61.74,23.98,2.92,1583.8,2.97,0.36,2.23,37.6,63.0,High_Density_Residential,12,140,2,High
W007,Mylapore Heritage Sector,East,13.0368,80.2676,46.38,22.04,2.85,2543.4,8.86,1.2,4.67,10.9,88.0,High_Density_Residential,5,55,0,Low
W010,Kolathur Urban Catchment,North-West,13.1235,80.2188,194.58,74.7,7.28,17471.7,7.31,1.12,2.83,31.2,60.3,High_Density_Residential,7,85,3,Severe Inundation
W003,Madipakkam Lake Basin,South,12.9647,80.1961,72.98,11.54,3.02,2386.1,2.18,0.43,1.6,63.0,30.4,High_Density_Residential,14,160,2,High
W009,Perambur Railway Lowlands,North,13.1114,80.2437,166.66,35.17,4.15,4021.6,5.0,0.41,2.46,77.0,20.1,Commercial,10,125,3,Severe Inundation
W005,Adyar Estuary Buffer,Coastal,13.0012,80.2565,32.67,6.92,0.67,229.2,4.36,0.37,2.82,15.2,85.8,Green_Space,9,110,0,Low
W006,Anna Nagar Residential,West,13.085,80.2101,247.38,67.34,5.1,14211.3,13.6,2.56,5.35,15.7,91.1,Low_Density_Residential,2,25,3,Severe Inundation
W002,Velachery Lowlands,South,12.9815,80.218,85.53,16.26,3.14,1899.9,3.96,0.37,1.85,57.2,53.6,High_Density_Residential,12,140,2,High
W002,Velachery Lowlands,South,12.9815,80.218,78.94,8.54,2.19,1733.1,3.41,0.22,1.95,66.0,37.2,High_Density_Residential,12,140,2,High
W006,Anna Nagar Residential,West,13.085,80.2101,57.28,24.43,2.56,3304.7,14.18,2.26,5.0,88.4,18.9,Low_Density_Residential,2,25,0,Low
W011,Sholinganallur IT Corridor,South-East,12.901,80.2279,28.64,9.79,0.61,944.2,4.81,0.58,3.46,32.5,67.7,Commercial,9,115,0,Low
W005,Adyar Estuary Buffer,Coastal,13.0012,80.2565,17.21,9.59,0.94,540.0,4.71,0.39,3.03,38.6,64.9,Green_Space,9,110,0,Low
W005,Adyar Estuary Buffer,Coastal,13.0012,80.2565,40.54,14.69,2.07,1855.3,3.98,0.72,3.28,10.5,90.8,Green_Space,9,110,0,Low
W008,Tambaram Outer Valley,South-West,12.9249,80.1,175.56,31.15,3.75,3862.0,16.01,2.54,3.12,20.7,83.0,Low_Density_Residential,6,70,2,High
W010,Kolathur Urban Catchment,North-West,13.1235,80.2188,21.82,9.24,1.26,102.7,7.71,1.09,3.25,35.8,56.7,High_Density_Residential,7,85,0,Low
W012,Manali Petrochemical Zone,North-East,13.1706,80.2605,28.65,2.39,0.51,403.1,3.95,0.39,1.85,34.9,57.8,Industrial,11,135,0,Low
W007,Mylapore Heritage Sector,East,13.0368,80.2676,15.41,5.8,1.23,746.3,8.57,1.34,4.5,39.5,58.6,High_Density_Residential,5,55,0,Low
W003,Madipakkam Lake Basin,South,12.9647,80.1961,19.94,1.71,1.3,373.3,3.31,0.22,1.65,11.5,91.4,High_Density_Residential,14,160,0,Low
W012,Manali Petrochemical Zone,North-East,13.1706,80.2605,2.4,2.57,1.71,591.3,2.67,0.57,1.57,14.6,76.9,Industrial,11,135,0,Low
W008,Tambaram Outer Valley,South-West,12.9249,80.1,58.24,18.75,2.77,1939.7,16.01,2.78,3.24,37.9,54.6,Low_Density_Residential,6,70,0,Low
W006,Anna Nagar Residential,West,13.085,80.2101,33.45,3.15,0.69,212.8,14.21,2.59,4.84,43.5,56.7,Low_Density_Residential,2,25,0,Low
W008,Tambaram Outer Valley,South-West,12.9249,80.1,30.34,3.88,0.93,394.7,15.75,2.88,3.3,33.2,59.2,Low_Density_Residential,6,70,0,Low
W001,T. Nagar Commercial Hub,Central,13.0418,80.2341,28.81,5.18,0.65,861.7,6.44,1.13,3.8,57.8,42.3,Commercial,8,90,0,Low
W012,Manali Petrochemical Zone,North-East,13.1706,80.2605,11.8,7.18,1.14,664.4,3.0,0.55,1.73,56.8,34.6,Industrial,11,135,0,Low
W006,Anna Nagar Residential,West,13.085,80.2101,101.29,49.02,4.6,4490.8,14.16,2.45,4.81,24.8,72.7,Low_Density_Residential,2,25,2,High
W010,Kolathur Urban Catchment,North-West,13.1235,80.2188,137.91,48.66,3.27,4460.2,8.15,1.46,3.21,56.7,45.7,High_Density_Residential,7,85,3,Severe Inundation
W007,Mylapore Heritage Sector,East,13.0368,80.2676,21.82,2.27,0.68,674.8,8.65,1.22,4.6,40.8,64.8,High_Density_Residential,5,55,0,Low
W005,Adyar Estuary Buffer,Coastal,13.0012,80.2565,163.69,27.99,4.79,4885.2,4.06,0.78,2.87,33.6,67.8,Green_Space,9,110,2,High
W011,Sholinganallur IT Corridor,South-East,12.901,80.2279,24.85,6.31,1.71,136.9,4.21,0.47,3.31,43.5,53.2,Commercial,9,115,0,Low
W001,T. Nagar Commercial Hub,Central,13.0418,80.2341,36.45,16.52,2.83,2777.8,5.74,0.61,3.9,41.0,58.3,Commercial,8,90,1,Moderate
W002,Velachery Lowlands,South,12.9815,80.218,9.08,8.01,1.45,301.9,3.7,0.31,1.74,61.9,41.6,High_Density_Residential,12,140,0,Low
W011,Sholinganallur IT Corridor,South-East,12.901,80.2279,15.15,5.54,0.98,979.2,4.43,0.77,3.43,18.2,82.0,Commercial,9,115,0,Low
W011,Sholinganallur IT Corridor,South-East,12.901,80.2279,6.92,6.49,0.85,774.3,4.27,0.27,3.42,35.4,60.8,Commercial,9,115,0,Low
W007,Mylapore Heritage Sector,East,13.0368,80.2676,80.25,14.16,2.54,1111.8,8.59,1.03,4.5,38.6,58.3,High_Density_Residential,5,55,1,Moderate
W006,Anna Nagar Residential,West,13.085,80.2101,6.34,1.39,1.47,597.0,14.67,2.59,4.83,19.6,76.6,Low_Density_Residential,2,25,0,Low
W009,Perambur Railway Lowlands,North,13.1114,80.2437,111.49,37.17,3.51,6629.8,5.19,0.56,2.47,44.7,54.7,Commercial,10,125,3,Severe Inundation
W012,Manali Petrochemical Zone,North-East,13.1706,80.2605,30.12,9.47,1.83,921.7,2.84,0.54,1.99,41.0,69.3,Industrial,11,135,1,Moderate
W011,Sholinganallur IT Corridor,South-East,12.901,80.2279,120.75,42.86,4.07,6189.6,4.49,0.58,3.0,55.8,47.5,Commercial,9,115,3,Severe Inundation
W003,Madipakkam Lake Basin,South,12.9647,80.1961,85.41,24.15,1.81,1656.1,3.11,0.32,2.03,61.7,48.5,High_Density_Residential,14,160,2,High
W001,T. Nagar Commercial Hub,Central,13.0418,80.2341,77.62,23.37,2.28,3405.5,6.56,0.84,3.83,39.9,59.3,Commercial,8,90,1,Moderate
W003,Madipakkam Lake Basin,South,12.9647,80.1961,42.61,17.28,3.49,2326.0,2.77,0.41,1.61,35.4,64.8,High_Density_Residential,14,160,2,High
W010,Kolathur Urban Catchment,North-West,13.1235,80.2188,5.38,2.41,1.28,377.0,7.78,1.01,2.99,42.5,46.1,High_Density_Residential,7,85,0,Low
W011,Sholinganallur IT Corridor,South-East,12.901,80.2279,64.9,23.71,2.87,2535.0,4.88,0.45,3.48,44.8,48.5,Commercial,9,115,2,High
W008,Tambaram Outer Valley,South-West,12.9249,80.1,43.56,17.86,2.82,1929.7,15.45,2.7,3.0,76.4,28.2,Low_Density_Residential,6,70,0,Low
W001,T. Nagar Commercial Hub,Central,13.0418,80.2341,13.85,9.66,1.53,872.0,6.38,0.74,4.02,14.1,85.9,Commercial,8,90,0,Low
W003,Madipakkam Lake Basin,South,12.9647,80.1961,62.64,21.65,2.25,1260.2,2.6,0.53,1.98,33.5,72.1,High_Density_Residential,14,160,1,Moderate
W002,Velachery Lowlands,South,12.9815,80.218,231.46,52.61,7.47,15335.6,3.82,0.5,1.98,32.5,70.8,High_Density_Residential,12,140,3,Severe Inundation
W004,Guindy Industrial Estate,South-Central,13.0067,80.2025,20.11,9.42,1.78,420.5,12.19,2.01,4.16,69.3,37.0,Industrial,4,45,0,Low
W011,Sholinganallur IT Corridor,South-East,12.901,80.2279,15.96,5.41,1.25,564.8,4.24,0.51,3.5,19.9,67.6,Commercial,9,115,0,Low
W006,Anna Nagar Residential,West,13.085,80.2101,14.48,9.85,1.58,369.6,13.93,2.59,5.28,49.6,37.1,Low_Density_Residential,2,25,0,Low
W006,Anna Nagar Residential,West,13.085,80.2101,177.97,44.59,4.6,7225.5,14.73,2.42,4.97,5.5,96.1,Low_Density_Residential,2,25,2,High
W007,Mylapore Heritage Sector,East,13.0368,80.2676,9.49,4.16,1.63,604.2,8.34,1.3,4.3,67.9,30.0,High_Density_Residential,5,55,0,Low
W010,Kolathur Urban Catchment,North-West,13.1235,80.2188,323.95,54.74,6.16,13818.9,8.2,1.04,3.12,35.5,63.1,High_Density_Residential,7,85,3,Severe Inundation
W001,T. Nagar Commercial Hub,Central,13.0418,80.2341,326.88,51.33,5.1,13160.3,5.95,1.01,3.96,58.4,43.1,Commercial,8,90,3,Severe Inundation
W010,Kolathur Urban Catchment,North-West,13.1235,80.2188,139.6,29.32,3.88,4578.5,8.03,1.22,3.3,31.4,73.1,High_Density_Residential,7,85,3,Severe Inundation
W003,Madipakkam Lake Basin,South,12.9647,80.1961,80.88,21.52,2.16,1296.4,2.96,0.56,2.05,58.6,42.5,High_Density_Residential,14,160,2,High
W011,Sholinganallur IT Corridor,South-East,12.901,80.2279,9.68,9.51,1.19,476.7,4.77,0.64,3.24,69.6,33.7,Commercial,9,115,0,Low
W008,Tambaram Outer Valley,South-West,12.9249,80.1,23.72,6.3,0.72,323.4,15.9,2.66,3.36,35.2,70.5,Low_Density_Residential,6,70,0,Low
W006,Anna Nagar Residential,West,13.085,80.2101,6.69,5.38,1.75,959.1,13.98,2.53,4.95,49.2,38.4,Low_Density_Residential,2,25,0,Low
W006,Anna Nagar Residential,West,13.085,80.2101,34.46,3.28,0.54,561.2,13.94,2.39,4.8,7.2,93.9,Low_Density_Residential,2,25,0,Low
W008,Tambaram Outer Valley,South-West,12.9249,80.1,7.39,6.2,0.82,343.9,15.63,3.01,3.29,69.0,26.3,Low_Density_Residential,6,70,0,Low
W002,Velachery Lowlands,South,12.9815,80.218,12.72,9.07,1.13,631.9,3.22,0.39,2.28,25.6,65.7,High_Density_Residential,12,140,0,Low
W010,Kolathur Urban Catchment,North-West,13.1235,80.2188,23.55,2.74,1.13,843.2,7.91,0.88,3.34,69.0,30.7,High_Density_Residential,7,85,0,Low
W003,Madipakkam Lake Basin,South,12.9647,80.1961,18.85,7.13,1.19,173.7,3.56,0.24,2.07,18.3,78.9,High_Density_Residential,14,160,0,Low
W009,Perambur Railway Lowlands,North,13.1114,80.2437,54.18,10.24,3.35,880.3,5.14,0.49,2.28,8.7,100.0,Commercial,10,125,1,Moderate
W006,Anna Nagar Residential,West,13.085,80.2101,142.9,21.15,3.58,3393.8,14.92,2.31,5.31,27.2,71.9,Low_Density_Residential,2,25,0,Low
W007,Mylapore Heritage Sector,East,13.0368,80.2676,78.02,9.39,3.0,2805.4,7.92,1.24,4.45,14.1,84.1,High_Density_Residential,5,55,0,Low
W006,Anna Nagar Residential,West,13.085,80.2101,26.27,8.37,0.99,374.6,14.17,2.56,5.26,70.9,28.1,Low_Density_Residential,2,25,0,Low
W011,Sholinganallur IT Corridor,South-East,12.901,80.2279,60.3,21.31,1.9,2493.2,4.43,0.74,3.71,39.7,50.3,Commercial,9,115,1,Moderate
W005,Adyar Estuary Buffer,Coastal,13.0012,80.2565,23.63,9.86,1.72,272.9,3.53,0.49,2.7,48.7,55.1,Green_Space,9,110,0,Low
W004,Guindy Industrial Estate,South-Central,13.0067,80.2025,14.02,3.97,0.85,993.9,12.64,2.08,3.9,20.4,77.2,Industrial,4,45,0,Low
W002,Velachery Lowlands,South,12.9815,80.218,29.32,4.82,1.28,259.0,3.62,0.37,2.42,27.9,74.4,High_Density_Residential,12,140,0,Low
W001,T. Nagar Commercial Hub,Central,13.0418,80.2341,102.72,20.93,4.43,7276.4,5.9,0.9,3.59,55.6,40.8,Commercial,8,90,3,Severe Inundation
W012,Manali Petrochemical Zone,North-East,13.1706,80.2605,113.01,25.06,3.89,5649.2,3.13,0.42,2.34,25.1,75.6,Industrial,11,135,3,Severe Inundation
W003,Madipakkam Lake Basin,South,12.9647,80.1961,17.37,3.84,1.04,465.2,3.06,0.3,1.76,58.4,35.2,High_Density_Residential,14,160,0,Low
W008,Tambaram Outer Valley,South-West,12.9249,80.1,33.86,3.75,1.48,223.7,15.28,2.83,3.13,79.2,25.0,Low_Density_Residential,6,70,0,Low
W009,Perambur Railway Lowlands,North,13.1114,80.2437,96.61,37.41,4.88,3539.5,5.11,0.42,2.57,76.8,26.8,Commercial,10,125,3,Severe Inundation
W007,Mylapore Heritage Sector,East,13.0368,80.2676,273.65,84.46,6.01,8582.3,8.14,1.06,4.55,37.5,64.4,High_Density_Residential,5,55,3,Severe Inundation
W009,Perambur Railway Lowlands,North,13.1114,80.2437,52.15,23.08,2.52,3109.6,5.24,0.58,2.55,50.3,51.8,Commercial,10,125,1,Moderate
W002,Velachery Lowlands,South,12.9815,80.218,65.64,8.62,2.2,2702.9,3.64,0.46,2.06,74.3,27.2,High_Density_Residential,12,140,1,Moderate
W005,Adyar Estuary Buffer,Coastal,13.0012,80.2565,32.84,7.8,0.91,105.5,3.96,0.8,2.59,9.3,89.3,Green_Space,9,110,0,Low
W005,Adyar Estuary Buffer,Coastal,13.0012,80.2565,115.55,42.05,3.53,4692.1,3.67,0.72,2.81,63.3,33.4,Green_Space,9,110,2,High
W012,Manali Petrochemical Zone,North-East,13.1706,80.2605,39.97,15.9,2.1,1370.2,3.72,0.3,2.22,15.0,85.1,Industrial,11,135,1,Moderate
W008,Tambaram Outer Valley,South-West,12.9249,80.1,73.14,13.72,2.86,1458.2,16.12,2.75,3.3,21.5,95.3,Low_Density_Residential,6,70,0,Low
W004,Guindy Industrial Estate,South-Central,13.0067,80.2025,113.97,22.08,3.76,7919.6,12.31,2.23,4.26,71.6,33.3,Industrial,4,45,2,High
W010,Kolathur Urban Catchment,North-West,13.1235,80.2188,220.85,62.67,5.19,15641.7,7.38,0.8,3.17,19.5,86.5,High_Density_Residential,7,85,3,Severe Inundation
W005,Adyar Estuary Buffer,Coastal,13.0012,80.2565,164.75,28.05,4.44,3674.5,5.07,0.63,2.76,54.7,48.0,Green_Space,9,110,3,Severe Inundation
W012,Manali Petrochemical Zone,North-East,13.1706,80.2605,20.09,8.93,1.14,566.9,3.04,0.44,1.74,24.6,76.6,Industrial,11,135,0,Low
W008,Tambaram Outer Valley,South-West,12.9249,80.1,115.79,40.62,3.56,6783.6,15.95,2.93,3.13,52.4,48.2,Low_Density_Residential,6,70,2,High
W004,Guindy Industrial Estate,South-Central,13.0067,80.2025,96.6,39.8,4.88,3372.5,12.04,2.34,4.11,35.9,64.6,Industrial,4,45,2,High
W002,Velachery Lowlands,South,12.9815,80.218,290.47,90.44,5.24,16063.4,2.7,0.43,1.98,56.0,40.9,High_Density_Residential,12,140,3,Severe Inundation
W003,Madipakkam Lake Basin,South,12.9647,80.1961,44.25,15.51,1.94,3135.6,2.75,0.23,1.97,46.4,53.9,High_Density_Residential,14,160,1,Moderate
W002,Velachery Lowlands,South,12.9815,80.218,92.73,23.96,4.1,4143.8,3.64,0.69,2.1,32.8,66.8,High_Density_Residential,12,140,3,Severe Inundation
W008,Tambaram Outer Valley,South-West,12.9249,80.1,72.93,21.35,2.81,1478.6,15.68,2.81,3.37,64.4,42.1,Low_Density_Residential,6,70,0,Low
W003,Madipakkam Lake Basin,South,12.9647,80.1961,86.12,18.5,2.16,2757.8,2.37,0.2,1.65,38.0,66.2,High_Density_Residential,14,160,2,High
W012,Manali Petrochemical Zone,North-East,13.1706,80.2605,88.39,16.4,2.92,841.4,3.83,0.5,2.02,22.0,68.0,Industrial,11,135,2,High
W008,Tambaram Outer Valley,South-West,12.9249,80.1,52.55,14.55,3.44,1100.5,15.63,2.55,3.21,55.4,45.9,Low_Density_Residential,6,70,0,Low
W002,Velachery Lowlands,South,12.9815,80.218,10.36,7.75,1.35,626.5,3.98,0.48,2.21,14.0,85.1,High_Density_Residential,12,140,0,Low
W011,Sholinganallur IT Corridor,South-East,12.901,80.2279,31.11,5.79,1.39,991.1,4.52,0.54,3.52,43.2,70.5,Commercial,9,115,0,Low
W006,Anna Nagar Residential,West,13.085,80.2101,74.67,13.06,3.3,1247.3,14.73,2.4,4.97,31.5,75.5,Low_Density_Residential,2,25,0,Low
W011,Sholinganallur IT Corridor,South-East,12.901,80.2279,90.78,39.56,4.34,5588.3,4.99,0.42,3.5,24.7,68.8,Commercial,9,115,3,Severe Inundation
W006,Anna Nagar Residential,West,13.085,80.2101,78.83,20.72,2.42,2431.2,14.88,2.36,4.99,37.6,66.1,Low_Density_Residential,2,25,0,Low
W012,Manali Petrochemical Zone,North-East,13.1706,80.2605,81.48,8.24,3.38,3038.9,3.1,0.45,2.05,32.1,68.7,Industrial,11,135,2,High
W002,Velachery Lowlands,South,12.9815,80.218,83.83,16.44,3.48,1079.2,3.71,0.48,2.2,46.8,50.9,High_Density_Residential,12,140,2,High
W009,Perambur Railway Lowlands,North,13.1114,80.2437,6.35,3.37,1.58,528.2,4.97,0.74,2.28,19.5,74.5,Commercial,10,125,0,Low
W009,Perambur Railway Lowlands,North,13.1114,80.2437,144.82,27.16,3.51,3251.3,4.78,0.52,2.25,8.6,85.0,Commercial,10,125,3,Severe Inundation
W005,Adyar Estuary Buffer,Coastal,13.0012,80.2565,172.59,29.48,3.23,7495.8,4.31,0.56,3.12,52.4,40.4,Green_Space,9,110,3,Severe Inundation
W005,Adyar Estuary Buffer,Coastal,13.0012,80.2565,56.64,14.1,3.24,2754.3,4.24,0.64,3.12,7.4,100.0,Green_Space,9,110,0,Low
W003,Madipakkam Lake Basin,South,12.9647,80.1961,22.26,5.23,1.85,567.7,2.73,0.37,1.44,5.1,100.0,High_Density_Residential,14,160,0,Low
W012,Manali Petrochemical Zone,North-East,13.1706,80.2605,4.97,1.85,0.85,484.3,3.52,0.32,2.0,55.0,47.8,Industrial,11,135,0,Low
W012,Manali Petrochemical Zone,North-East,13.1706,80.2605,77.08,22.68,2.23,2643.6,3.61,0.45,2.22,28.3,68.0,Industrial,11,135,2,High
W012,Manali Petrochemical Zone,North-East,13.1706,80.2605,37.55,10.9,2.49,1760.1,2.9,0.28,2.27,38.5,59.8,Industrial,11,135,1,Moderate
W011,Sholinganallur IT Corridor,South-East,12.901,80.2279,83.27,20.03,3.09,2641.4,4.43,0.54,3.19,18.4,82.1,Commercial,9,115,2,High
W003,Madipakkam Lake Basin,South,12.9647,80.1961,71.74,22.91,2.08,3211.8,2.89,0.46,1.98,27.2,70.4,High_Density_Residential,14,160,2,High
W006,Anna Nagar Residential,West,13.085,80.2101,27.72,9.91,0.92,924.3,14.19,2.69,5.05,77.0,30.8,Low_Density_Residential,2,25,0,Low
W009,Perambur Railway Lowlands,North,13.1114,80.2437,165.68,47.58,3.32,5919.1,5.29,0.36,2.66,20.0,73.9,Commercial,10,125,3,Severe Inundation
W004,Guindy Industrial Estate,South-Central,13.0067,80.2025,37.41,10.16,3.27,3084.6,12.33,1.91,4.12,15.0,80.8,Industrial,4,45,0,Low
W002,Velachery Lowlands,South,12.9815,80.218,177.05,46.72,4.4,7283.6,3.41,0.29,2.16,49.0,47.4,High_Density_Residential,12,140,3,Severe Inundation
W004,Guindy Industrial Estate,South-Central,13.0067,80.2025,21.19,4.82,1.34,232.4,12.15,1.86,4.25,11.3,94.0,Industrial,4,45,0,Low
W003,Madipakkam Lake Basin,South,12.9647,80.1961,45.64,20.71,2.03,1281.0,3.11,0.41,1.9,17.2,87.0,High_Density_Residential,14,160,1,Moderate
W004,Guindy Industrial Estate,South-Central,13.0067,80.2025,152.14,29.37,4.52,5752.3,12.48,1.8,4.06,44.3,58.8,Industrial,4,45,3,Severe Inundation
W008,Tambaram Outer Valley,South-West,12.9249,80.1,275.95,84.95,7.44,16533.8,15.19,2.93,3.08,59.8,52.6,Low_Density_Residential,6,70,3,Severe Inundation
W001,T. Nagar Commercial Hub,Central,13.0418,80.2341,29.83,1.47,1.89,101.2,6.57,0.79,3.86,40.9,62.6,Commercial,8,90,0,Low
W006,Anna Nagar Residential,West,13.085,80.2101,16.07,3.54,1.17,104.6,14.3,2.23,4.97,43.2,59.6,Low_Density_Residential,2,25,0,Low
W009,Perambur Railway Lowlands,North,13.1114,80.2437,91.1,28.29,4.68,5535.1,4.42,0.6,2.73,63.8,39.0,Commercial,10,125,3,Severe Inundation
W010,Kolathur Urban Catchment,North-West,13.1235,80.2188,21.54,9.61,1.69,411.0,7.76,0.93,3.01,46.1,61.2,High_Density_Residential,7,85,0,Low
W006,Anna Nagar Residential,West,13.085,80.2101,209.54,85.34,4.85,17166.0,13.67,2.27,5.07,66.5,31.2,Low_Density_Residential,2,25,3,Severe Inundation
W008,Tambaram Outer Valley,South-West,12.9249,80.1,66.05,15.69,2.58,2392.1,15.56,2.81,3.47,35.9,62.5,Low_Density_Residential,6,70,0,Low
W009,Perambur Railway Lowlands,North,13.1114,80.2437,26.57,7.26,1.7,896.0,4.26,0.59,2.47,40.1,49.3,Commercial,10,125,0,Low
W003,Madipakkam Lake Basin,South,12.9647,80.1961,119.11,24.61,4.35,3213.1,3.28,0.23,1.8,48.3,53.2,High_Density_Residential,14,160,3,Severe Inundation
W010,Kolathur Urban Catchment,North-West,13.1235,80.2188,57.37,18.45,2.92,2827.4,7.9,1.28,2.99,70.7,31.9,High_Density_Residential,7,85,1,Moderate
W002,Velachery Lowlands,South,12.9815,80.218,278.0,47.82,6.31,10410.6,3.23,0.2,1.78,21.7,79.5,High_Density_Residential,12,140,3,Severe Inundation
W002,Velachery Lowlands,South,12.9815,80.218,3.7,4.09,1.46,832.6,3.18,0.2,2.57,25.0,71.2,High_Density_Residential,12,140,0,Low
W005,Adyar Estuary Buffer,Coastal,13.0012,80.2565,28.32,2.54,1.41,146.2,3.81,0.61,2.94,31.2,64.9,Green_Space,9,110,0,Low
W007,Mylapore Heritage Sector,East,13.0368,80.2676,77.68,13.91,2.69,1195.9,8.91,1.04,4.82,15.8,89.1,High_Density_Residential,5,55,0,Low
W012,Manali Petrochemical Zone,North-East,13.1706,80.2605,15.62,3.66,0.61,471.3,2.74,0.46,2.32,77.3,26.7,Industrial,11,135,0,Low
W012,Manali Petrochemical Zone,North-East,13.1706,80.2605,135.02,28.2,4.78,6883.3,3.26,0.37,1.95,27.0,78.0,Industrial,11,135,3,Severe Inundation
W008,Tambaram Outer Valley,South-West,12.9249,80.1,15.52,5.38,1.65,902.8,16.14,2.49,2.82,56.8,53.2,Low_Density_Residential,6,70,0,Low
W009,Perambur Railway Lowlands,North,13.1114,80.2437,30.71,6.34,1.98,123.0,5.19,0.58,2.67,44.8,54.2,Commercial,10,125,0,Low
W007,Mylapore Heritage Sector,East,13.0368,80.2676,144.77,27.93,4.21,6542.8,8.14,1.46,4.75,55.1,44.5,High_Density_Residential,5,55,3,Severe Inundation
W007,Mylapore Heritage Sector,East,13.0368,80.2676,20.34,3.19,1.61,893.7,8.29,1.13,4.21,22.6,75.4,High_Density_Residential,5,55,0,Low
W010,Kolathur Urban Catchment,North-West,13.1235,80.2188,118.15,35.17,3.67,7672.4,8.64,0.91,2.87,35.4,69.7,High_Density_Residential,7,85,3,Severe Inundation
W002,Velachery Lowlands,South,12.9815,80.218,179.22,37.8,3.38,3324.3,3.97,0.58,2.24,34.3,66.1,High_Density_Residential,12,140,3,Severe Inundation
W003,Madipakkam Lake Basin,South,12.9647,80.1961,86.9,23.8,2.17,3314.0,2.6,0.2,1.88,55.4,49.7,High_Density_Residential,14,160,2,High
W006,Anna Nagar Residential,West,13.085,80.2101,202.02,93.93,4.87,12982.8,14.25,2.6,5.08,25.2,87.6,Low_Density_Residential,2,25,3,Severe Inundation
W011,Sholinganallur IT Corridor,South-East,12.901,80.2279,118.16,35.7,3.22,6437.2,4.47,0.29,3.46,5.0,97.5,Commercial,9,115,3,Severe Inundation
W002,Velachery Lowlands,South,12.9815,80.218,282.99,51.37,6.04,12416.1,2.98,0.36,2.11,28.3,80.0,High_Density_Residential,12,140,3,Severe Inundation
W008,Tambaram Outer Valley,South-West,12.9249,80.1,32.09,5.1,1.71,330.2,15.68,3.05,3.17,43.6,49.7,Low_Density_Residential,6,70,0,Low
W008,Tambaram Outer Valley,South-West,12.9249,80.1,42.7,11.08,3.24,1239.3,15.22,2.67,2.99,34.7,58.2,Low_Density_Residential,6,70,0,Low
W011,Sholinganallur IT Corridor,South-East,12.901,80.2279,76.86,21.5,1.94,2701.0,4.77,0.33,3.32,39.4,66.9,Commercial,9,115,1,Moderate
W009,Perambur Railway Lowlands,North,13.1114,80.2437,144.48,40.35,4.76,7369.1,5.01,0.25,2.31,25.9,65.0,Commercial,10,125,3,Severe Inundation
W006,Anna Nagar Residential,West,13.085,80.2101,304.39,81.31,7.39,11778.5,14.42,2.37,4.99,53.7,58.0,Low_Density_Residential,2,25,3,Severe Inundation
W003,Madipakkam Lake Basin,South,12.9647,80.1961,7.97,6.52,1.49,123.3,3.39,0.33,1.69,47.1,48.0,High_Density_Residential,14,160,0,Low
W009,Perambur Railway Lowlands,North,13.1114,80.2437,36.82,24.74,3.2,2512.9,5.28,0.23,2.57,30.6,76.6,Commercial,10,125,2,High
W011,Sholinganallur IT Corridor,South-East,12.901,80.2279,80.69,10.23,3.05,3346.1,4.04,0.28,3.54,53.8,48.9,Commercial,9,115,2,High
W010,Kolathur Urban Catchment,North-West,13.1235,80.2188,83.19,14.78,2.91,2461.5,8.15,0.99,2.47,45.3,46.6,High_Density_Residential,7,85,1,Moderate
W003,Madipakkam Lake Basin,South,12.9647,80.1961,48.09,9.55,1.99,1661.7,2.53,0.41,1.65,25.8,74.5,High_Density_Residential,14,160,1,Moderate
W003,Madipakkam Lake Basin,South,12.9647,80.1961,6.41,4.62,1.88,143.8,3.6,0.22,1.76,16.6,90.9,High_Density_Residential,14,160,0,Low
W007,Mylapore Heritage Sector,East,13.0368,80.2676,19.85,2.02,1.15,812.0,8.42,1.34,4.32,63.5,34.1,High_Density_Residential,5,55,0,Low
W009,Perambur Railway Lowlands,North,13.1114,80.2437,12.99,6.29,0.87,862.7,5.09,0.67,2.38,8.5,98.7,Commercial,10,125,0,Low
W001,T. Nagar Commercial Hub,Central,13.0418,80.2341,40.76,23.09,3.36,1677.4,6.14,1.16,4.03,29.7,67.1,Commercial,8,90,1,Moderate
W002,Velachery Lowlands,South,12.9815,80.218,153.23,39.08,4.03,5335.4,3.84,0.66,1.91,15.9,79.3,High_Density_Residential,12,140,3,Severe Inundation
W009,Perambur Railway Lowlands,North,13.1114,80.2437,28.42,7.83,0.66,701.0,5.61,0.62,2.41,10.5,82.6,Commercial,10,125,0,Low
W003,Madipakkam Lake Basin,South,12.9647,80.1961,29.45,8.93,1.15,437.2,3.44,0.21,2.07,49.0,51.4,High_Density_Residential,14,160,0,Low
W005,Adyar Estuary Buffer,Coastal,13.0012,80.2565,17.31,4.48,0.76,557.5,4.98,0.49,2.81,33.1,68.5,Green_Space,9,110,0,Low
W003,Madipakkam Lake Basin,South,12.9647,80.1961,170.29,44.96,3.28,7104.4,2.22,0.46,1.81,5.0,94.9,High_Density_Residential,14,160,3,Severe Inundation
W003,Madipakkam Lake Basin,South,12.9647,80.1961,71.62,15.08,1.87,2743.8,2.66,0.2,1.71,29.5,74.3,High_Density_Residential,14,160,1,Moderate
W006,Anna Nagar Residential,West,13.085,80.2101,19.09,1.62,1.02,570.6,15.31,2.6,4.97,7.6,94.0,Low_Density_Residential,2,25,0,Low
W012,Manali Petrochemical Zone,North-East,13.1706,80.2605,225.46,91.94,6.44,15324.4,3.25,0.54,2.03,27.1,67.2,Industrial,11,135,3,Severe Inundation
W004,Guindy Industrial Estate,South-Central,13.0067,80.2025,7.6,3.02,0.51,706.1,12.92,2.01,4.0,72.8,23.0,Industrial,4,45,0,Low
W006,Anna Nagar Residential,West,13.085,80.2101,233.57,84.28,6.49,11044.1,14.65,2.68,5.08,17.0,80.7,Low_Density_Residential,2,25,3,Severe Inundation
W009,Perambur Railway Lowlands,North,13.1114,80.2437,32.78,6.62,1.69,103.0,5.5,0.66,2.75,25.4,72.8,Commercial,10,125,0,Low
W005,Adyar Estuary Buffer,Coastal,13.0012,80.2565,179.19,48.74,4.64,5672.6,4.57,0.74,2.95,27.1,71.1,Green_Space,9,110,3,Severe Inundation
W002,Velachery Lowlands,South,12.9815,80.218,110.06,35.93,3.77,3472.6,4.15,0.27,2.14,31.8,64.6,High_Density_Residential,12,140,3,Severe Inundation
W005,Adyar Estuary Buffer,Coastal,13.0012,80.2565,52.02,10.7,3.03,3242.5,4.27,0.5,2.94,12.0,88.3,Green_Space,9,110,0,Low
W004,Guindy Industrial Estate,South-Central,13.0067,80.2025,85.54,8.18,3.48,2095.3,11.87,1.88,4.35,35.9,60.9,Industrial,4,45,1,Moderate
W011,Sholinganallur IT Corridor,South-East,12.901,80.2279,116.07,45.47,4.3,4768.5,5.19,0.67,3.61,45.4,53.3,Commercial,9,115,3,Severe Inundation
W009,Perambur Railway Lowlands,North,13.1114,80.2437,196.71,47.37,4.92,9777.2,5.3,0.53,2.45,77.1,26.9,Commercial,10,125,3,Severe Inundation
W005,Adyar Estuary Buffer,Coastal,13.0012,80.2565,177.21,46.53,4.1,5074.7,4.18,0.71,2.92,77.8,20.9,Green_Space,9,110,3,Severe Inundation
W003,Madipakkam Lake Basin,South,12.9647,80.1961,259.8,65.72,7.29,17728.2,2.32,0.26,1.98,19.6,82.6,High_Density_Residential,14,160,3,Severe Inundation
W011,Sholinganallur IT Corridor,South-East,12.901,80.2279,44.11,23.03,3.48,934.9,3.84,0.56,3.63,19.5,81.2,Commercial,9,115,2,High
W005,Adyar Estuary Buffer,Coastal,13.0012,80.2565,44.61,15.74,2.65,2091.6,4.06,0.64,2.92,82.5,22.8,Green_Space,9,110,0,Low
W010,Kolathur Urban Catchment,North-West,13.1235,80.2188,19.01,4.54,1.66,847.0,7.69,1.39,3.08,54.2,49.4,High_Density_Residential,7,85,0,Low
W009,Perambur Railway Lowlands,North,13.1114,80.2437,111.67,34.67,3.33,7766.5,4.98,0.27,2.54,45.5,49.8,Commercial,10,125,3,Severe Inundation
W002,Velachery Lowlands,South,12.9815,80.218,21.56,5.61,1.04,609.5,3.34,0.37,2.25,53.6,45.8,High_Density_Residential,12,140,0,Low
W009,Perambur Railway Lowlands,North,13.1114,80.2437,7.88,5.11,0.85,912.7,4.74,0.52,2.46,26.6,77.4,Commercial,10,125,0,Low
W011,Sholinganallur IT Corridor,South-East,12.901,80.2279,17.99,3.35,0.8,100.5,4.47,0.58,3.36,29.7,74.5,Commercial,9,115,0,Low
W003,Madipakkam Lake Basin,South,12.9647,80.1961,49.57,18.93,2.55,814.4,3.01,0.62,2.04,17.5,84.9,High_Density_Residential,14,160,1,Moderate
W010,Kolathur Urban Catchment,North-West,13.1235,80.2188,245.73,62.49,5.14,7869.5,7.93,1.08,3.35,25.9,70.6,High_Density_Residential,7,85,3,Severe Inundation
W010,Kolathur Urban Catchment,North-West,13.1235,80.2188,78.54,8.43,2.96,1436.2,8.08,1.03,3.02,34.0,63.8,High_Density_Residential,7,85,1,Moderate
W003,Madipakkam Lake Basin,South,12.9647,80.1961,54.22,18.95,2.52,2991.3,3.54,0.2,1.95,73.8,18.8,High_Density_Residential,14,160,2,High
W003,Madipakkam Lake Basin,South,12.9647,80.1961,87.89,18.3,3.21,2189.1,3.36,0.42,1.89,23.6,89.9,High_Density_Residential,14,160,2,High
W011,Sholinganallur IT Corridor,South-East,12.901,80.2279,9.59,7.83,1.6,855.3,4.42,0.56,3.58,33.9,60.8,Commercial,9,115,0,Low
W010,Kolathur Urban Catchment,North-West,13.1235,80.2188,162.1,42.6,4.42,3235.7,8.39,1.06,2.74,50.7,53.1,High_Density_Residential,7,85,3,Severe Inundation
W012,Manali Petrochemical Zone,North-East,13.1706,80.2605,40.66,13.28,1.93,2301.6,3.31,0.36,2.03,25.0,64.5,Industrial,11,135,1,Moderate
W010,Kolathur Urban Catchment,North-West,13.1235,80.2188,29.05,3.87,0.62,262.9,8.08,1.14,3.11,22.4,75.0,High_Density_Residential,7,85,0,Low
W006,Anna Nagar Residential,West,13.085,80.2101,29.52,7.86,1.53,920.1,14.07,2.5,4.99,41.6,56.9,Low_Density_Residential,2,25,0,Low
W010,Kolathur Urban Catchment,North-West,13.1235,80.2188,121.59,30.24,4.98,6594.1,7.35,1.5,3.28,68.6,27.8,High_Density_Residential,7,85,3,Severe Inundation
W001,T. Nagar Commercial Hub,Central,13.0418,80.2341,212.47,52.18,6.49,12980.1,5.54,1.09,3.62,65.2,31.8,Commercial,8,90,3,Severe Inundation
W001,T. Nagar Commercial Hub,Central,13.0418,80.2341,161.6,32.34,4.97,6395.0,6.19,0.68,3.97,34.5,60.9,Commercial,8,90,3,Severe Inundation
W002,Velachery Lowlands,South,12.9815,80.218,4.03,6.04,1.44,924.5,2.83,0.44,2.11,67.4,40.3,High_Density_Residential,12,140,0,Low
W001,T. Nagar Commercial Hub,Central,13.0418,80.2341,35.19,24.06,2.23,3042.6,5.97,0.74,3.73,47.1,50.7,Commercial,8,90,1,Moderate
W011,Sholinganallur IT Corridor,South-East,12.901,80.2279,64.53,19.49,3.09,2678.7,4.33,0.58,3.76,55.9,34.8,Commercial,9,115,2,High
W010,Kolathur Urban Catchment,North-West,13.1235,80.2188,307.09,85.07,5.97,8246.4,7.39,1.32,3.13,38.2,70.7,High_Density_Residential,7,85,3,Severe Inundation
W005,Adyar Estuary Buffer,Coastal,13.0012,80.2565,27.34,1.17,1.67,574.1,4.13,0.46,2.89,67.1,29.8,Green_Space,9,110,0,Low
W011,Sholinganallur IT Corridor,South-East,12.901,80.2279,65.51,23.43,2.04,1439.6,5.0,0.71,3.41,71.1,21.0,Commercial,9,115,2,High
W004,Guindy Industrial Estate,South-Central,13.0067,80.2025,326.74,56.5,5.62,9201.7,11.66,2.08,4.48,49.7,60.3,Industrial,4,45,3,Severe Inundation
W010,Kolathur Urban Catchment,North-West,13.1235,80.2188,148.08,23.58,3.75,6667.8,7.85,1.04,2.84,15.8,94.7,High_Density_Residential,7,85,3,Severe Inundation
W007,Mylapore Heritage Sector,East,13.0368,80.2676,64.03,16.58,3.37,1590.2,8.72,1.12,4.59,15.5,86.6,High_Density_Residential,5,55,1,Moderate
W010,Kolathur Urban Catchment,North-West,13.1235,80.2188,105.21,44.1,4.71,6453.5,7.51,1.39,3.09,49.1,48.9,High_Density_Residential,7,85,3,Severe Inundation
W011,Sholinganallur IT Corridor,South-East,12.901,80.2279,154.51,47.41,3.34,5545.8,5.27,0.36,3.33,32.6,53.4,Commercial,9,115,3,Severe Inundation
W001,T. Nagar Commercial Hub,Central,13.0418,80.2341,32.46,3.86,1.35,233.9,6.55,0.78,4.12,43.3,56.6,Commercial,8,90,0,Low
W008,Tambaram Outer Valley,South-West,12.9249,80.1,166.27,37.95,4.87,6914.7,16.34,2.92,3.7,37.4,53.7,Low_Density_Residential,6,70,3,Severe Inundation
W011,Sholinganallur IT Corridor,South-East,12.901,80.2279,49.12,22.57,2.92,3117.1,4.79,0.63,3.31,8.1,100.0,Commercial,9,115,1,Moderate
W009,Perambur Railway Lowlands,North,13.1114,80.2437,69.65,10.84,2.96,1706.6,4.21,0.41,2.47,77.7,12.1,Commercial,10,125,2,High
W005,Adyar Estuary Buffer,Coastal,13.0012,80.2565,65.96,13.0,2.16,1179.1,4.63,0.54,2.67,42.4,62.6,Green_Space,9,110,0,Low
W011,Sholinganallur IT Corridor,South-East,12.901,80.2279,64.84,19.37,1.85,1131.7,4.59,0.25,3.46,60.1,41.9,Commercial,9,115,1,Moderate
W005,Adyar Estuary Buffer,Coastal,13.0012,80.2565,117.9,31.59,3.9,6670.9,4.1,0.46,2.88,43.1,55.2,Green_Space,9,110,3,Severe Inundation
W008,Tambaram Outer Valley,South-West,12.9249,80.1,135.48,39.45,4.76,6067.6,16.45,3.04,2.83,14.8,77.8,Low_Density_Residential,6,70,2,High
W004,Guindy Industrial Estate,South-Central,13.0067,80.2025,53.73,10.94,2.37,1856.8,13.21,2.38,4.44,20.2,77.9,Industrial,4,45,0,Low
W011,Sholinganallur IT Corridor,South-East,12.901,80.2279,321.85,49.24,6.35,17584.2,4.48,0.75,3.19,37.1,63.3,Commercial,9,115,3,Severe Inundation
W007,Mylapore Heritage Sector,East,13.0368,80.2676,4.88,9.58,1.75,202.5,8.62,1.26,4.7,47.7,52.6,High_Density_Residential,5,55,0,Low
W005,Adyar Estuary Buffer,Coastal,13.0012,80.2565,14.79,6.11,1.92,640.1,3.95,0.75,2.82,65.2,29.0,Green_Space,9,110,0,Low
W008,Tambaram Outer Valley,South-West,12.9249,80.1,261.85,86.13,4.93,10501.2,16.08,2.84,3.16,31.4,72.3,Low_Density_Residential,6,70,3,Severe Inundation
W002,Velachery Lowlands,South,12.9815,80.218,132.5,48.41,3.56,7567.1,3.23,0.6,1.93,29.1,69.8,High_Density_Residential,12,140,3,Severe Inundation
W012,Manali Petrochemical Zone,North-East,13.1706,80.2605,47.44,13.07,1.97,2005.4,2.95,0.5,2.22,57.6,42.9,Industrial,11,135,1,Moderate
W001,T. Nagar Commercial Hub,Central,13.0418,80.2341,51.23,24.87,2.3,1384.9,5.39,0.77,3.83,26.9,72.0,Commercial,8,90,1,Moderate
W003,Madipakkam Lake Basin,South,12.9647,80.1961,272.69,79.76,7.3,14496.6,3.43,0.24,1.91,37.9,70.9,High_Density_Residential,14,160,3,Severe Inundation
W008,Tambaram Outer Valley,South-West,12.9249,80.1,31.28,8.98,1.31,210.1,15.66,2.86,3.29,21.7,80.8,Low_Density_Residential,6,70,0,Low
W007,Mylapore Heritage Sector,East,13.0368,80.2676,7.89,6.38,1.39,139.0,8.22,1.4,4.4,5.0,93.2,High_Density_Residential,5,55,0,Low
W008,Tambaram Outer Valley,South-West,12.9249,80.1,128.52,39.08,4.87,7223.0,15.18,2.7,3.1,42.8,51.0,Low_Density_Residential,6,70,2,High
W008,Tambaram Outer Valley,South-West,12.9249,80.1,18.77,8.11,1.29,250.2,16.42,2.92,3.34,26.1,64.6,Low_Density_Residential,6,70,0,Low
W004,Guindy Industrial Estate,South-Central,13.0067,80.2025,8.69,8.03,0.74,381.2,13.02,2.07,4.18,30.4,76.6,Industrial,4,45,0,Low
W006,Anna Nagar Residential,West,13.085,80.2101,27.52,3.02,0.64,637.5,14.59,2.83,4.71,53.1,50.5,Low_Density_Residential,2,25,0,Low
W010,Kolathur Urban Catchment,North-West,13.1235,80.2188,54.81,20.2,1.83,1895.9,8.21,1.02,3.0,44.1,56.6,High_Density_Residential,7,85,0,Low
W003,Madipakkam Lake Basin,South,12.9647,80.1961,15.54,8.47,0.8,747.4,3.17,0.3,1.58,32.0,64.5,High_Density_Residential,14,160,0,Low
W006,Anna Nagar Residential,West,13.085,80.2101,29.64,6.4,0.75,127.1,14.7,2.56,4.9,24.5,69.0,Low_Density_Residential,2,25,0,Low
W012,Manali Petrochemical Zone,North-East,13.1706,80.2605,51.16,9.04,2.04,1584.8,2.99,0.5,1.84,25.2,75.1,Industrial,11,135,1,Moderate
W006,Anna Nagar Residential,West,13.085,80.2101,70.59,11.96,2.25,1648.2,14.89,2.41,4.82,59.8,42.2,Low_Density_Residential,2,25,0,Low
W012,Manali Petrochemical Zone,North-East,13.1706,80.2605,109.79,20.27,4.42,3574.3,2.87,0.24,1.84,32.9,74.7,Industrial,11,135,3,Severe Inundation
W006,Anna Nagar Residential,West,13.085,80.2101,39.29,19.33,2.63,2834.1,14.05,2.41,4.92,70.5,38.2,Low_Density_Residential,2,25,0,Low
W007,Mylapore Heritage Sector,East,13.0368,80.2676,26.06,5.15,0.55,311.0,8.48,1.13,4.59,38.8,53.0,High_Density_Residential,5,55,0,Low
W003,Madipakkam Lake Basin,South,12.9647,80.1961,20.42,1.88,1.58,929.3,2.65,0.28,1.76,13.2,83.8,High_Density_Residential,14,160,0,Low
W006,Anna Nagar Residential,West,13.085,80.2101,51.14,23.92,3.15,2553.9,14.9,2.34,4.59,79.9,25.9,Low_Density_Residential,2,25,0,Low
W009,Perambur Railway Lowlands,North,13.1114,80.2437,85.27,19.06,2.16,1245.0,4.41,0.32,2.17,19.9,76.1,Commercial,10,125,2,High
W009,Perambur Railway Lowlands,North,13.1114,80.2437,67.09,18.72,3.24,3194.1,4.04,0.45,2.54,40.5,63.7,Commercial,10,125,2,High
W002,Velachery Lowlands,South,12.9815,80.218,149.87,38.87,3.55,4789.0,4.0,0.5,2.39,30.8,64.7,High_Density_Residential,12,140,3,Severe Inundation
W006,Anna Nagar Residential,West,13.085,80.2101,61.17,22.42,2.76,2362.4,14.6,2.2,4.85,37.0,56.5,Low_Density_Residential,2,25,0,Low
W004,Guindy Industrial Estate,South-Central,13.0067,80.2025,165.8,45.77,4.86,4175.4,12.47,1.77,4.54,39.7,52.6,Industrial,4,45,3,Severe Inundation
W008,Tambaram Outer Valley,South-West,12.9249,80.1,79.21,18.22,3.46,3048.2,15.35,2.79,2.88,45.5,56.3,Low_Density_Residential,6,70,0,Low
W002,Velachery Lowlands,South,12.9815,80.218,9.12,7.45,1.56,637.4,3.73,0.62,2.25,64.4,31.3,High_Density_Residential,12,140,0,Low
W005,Adyar Estuary Buffer,Coastal,13.0012,80.2565,68.45,8.39,3.28,2447.8,3.68,0.43,2.73,12.2,86.1,Green_Space,9,110,1,Moderate
W008,Tambaram Outer Valley,South-West,12.9249,80.1,3.54,7.7,0.69,123.1,15.29,2.77,2.97,56.0,44.1,Low_Density_Residential,6,70,0,Low
W004,Guindy Industrial Estate,South-Central,13.0067,80.2025,71.64,21.56,2.83,2857.9,11.56,1.97,4.09,39.7,61.5,Industrial,4,45,1,Moderate
W003,Madipakkam Lake Basin,South,12.9647,80.1961,44.8,12.5,2.01,1512.8,3.11,0.49,2.17,59.0,44.2,High_Density_Residential,14,160,1,Moderate
W002,Velachery Lowlands,South,12.9815,80.218,27.67,2.75,1.38,502.7,3.08,0.43,1.96,29.2,70.6,High_Density_Residential,12,140,0,Low
W001,T. Nagar Commercial Hub,Central,13.0418,80.2341,153.46,38.16,4.91,4152.1,6.33,0.97,3.67,48.3,51.8,Commercial,8,90,3,Severe Inundation
W005,Adyar Estuary Buffer,Coastal,13.0012,80.2565,66.81,16.06,3.25,2580.2,3.96,0.64,2.8,61.1,33.1,Green_Space,9,110,1,Moderate
W007,Mylapore Heritage Sector,East,13.0368,80.2676,175.85,20.74,4.86,5778.7,8.6,1.17,4.5,28.0,63.2,High_Density_Residential,5,55,3,Severe Inundation
W010,Kolathur Urban Catchment,North-West,13.1235,80.2188,69.84,19.25,1.8,1040.2,7.39,0.88,3.01,60.5,39.7,High_Density_Residential,7,85,1,Moderate
W007,Mylapore Heritage Sector,East,13.0368,80.2676,88.62,16.98,2.43,1835.2,8.81,1.04,4.36,72.2,20.4,High_Density_Residential,5,55,1,Moderate
W004,Guindy Industrial Estate,South-Central,13.0067,80.2025,211.58,82.28,6.56,17165.1,12.61,2.23,4.07,74.2,29.7,Industrial,4,45,3,Severe Inundation
W003,Madipakkam Lake Basin,South,12.9647,80.1961,34.74,8.83,1.28,743.6,2.53,0.5,1.49,46.5,58.1,High_Density_Residential,14,160,0,Low
W006,Anna Nagar Residential,West,13.085,80.2101,55.86,21.28,2.03,1625.7,13.96,2.78,4.85,34.1,69.2,Low_Density_Residential,2,25,0,Low
W010,Kolathur Urban Catchment,North-West,13.1235,80.2188,48.0,19.08,2.2,1516.1,7.89,1.08,3.13,34.3,64.8,High_Density_Residential,7,85,0,Low
W012,Manali Petrochemical Zone,North-East,13.1706,80.2605,117.19,40.53,3.98,3982.2,2.68,0.26,2.39,18.5,73.0,Industrial,11,135,3,Severe Inundation
W006,Anna Nagar Residential,West,13.085,80.2101,332.94,74.09,4.99,12656.8,14.47,2.3,5.11,64.0,30.6,Low_Density_Residential,2,25,3,Severe Inundation
W004,Guindy Industrial Estate,South-Central,13.0067,80.2025,242.19,93.03,7.42,9474.8,12.51,2.03,4.62,60.2,40.5,Industrial,4,45,3,Severe Inundation
W003,Madipakkam Lake Basin,South,12.9647,80.1961,4.08,7.31,1.83,816.0,2.1,0.29,2.12,43.6,59.1,High_Density_Residential,14,160,0,Low
W008,Tambaram Outer Valley,South-West,12.9249,80.1,43.18,10.07,3.14,2673.1,16.36,2.71,3.14,59.2,40.6,Low_Density_Residential,6,70,0,Low
W009,Perambur Railway Lowlands,North,13.1114,80.2437,232.46,75.6,7.21,14115.8,5.04,0.3,2.43,12.7,86.0,Commercial,10,125,3,Severe Inundation
W008,Tambaram Outer Valley,South-West,12.9249,80.1,176.95,42.53,4.28,3711.7,15.3,2.82,3.38,31.2,71.0,Low_Density_Residential,6,70,2,High
W008,Tambaram Outer Valley,South-West,12.9249,80.1,93.04,46.24,4.05,4823.8,16.43,2.54,3.34,64.3,33.3,Low_Density_Residential,6,70,2,High
W005,Adyar Estuary Buffer,Coastal,13.0012,80.2565,2.25,3.81,0.58,534.1,4.89,0.52,2.98,64.1,38.0,Green_Space,9,110,0,Low
W008,Tambaram Outer Valley,South-West,12.9249,80.1,14.95,6.1,0.58,238.0,15.84,2.51,3.38,28.8,63.9,Low_Density_Residential,6,70,0,Low
W001,T. Nagar Commercial Hub,Central,13.0418,80.2341,39.75,18.66,2.77,1714.2,5.9,0.61,3.89,22.7,81.9,Commercial,8,90,1,Moderate
W002,Velachery Lowlands,South,12.9815,80.218,221.76,58.31,5.14,12599.7,3.39,0.33,2.3,49.3,49.2,High_Density_Residential,12,140,3,Severe Inundation
W007,Mylapore Heritage Sector,East,13.0368,80.2676,32.19,1.5,0.94,538.3,8.72,1.18,4.18,55.8,46.9,High_Density_Residential,5,55,0,Low
W009,Perambur Railway Lowlands,North,13.1114,80.2437,68.0,19.08,1.92,847.9,4.96,0.53,2.73,77.0,22.3,Commercial,10,125,1,Moderate
W008,Tambaram Outer Valley,South-West,12.9249,80.1,119.37,32.36,4.63,6177.9,15.74,2.56,3.12,27.2,70.9,Low_Density_Residential,6,70,2,High
W004,Guindy Industrial Estate,South-Central,13.0067,80.2025,6.49,3.15,1.8,195.3,12.76,2.16,3.94,23.1,71.5,Industrial,4,45,0,Low
W004,Guindy Industrial Estate,South-Central,13.0067,80.2025,148.7,33.67,3.89,7706.7,13.0,2.11,3.6,44.8,56.1,Industrial,4,45,3,Severe Inundation
W010,Kolathur Urban Catchment,North-West,13.1235,80.2188,92.17,43.3,3.58,6282.0,7.14,1.29,3.06,32.0,64.3,High_Density_Residential,7,85,3,Severe Inundation
W006,Anna Nagar Residential,West,13.085,80.2101,42.88,24.29,3.39,1028.4,13.86,2.49,4.98,45.0,52.3,Low_Density_Residential,2,25,0,Low
W001,T. Nagar Commercial Hub,Central,13.0418,80.2341,27.54,9.87,1.32,690.3,5.87,0.91,3.76,50.7,41.0,Commercial,8,90,0,Low
W001,T. Nagar Commercial Hub,Central,13.0418,80.2341,42.94,17.17,3.11,1439.8,6.28,0.73,3.78,39.7,66.1,Commercial,8,90,1,Moderate
W005,Adyar Estuary Buffer,Coastal,13.0012,80.2565,38.9,13.64,3.2,3413.7,4.13,0.52,2.92,55.3,44.4,Green_Space,9,110,1,Moderate
W008,Tambaram Outer Valley,South-West,12.9249,80.1,85.86,20.82,3.1,1527.8,16.76,2.72,3.09,5.0,93.5,Low_Density_Residential,6,70,0,Low
W010,Kolathur Urban Catchment,North-West,13.1235,80.2188,51.99,23.42,2.74,2926.2,7.11,0.82,3.14,15.8,81.6,High_Density_Residential,7,85,1,Moderate
W011,Sholinganallur IT Corridor,South-East,12.901,80.2279,97.9,37.84,4.24,5126.1,3.64,0.2,3.64,5.2,98.7,Commercial,9,115,3,Severe Inundation
W011,Sholinganallur IT Corridor,South-East,12.901,80.2279,117.02,39.06,3.39,7849.7,4.46,0.4,3.19,59.2,35.1,Commercial,9,115,3,Severe Inundation
W008,Tambaram Outer Valley,South-West,12.9249,80.1,280.3,61.67,5.95,17682.2,16.24,2.79,3.29,44.2,52.4,Low_Density_Residential,6,70,3,Severe Inundation
W005,Adyar Estuary Buffer,Coastal,13.0012,80.2565,149.84,46.79,3.92,4866.4,4.08,0.53,2.73,12.9,94.5,Green_Space,9,110,3,Severe Inundation
W009,Perambur Railway Lowlands,North,13.1114,80.2437,148.96,41.93,4.57,5945.8,4.88,0.3,2.55,26.8,76.6,Commercial,10,125,3,Severe Inundation
W001,T. Nagar Commercial Hub,Central,13.0418,80.2341,27.74,9.31,1.95,108.4,6.14,0.68,3.9,39.6,60.2,Commercial,8,90,0,Low
W002,Velachery Lowlands,South,12.9815,80.218,177.51,46.79,3.59,6798.6,3.39,0.48,2.09,27.6,72.9,High_Density_Residential,12,140,3,Severe Inundation
W007,Mylapore Heritage Sector,East,13.0368,80.2676,2.83,3.01,1.51,933.6,8.81,1.14,4.49,18.7,85.6,High_Density_Residential,5,55,0,Low
W003,Madipakkam Lake Basin,South,12.9647,80.1961,283.71,57.52,5.44,8105.9,2.6,0.29,1.86,24.7,71.1,High_Density_Residential,14,160,3,Severe Inundation
W005,Adyar Estuary Buffer,Coastal,13.0012,80.2565,21.37,1.15,1.11,268.1,4.13,0.67,3.01,29.2,67.4,Green_Space,9,110,0,Low
W012,Manali Petrochemical Zone,North-East,13.1706,80.2605,16.91,2.14,1.68,574.0,3.36,0.42,1.93,32.6,56.1,Industrial,11,135,0,Low
W006,Anna Nagar Residential,West,13.085,80.2101,49.79,16.46,2.86,1019.3,14.85,2.65,5.07,23.6,71.8,Low_Density_Residential,2,25,0,Low
W007,Mylapore Heritage Sector,East,13.0368,80.2676,2.11,9.65,1.99,600.0,8.31,1.24,4.73,33.3,65.8,High_Density_Residential,5,55,0,Low
W006,Anna Nagar Residential,West,13.085,80.2101,23.26,8.26,1.6,654.0,14.19,2.37,4.81,44.1,63.8,Low_Density_Residential,2,25,0,Low
W001,T. Nagar Commercial Hub,Central,13.0418,80.2341,162.51,28.4,4.17,3617.6,6.65,0.84,3.83,56.9,48.1,Commercial,8,90,3,Severe Inundation
W007,Mylapore Heritage Sector,East,13.0368,80.2676,124.05,47.07,3.27,3563.8,9.18,0.96,4.98,47.1,57.4,High_Density_Residential,5,55,2,High
W001,T. Nagar Commercial Hub,Central,13.0418,80.2341,46.01,9.51,2.33,2901.6,5.13,0.71,4.11,20.8,82.6,Commercial,8,90,0,Low
W010,Kolathur Urban Catchment,North-West,13.1235,80.2188,63.25,24.13,3.46,2586.2,7.82,1.2,3.2,33.8,65.4,High_Density_Residential,7,85,1,Moderate
W009,Perambur Railway Lowlands,North,13.1114,80.2437,34.03,8.42,1.42,847.5,4.79,0.65,2.79,6.3,84.9,Commercial,10,125,0,Low
W004,Guindy Industrial Estate,South-Central,13.0067,80.2025,37.94,24.86,2.52,3303.9,12.02,2.25,4.0,17.2,79.2,Industrial,4,45,0,Low
W006,Anna Nagar Residential,West,13.085,80.2101,86.85,19.55,3.32,1314.5,14.96,2.41,5.32,31.0,68.7,Low_Density_Residential,2,25,0,Low
W009,Perambur Railway Lowlands,North,13.1114,80.2437,67.94,12.52,2.15,1539.3,4.59,0.55,2.03,13.9,86.7,Commercial,10,125,1,Moderate
W005,Adyar Estuary Buffer,Coastal,13.0012,80.2565,135.38,26.24,4.3,4426.6,4.46,0.72,3.03,27.4,75.6,Green_Space,9,110,2,High
W002,Velachery Lowlands,South,12.9815,80.218,186.54,94.26,7.03,15497.5,3.92,0.51,2.13,81.8,22.7,High_Density_Residential,12,140,3,Severe Inundation
W007,Mylapore Heritage Sector,East,13.0368,80.2676,21.12,5.34,1.66,441.2,8.54,1.09,4.4,63.3,38.2,High_Density_Residential,5,55,0,Low
W009,Perambur Railway Lowlands,North,13.1114,80.2437,43.09,14.87,3.08,845.2,4.89,0.76,2.95,50.2,49.1,Commercial,10,125,1,Moderate
W008,Tambaram Outer Valley,South-West,12.9249,80.1,198.93,46.96,6.65,11542.5,15.59,2.6,2.9,30.5,70.6,Low_Density_Residential,6,70,3,Severe Inundation
W009,Perambur Railway Lowlands,North,13.1114,80.2437,66.46,19.72,3.29,3199.1,5.18,0.41,2.31,39.7,73.1,Commercial,10,125,2,High
W005,Adyar Estuary Buffer,Coastal,13.0012,80.2565,9.78,8.99,0.69,146.2,3.78,0.69,2.88,32.0,64.5,Green_Space,9,110,0,Low
W010,Kolathur Urban Catchment,North-West,13.1235,80.2188,172.59,30.73,4.03,7491.6,6.93,0.98,3.26,13.2,86.6,High_Density_Residential,7,85,3,Severe Inundation
W011,Sholinganallur IT Corridor,South-East,12.901,80.2279,71.67,8.4,2.47,3480.1,4.98,0.29,3.14,64.8,33.4,Commercial,9,115,1,Moderate
W010,Kolathur Urban Catchment,North-West,13.1235,80.2188,43.05,8.75,1.86,1521.9,7.87,0.9,2.95,9.4,87.9,High_Density_Residential,7,85,0,Low
W002,Velachery Lowlands,South,12.9815,80.218,61.48,14.97,2.7,1426.9,3.29,0.43,1.95,17.0,86.9,High_Density_Residential,12,140,1,Moderate
W003,Madipakkam Lake Basin,South,12.9647,80.1961,67.08,15.53,1.94,2406.2,2.47,0.28,1.82,37.0,61.3,High_Density_Residential,14,160,2,High
W002,Velachery Lowlands,South,12.9815,80.218,69.12,14.87,2.05,1040.4,2.78,0.27,1.92,62.5,34.1,High_Density_Residential,12,140,1,Moderate
W007,Mylapore Heritage Sector,East,13.0368,80.2676,19.99,5.3,0.97,565.2,7.96,1.01,4.48,73.6,23.6,High_Density_Residential,5,55,0,Low
W006,Anna Nagar Residential,West,13.085,80.2101,19.75,7.51,1.22,155.8,13.93,2.42,5.03,34.2,64.1,Low_Density_Residential,2,25,0,Low
W006,Anna Nagar Residential,West,13.085,80.2101,112.68,27.33,4.42,3484.6,13.95,2.36,4.96,25.1,77.4,Low_Density_Residential,2,25,1,Moderate
W009,Perambur Railway Lowlands,North,13.1114,80.2437,62.91,9.99,2.46,3101.7,5.01,0.37,2.4,71.9,31.8,Commercial,10,125,2,High
W006,Anna Nagar Residential,West,13.085,80.2101,63.81,10.75,3.05,2312.8,14.75,2.49,4.93,33.8,72.2,Low_Density_Residential,2,25,0,Low
W003,Madipakkam Lake Basin,South,12.9647,80.1961,13.14,3.6,1.4,996.8,2.53,0.43,1.7,61.4,36.6,High_Density_Residential,14,160,0,Low
W004,Guindy Industrial Estate,South-Central,13.0067,80.2025,268.46,91.64,7.3,12346.8,11.82,2.17,3.89,16.4,85.5,Industrial,4,45,3,Severe Inundation
W010,Kolathur Urban Catchment,North-West,13.1235,80.2188,18.63,4.47,0.61,582.4,7.59,1.15,3.18,24.4,69.7,High_Density_Residential,7,85,0,Low
W009,Perambur Railway Lowlands,North,13.1114,80.2437,37.46,18.01,3.03,1762.1,4.73,0.4,2.39,37.5,59.5,Commercial,10,125,1,Moderate
W007,Mylapore Heritage Sector,East,13.0368,80.2676,56.97,13.52,3.2,3035.9,8.49,1.21,4.76,68.9,36.7,High_Density_Residential,5,55,1,Moderate
W009,Perambur Railway Lowlands,North,13.1114,80.2437,122.89,32.54,3.29,7621.3,5.06,0.38,2.47,22.9,73.9,Commercial,10,125,3,Severe Inundation
W001,T. Nagar Commercial Hub,Central,13.0418,80.2341,67.7,10.57,2.5,876.9,6.9,0.81,3.68,13.9,85.2,Commercial,8,90,1,Moderate
W001,T. Nagar Commercial Hub,Central,13.0418,80.2341,27.01,6.11,1.08,420.4,6.03,0.66,3.53,46.2,52.7,Commercial,8,90,0,Low
W001,T. Nagar Commercial Hub,Central,13.0418,80.2341,7.32,5.38,0.64,807.1,6.66,0.42,4.07,14.1,91.2,Commercial,8,90,0,Low
W003,Madipakkam Lake Basin,South,12.9647,80.1961,44.99,13.09,2.31,3478.3,2.38,0.21,2.12,19.9,88.5,High_Density_Residential,14,160,1,Moderate
W012,Manali Petrochemical Zone,North-East,13.1706,80.2605,27.31,6.25,1.63,688.1,2.84,0.35,1.87,42.0,54.1,Industrial,11,135,1,Moderate
W006,Anna Nagar Residential,West,13.085,80.2101,146.48,20.11,3.88,4452.4,14.22,2.38,5.19,29.2,70.8,Low_Density_Residential,2,25,1,Moderate
W008,Tambaram Outer Valley,South-West,12.9249,80.1,161.72,21.42,4.98,6485.1,15.89,2.67,2.9,30.6,65.6,Low_Density_Residential,6,70,2,High
W009,Perambur Railway Lowlands,North,13.1114,80.2437,33.59,3.43,0.92,681.0,4.51,0.46,2.48,32.7,60.7,Commercial,10,125,0,Low
W008,Tambaram Outer Valley,South-West,12.9249,80.1,150.75,48.09,4.0,4361.1,15.47,2.85,3.17,22.1,79.8,Low_Density_Residential,6,70,2,High
W003,Madipakkam Lake Basin,South,12.9647,80.1961,36.55,14.79,3.13,2299.6,2.94,0.27,2.2,35.6,64.8,High_Density_Residential,14,160,2,High
W010,Kolathur Urban Catchment,North-West,13.1235,80.2188,110.94,29.76,4.48,4192.0,7.58,1.2,2.84,22.1,82.9,High_Density_Residential,7,85,3,Severe Inundation
W009,Perambur Railway Lowlands,North,13.1114,80.2437,189.71,48.72,6.31,11266.0,4.88,0.41,2.7,46.6,47.2,Commercial,10,125,3,Severe Inundation
W003,Madipakkam Lake Basin,South,12.9647,80.1961,17.51,2.73,1.31,868.2,2.84,0.27,1.76,63.2,35.4,High_Density_Residential,14,160,0,Low
W006,Anna Nagar Residential,West,13.085,80.2101,18.88,7.9,1.86,973.5,14.58,2.5,4.96,20.8,79.9,Low_Density_Residential,2,25,0,Low
W010,Kolathur Urban Catchment,North-West,13.1235,80.2188,266.99,80.17,6.86,14730.7,7.98,1.2,2.95,67.2,28.3,High_Density_Residential,7,85,3,Severe Inundation
W006,Anna Nagar Residential,West,13.085,80.2101,86.92,20.29,2.16,3422.1,14.26,2.23,4.87,43.4,55.5,Low_Density_Residential,2,25,0,Low
W003,Madipakkam Lake Basin,South,12.9647,80.1961,111.63,42.85,4.69,5154.1,3.07,0.36,1.67,19.4,81.0,High_Density_Residential,14,160,3,Severe Inundation
W007,Mylapore Heritage Sector,East,13.0368,80.2676,331.55,86.62,5.09,17937.4,7.96,1.28,4.2,47.2,46.6,High_Density_Residential,5,55,3,Severe Inundation
W010,Kolathur Urban Catchment,North-West,13.1235,80.2188,339.2,60.84,6.17,13355.9,8.31,0.82,3.1,62.4,34.3,High_Density_Residential,7,85,3,Severe Inundation
W012,Manali Petrochemical Zone,North-East,13.1706,80.2605,22.51,6.32,0.56,514.4,3.84,0.2,2.46,14.1,73.6,Industrial,11,135,0,Low
W005,Adyar Estuary Buffer,Coastal,13.0012,80.2565,118.04,24.89,3.88,4442.0,4.13,0.57,3.09,62.3,39.4,Green_Space,9,110,2,High
W010,Kolathur Urban Catchment,North-West,13.1235,80.2188,81.71,15.07,2.55,2398.9,7.53,1.23,3.02,23.5,64.7,High_Density_Residential,7,85,1,Moderate
W006,Anna Nagar Residential,West,13.085,80.2101,23.56,6.87,1.07,297.4,14.45,2.61,5.12,59.3,45.5,Low_Density_Residential,2,25,0,Low
W009,Perambur Railway Lowlands,North,13.1114,80.2437,78.37,18.21,2.99,1967.5,5.0,0.62,2.54,28.7,69.5,Commercial,10,125,2,High
W009,Perambur Railway Lowlands,North,13.1114,80.2437,270.63,49.85,6.96,10189.4,4.39,0.58,2.44,79.8,25.4,Commercial,10,125,3,Severe Inundation
W009,Perambur Railway Lowlands,North,13.1114,80.2437,71.66,10.66,2.27,2178.2,4.74,0.5,2.48,79.3,14.4,Commercial,10,125,1,Moderate
W008,Tambaram Outer Valley,South-West,12.9249,80.1,27.55,3.28,1.56,527.6,15.26,2.72,2.97,31.0,58.9,Low_Density_Residential,6,70,0,Low
W012,Manali Petrochemical Zone,North-East,13.1706,80.2605,224.55,92.43,5.22,11586.8,3.05,0.37,2.21,9.8,98.7,Industrial,11,135,3,Severe Inundation
W010,Kolathur Urban Catchment,North-West,13.1235,80.2188,37.78,17.99,2.58,2853.9,8.06,1.05,3.07,8.3,87.9,High_Density_Residential,7,85,0,Low
W005,Adyar Estuary Buffer,Coastal,13.0012,80.2565,16.77,9.94,1.12,279.2,4.04,0.69,3.0,46.1,58.7,Green_Space,9,110,0,Low
W008,Tambaram Outer Valley,South-West,12.9249,80.1,121.56,28.9,3.82,5756.4,15.61,2.85,3.16,11.0,90.2,Low_Density_Residential,6,70,1,Moderate
W001,T. Nagar Commercial Hub,Central,13.0418,80.2341,160.07,48.6,3.32,3143.6,5.67,1.09,3.65,58.9,46.6,Commercial,8,90,3,Severe Inundation
W006,Anna Nagar Residential,West,13.085,80.2101,151.58,21.96,3.27,3652.1,14.47,2.66,5.41,11.5,85.8,Low_Density_Residential,2,25,0,Low
W006,Anna Nagar Residential,West,13.085,80.2101,14.44,4.25,1.51,669.0,14.56,2.5,5.04,59.6,47.1,Low_Density_Residential,2,25,0,Low
W011,Sholinganallur IT Corridor,South-East,12.901,80.2279,17.39,9.3,1.99,272.2,4.3,0.61,3.55,38.1,56.4,Commercial,9,115,0,Low
W002,Velachery Lowlands,South,12.9815,80.218,160.32,49.37,4.56,4051.1,3.67,0.3,1.89,21.3,73.5,High_Density_Residential,12,140,3,Severe Inundation
W007,Mylapore Heritage Sector,East,13.0368,80.2676,3.34,3.71,1.67,494.9,8.04,1.05,4.21,11.9,87.0,High_Density_Residential,5,55,0,Low
W010,Kolathur Urban Catchment,North-West,13.1235,80.2188,17.76,9.36,0.52,428.4,7.56,1.17,3.01,53.2,43.1,High_Density_Residential,7,85,0,Low
W005,Adyar Estuary Buffer,Coastal,13.0012,80.2565,7.8,8.69,1.56,278.3,4.42,0.75,2.96,60.1,41.7,Green_Space,9,110,0,Low
W012,Manali Petrochemical Zone,North-East,13.1706,80.2605,35.57,8.44,1.89,2404.0,2.55,0.29,1.84,26.0,71.7,Industrial,11,135,1,Moderate
W012,Manali Petrochemical Zone,North-East,13.1706,80.2605,62.96,16.86,2.74,3364.7,2.95,0.2,1.84,50.5,42.4,Industrial,11,135,2,High
W011,Sholinganallur IT Corridor,South-East,12.901,80.2279,165.23,37.52,4.11,4312.8,4.35,0.39,3.19,32.8,72.1,Commercial,9,115,3,Severe Inundation
W001,T. Nagar Commercial Hub,Central,13.0418,80.2341,82.6,14.7,2.91,2057.9,6.68,0.73,4.38,46.2,57.4,Commercial,8,90,1,Moderate
W010,Kolathur Urban Catchment,North-West,13.1235,80.2188,73.2,9.47,2.14,2855.1,8.9,1.2,3.36,45.3,56.9,High_Density_Residential,7,85,0,Low
W008,Tambaram Outer Valley,South-West,12.9249,80.1,13.01,8.62,0.72,664.5,16.42,2.64,3.34,85.2,16.8,Low_Density_Residential,6,70,0,Low
W005,Adyar Estuary Buffer,Coastal,13.0012,80.2565,24.12,6.58,0.62,772.8,3.52,0.62,2.76,52.9,45.3,Green_Space,9,110,0,Low
W011,Sholinganallur IT Corridor,South-East,12.901,80.2279,4.05,7.41,1.58,259.4,4.56,0.32,2.99,50.8,39.6,Commercial,9,115,0,Low
W010,Kolathur Urban Catchment,North-West,13.1235,80.2188,188.81,84.85,6.92,10162.2,7.92,1.06,3.25,26.7,66.5,High_Density_Residential,7,85,3,Severe Inundation
W010,Kolathur Urban Catchment,North-West,13.1235,80.2188,20.22,6.63,1.79,536.0,8.34,1.03,2.71,27.6,74.9,High_Density_Residential,7,85,0,Low
W004,Guindy Industrial Estate,South-Central,13.0067,80.2025,172.88,44.36,4.3,6293.5,12.36,1.92,4.19,58.9,40.0,Industrial,4,45,3,Severe Inundation
W012,Manali Petrochemical Zone,North-East,13.1706,80.2605,293.13,61.37,5.28,13994.0,2.49,0.37,1.96,51.6,55.0,Industrial,11,135,3,Severe Inundation
W001,T. Nagar Commercial Hub,Central,13.0418,80.2341,294.66,81.43,7.26,11050.5,6.8,0.79,3.73,18.7,80.0,Commercial,8,90,3,Severe Inundation
W010,Kolathur Urban Catchment,North-West,13.1235,80.2188,8.14,7.36,1.81,620.1,7.85,0.97,2.83,24.3,83.8,High_Density_Residential,7,85,0,Low
W008,Tambaram Outer Valley,South-West,12.9249,80.1,45.09,21.77,2.6,1213.7,16.18,2.72,3.37,19.7,81.9,Low_Density_Residential,6,70,0,Low
W003,Madipakkam Lake Basin,South,12.9647,80.1961,7.79,6.85,0.74,533.4,2.97,0.2,2.2,80.2,14.7,High_Density_Residential,14,160,0,Low
W009,Perambur Railway Lowlands,North,13.1114,80.2437,156.43,43.75,4.35,4896.9,5.52,0.31,3.22,45.7,53.5,Commercial,10,125,3,Severe Inundation
W011,Sholinganallur IT Corridor,South-East,12.901,80.2279,4.45,8.56,1.83,248.0,5.05,0.33,3.31,26.7,76.1,Commercial,9,115,0,Low
W012,Manali Petrochemical Zone,North-East,13.1706,80.2605,42.48,17.96,2.16,973.2,3.19,0.47,1.87,67.1,34.9,Industrial,11,135,2,High
W010,Kolathur Urban Catchment,North-West,13.1235,80.2188,17.85,6.42,1.9,252.5,8.22,0.92,2.91,33.0,58.2,High_Density_Residential,7,85,0,Low
W007,Mylapore Heritage Sector,East,13.0368,80.2676,158.2,21.73,3.32,5756.0,7.84,1.12,4.43,28.0,68.5,High_Density_Residential,5,55,2,High
W003,Madipakkam Lake Basin,South,12.9647,80.1961,122.18,21.16,4.78,7719.3,2.82,0.48,1.56,61.6,37.2,High_Density_Residential,14,160,3,Severe Inundation
W011,Sholinganallur IT Corridor,South-East,12.901,80.2279,35.43,12.04,2.57,1673.2,5.24,0.57,3.31,72.1,32.7,Commercial,9,115,1,Moderate
W004,Guindy Industrial Estate,South-Central,13.0067,80.2025,35.19,23.95,1.82,2588.2,12.36,2.05,4.11,5.0,94.9,Industrial,4,45,0,Low
W001,T. Nagar Commercial Hub,Central,13.0418,80.2341,20.81,3.37,1.2,662.2,6.13,0.78,3.98,49.3,48.2,Commercial,8,90,0,Low
W010,Kolathur Urban Catchment,North-West,13.1235,80.2188,23.4,8.99,0.99,657.3,6.45,1.26,2.64,40.5,51.9,High_Density_Residential,7,85,0,Low
W012,Manali Petrochemical Zone,North-East,13.1706,80.2605,130.71,27.57,3.27,7448.5,3.41,0.47,2.04,68.8,32.6,Industrial,11,135,3,Severe Inundation
W002,Velachery Lowlands,South,12.9815,80.218,134.38,25.45,4.58,7597.5,4.01,0.57,2.18,24.8,78.3,High_Density_Residential,12,140,3,Severe Inundation
W004,Guindy Industrial Estate,South-Central,13.0067,80.2025,324.18,47.63,5.13,16173.6,12.35,2.15,4.06,69.7,36.7,Industrial,4,45,3,Severe Inundation
W001,T. Nagar Commercial Hub,Central,13.0418,80.2341,16.02,8.71,1.35,140.7,6.29,0.68,3.78,85.9,15.2,Commercial,8,90,0,Low
W008,Tambaram Outer Valley,South-West,12.9249,80.1,66.47,19.81,2.04,3318.1,16.37,2.61,3.32,47.2,60.1,Low_Density_Residential,6,70,0,Low
W006,Anna Nagar Residential,West,13.085,80.2101,118.38,34.47,4.08,6090.0,14.2,2.09,4.88,36.4,67.5,Low_Density_Residential,2,25,1,Moderate
W007,Mylapore Heritage Sector,East,13.0368,80.2676,8.33,2.31,0.8,340.5,8.64,1.27,4.46,52.6,55.4,High_Density_Residential,5,55,0,Low
W003,Madipakkam Lake Basin,South,12.9647,80.1961,26.41,8.38,0.56,438.1,3.55,0.61,1.38,42.7,48.7,High_Density_Residential,14,160,0,Low
W007,Mylapore Heritage Sector,East,13.0368,80.2676,70.76,17.94,2.15,2166.1,8.83,1.36,4.7,56.4,39.8,High_Density_Residential,5,55,1,Moderate
W012,Manali Petrochemical Zone,North-East,13.1706,80.2605,52.63,11.01,2.02,1291.5,3.82,0.28,1.64,68.5,28.8,Industrial,11,135,1,Moderate
W004,Guindy Industrial Estate,South-Central,13.0067,80.2025,149.14,26.61,3.32,6875.0,12.53,2.06,4.35,60.1,38.0,Industrial,4,45,2,High
W007,Mylapore Heritage Sector,East,13.0368,80.2676,66.15,24.09,3.32,1435.8,9.13,1.13,4.48,25.9,76.7,High_Density_Residential,5,55,1,Moderate
W009,Perambur Railway Lowlands,North,13.1114,80.2437,20.2,5.54,0.59,179.0,4.61,0.45,2.31,78.4,20.0,Commercial,10,125,0,Low
W010,Kolathur Urban Catchment,North-West,13.1235,80.2188,212.42,65.67,6.78,14904.6,7.19,1.12,3.08,26.6,73.3,High_Density_Residential,7,85,3,Severe Inundation
W008,Tambaram Outer Valley,South-West,12.9249,80.1,297.79,94.67,7.15,11849.2,15.93,3.04,3.2,35.4,58.0,Low_Density_Residential,6,70,3,Severe Inundation
W012,Manali Petrochemical Zone,North-East,13.1706,80.2605,48.35,11.33,2.92,3090.5,3.43,0.56,1.9,5.5,92.8,Industrial,11,135,1,Moderate
W012,Manali Petrochemical Zone,North-East,13.1706,80.2605,24.44,3.44,1.72,126.6,2.96,0.27,2.07,24.2,78.2,Industrial,11,135,0,Low
W001,T. Nagar Commercial Hub,Central,13.0418,80.2341,109.16,41.98,4.61,6582.6,6.45,0.76,4.2,45.1,51.2,Commercial,8,90,3,Severe Inundation
W012,Manali Petrochemical Zone,North-East,13.1706,80.2605,144.87,22.09,4.57,4313.3,2.88,0.45,2.23,24.3,73.0,Industrial,11,135,3,Severe Inundation
W003,Madipakkam Lake Basin,South,12.9647,80.1961,32.21,3.7,0.67,713.4,3.14,0.28,1.84,12.7,79.4,High_Density_Residential,14,160,0,Low
W009,Perambur Railway Lowlands,North,13.1114,80.2437,232.71,66.6,5.01,17532.4,5.04,0.48,2.67,24.7,80.9,Commercial,10,125,3,Severe Inundation
W004,Guindy Industrial Estate,South-Central,13.0067,80.2025,144.75,41.79,3.86,7934.6,12.26,2.14,4.51,54.5,39.3,Industrial,4,45,3,Severe Inundation
W009,Perambur Railway Lowlands,North,13.1114,80.2437,9.43,5.29,0.57,894.8,4.3,0.58,2.3,46.5,55.5,Commercial,10,125,0,Low
W006,Anna Nagar Residential,West,13.085,80.2101,78.37,18.99,1.85,3361.6,14.65,2.41,4.94,67.9,41.6,Low_Density_Residential,2,25,0,Low
W011,Sholinganallur IT Corridor,South-East,12.901,80.2279,20.11,4.07,1.54,989.6,4.35,0.52,3.38,65.2,33.7,Commercial,9,115,0,Low
W008,Tambaram Outer Valley,South-West,12.9249,80.1,42.61,12.86,2.69,3489.5,15.71,2.65,2.84,23.8,79.0,Low_Density_Residential,6,70,0,Low
W009,Perambur Railway Lowlands,North,13.1114,80.2437,29.1,9.54,1.06,202.3,5.22,0.63,2.7,58.7,46.9,Commercial,10,125,0,Low
W007,Mylapore Heritage Sector,East,13.0368,80.2676,69.07,12.65,3.09,2588.7,8.89,1.27,4.48,43.7,59.4,High_Density_Residential,5,55,1,Moderate
W006,Anna Nagar Residential,West,13.085,80.2101,31.02,6.37,1.21,921.9,14.16,2.56,5.12,67.1,35.8,Low_Density_Residential,2,25,0,Low
W003,Madipakkam Lake Basin,South,12.9647,80.1961,79.73,18.58,2.91,876.0,2.95,0.34,2.02,12.0,89.5,High_Density_Residential,14,160,2,High
W008,Tambaram Outer Valley,South-West,12.9249,80.1,68.14,17.57,3.1,1660.1,15.45,2.56,3.0,16.8,83.1,Low_Density_Residential,6,70,0,Low
W009,Perambur Railway Lowlands,North,13.1114,80.2437,70.56,10.94,2.43,1236.9,5.34,0.67,3.02,6.1,91.8,Commercial,10,125,1,Moderate
W006,Anna Nagar Residential,West,13.085,80.2101,25.34,8.38,1.58,679.4,14.94,2.35,5.75,27.3,76.6,Low_Density_Residential,2,25,0,Low
W009,Perambur Railway Lowlands,North,13.1114,80.2437,97.97,34.64,4.82,5278.5,5.27,0.27,2.27,51.8,50.0,Commercial,10,125,3,Severe Inundation
W006,Anna Nagar Residential,West,13.085,80.2101,68.36,14.74,3.2,3311.1,14.05,2.61,4.84,34.5,67.7,Low_Density_Residential,2,25,0,Low
W011,Sholinganallur IT Corridor,South-East,12.901,80.2279,16.63,3.73,1.25,554.1,4.09,0.44,3.35,31.7,73.2,Commercial,9,115,0,Low
W012,Manali Petrochemical Zone,North-East,13.1706,80.2605,115.01,25.1,3.74,4135.6,3.7,0.67,2.03,13.4,86.6,Industrial,11,135,3,Severe Inundation
W011,Sholinganallur IT Corridor,South-East,12.901,80.2279,169.24,23.8,4.52,7591.4,3.89,0.25,3.12,36.3,59.5,Commercial,9,115,3,Severe Inundation
W011,Sholinganallur IT Corridor,South-East,12.901,80.2279,22.7,5.33,1.49,785.3,4.63,0.5,3.28,36.9,62.6,Commercial,9,115,0,Low
W012,Manali Petrochemical Zone,North-East,13.1706,80.2605,32.87,1.92,1.89,177.9,2.95,0.2,1.96,29.8,77.8,Industrial,11,135,0,Low
W005,Adyar Estuary Buffer,Coastal,13.0012,80.2565,141.41,40.73,3.27,5207.9,4.05,0.82,2.86,22.2,73.6,Green_Space,9,110,2,High
W010,Kolathur Urban Catchment,North-West,13.1235,80.2188,171.75,48.85,3.38,7398.2,8.52,1.02,3.33,9.1,89.3,High_Density_Residential,7,85,3,Severe Inundation
W008,Tambaram Outer Valley,South-West,12.9249,80.1,15.68,5.65,0.6,236.0,16.09,2.64,3.05,86.6,11.5,Low_Density_Residential,6,70,0,Low
W004,Guindy Industrial Estate,South-Central,13.0067,80.2025,331.08,94.28,4.84,15159.2,12.39,2.2,3.69,45.0,54.5,Industrial,4,45,3,Severe Inundation
W004,Guindy Industrial Estate,South-Central,13.0067,80.2025,5.59,9.9,1.86,596.9,12.83,2.23,4.47,21.5,73.5,Industrial,4,45,0,Low
W005,Adyar Estuary Buffer,Coastal,13.0012,80.2565,63.17,12.33,2.57,1591.0,4.27,0.65,2.99,32.4,63.7,Green_Space,9,110,0,Low
W009,Perambur Railway Lowlands,North,13.1114,80.2437,6.03,3.67,0.89,755.5,5.16,0.47,2.61,14.7,81.9,Commercial,10,125,0,Low
W005,Adyar Estuary Buffer,Coastal,13.0012,80.2565,175.14,49.02,4.69,6837.0,4.33,0.66,2.69,24.6,76.1,Green_Space,9,110,3,Severe Inundation
W004,Guindy Industrial Estate,South-Central,13.0067,80.2025,178.61,31.93,4.19,5667.6,12.33,2.18,3.73,38.5,63.1,Industrial,4,45,3,Severe Inundation
W005,Adyar Estuary Buffer,Coastal,13.0012,80.2565,155.36,48.57,4.26,3038.3,4.19,0.45,2.59,15.9,85.5,Green_Space,9,110,3,Severe Inundation
W005,Adyar Estuary Buffer,Coastal,13.0012,80.2565,232.92,45.0,6.38,16602.9,4.29,0.57,2.81,80.8,8.5,Green_Space,9,110,3,Severe Inundation
W012,Manali Petrochemical Zone,North-East,13.1706,80.2605,86.47,18.23,2.88,2419.4,3.63,0.3,1.92,44.0,53.8,Industrial,11,135,2,High
W004,Guindy Industrial Estate,South-Central,13.0067,80.2025,316.92,48.19,5.58,16837.8,12.75,1.97,4.41,21.9,69.9,Industrial,4,45,3,Severe Inundation
W012,Manali Petrochemical Zone,North-East,13.1706,80.2605,57.7,11.36,2.58,2670.8,2.63,0.32,1.88,29.7,66.9,Industrial,11,135,1,Moderate
W012,Manali Petrochemical Zone,North-East,13.1706,80.2605,6.14,3.5,1.53,312.8,3.69,0.4,1.97,51.0,46.4,Industrial,11,135,0,Low
W008,Tambaram Outer Valley,South-West,12.9249,80.1,105.89,28.38,4.57,5357.4,16.05,3.13,3.09,28.1,71.3,Low_Density_Residential,6,70,1,Moderate
W006,Anna Nagar Residential,West,13.085,80.2101,32.13,4.11,0.63,519.2,15.44,2.06,4.73,54.1,51.0,Low_Density_Residential,2,25,0,Low
W008,Tambaram Outer Valley,South-West,12.9249,80.1,9.87,1.71,1.26,583.6,15.54,2.95,3.4,42.2,61.1,Low_Density_Residential,6,70,0,Low
W006,Anna Nagar Residential,West,13.085,80.2101,23.06,6.76,0.77,734.4,14.11,2.7,4.78,60.4,38.2,Low_Density_Residential,2,25,0,Low
W009,Perambur Railway Lowlands,North,13.1114,80.2437,25.55,6.59,0.85,889.2,5.03,0.53,2.39,17.1,80.5,Commercial,10,125,0,Low
W012,Manali Petrochemical Zone,North-East,13.1706,80.2605,235.16,71.55,7.32,8373.5,3.73,0.2,1.76,58.6,27.5,Industrial,11,135,3,Severe Inundation
W005,Adyar Estuary Buffer,Coastal,13.0012,80.2565,123.08,32.29,4.23,4013.6,4.93,0.84,3.06,19.6,88.4,Green_Space,9,110,2,High
W005,Adyar Estuary Buffer,Coastal,13.0012,80.2565,83.69,20.75,1.9,1103.8,3.61,0.71,2.71,54.7,47.3,Green_Space,9,110,1,Moderate
W002,Velachery Lowlands,South,12.9815,80.218,50.33,21.56,2.67,959.8,3.93,0.41,2.09,33.6,76.9,High_Density_Residential,12,140,1,Moderate
W010,Kolathur Urban Catchment,North-West,13.1235,80.2188,8.46,3.46,0.94,765.8,7.95,1.03,2.86,5.0,86.0,High_Density_Residential,7,85,0,Low
W011,Sholinganallur IT Corridor,South-East,12.901,80.2279,154.17,44.45,3.56,7975.6,5.06,0.77,3.12,40.6,62.3,Commercial,9,115,3,Severe Inundation
W009,Perambur Railway Lowlands,North,13.1114,80.2437,31.36,6.7,1.16,398.2,4.61,0.69,2.5,42.5,66.6,Commercial,10,125,0,Low
W007,Mylapore Heritage Sector,East,13.0368,80.2676,14.3,6.14,1.05,532.2,8.34,0.96,4.27,58.8,46.3,High_Density_Residential,5,55,0,Low
W007,Mylapore Heritage Sector,East,13.0368,80.2676,43.75,18.44,2.96,1026.5,8.05,1.01,4.43,13.3,92.6,High_Density_Residential,5,55,0,Low
W006,Anna Nagar Residential,West,13.085,80.2101,133.2,22.74,3.57,3939.5,13.52,2.43,5.24,67.8,33.5,Low_Density_Residential,2,25,1,Moderate
W003,Madipakkam Lake Basin,South,12.9647,80.1961,307.97,92.72,5.35,15384.7,3.27,0.2,1.95,21.6,84.1,High_Density_Residential,14,160,3,Severe Inundation
W005,Adyar Estuary Buffer,Coastal,13.0012,80.2565,32.4,9.71,1.6,864.5,3.35,0.57,2.95,45.6,50.0,Green_Space,9,110,0,Low
W001,T. Nagar Commercial Hub,Central,13.0418,80.2341,3.17,7.85,1.0,302.9,6.0,0.86,3.73,70.1,28.0,Commercial,8,90,0,Low
W005,Adyar Estuary Buffer,Coastal,13.0012,80.2565,121.54,32.5,3.67,7383.4,4.12,0.49,2.45,77.6,13.9,Green_Space,9,110,2,High
W012,Manali Petrochemical Zone,North-East,13.1706,80.2605,3.23,2.57,0.88,901.4,3.39,0.42,2.51,46.6,58.1,Industrial,11,135,0,Low
W002,Velachery Lowlands,South,12.9815,80.218,176.16,48.44,3.96,3178.6,3.68,0.37,2.19,44.8,52.5,High_Density_Residential,12,140,3,Severe Inundation
W006,Anna Nagar Residential,West,13.085,80.2101,209.71,85.7,6.27,10960.6,14.62,2.65,4.98,66.8,37.6,Low_Density_Residential,2,25,3,Severe Inundation
W008,Tambaram Outer Valley,South-West,12.9249,80.1,53.49,12.64,2.76,2307.7,15.94,2.88,3.08,72.2,28.8,Low_Density_Residential,6,70,0,Low
W011,Sholinganallur IT Corridor,South-East,12.901,80.2279,11.55,2.16,1.63,553.1,4.76,0.38,3.22,22.7,72.4,Commercial,9,115,0,Low
W005,Adyar Estuary Buffer,Coastal,13.0012,80.2565,9.13,9.35,1.63,940.8,4.6,0.55,3.15,79.9,23.5,Green_Space,9,110,0,Low
W012,Manali Petrochemical Zone,North-East,13.1706,80.2605,8.37,6.47,1.83,926.1,3.0,0.41,2.24,53.8,47.6,Industrial,11,135,1,Moderate
W008,Tambaram Outer Valley,South-West,12.9249,80.1,91.78,48.55,4.16,7760.3,16.42,2.71,3.04,68.7,25.1,Low_Density_Residential,6,70,2,High
W004,Guindy Industrial Estate,South-Central,13.0067,80.2025,34.2,4.83,1.78,166.6,12.21,2.17,3.97,40.5,55.9,Industrial,4,45,0,Low
W004,Guindy Industrial Estate,South-Central,13.0067,80.2025,14.71,3.5,1.18,446.2,12.38,2.13,4.1,33.5,72.5,Industrial,4,45,0,Low
W009,Perambur Railway Lowlands,North,13.1114,80.2437,45.39,10.96,3.01,2722.2,5.06,1.0,2.3,55.1,43.5,Commercial,10,125,2,High
W005,Adyar Estuary Buffer,Coastal,13.0012,80.2565,31.05,6.12,1.62,140.6,4.03,0.63,3.05,20.3,80.9,Green_Space,9,110,0,Low
W009,Perambur Railway Lowlands,North,13.1114,80.2437,24.64,5.8,1.13,496.3,4.89,0.65,2.63,59.6,38.9,Commercial,10,125,0,Low
W012,Manali Petrochemical Zone,North-East,13.1706,80.2605,23.89,4.39,1.98,180.4,3.37,0.45,1.95,57.2,37.0,Industrial,11,135,0,Low
W005,Adyar Estuary Buffer,Coastal,13.0012,80.2565,95.86,32.22,4.55,3019.1,4.25,0.7,2.61,72.7,24.8,Green_Space,9,110,2,High
W003,Madipakkam Lake Basin,South,12.9647,80.1961,191.56,45.75,7.02,11559.3,2.49,0.2,1.78,24.9,73.2,High_Density_Residential,14,160,3,Severe Inundation
W002,Velachery Lowlands,South,12.9815,80.218,121.84,25.87,4.88,4070.9,2.85,0.67,2.39,54.2,52.4,High_Density_Residential,12,140,3,Severe Inundation
W010,Kolathur Urban Catchment,North-West,13.1235,80.2188,12.88,5.29,0.89,438.8,7.93,1.12,3.37,69.6,33.5,High_Density_Residential,7,85,0,Low
W012,Manali Petrochemical Zone,North-East,13.1706,80.2605,26.13,7.48,0.65,235.2,3.32,0.61,2.26,24.7,61.8,Industrial,11,135,0,Low
W010,Kolathur Urban Catchment,North-West,13.1235,80.2188,192.6,51.51,5.03,13153.8,8.09,1.23,2.81,19.0,82.8,High_Density_Residential,7,85,3,Severe Inundation
W004,Guindy Industrial Estate,South-Central,13.0067,80.2025,28.81,6.08,1.26,185.3,12.2,2.06,4.29,64.3,26.5,Industrial,4,45,0,Low
W004,Guindy Industrial Estate,South-Central,13.0067,80.2025,73.62,9.41,3.07,1188.1,11.81,2.1,4.09,29.7,70.7,Industrial,4,45,0,Low
W001,T. Nagar Commercial Hub,Central,13.0418,80.2341,28.22,3.8,1.22,902.7,6.43,0.89,3.94,5.7,81.8,Commercial,8,90,0,Low
W011,Sholinganallur IT Corridor,South-East,12.901,80.2279,266.39,87.05,6.22,15605.9,4.84,0.2,3.48,68.3,25.5,Commercial,9,115,3,Severe Inundation
W009,Perambur Railway Lowlands,North,13.1114,80.2437,12.56,5.49,1.26,430.5,3.89,0.47,2.67,25.1,67.3,Commercial,10,125,0,Low
W004,Guindy Industrial Estate,South-Central,13.0067,80.2025,38.24,23.71,3.24,1874.6,13.01,1.99,4.45,95.0,5.0,Industrial,4,45,1,Moderate
W011,Sholinganallur IT Corridor,South-East,12.901,80.2279,20.92,8.62,1.9,342.0,5.1,0.61,3.16,53.8,52.8,Commercial,9,115,0,Low
W004,Guindy Industrial Estate,South-Central,13.0067,80.2025,57.71,23.64,3.22,3182.6,12.55,2.07,4.22,60.9,30.3,Industrial,4,45,1,Moderate
W001,T. Nagar Commercial Hub,Central,13.0418,80.2341,188.81,92.29,5.23,11458.4,6.84,0.71,3.79,42.5,51.7,Commercial,8,90,3,Severe Inundation
W002,Velachery Lowlands,South,12.9815,80.218,70.76,23.93,1.88,1214.2,3.81,0.25,1.76,38.2,60.1,High_Density_Residential,12,140,1,Moderate
W007,Mylapore Heritage Sector,East,13.0368,80.2676,20.12,7.63,1.73,563.8,8.65,1.27,4.24,39.1,57.9,High_Density_Residential,5,55,0,Low
W006,Anna Nagar Residential,West,13.085,80.2101,93.08,20.57,4.01,6282.7,14.64,2.56,5.07,63.5,36.9,Low_Density_Residential,2,25,1,Moderate
W012,Manali Petrochemical Zone,North-East,13.1706,80.2605,61.22,10.86,3.49,3292.2,3.12,0.56,2.35,12.4,75.4,Industrial,11,135,2,High
W008,Tambaram Outer Valley,South-West,12.9249,80.1,139.76,47.14,3.41,6933.1,15.72,2.57,3.11,33.8,62.7,Low_Density_Residential,6,70,2,High
W002,Velachery Lowlands,South,12.9815,80.218,228.87,75.35,6.97,8895.0,3.4,0.41,2.0,52.3,40.1,High_Density_Residential,12,140,3,Severe Inundation
W011,Sholinganallur IT Corridor,South-East,12.901,80.2279,29.65,6.96,1.12,879.8,4.42,0.41,3.33,20.7,71.7,Commercial,9,115,0,Low
W003,Madipakkam Lake Basin,South,12.9647,80.1961,68.78,14.44,3.0,2948.1,2.63,0.2,1.45,34.5,68.7,High_Density_Residential,14,160,2,High
W001,T. Nagar Commercial Hub,Central,13.0418,80.2341,112.82,26.82,4.81,3897.3,6.32,0.83,3.78,50.1,46.6,Commercial,8,90,3,Severe Inundation
W009,Perambur Railway Lowlands,North,13.1114,80.2437,27.15,1.01,1.16,178.2,4.2,0.6,2.37,45.0,61.5,Commercial,10,125,0,Low
W003,Madipakkam Lake Basin,South,12.9647,80.1961,139.22,25.57,4.68,6915.2,3.41,0.26,1.88,74.1,19.3,High_Density_Residential,14,160,3,Severe Inundation
W007,Mylapore Heritage Sector,East,13.0368,80.2676,3.27,3.56,0.76,511.7,9.12,1.17,4.48,65.8,37.5,High_Density_Residential,5,55,0,Low
W011,Sholinganallur IT Corridor,South-East,12.901,80.2279,24.31,8.6,1.36,367.2,4.81,0.71,3.51,21.8,78.1,Commercial,9,115,0,Low
W008,Tambaram Outer Valley,South-West,12.9249,80.1,34.56,4.02,1.56,963.1,15.7,2.86,2.94,59.1,44.3,Low_Density_Residential,6,70,0,Low
W008,Tambaram Outer Valley,South-West,12.9249,80.1,41.56,14.28,3.42,3368.9,16.81,2.93,3.44,64.7,39.4,Low_Density_Residential,6,70,0,Low
W011,Sholinganallur IT Corridor,South-East,12.901,80.2279,134.75,22.66,4.53,4097.8,3.81,0.49,3.67,11.2,90.2,Commercial,9,115,3,Severe Inundation
W004,Guindy Industrial Estate,South-Central,13.0067,80.2025,76.27,21.61,2.06,2587.0,12.24,2.22,4.36,29.4,66.8,Industrial,4,45,0,Low
W005,Adyar Estuary Buffer,Coastal,13.0012,80.2565,4.76,5.39,0.58,998.6,4.23,0.66,2.86,52.3,52.5,Green_Space,9,110,0,Low
W006,Anna Nagar Residential,West,13.085,80.2101,201.15,52.8,4.91,10233.8,14.31,2.58,4.58,5.0,95.1,Low_Density_Residential,2,25,3,Severe Inundation
W005,Adyar Estuary Buffer,Coastal,13.0012,80.2565,87.65,20.39,2.51,2818.4,4.48,0.51,2.85,38.5,62.1,Green_Space,9,110,1,Moderate
W011,Sholinganallur IT Corridor,South-East,12.901,80.2279,58.07,13.91,2.05,984.9,4.32,0.21,3.22,16.5,83.7,Commercial,9,115,1,Moderate
W001,T. Nagar Commercial Hub,Central,13.0418,80.2341,16.73,4.08,1.79,815.4,5.54,0.8,3.92,44.5,59.6,Commercial,8,90,0,Low
W002,Velachery Lowlands,South,12.9815,80.218,27.87,9.87,0.6,820.9,3.21,0.31,1.77,34.1,77.6,High_Density_Residential,12,140,0,Low
W011,Sholinganallur IT Corridor,South-East,12.901,80.2279,13.7,9.38,1.59,634.8,4.68,0.2,3.47,65.5,33.0,Commercial,9,115,0,Low
W010,Kolathur Urban Catchment,North-West,13.1235,80.2188,20.16,4.44,0.87,987.0,7.05,0.86,3.23,21.1,78.4,High_Density_Residential,7,85,0,Low
W004,Guindy Industrial Estate,South-Central,13.0067,80.2025,12.45,5.25,0.61,589.6,11.91,1.9,4.29,38.5,53.0,Industrial,4,45,0,Low
W009,Perambur Railway Lowlands,North,13.1114,80.2437,45.05,24.21,3.04,3378.7,5.25,0.26,2.59,83.9,11.0,Commercial,10,125,2,High
W012,Manali Petrochemical Zone,North-East,13.1706,80.2605,11.63,1.34,0.71,672.5,3.11,0.65,1.72,15.8,77.9,Industrial,11,135,0,Low
W012,Manali Petrochemical Zone,North-East,13.1706,80.2605,132.25,23.47,4.71,3357.0,2.69,0.2,2.32,29.0,65.1,Industrial,11,135,3,Severe Inundation
W001,T. Nagar Commercial Hub,Central,13.0418,80.2341,134.34,39.03,3.28,3710.2,5.78,1.15,3.99,35.8,51.0,Commercial,8,90,3,Severe Inundation
W003,Madipakkam Lake Basin,South,12.9647,80.1961,30.57,7.51,1.17,932.0,2.58,0.36,1.3,23.4,77.9,High_Density_Residential,14,160,0,Low
W007,Mylapore Heritage Sector,East,13.0368,80.2676,85.96,24.89,2.08,2822.3,8.04,1.55,4.44,11.1,80.8,High_Density_Residential,5,55,1,Moderate
W003,Madipakkam Lake Basin,South,12.9647,80.1961,93.3,42.96,3.24,5586.4,2.21,0.53,1.77,57.4,32.1,High_Density_Residential,14,160,3,Severe Inundation
W001,T. Nagar Commercial Hub,Central,13.0418,80.2341,5.95,3.66,1.19,529.8,5.47,0.96,4.12,27.9,79.9,Commercial,8,90,0,Low
W007,Mylapore Heritage Sector,East,13.0368,80.2676,168.07,21.78,3.77,4593.6,8.58,1.1,4.39,84.8,12.7,High_Density_Residential,5,55,3,Severe Inundation
W008,Tambaram Outer Valley,South-West,12.9249,80.1,2.53,7.44,1.1,120.4,16.31,2.76,3.07,44.2,51.2,Low_Density_Residential,6,70,0,Low
W003,Madipakkam Lake Basin,South,12.9647,80.1961,14.02,1.78,0.97,332.9,3.31,0.47,1.62,49.5,44.0,High_Density_Residential,14,160,0,Low
W012,Manali Petrochemical Zone,North-East,13.1706,80.2605,247.22,50.71,6.06,9436.5,2.92,0.26,1.82,55.7,52.1,Industrial,11,135,3,Severe Inundation
W005,Adyar Estuary Buffer,Coastal,13.0012,80.2565,37.25,19.13,3.06,3121.9,3.65,0.69,2.95,79.3,18.9,Green_Space,9,110,1,Moderate
W001,T. Nagar Commercial Hub,Central,13.0418,80.2341,26.37,1.24,1.79,501.6,6.97,0.7,4.32,10.2,95.3,Commercial,8,90,0,Low
W001,T. Nagar Commercial Hub,Central,13.0418,80.2341,219.16,50.4,7.31,9736.9,7.34,0.68,3.63,26.9,74.4,Commercial,8,90,3,Severe Inundation
W005,Adyar Estuary Buffer,Coastal,13.0012,80.2565,30.58,5.61,1.27,436.6,3.98,0.49,3.07,76.8,22.2,Green_Space,9,110,0,Low
W010,Kolathur Urban Catchment,North-West,13.1235,80.2188,152.6,28.45,3.66,4984.6,8.13,0.89,3.12,59.1,36.1,High_Density_Residential,7,85,3,Severe Inundation
W010,Kolathur Urban Catchment,North-West,13.1235,80.2188,13.18,3.33,1.77,763.9,7.89,1.24,3.13,13.6,85.6,High_Density_Residential,7,85,0,Low
W002,Velachery Lowlands,South,12.9815,80.218,52.41,20.52,2.19,2410.8,3.67,0.24,2.03,43.5,45.6,High_Density_Residential,12,140,2,High
W006,Anna Nagar Residential,West,13.085,80.2101,76.5,8.31,2.73,2093.7,14.55,2.64,4.91,49.2,60.4,Low_Density_Residential,2,25,0,Low
W005,Adyar Estuary Buffer,Coastal,13.0012,80.2565,32.58,7.82,1.59,139.6,3.68,0.99,2.81,40.0,53.2,Green_Space,9,110,0,Low
W008,Tambaram Outer Valley,South-West,12.9249,80.1,107.81,27.16,4.26,7899.7,16.08,2.67,3.03,68.9,32.8,Low_Density_Residential,6,70,2,High
W011,Sholinganallur IT Corridor,South-East,12.901,80.2279,102.48,29.02,4.91,5765.4,5.31,0.53,3.35,56.6,45.8,Commercial,9,115,3,Severe Inundation
W009,Perambur Railway Lowlands,North,13.1114,80.2437,85.32,11.0,2.85,934.4,4.92,0.33,2.28,37.7,60.5,Commercial,10,125,2,High
W009,Perambur Railway Lowlands,North,13.1114,80.2437,18.12,9.28,1.62,858.0,4.4,0.43,2.63,70.4,27.9,Commercial,10,125,0,Low
W008,Tambaram Outer Valley,South-West,12.9249,80.1,72.22,17.38,2.16,2102.2,16.14,2.79,3.17,38.6,49.5,Low_Density_Residential,6,70,0,Low
W003,Madipakkam Lake Basin,South,12.9647,80.1961,65.89,8.15,2.35,2875.4,2.64,0.52,1.47,33.9,63.7,High_Density_Residential,14,160,2,High
W009,Perambur Railway Lowlands,North,13.1114,80.2437,18.28,4.97,1.67,472.0,4.76,0.46,2.73,46.3,53.6,Commercial,10,125,0,Low
W008,Tambaram Outer Valley,South-West,12.9249,80.1,56.44,9.87,2.01,1283.5,14.9,2.7,3.4,45.1,55.4,Low_Density_Residential,6,70,0,Low
W005,Adyar Estuary Buffer,Coastal,13.0012,80.2565,186.26,59.55,4.94,13482.3,4.08,0.45,2.81,19.0,77.3,Green_Space,9,110,3,Severe Inundation
W004,Guindy Industrial Estate,South-Central,13.0067,80.2025,5.16,8.63,1.47,242.1,12.55,2.26,4.12,44.8,57.4,Industrial,4,45,0,Low
W002,Velachery Lowlands,South,12.9815,80.218,140.49,23.48,4.98,5450.2,3.55,0.4,2.32,23.4,72.5,High_Density_Residential,12,140,3,Severe Inundation
W006,Anna Nagar Residential,West,13.085,80.2101,49.03,21.43,2.06,2606.0,14.79,2.47,5.14,58.3,50.2,Low_Density_Residential,2,25,0,Low
W003,Madipakkam Lake Basin,South,12.9647,80.1961,51.97,10.48,2.38,2514.2,2.52,0.37,1.99,15.6,78.1,High_Density_Residential,14,160,1,Moderate
W012,Manali Petrochemical Zone,North-East,13.1706,80.2605,14.11,2.11,1.46,702.2,3.25,0.48,1.94,74.0,28.6,Industrial,11,135,0,Low
W008,Tambaram Outer Valley,South-West,12.9249,80.1,28.65,6.48,1.6,980.3,16.01,2.59,2.89,16.4,87.3,Low_Density_Residential,6,70,0,Low
W011,Sholinganallur IT Corridor,South-East,12.901,80.2279,2.79,2.37,1.82,110.8,4.15,0.61,3.35,47.2,51.5,Commercial,9,115,0,Low
W005,Adyar Estuary Buffer,Coastal,13.0012,80.2565,14.41,5.47,1.04,691.3,4.03,0.68,2.65,71.8,30.0,Green_Space,9,110,0,Low
W012,Manali Petrochemical Zone,North-East,13.1706,80.2605,49.43,16.03,2.56,1365.6,1.9,0.32,2.3,51.0,50.4,Industrial,11,135,2,High
W003,Madipakkam Lake Basin,South,12.9647,80.1961,193.73,61.96,6.17,14703.1,2.96,0.35,1.86,23.0,72.4,High_Density_Residential,14,160,3,Severe Inundation
W001,T. Nagar Commercial Hub,Central,13.0418,80.2341,235.58,90.25,7.36,17464.4,6.4,0.68,3.99,83.5,12.1,Commercial,8,90,3,Severe Inundation
W012,Manali Petrochemical Zone,North-East,13.1706,80.2605,9.83,6.1,0.62,692.4,2.81,0.48,1.96,45.0,50.4,Industrial,11,135,0,Low
W006,Anna Nagar Residential,West,13.085,80.2101,71.76,19.31,1.84,2030.4,14.86,2.67,5.26,6.8,89.8,Low_Density_Residential,2,25,0,Low
W005,Adyar Estuary Buffer,Coastal,13.0012,80.2565,24.53,6.43,0.82,895.7,3.67,0.58,3.07,67.9,32.1,Green_Space,9,110,0,Low
W010,Kolathur Urban Catchment,North-West,13.1235,80.2188,226.87,51.78,6.03,17594.0,7.52,1.31,2.89,61.0,43.8,High_Density_Residential,7,85,3,Severe Inundation
W011,Sholinganallur IT Corridor,South-East,12.901,80.2279,179.6,25.16,3.91,7048.2,4.3,0.44,3.24,13.3,81.8,Commercial,9,115,3,Severe Inundation
W004,Guindy Industrial Estate,South-Central,13.0067,80.2025,8.61,4.91,1.14,467.9,12.3,2.19,4.15,30.0,69.0,Industrial,4,45,0,Low
W003,Madipakkam Lake Basin,South,12.9647,80.1961,21.86,8.79,1.59,697.8,2.9,0.27,1.82,42.5,62.6,High_Density_Residential,14,160,1,Moderate
W010,Kolathur Urban Catchment,North-West,13.1235,80.2188,61.74,15.14,3.36,825.7,7.8,1.0,3.18,11.6,91.8,High_Density_Residential,7,85,1,Moderate
W011,Sholinganallur IT Corridor,South-East,12.901,80.2279,84.28,24.44,2.6,1401.2,4.61,0.5,3.06,77.2,26.8,Commercial,9,115,2,High
W007,Mylapore Heritage Sector,East,13.0368,80.2676,107.97,21.04,4.73,4933.8,8.8,1.02,4.85,35.7,64.2,High_Density_Residential,5,55,2,High
W007,Mylapore Heritage Sector,East,13.0368,80.2676,30.9,9.39,1.1,375.2,8.78,1.14,4.64,46.2,55.4,High_Density_Residential,5,55,0,Low
W009,Perambur Railway Lowlands,North,13.1114,80.2437,187.61,68.98,6.04,9033.6,4.61,0.73,2.36,16.0,86.6,Commercial,10,125,3,Severe Inundation
W006,Anna Nagar Residential,West,13.085,80.2101,308.28,94.02,6.82,14446.0,14.75,2.54,4.76,46.0,53.0,Low_Density_Residential,2,25,3,Severe Inundation
W002,Velachery Lowlands,South,12.9815,80.218,10.46,1.31,0.64,633.4,3.96,0.38,2.32,64.8,41.7,High_Density_Residential,12,140,0,Low
W007,Mylapore Heritage Sector,East,13.0368,80.2676,34.27,1.69,1.26,357.7,7.95,1.49,4.64,29.2,67.2,High_Density_Residential,5,55,0,Low
W011,Sholinganallur IT Corridor,South-East,12.901,80.2279,31.47,6.43,0.78,733.4,4.49,0.42,3.35,62.5,36.1,Commercial,9,115,0,Low
W002,Velachery Lowlands,South,12.9815,80.218,55.13,15.8,2.34,2452.9,3.68,0.24,1.9,66.6,36.3,High_Density_Residential,12,140,2,High
W003,Madipakkam Lake Basin,South,12.9647,80.1961,17.52,9.28,0.9,587.7,2.56,0.2,1.97,56.9,45.3,High_Density_Residential,14,160,0,Low
W003,Madipakkam Lake Basin,South,12.9647,80.1961,69.61,9.57,3.09,2260.0,2.85,0.36,1.34,57.7,42.5,High_Density_Residential,14,160,2,High
W008,Tambaram Outer Valley,South-West,12.9249,80.1,169.19,41.1,3.73,3953.5,16.14,2.75,3.05,87.0,20.3,Low_Density_Residential,6,70,2,High
W006,Anna Nagar Residential,West,13.085,80.2101,106.85,47.59,4.62,6133.9,14.4,2.56,4.88,25.3,75.5,Low_Density_Residential,2,25,2,High
W004,Guindy Industrial Estate,South-Central,13.0067,80.2025,27.04,7.02,0.99,141.2,12.22,2.18,4.08,13.3,89.4,Industrial,4,45,0,Low
W001,T. Nagar Commercial Hub,Central,13.0418,80.2341,47.93,24.57,2.21,3182.7,6.41,0.66,3.83,46.7,53.5,Commercial,8,90,1,Moderate
W005,Adyar Estuary Buffer,Coastal,13.0012,80.2565,48.9,21.9,1.96,2702.9,3.46,0.36,3.15,45.5,57.1,Green_Space,9,110,0,Low
W007,Mylapore Heritage Sector,East,13.0368,80.2676,59.0,17.6,2.58,3245.7,8.12,1.18,4.1,47.4,48.8,High_Density_Residential,5,55,1,Moderate
W004,Guindy Industrial Estate,South-Central,13.0067,80.2025,335.4,56.48,6.14,10224.5,12.39,2.05,3.95,66.7,37.1,Industrial,4,45,3,Severe Inundation
W008,Tambaram Outer Valley,South-West,12.9249,80.1,25.32,4.32,1.7,250.5,16.19,2.67,3.27,39.9,59.5,Low_Density_Residential,6,70,0,Low
W005,Adyar Estuary Buffer,Coastal,13.0012,80.2565,138.35,37.18,4.99,3762.6,4.15,0.52,3.15,55.3,45.5,Green_Space,9,110,3,Severe Inundation
W006,Anna Nagar Residential,West,13.085,80.2101,19.48,4.23,0.92,596.4,14.9,2.76,4.78,35.3,60.5,Low_Density_Residential,2,25,0,Low
W005,Adyar Estuary Buffer,Coastal,13.0012,80.2565,5.37,2.85,0.76,313.7,4.11,0.58,3.05,37.3,62.1,Green_Space,9,110,0,Low
W010,Kolathur Urban Catchment,North-West,13.1235,80.2188,9.91,1.92,1.02,680.6,7.15,1.12,3.12,25.1,69.8,High_Density_Residential,7,85,0,Low
W012,Manali Petrochemical Zone,North-East,13.1706,80.2605,89.54,24.39,2.02,3253.6,2.71,0.31,1.91,14.2,83.6,Industrial,11,135,2,High
W010,Kolathur Urban Catchment,North-West,13.1235,80.2188,138.05,43.6,3.48,6190.7,8.09,1.21,3.09,72.8,24.9,High_Density_Residential,7,85,3,Severe Inundation
W001,T. Nagar Commercial Hub,Central,13.0418,80.2341,78.51,9.21,2.88,1203.2,5.97,0.61,3.65,28.3,77.9,Commercial,8,90,1,Moderate
W005,Adyar Estuary Buffer,Coastal,13.0012,80.2565,49.84,18.55,3.43,2423.1,4.34,0.63,2.85,41.4,51.3,Green_Space,9,110,1,Moderate
W011,Sholinganallur IT Corridor,South-East,12.901,80.2279,12.56,2.21,1.71,298.6,4.26,0.46,3.63,42.1,59.1,Commercial,9,115,0,Low
W006,Anna Nagar Residential,West,13.085,80.2101,171.01,28.66,3.78,3504.4,14.2,2.64,5.35,52.5,49.5,Low_Density_Residential,2,25,2,High
W012,Manali Petrochemical Zone,North-East,13.1706,80.2605,11.1,2.37,1.9,259.1,3.3,0.37,2.02,33.3,65.7,Industrial,11,135,0,Low
W004,Guindy Industrial Estate,South-Central,13.0067,80.2025,42.02,8.57,2.34,1272.1,11.93,2.09,4.02,46.5,51.2,Industrial,4,45,0,Low
W001,T. Nagar Commercial Hub,Central,13.0418,80.2341,131.02,20.88,3.68,6644.5,6.01,0.38,3.82,42.1,57.8,Commercial,8,90,3,Severe Inundation
W011,Sholinganallur IT Corridor,South-East,12.901,80.2279,18.85,6.46,0.8,803.4,4.6,0.5,3.06,42.3,49.1,Commercial,9,115,0,Low
W002,Velachery Lowlands,South,12.9815,80.218,74.54,18.53,2.32,1604.4,3.85,0.3,2.0,42.9,61.8,High_Density_Residential,12,140,2,High
W008,Tambaram Outer Valley,South-West,12.9249,80.1,83.03,17.25,2.55,2988.0,16.23,2.74,3.39,53.0,54.6,Low_Density_Residential,6,70,0,Low
W005,Adyar Estuary Buffer,Coastal,13.0012,80.2565,62.42,21.29,2.28,1587.0,4.06,0.53,3.34,35.0,68.0,Green_Space,9,110,1,Moderate
W003,Madipakkam Lake Basin,South,12.9647,80.1961,56.4,12.18,3.08,2526.5,3.04,0.21,1.87,42.0,57.6,High_Density_Residential,14,160,2,High
W007,Mylapore Heritage Sector,East,13.0368,80.2676,68.36,13.62,3.37,1529.2,8.14,1.19,4.74,45.7,55.5,High_Density_Residential,5,55,1,Moderate
W011,Sholinganallur IT Corridor,South-East,12.901,80.2279,26.44,2.27,1.75,712.9,3.87,0.31,3.45,56.0,34.9,Commercial,9,115,0,Low
W009,Perambur Railway Lowlands,North,13.1114,80.2437,9.53,5.98,1.63,890.1,4.86,0.54,2.24,28.4,72.1,Commercial,10,125,0,Low
W012,Manali Petrochemical Zone,North-East,13.1706,80.2605,331.95,93.99,7.23,17851.9,3.46,0.57,2.04,40.9,59.7,Industrial,11,135,3,Severe Inundation
W005,Adyar Estuary Buffer,Coastal,13.0012,80.2565,159.28,35.71,3.59,7633.4,3.8,0.73,2.85,18.1,86.8,Green_Space,9,110,2,High
W012,Manali Petrochemical Zone,North-East,13.1706,80.2605,31.61,3.92,1.27,757.9,3.02,0.3,2.1,14.8,84.4,Industrial,11,135,0,Low
W002,Velachery Lowlands,South,12.9815,80.218,4.91,6.31,1.93,853.9,3.8,0.53,2.08,37.4,57.9,High_Density_Residential,12,140,0,Low
W011,Sholinganallur IT Corridor,South-East,12.901,80.2279,23.42,5.19,1.9,244.8,4.8,0.65,3.44,43.4,54.9,Commercial,9,115,0,Low
W005,Adyar Estuary Buffer,Coastal,13.0012,80.2565,59.7,11.45,2.8,2330.1,3.74,0.61,2.91,31.8,58.1,Green_Space,9,110,1,Moderate
W006,Anna Nagar Residential,West,13.085,80.2101,205.79,46.18,5.39,13694.5,14.36,2.57,5.44,43.8,62.7,Low_Density_Residential,2,25,3,Severe Inundation
W010,Kolathur Urban Catchment,North-West,13.1235,80.2188,35.86,19.72,3.21,1030.1,7.31,1.07,3.07,52.6,45.3,High_Density_Residential,7,85,1,Moderate
W004,Guindy Industrial Estate,South-Central,13.0067,80.2025,102.89,33.04,3.66,6448.0,12.57,2.31,4.25,32.4,61.3,Industrial,4,45,2,High
W004,Guindy Industrial Estate,South-Central,13.0067,80.2025,9.42,8.4,1.06,160.4,12.33,2.24,4.26,20.7,66.0,Industrial,4,45,0,Low
W003,Madipakkam Lake Basin,South,12.9647,80.1961,7.07,1.56,0.88,344.0,2.99,0.2,1.92,60.8,40.7,High_Density_Residential,14,160,0,Low
W008,Tambaram Outer Valley,South-West,12.9249,80.1,33.71,7.24,0.73,972.2,16.41,2.77,2.99,90.7,5.8,Low_Density_Residential,6,70,0,Low
W003,Madipakkam Lake Basin,South,12.9647,80.1961,11.87,9.15,1.46,927.8,2.44,0.31,1.87,42.8,52.5,High_Density_Residential,14,160,0,Low
W008,Tambaram Outer Valley,South-West,12.9249,80.1,101.55,41.79,4.15,4929.2,16.54,2.88,3.23,38.1,62.6,Low_Density_Residential,6,70,1,Moderate
W012,Manali Petrochemical Zone,North-East,13.1706,80.2605,76.1,24.01,2.77,2944.3,3.21,0.24,2.15,67.9,38.0,Industrial,11,135,2,High
W010,Kolathur Urban Catchment,North-West,13.1235,80.2188,83.67,11.59,2.23,2519.8,7.86,1.29,2.98,19.2,78.2,High_Density_Residential,7,85,0,Low
W006,Anna Nagar Residential,West,13.085,80.2101,29.29,1.37,1.53,833.0,14.4,2.46,4.61,36.1,65.5,Low_Density_Residential,2,25,0,Low
W007,Mylapore Heritage Sector,East,13.0368,80.2676,189.19,48.0,6.3,17580.8,8.23,1.03,4.58,45.7,54.5,High_Density_Residential,5,55,3,Severe Inundation
W012,Manali Petrochemical Zone,North-East,13.1706,80.2605,4.88,6.43,1.28,564.9,3.38,0.4,1.98,28.6,73.4,Industrial,11,135,0,Low
W009,Perambur Railway Lowlands,North,13.1114,80.2437,188.61,77.08,7.09,8829.5,4.29,0.71,2.57,55.0,48.9,Commercial,10,125,3,Severe Inundation
W008,Tambaram Outer Valley,South-West,12.9249,80.1,50.09,12.85,3.04,2490.3,16.42,3.07,3.26,62.4,39.0,Low_Density_Residential,6,70,0,Low
W009,Perambur Railway Lowlands,North,13.1114,80.2437,27.16,1.96,0.91,804.5,5.06,0.44,2.58,32.8,60.1,Commercial,10,125,0,Low
W011,Sholinganallur IT Corridor,South-East,12.901,80.2279,21.32,8.15,1.81,485.7,4.17,0.72,3.19,31.1,77.8,Commercial,9,115,0,Low
W004,Guindy Industrial Estate,South-Central,13.0067,80.2025,41.14,10.82,3.33,1414.0,12.76,2.35,4.12,47.3,52.9,Industrial,4,45,0,Low
W004,Guindy Industrial Estate,South-Central,13.0067,80.2025,83.14,18.96,3.1,2972.1,12.23,2.26,4.52,27.4,69.9,Industrial,4,45,1,Moderate
W011,Sholinganallur IT Corridor,South-East,12.901,80.2279,48.73,19.83,3.46,2965.2,4.95,0.8,3.38,13.6,89.6,Commercial,9,115,2,High
W010,Kolathur Urban Catchment,North-West,13.1235,80.2188,48.83,14.48,2.44,2729.7,7.86,1.26,2.92,33.0,69.6,High_Density_Residential,7,85,0,Low
W002,Velachery Lowlands,South,12.9815,80.218,57.43,23.72,2.48,1629.9,3.31,0.34,1.83,26.5,77.9,High_Density_Residential,12,140,2,High
W009,Perambur Railway Lowlands,North,13.1114,80.2437,86.98,14.81,2.07,984.6,5.19,0.54,2.45,88.3,10.1,Commercial,10,125,2,High
W008,Tambaram Outer Valley,South-West,12.9249,80.1,40.51,10.3,2.67,2483.3,16.15,2.58,3.19,25.9,67.2,Low_Density_Residential,6,70,0,Low
W009,Perambur Railway Lowlands,North,13.1114,80.2437,153.48,32.63,3.36,3057.8,5.47,0.4,2.25,21.1,80.1,Commercial,10,125,3,Severe Inundation
W012,Manali Petrochemical Zone,North-East,13.1706,80.2605,133.6,22.52,3.87,5122.3,3.23,0.48,2.15,50.0,52.4,Industrial,11,135,3,Severe Inundation
W006,Anna Nagar Residential,West,13.085,80.2101,16.86,2.88,1.64,542.7,13.61,2.42,4.75,47.2,45.3,Low_Density_Residential,2,25,0,Low
W002,Velachery Lowlands,South,12.9815,80.218,128.51,38.36,4.31,6034.9,4.01,0.44,2.09,19.2,76.4,High_Density_Residential,12,140,3,Severe Inundation
W010,Kolathur Urban Catchment,North-West,13.1235,80.2188,104.19,33.6,3.92,6914.9,8.1,1.12,2.97,13.9,88.0,High_Density_Residential,7,85,2,High
W002,Velachery Lowlands,South,12.9815,80.218,53.01,19.64,1.91,927.5,3.05,0.32,2.1,39.6,59.3,High_Density_Residential,12,140,1,Moderate
W001,T. Nagar Commercial Hub,Central,13.0418,80.2341,30.0,9.68,0.92,286.4,6.63,0.73,3.92,32.5,62.0,Commercial,8,90,0,Low
W009,Perambur Railway Lowlands,North,13.1114,80.2437,81.0,21.77,1.94,2049.0,5.58,0.41,2.6,5.0,93.5,Commercial,10,125,1,Moderate
W009,Perambur Railway Lowlands,North,13.1114,80.2437,69.37,15.63,2.15,1156.9,4.92,0.92,2.75,44.9,70.9,Commercial,10,125,1,Moderate
W004,Guindy Industrial Estate,South-Central,13.0067,80.2025,41.09,20.83,2.97,1865.8,11.97,2.04,4.18,30.2,74.3,Industrial,4,45,0,Low
W010,Kolathur Urban Catchment,North-West,13.1235,80.2188,19.29,7.03,1.78,723.3,7.25,1.3,3.0,30.0,65.3,High_Density_Residential,7,85,0,Low
W009,Perambur Railway Lowlands,North,13.1114,80.2437,125.03,21.46,4.34,6356.1,4.84,0.68,2.4,54.5,52.4,Commercial,10,125,3,Severe Inundation
W003,Madipakkam Lake Basin,South,12.9647,80.1961,37.81,12.3,2.13,3439.0,2.93,0.25,1.77,62.9,30.8,High_Density_Residential,14,160,1,Moderate
W003,Madipakkam Lake Basin,South,12.9647,80.1961,27.47,5.22,1.75,303.5,2.5,0.35,1.64,33.8,71.1,High_Density_Residential,14,160,1,Moderate
W006,Anna Nagar Residential,West,13.085,80.2101,113.26,30.96,3.44,7624.4,14.83,2.2,4.73,33.2,58.0,Low_Density_Residential,2,25,1,Moderate
W009,Perambur Railway Lowlands,North,13.1114,80.2437,22.44,6.75,1.98,702.2,5.35,0.5,2.8,26.6,77.5,Commercial,10,125,0,Low
W008,Tambaram Outer Valley,South-West,12.9249,80.1,5.81,8.65,1.54,466.8,15.82,2.6,3.12,48.3,52.9,Low_Density_Residential,6,70,0,Low
W002,Velachery Lowlands,South,12.9815,80.218,74.83,14.88,3.45,2674.9,3.45,0.35,2.55,16.8,85.3,High_Density_Residential,12,140,2,High
W011,Sholinganallur IT Corridor,South-East,12.901,80.2279,86.69,22.29,3.4,3408.5,4.23,0.41,3.41,5.0,96.7,Commercial,9,115,2,High
W004,Guindy Industrial Estate,South-Central,13.0067,80.2025,12.43,9.98,0.84,282.3,13.01,2.19,4.33,5.0,89.5,Industrial,4,45,0,Low
W012,Manali Petrochemical Zone,North-East,13.1706,80.2605,12.32,6.52,0.6,110.8,2.62,0.38,2.3,40.4,66.2,Industrial,11,135,0,Low
W010,Kolathur Urban Catchment,North-West,13.1235,80.2188,30.27,9.9,0.68,686.0,8.11,1.03,3.15,10.8,87.3,High_Density_Residential,7,85,0,Low
W008,Tambaram Outer Valley,South-West,12.9249,80.1,86.47,20.3,2.05,1979.8,17.09,2.7,2.87,25.1,70.4,Low_Density_Residential,6,70,0,Low
W002,Velachery Lowlands,South,12.9815,80.218,114.31,20.94,4.61,7344.6,2.77,0.39,1.95,7.8,98.1,High_Density_Residential,12,140,3,Severe Inundation
W009,Perambur Railway Lowlands,North,13.1114,80.2437,32.1,3.97,1.6,176.2,4.69,0.56,2.23,28.5,74.1,Commercial,10,125,0,Low
W008,Tambaram Outer Valley,South-West,12.9249,80.1,19.91,8.96,1.8,626.5,16.61,2.78,2.86,30.7,78.5,Low_Density_Residential,6,70,0,Low
W001,T. Nagar Commercial Hub,Central,13.0418,80.2341,29.54,3.47,1.24,443.0,5.99,1.01,3.43,37.2,60.1,Commercial,8,90,0,Low
W008,Tambaram Outer Valley,South-West,12.9249,80.1,26.92,8.61,1.95,609.2,15.76,3.09,3.24,6.2,96.9,Low_Density_Residential,6,70,0,Low
W003,Madipakkam Lake Basin,South,12.9647,80.1961,40.95,23.86,3.4,1993.0,3.02,0.34,1.45,29.5,67.1,High_Density_Residential,14,160,2,High
W009,Perambur Railway Lowlands,North,13.1114,80.2437,28.51,5.5,0.92,381.8,4.76,0.55,2.54,60.0,44.9,Commercial,10,125,0,Low
W007,Mylapore Heritage Sector,East,13.0368,80.2676,20.19,3.37,0.93,213.1,8.03,1.16,4.37,5.0,88.2,High_Density_Residential,5,55,0,Low
W008,Tambaram Outer Valley,South-West,12.9249,80.1,146.18,45.87,3.49,4903.3,15.9,2.75,3.46,57.0,34.6,Low_Density_Residential,6,70,2,High
W010,Kolathur Urban Catchment,North-West,13.1235,80.2188,13.12,9.38,1.96,380.8,8.36,0.91,3.29,50.7,56.4,High_Density_Residential,7,85,0,Low
W001,T. Nagar Commercial Hub,Central,13.0418,80.2341,26.74,9.8,1.21,242.7,5.9,0.78,4.08,38.8,70.1,Commercial,8,90,0,Low
W009,Perambur Railway Lowlands,North,13.1114,80.2437,223.16,51.51,5.95,7777.4,4.99,0.45,2.3,44.6,50.0,Commercial,10,125,3,Severe Inundation
W008,Tambaram Outer Valley,South-West,12.9249,80.1,69.1,11.21,3.17,1336.0,16.0,2.77,3.71,55.8,38.5,Low_Density_Residential,6,70,0,Low
W011,Sholinganallur IT Corridor,South-East,12.901,80.2279,49.05,14.56,2.62,1420.0,4.37,0.62,3.33,41.5,48.0,Commercial,9,115,1,Moderate
W005,Adyar Estuary Buffer,Coastal,13.0012,80.2565,16.24,7.21,0.63,739.5,4.34,0.6,2.96,27.3,84.8,Green_Space,9,110,0,Low
W012,Manali Petrochemical Zone,North-East,13.1706,80.2605,49.17,18.81,3.3,2330.9,3.26,0.66,1.97,37.9,64.5,Industrial,11,135,2,High
W001,T. Nagar Commercial Hub,Central,13.0418,80.2341,24.53,1.68,0.72,878.1,6.23,0.95,3.99,64.3,32.2,Commercial,8,90,0,Low
W007,Mylapore Heritage Sector,East,13.0368,80.2676,26.94,7.55,0.71,552.0,8.95,1.09,4.36,54.8,39.4,High_Density_Residential,5,55,0,Low
W005,Adyar Estuary Buffer,Coastal,13.0012,80.2565,50.13,20.68,2.99,1056.3,3.92,0.95,3.15,54.1,48.4,Green_Space,9,110,1,Moderate
W001,T. Nagar Commercial Hub,Central,13.0418,80.2341,30.51,8.6,1.44,345.8,6.43,0.57,3.89,37.3,62.8,Commercial,8,90,0,Low
W012,Manali Petrochemical Zone,North-East,13.1706,80.2605,108.7,32.63,3.66,3066.8,2.92,0.58,1.85,43.6,62.4,Industrial,11,135,3,Severe Inundation
W004,Guindy Industrial Estate,South-Central,13.0067,80.2025,143.94,27.3,4.82,5904.2,12.58,2.02,4.32,37.2,56.1,Industrial,4,45,3,Severe Inundation
W010,Kolathur Urban Catchment,North-West,13.1235,80.2188,42.05,23.63,2.1,2812.9,7.39,0.99,3.17,58.2,39.9,High_Density_Residential,7,85,1,Moderate
W002,Velachery Lowlands,South,12.9815,80.218,28.14,4.23,1.1,358.8,3.9,0.37,2.03,9.4,89.5,High_Density_Residential,12,140,0,Low
W001,T. Nagar Commercial Hub,Central,13.0418,80.2341,44.37,9.99,2.57,2368.0,5.92,0.9,4.01,24.0,81.8,Commercial,8,90,0,Low
W007,Mylapore Heritage Sector,East,13.0368,80.2676,3.76,1.46,1.5,267.6,8.89,1.02,4.49,8.6,93.8,High_Density_Residential,5,55,0,Low
W006,Anna Nagar Residential,West,13.085,80.2101,136.36,25.4,4.43,7603.2,14.31,2.46,4.71,50.2,51.8,Low_Density_Residential,2,25,2,High
W012,Manali Petrochemical Zone,North-East,13.1706,80.2605,14.45,6.92,1.2,950.1,3.43,0.2,1.95,18.4,79.7,Industrial,11,135,0,Low
W002,Velachery Lowlands,South,12.9815,80.218,32.18,4.47,1.66,990.6,3.23,0.79,2.17,16.1,78.3,High_Density_Residential,12,140,0,Low
W009,Perambur Railway Lowlands,North,13.1114,80.2437,109.83,43.39,3.86,6144.0,5.17,0.43,2.48,31.3,64.9,Commercial,10,125,3,Severe Inundation
W001,T. Nagar Commercial Hub,Central,13.0418,80.2341,144.52,33.7,3.88,4658.0,6.22,0.81,3.75,21.8,78.1,Commercial,8,90,3,Severe Inundation
W002,Velachery Lowlands,South,12.9815,80.218,284.7,63.12,6.12,16082.6,2.82,0.53,2.1,15.7,90.0,High_Density_Residential,12,140,3,Severe Inundation
W008,Tambaram Outer Valley,South-West,12.9249,80.1,97.24,21.3,4.64,6560.8,16.2,2.94,3.14,14.5,79.4,Low_Density_Residential,6,70,1,Moderate
W001,T. Nagar Commercial Hub,Central,13.0418,80.2341,116.36,20.97,3.25,7713.9,6.87,0.69,3.95,13.0,88.0,Commercial,8,90,2,High
W005,Adyar Estuary Buffer,Coastal,13.0012,80.2565,26.4,1.77,0.77,234.3,4.16,0.65,3.01,63.8,45.2,Green_Space,9,110,0,Low
W007,Mylapore Heritage Sector,East,13.0368,80.2676,312.66,54.89,5.45,8183.5,8.97,1.1,4.35,10.6,91.2,High_Density_Residential,5,55,3,Severe Inundation
W003,Madipakkam Lake Basin,South,12.9647,80.1961,322.42,51.42,6.08,17932.7,2.9,0.2,1.95,41.5,64.2,High_Density_Residential,14,160,3,Severe Inundation
W003,Madipakkam Lake Basin,South,12.9647,80.1961,334.69,84.47,6.12,9213.2,2.86,0.2,1.63,31.0,64.8,High_Density_Residential,14,160,3,Severe Inundation
W011,Sholinganallur IT Corridor,South-East,12.901,80.2279,169.43,22.58,4.98,6226.2,4.44,0.45,3.54,30.7,73.6,Commercial,9,115,3,Severe Inundation
W012,Manali Petrochemical Zone,North-East,13.1706,80.2605,21.27,8.58,0.77,246.7,3.36,0.34,2.08,25.8,78.6,Industrial,11,135,0,Low
W011,Sholinganallur IT Corridor,South-East,12.901,80.2279,9.5,3.26,1.6,387.4,4.58,0.55,3.18,51.2,43.1,Commercial,9,115,0,Low
W007,Mylapore Heritage Sector,East,13.0368,80.2676,4.69,4.22,1.64,190.5,8.7,1.31,4.63,30.3,70.0,High_Density_Residential,5,55,0,Low
W006,Anna Nagar Residential,West,13.085,80.2101,60.36,17.12,2.71,1349.8,14.49,2.44,5.26,8.0,85.5,Low_Density_Residential,2,25,0,Low
W007,Mylapore Heritage Sector,East,13.0368,80.2676,112.28,42.86,4.37,6198.5,8.74,1.16,4.42,42.0,49.4,High_Density_Residential,5,55,3,Severe Inundation
W008,Tambaram Outer Valley,South-West,12.9249,80.1,96.8,28.82,3.86,5593.0,15.42,2.78,3.33,51.0,50.0,Low_Density_Residential,6,70,1,Moderate
W007,Mylapore Heritage Sector,East,13.0368,80.2676,114.1,37.87,4.13,5192.4,9.09,1.17,4.54,25.5,77.9,High_Density_Residential,5,55,3,Severe Inundation
W007,Mylapore Heritage Sector,East,13.0368,80.2676,28.43,8.32,0.73,245.3,8.11,1.09,4.81,34.7,60.4,High_Density_Residential,5,55,0,Low
W002,Velachery Lowlands,South,12.9815,80.218,206.96,64.29,6.93,14486.9,3.15,0.55,2.16,39.2,50.9,High_Density_Residential,12,140,3,Severe Inundation
W011,Sholinganallur IT Corridor,South-East,12.901,80.2279,15.79,6.8,1.88,658.5,4.39,0.56,3.22,6.5,97.4,Commercial,9,115,0,Low
W011,Sholinganallur IT Corridor,South-East,12.901,80.2279,134.11,48.52,4.67,4056.0,4.1,0.5,3.39,58.9,40.2,Commercial,9,115,3,Severe Inundation
W009,Perambur Railway Lowlands,North,13.1114,80.2437,78.8,22.42,1.92,1553.2,4.2,0.51,2.31,29.0,64.5,Commercial,10,125,2,High
W003,Madipakkam Lake Basin,South,12.9647,80.1961,123.83,40.62,4.13,3726.5,2.51,0.55,1.91,57.8,35.9,High_Density_Residential,14,160,3,Severe Inundation
W011,Sholinganallur IT Corridor,South-East,12.901,80.2279,131.41,22.44,4.34,5346.3,4.92,0.41,3.43,67.5,28.8,Commercial,9,115,3,Severe Inundation
W006,Anna Nagar Residential,West,13.085,80.2101,134.66,22.13,4.15,3120.6,13.71,2.45,5.0,11.3,82.0,Low_Density_Residential,2,25,1,Moderate
W002,Velachery Lowlands,South,12.9815,80.218,321.21,52.17,6.57,13380.7,3.26,0.3,1.92,5.7,98.8,High_Density_Residential,12,140,3,Severe Inundation
W003,Madipakkam Lake Basin,South,12.9647,80.1961,52.19,22.21,1.87,2666.9,3.49,0.37,1.43,54.3,44.9,High_Density_Residential,14,160,2,High
W009,Perambur Railway Lowlands,North,13.1114,80.2437,250.84,82.91,5.14,17228.3,5.59,0.49,2.44,68.7,26.9,Commercial,10,125,3,Severe Inundation
W007,Mylapore Heritage Sector,East,13.0368,80.2676,22.53,4.04,1.05,195.0,8.16,1.46,4.56,52.9,48.1,High_Density_Residential,5,55,0,Low
W009,Perambur Railway Lowlands,North,13.1114,80.2437,160.4,41.59,3.68,7237.1,4.84,0.36,2.07,83.3,23.5,Commercial,10,125,3,Severe Inundation
W003,Madipakkam Lake Basin,South,12.9647,80.1961,133.11,39.48,4.16,3295.0,2.32,0.27,1.8,56.4,42.2,High_Density_Residential,14,160,3,Severe Inundation
W012,Manali Petrochemical Zone,North-East,13.1706,80.2605,333.5,84.27,7.0,11810.7,3.41,0.38,1.75,27.5,70.1,Industrial,11,135,3,Severe Inundation
W004,Guindy Industrial Estate,South-Central,13.0067,80.2025,43.47,11.28,2.01,2189.3,12.95,2.21,4.0,42.0,59.0,Industrial,4,45,0,Low
W001,T. Nagar Commercial Hub,Central,13.0418,80.2341,2.93,5.2,1.0,822.0,6.37,0.98,4.0,65.9,31.5,Commercial,8,90,0,Low
W001,T. Nagar Commercial Hub,Central,13.0418,80.2341,27.64,1.9,1.79,195.9,5.68,0.76,3.75,46.4,49.8,Commercial,8,90,0,Low
W005,Adyar Estuary Buffer,Coastal,13.0012,80.2565,96.58,41.52,3.78,5329.2,4.27,0.44,2.99,41.5,61.8,Green_Space,9,110,2,High
W008,Tambaram Outer Valley,South-West,12.9249,80.1,91.63,44.13,3.75,3586.1,16.09,2.69,3.07,45.5,52.4,Low_Density_Residential,6,70,1,Moderate
W011,Sholinganallur IT Corridor,South-East,12.901,80.2279,69.35,14.77,1.87,2770.2,4.09,0.78,3.51,35.1,68.3,Commercial,9,115,1,Moderate
W012,Manali Petrochemical Zone,North-East,13.1706,80.2605,27.14,1.89,1.97,887.6,3.53,0.2,2.16,35.0,67.7,Industrial,11,135,0,Low
W009,Perambur Railway Lowlands,North,13.1114,80.2437,12.33,5.6,0.78,239.7,4.94,0.42,2.77,63.3,45.4,Commercial,10,125,0,Low
W007,Mylapore Heritage Sector,East,13.0368,80.2676,24.59,1.94,1.79,555.1,8.03,1.57,4.34,92.1,6.7,High_Density_Residential,5,55,0,Low
W009,Perambur Railway Lowlands,North,13.1114,80.2437,30.69,7.88,0.83,102.2,3.95,0.46,2.62,16.6,82.5,Commercial,10,125,0,Low
W007,Mylapore Heritage Sector,East,13.0368,80.2676,30.71,9.43,1.77,458.7,7.83,1.09,4.57,43.0,59.9,High_Density_Residential,5,55,0,Low
W004,Guindy Industrial Estate,South-Central,13.0067,80.2025,32.81,8.02,1.09,175.2,12.38,2.08,4.29,17.7,82.6,Industrial,4,45,0,Low
W004,Guindy Industrial Estate,South-Central,13.0067,80.2025,25.55,6.38,1.89,559.4,12.49,1.98,3.9,14.0,83.0,Industrial,4,45,0,Low
W008,Tambaram Outer Valley,South-West,12.9249,80.1,120.53,48.87,3.68,5210.7,15.96,2.91,3.21,23.8,77.6,Low_Density_Residential,6,70,2,High
W006,Anna Nagar Residential,West,13.085,80.2101,92.34,32.4,3.48,6215.5,14.3,2.52,4.59,30.6,72.3,Low_Density_Residential,2,25,1,Moderate
W003,Madipakkam Lake Basin,South,12.9647,80.1961,178.18,44.85,3.42,5537.4,3.38,0.2,1.72,23.1,76.9,High_Density_Residential,14,160,3,Severe Inundation
W005,Adyar Estuary Buffer,Coastal,13.0012,80.2565,8.25,2.37,1.53,369.5,4.64,0.67,2.71,17.6,87.9,Green_Space,9,110,0,Low
W004,Guindy Industrial Estate,South-Central,13.0067,80.2025,64.16,18.79,3.04,1061.5,11.91,1.97,3.95,14.6,88.5,Industrial,4,45,0,Low
W012,Manali Petrochemical Zone,North-East,13.1706,80.2605,30.43,7.84,1.5,127.8,3.31,0.5,2.25,23.8,70.9,Industrial,11,135,0,Low
W002,Velachery Lowlands,South,12.9815,80.218,24.2,8.26,0.57,441.9,3.82,0.2,2.02,50.8,49.3,High_Density_Residential,12,140,0,Low
W001,T. Nagar Commercial Hub,Central,13.0418,80.2341,19.05,8.41,0.67,423.0,6.5,0.94,3.6,14.8,86.0,Commercial,8,90,0,Low
W011,Sholinganallur IT Corridor,South-East,12.901,80.2279,89.37,20.7,2.01,2949.1,4.55,0.31,3.33,49.6,53.0,Commercial,9,115,2,High
W007,Mylapore Heritage Sector,East,13.0368,80.2676,46.73,19.38,1.88,1348.4,7.94,1.01,4.47,50.1,49.7,High_Density_Residential,5,55,0,Low
W010,Kolathur Urban Catchment,North-West,13.1235,80.2188,31.5,8.61,0.53,622.9,7.88,0.86,2.82,37.3,61.6,High_Density_Residential,7,85,0,Low
W001,T. Nagar Commercial Hub,Central,13.0418,80.2341,98.54,26.89,4.36,4414.7,6.29,0.64,3.74,43.7,55.0,Commercial,8,90,3,Severe Inundation
W004,Guindy Industrial Estate,South-Central,13.0067,80.2025,30.58,1.59,1.79,840.6,12.45,2.01,4.11,36.7,67.9,Industrial,4,45,0,Low
W004,Guindy Industrial Estate,South-Central,13.0067,80.2025,31.51,6.11,1.58,467.6,12.42,1.87,4.29,29.9,73.4,Industrial,4,45,0,Low
W002,Velachery Lowlands,South,12.9815,80.218,13.84,5.45,1.48,364.7,3.4,0.43,2.19,52.0,58.9,High_Density_Residential,12,140,0,Low
W002,Velachery Lowlands,South,12.9815,80.218,104.36,26.44,4.83,4646.9,4.17,0.2,1.93,26.6,77.7,High_Density_Residential,12,140,3,Severe Inundation
W010,Kolathur Urban Catchment,North-West,13.1235,80.2188,23.14,7.3,0.79,800.2,7.49,0.93,2.85,16.5,89.5,High_Density_Residential,7,85,0,Low
W001,T. Nagar Commercial Hub,Central,13.0418,80.2341,16.66,7.09,1.67,127.1,6.24,0.87,3.65,36.0,68.2,Commercial,8,90,0,Low
W008,Tambaram Outer Valley,South-West,12.9249,80.1,26.8,6.16,1.91,818.3,16.15,2.95,3.12,18.0,83.2,Low_Density_Residential,6,70,0,Low
W010,Kolathur Urban Catchment,North-West,13.1235,80.2188,22.57,6.12,1.31,329.4,8.16,1.11,3.38,55.7,39.8,High_Density_Residential,7,85,0,Low
W011,Sholinganallur IT Corridor,South-East,12.901,80.2279,44.17,10.97,1.82,2456.0,4.88,0.6,3.18,15.1,87.1,Commercial,9,115,0,Low
W012,Manali Petrochemical Zone,North-East,13.1706,80.2605,33.59,1.95,1.25,156.4,3.44,0.44,1.95,21.9,72.9,Industrial,11,135,0,Low
W001,T. Nagar Commercial Hub,Central,13.0418,80.2341,156.03,24.46,3.83,4083.4,5.78,0.65,3.45,16.9,85.3,Commercial,8,90,3,Severe Inundation
W004,Guindy Industrial Estate,South-Central,13.0067,80.2025,27.29,7.8,0.93,269.6,12.79,2.02,4.08,55.8,39.9,Industrial,4,45,0,Low
W012,Manali Petrochemical Zone,North-East,13.1706,80.2605,31.42,7.89,0.85,958.2,2.76,0.46,2.04,5.0,96.2,Industrial,11,135,0,Low
W001,T. Nagar Commercial Hub,Central,13.0418,80.2341,267.79,90.38,5.38,17825.5,6.54,0.75,3.66,17.4,76.4,Commercial,8,90,3,Severe Inundation
W007,Mylapore Heritage Sector,East,13.0368,80.2676,298.36,90.35,7.3,15383.1,8.97,1.02,4.55,28.3,76.4,High_Density_Residential,5,55,3,Severe Inundation
W008,Tambaram Outer Valley,South-West,12.9249,80.1,54.65,10.36,2.77,2293.6,16.16,2.92,3.47,9.9,95.2,Low_Density_Residential,6,70,0,Low
W004,Guindy Industrial Estate,South-Central,13.0067,80.2025,65.69,14.24,2.48,3319.4,12.24,2.06,4.7,28.4,74.9,Industrial,4,45,0,Low
W009,Perambur Railway Lowlands,North,13.1114,80.2437,165.13,45.31,3.66,4750.9,5.48,0.64,2.51,38.8,63.0,Commercial,10,125,3,Severe Inundation
W004,Guindy Industrial Estate,South-Central,13.0067,80.2025,338.03,69.78,5.33,12339.4,12.49,2.13,4.38,33.5,59.8,Industrial,4,45,3,Severe Inundation
W001,T. Nagar Commercial Hub,Central,13.0418,80.2341,45.31,24.75,3.15,2930.1,6.78,0.64,3.61,74.7,23.4,Commercial,8,90,2,High
W003,Madipakkam Lake Basin,South,12.9647,80.1961,51.32,23.89,3.03,3381.0,2.94,0.38,1.84,45.7,65.3,High_Density_Residential,14,160,2,High
W009,Perambur Railway Lowlands,North,13.1114,80.2437,10.72,9.26,1.94,755.6,5.15,0.65,2.32,34.9,63.2,Commercial,10,125,0,Low
W005,Adyar Estuary Buffer,Coastal,13.0012,80.2565,26.98,1.35,1.11,698.6,3.49,0.48,3.28,41.6,54.6,Green_Space,9,110,0,Low
W004,Guindy Industrial Estate,South-Central,13.0067,80.2025,6.64,8.1,0.84,612.1,12.85,1.84,4.46,18.5,82.0,Industrial,4,45,0,Low
W012,Manali Petrochemical Zone,North-East,13.1706,80.2605,141.81,49.1,3.23,7991.7,3.56,0.48,1.75,78.5,15.7,Industrial,11,135,3,Severe Inundation
W010,Kolathur Urban Catchment,North-West,13.1235,80.2188,54.41,23.21,2.96,1848.3,7.88,1.11,2.87,32.8,65.8,High_Density_Residential,7,85,1,Moderate
W006,Anna Nagar Residential,West,13.085,80.2101,114.87,22.43,3.96,3274.6,14.51,2.5,4.86,10.4,84.4,Low_Density_Residential,2,25,1,Moderate
W010,Kolathur Urban Catchment,North-West,13.1235,80.2188,28.53,1.56,0.66,392.8,8.16,0.81,2.88,40.2,60.3,High_Density_Residential,7,85,0,Low
W010,Kolathur Urban Catchment,North-West,13.1235,80.2188,21.74,6.53,1.71,306.9,8.02,1.09,3.15,32.6,75.8,High_Density_Residential,7,85,0,Low
W011,Sholinganallur IT Corridor,South-East,12.901,80.2279,57.88,8.76,3.27,3137.0,5.11,0.27,3.3,68.2,31.0,Commercial,9,115,2,High
W006,Anna Nagar Residential,West,13.085,80.2101,329.07,62.62,5.66,10042.8,14.44,2.32,5.14,70.9,21.0,Low_Density_Residential,2,25,3,Severe Inundation
W004,Guindy Industrial Estate,South-Central,13.0067,80.2025,11.33,3.22,1.36,168.2,12.85,1.97,4.54,52.3,54.8,Industrial,4,45,0,Low
W005,Adyar Estuary Buffer,Coastal,13.0012,80.2565,11.88,6.76,1.95,292.5,4.38,0.64,2.64,9.1,87.1,Green_Space,9,110,0,Low
W003,Madipakkam Lake Basin,South,12.9647,80.1961,175.96,31.54,3.29,6594.6,2.59,0.56,1.6,51.6,46.8,High_Density_Residential,14,160,3,Severe Inundation
W011,Sholinganallur IT Corridor,South-East,12.901,80.2279,124.51,47.94,3.59,3706.3,4.7,0.62,3.6,27.4,81.6,Commercial,9,115,3,Severe Inundation
W009,Perambur Railway Lowlands,North,13.1114,80.2437,19.8,7.73,0.73,301.6,5.58,0.34,2.12,67.9,35.6,Commercial,10,125,0,Low
W004,Guindy Industrial Estate,South-Central,13.0067,80.2025,122.35,30.73,4.11,3168.3,12.8,2.21,4.19,27.2,79.8,Industrial,4,45,2,High
W007,Mylapore Heritage Sector,East,13.0368,80.2676,5.78,5.15,0.85,955.2,8.19,1.35,4.38,22.3,81.0,High_Density_Residential,5,55,0,Low
W005,Adyar Estuary Buffer,Coastal,13.0012,80.2565,65.6,19.02,3.1,3336.1,4.0,0.56,2.93,60.5,44.2,Green_Space,9,110,1,Moderate
W005,Adyar Estuary Buffer,Coastal,13.0012,80.2565,19.7,4.14,0.55,690.2,4.47,0.44,2.73,30.4,59.6,Green_Space,9,110,0,Low
W001,T. Nagar Commercial Hub,Central,13.0418,80.2341,35.5,12.07,2.43,1119.5,6.17,0.72,3.28,82.1,13.7,Commercial,8,90,1,Moderate
W009,Perambur Railway Lowlands,North,13.1114,80.2437,72.23,8.01,3.43,1271.1,5.15,0.47,2.56,59.1,40.1,Commercial,10,125,2,High
W010,Kolathur Urban Catchment,North-West,13.1235,80.2188,4.13,5.99,1.73,908.6,7.57,0.83,3.19,66.6,38.5,High_Density_Residential,7,85,0,Low
W012,Manali Petrochemical Zone,North-East,13.1706,80.2605,77.45,13.0,2.66,852.4,3.49,0.75,1.98,40.0,67.1,Industrial,11,135,2,High
W003,Madipakkam Lake Basin,South,12.9647,80.1961,54.98,20.64,2.23,2742.3,3.33,0.39,1.68,15.5,86.9,High_Density_Residential,14,160,1,Moderate
W011,Sholinganallur IT Corridor,South-East,12.901,80.2279,10.89,3.65,0.96,395.2,4.07,0.64,3.57,77.0,20.7,Commercial,9,115,0,Low
W011,Sholinganallur IT Corridor,South-East,12.901,80.2279,24.93,9.68,0.77,203.9,4.57,0.28,3.39,17.4,90.1,Commercial,9,115,0,Low
W007,Mylapore Heritage Sector,East,13.0368,80.2676,95.07,20.11,3.36,7782.7,8.35,1.25,4.32,42.4,60.6,High_Density_Residential,5,55,2,High
W009,Perambur Railway Lowlands,North,13.1114,80.2437,30.21,1.17,1.83,400.3,5.37,0.65,2.05,48.2,47.3,Commercial,10,125,0,Low
W008,Tambaram Outer Valley,South-West,12.9249,80.1,58.95,22.63,2.36,1307.2,15.51,2.71,3.2,8.3,87.7,Low_Density_Residential,6,70,0,Low
W001,T. Nagar Commercial Hub,Central,13.0418,80.2341,20.82,1.74,1.06,313.7,5.27,0.49,4.16,31.3,71.0,Commercial,8,90,0,Low
W006,Anna Nagar Residential,West,13.085,80.2101,4.28,3.38,1.12,375.6,14.49,2.69,5.18,36.6,67.3,Low_Density_Residential,2,25,0,Low
W011,Sholinganallur IT Corridor,South-East,12.901,80.2279,82.93,8.44,2.34,3182.7,3.86,0.42,3.02,35.8,74.6,Commercial,9,115,2,High
W011,Sholinganallur IT Corridor,South-East,12.901,80.2279,28.16,7.66,0.85,388.0,4.27,0.68,3.39,20.4,86.7,Commercial,9,115,0,Low
W007,Mylapore Heritage Sector,East,13.0368,80.2676,3.42,1.13,1.23,468.3,8.44,1.4,4.19,25.0,75.8,High_Density_Residential,5,55,0,Low
W009,Perambur Railway Lowlands,North,13.1114,80.2437,118.07,27.17,4.68,3813.9,5.19,0.53,2.47,36.5,54.6,Commercial,10,125,3,Severe Inundation
W006,Anna Nagar Residential,West,13.085,80.2101,60.68,16.85,3.48,3167.6,14.27,2.57,4.94,16.6,87.0,Low_Density_Residential,2,25,0,Low
W012,Manali Petrochemical Zone,North-East,13.1706,80.2605,32.55,5.01,1.76,665.3,2.83,0.54,1.89,7.8,85.1,Industrial,11,135,0,Low
W007,Mylapore Heritage Sector,East,13.0368,80.2676,13.15,1.74,1.31,117.7,8.24,1.04,4.67,20.6,81.9,High_Density_Residential,5,55,0,Low
W007,Mylapore Heritage Sector,East,13.0368,80.2676,168.84,31.06,4.95,6545.7,8.13,0.89,4.45,10.3,92.5,High_Density_Residential,5,55,3,Severe Inundation
W003,Madipakkam Lake Basin,South,12.9647,80.1961,29.83,3.67,1.9,297.2,2.77,0.2,1.46,23.7,73.8,High_Density_Residential,14,160,0,Low
W005,Adyar Estuary Buffer,Coastal,13.0012,80.2565,44.43,20.08,2.49,3363.8,3.53,0.8,2.64,44.6,44.2,Green_Space,9,110,1,Moderate
W007,Mylapore Heritage Sector,East,13.0368,80.2676,91.1,28.81,3.45,3643.8,8.13,1.34,4.54,63.2,33.5,High_Density_Residential,5,55,2,High
W003,Madipakkam Lake Basin,South,12.9647,80.1961,173.27,35.94,4.09,4065.1,3.12,0.29,1.53,19.9,89.9,High_Density_Residential,14,160,3,Severe Inundation
W009,Perambur Railway Lowlands,North,13.1114,80.2437,167.66,45.97,3.57,6116.7,5.59,0.39,2.39,39.4,57.3,Commercial,10,125,3,Severe Inundation
W008,Tambaram Outer Valley,South-West,12.9249,80.1,42.89,12.6,3.47,1090.7,16.68,2.67,3.21,61.3,40.2,Low_Density_Residential,6,70,0,Low
W004,Guindy Industrial Estate,South-Central,13.0067,80.2025,29.38,1.22,1.59,466.4,11.84,2.14,4.22,54.8,46.8,Industrial,4,45,0,Low
W004,Guindy Industrial Estate,South-Central,13.0067,80.2025,122.99,38.98,4.58,3920.6,13.0,2.2,4.04,24.7,73.9,Industrial,4,45,2,High
W005,Adyar Estuary Buffer,Coastal,13.0012,80.2565,29.77,8.93,1.21,899.7,3.67,0.91,2.73,17.3,81.3,Green_Space,9,110,0,Low
W012,Manali Petrochemical Zone,North-East,13.1706,80.2605,30.11,1.97,1.42,700.9,3.52,0.37,2.08,63.0,41.4,Industrial,11,135,0,Low
W003,Madipakkam Lake Basin,South,12.9647,80.1961,60.5,9.85,2.4,2596.1,2.69,0.52,1.76,49.8,53.2,High_Density_Residential,14,160,2,High
W008,Tambaram Outer Valley,South-West,12.9249,80.1,306.56,61.07,7.23,14532.2,16.13,2.98,3.2,29.9,69.3,Low_Density_Residential,6,70,3,Severe Inundation
W001,T. Nagar Commercial Hub,Central,13.0418,80.2341,320.73,60.53,6.4,12772.0,6.28,0.39,3.55,14.2,83.4,Commercial,8,90,3,Severe Inundation
W009,Perambur Railway Lowlands,North,13.1114,80.2437,315.76,80.16,5.46,13960.8,5.15,0.46,2.58,51.6,49.2,Commercial,10,125,3,Severe Inundation
W007,Mylapore Heritage Sector,East,13.0368,80.2676,298.38,87.21,6.09,8503.6,8.13,1.33,4.5,75.0,27.8,High_Density_Residential,5,55,3,Severe Inundation
W007,Mylapore Heritage Sector,East,13.0368,80.2676,138.42,42.43,4.19,5730.3,8.08,1.07,4.45,14.9,86.0,High_Density_Residential,5,55,3,Severe Inundation
W009,Perambur Railway Lowlands,North,13.1114,80.2437,66.4,19.01,2.28,3282.0,4.57,0.68,2.57,47.6,53.9,Commercial,10,125,2,High
W009,Perambur Railway Lowlands,North,13.1114,80.2437,9.91,5.41,1.8,822.8,6.0,0.72,2.58,63.1,37.5,Commercial,10,125,0,Low
W003,Madipakkam Lake Basin,South,12.9647,80.1961,15.2,9.87,1.69,775.6,3.14,0.2,1.75,72.6,20.1,High_Density_Residential,14,160,1,Moderate
W007,Mylapore Heritage Sector,East,13.0368,80.2676,127.98,32.4,4.39,6866.2,8.52,1.05,4.53,18.3,76.6,High_Density_Residential,5,55,3,Severe Inundation
W004,Guindy Industrial Estate,South-Central,13.0067,80.2025,36.99,22.44,1.83,2398.9,12.54,1.86,4.23,53.1,51.4,Industrial,4,45,0,Low
W005,Adyar Estuary Buffer,Coastal,13.0012,80.2565,57.18,13.73,3.04,1601.0,4.58,0.37,2.68,18.2,80.9,Green_Space,9,110,1,Moderate
W004,Guindy Industrial Estate,South-Central,13.0067,80.2025,179.2,36.65,3.37,7268.2,12.24,2.01,4.04,25.0,78.8,Industrial,4,45,2,High
W006,Anna Nagar Residential,West,13.085,80.2101,12.38,3.91,1.93,579.9,14.19,2.54,5.11,46.3,48.9,Low_Density_Residential,2,25,0,Low
W011,Sholinganallur IT Corridor,South-East,12.901,80.2279,15.32,5.24,0.75,162.6,4.19,0.57,2.85,7.4,88.2,Commercial,9,115,0,Low
W002,Velachery Lowlands,South,12.9815,80.218,46.24,17.07,3.09,2364.6,3.23,0.3,1.98,44.8,62.0,High_Density_Residential,12,140,2,High
W008,Tambaram Outer Valley,South-West,12.9249,80.1,84.94,8.27,1.92,2749.8,16.56,2.71,2.95,42.6,57.6,Low_Density_Residential,6,70,0,Low
W006,Anna Nagar Residential,West,13.085,80.2101,13.42,3.23,0.7,131.0,14.52,2.47,5.09,13.1,83.8,Low_Density_Residential,2,25,0,Low
W002,Velachery Lowlands,South,12.9815,80.218,90.01,42.99,4.82,3258.1,3.07,0.2,2.41,51.3,45.8,High_Density_Residential,12,140,3,Severe Inundation
W009,Perambur Railway Lowlands,North,13.1114,80.2437,156.9,25.06,4.92,4699.9,5.39,0.62,2.16,18.7,82.0,Commercial,10,125,3,Severe Inundation
W012,Manali Petrochemical Zone,North-East,13.1706,80.2605,13.99,6.46,1.66,125.5,3.36,0.53,1.83,21.6,80.1,Industrial,11,135,0,Low
W004,Guindy Industrial Estate,South-Central,13.0067,80.2025,52.56,14.07,2.39,3289.6,12.19,1.91,4.52,18.1,81.9,Industrial,4,45,0,Low
W001,T. Nagar Commercial Hub,Central,13.0418,80.2341,149.93,27.44,3.39,7015.9,6.67,0.6,4.04,31.5,65.2,Commercial,8,90,3,Severe Inundation
W005,Adyar Estuary Buffer,Coastal,13.0012,80.2565,112.94,29.72,3.55,4544.7,4.21,0.78,3.0,57.7,39.8,Green_Space,9,110,2,High
W007,Mylapore Heritage Sector,East,13.0368,80.2676,242.7,45.16,6.53,16614.8,8.95,1.19,4.52,43.1,55.9,High_Density_Residential,5,55,3,Severe Inundation
W011,Sholinganallur IT Corridor,South-East,12.901,80.2279,161.05,37.11,4.66,3764.1,4.27,0.41,3.49,41.1,67.2,Commercial,9,115,3,Severe Inundation
W010,Kolathur Urban Catchment,North-West,13.1235,80.2188,7.54,3.4,1.84,950.5,7.94,1.19,2.98,20.9,77.4,High_Density_Residential,7,85,0,Low
W010,Kolathur Urban Catchment,North-West,13.1235,80.2188,22.71,1.66,1.61,660.1,8.52,1.05,3.55,55.3,50.2,High_Density_Residential,7,85,0,Low
W001,T. Nagar Commercial Hub,Central,13.0418,80.2341,58.26,19.91,3.11,2042.7,5.88,1.06,4.02,27.7,80.5,Commercial,8,90,1,Moderate
W002,Velachery Lowlands,South,12.9815,80.218,35.06,14.81,2.05,1876.3,3.09,0.31,1.46,55.1,42.8,High_Density_Residential,12,140,1,Moderate
W004,Guindy Industrial Estate,South-Central,13.0067,80.2025,30.81,8.5,1.13,749.1,12.05,1.97,4.01,29.3,69.2,Industrial,4,45,0,Low
W010,Kolathur Urban Catchment,North-West,13.1235,80.2188,92.95,21.23,4.81,6748.5,7.73,1.29,2.48,93.3,9.3,High_Density_Residential,7,85,3,Severe Inundation
W012,Manali Petrochemical Zone,North-East,13.1706,80.2605,149.02,46.5,3.36,6397.8,3.47,0.43,1.96,31.6,63.3,Industrial,11,135,3,Severe Inundation
W011,Sholinganallur IT Corridor,South-East,12.901,80.2279,10.45,1.01,0.91,656.6,4.66,0.51,3.7,28.6,70.8,Commercial,9,115,0,Low
W009,Perambur Railway Lowlands,North,13.1114,80.2437,83.12,20.57,2.07,2642.9,5.51,0.79,2.54,10.7,94.2,Commercial,10,125,1,Moderate
W004,Guindy Industrial Estate,South-Central,13.0067,80.2025,24.82,5.28,1.62,248.5,12.09,1.98,4.28,7.1,93.6,Industrial,4,45,0,Low
W008,Tambaram Outer Valley,South-West,12.9249,80.1,91.13,27.7,3.9,3979.9,16.23,2.97,2.85,76.7,20.1,Low_Density_Residential,6,70,1,Moderate
W004,Guindy Industrial Estate,South-Central,13.0067,80.2025,70.66,13.05,3.41,1507.3,12.22,2.13,4.5,12.9,85.3,Industrial,4,45,0,Low
W006,Anna Nagar Residential,West,13.085,80.2101,35.21,9.53,2.02,1592.9,14.81,2.51,5.3,57.0,43.6,Low_Density_Residential,2,25,0,Low
W005,Adyar Estuary Buffer,Coastal,13.0012,80.2565,82.8,9.21,2.92,1105.2,4.3,0.68,2.87,69.3,35.1,Green_Space,9,110,1,Moderate
W001,T. Nagar Commercial Hub,Central,13.0418,80.2341,35.23,13.02,3.28,1957.5,6.57,0.75,3.9,5.0,99.5,Commercial,8,90,1,Moderate
W004,Guindy Industrial Estate,South-Central,13.0067,80.2025,16.81,3.15,1.31,370.0,12.27,2.14,3.86,26.6,70.5,Industrial,4,45,0,Low
W004,Guindy Industrial Estate,South-Central,13.0067,80.2025,18.33,7.59,1.49,508.5,12.72,2.31,4.32,13.1,90.2,Industrial,4,45,0,Low
W012,Manali Petrochemical Zone,North-East,13.1706,80.2605,5.86,1.12,1.14,405.8,3.77,0.3,1.94,11.0,90.5,Industrial,11,135,0,Low
W002,Velachery Lowlands,South,12.9815,80.218,112.29,24.1,4.15,4041.6,4.01,0.31,2.57,59.0,43.7,High_Density_Residential,12,140,3,Severe Inundation
W012,Manali Petrochemical Zone,North-East,13.1706,80.2605,73.16,15.91,1.92,3298.1,3.06,0.54,1.99,59.7,37.7,Industrial,11,135,2,High
W008,Tambaram Outer Valley,South-West,12.9249,80.1,294.76,73.11,7.33,17080.7,16.22,2.83,2.77,29.9,74.9,Low_Density_Residential,6,70,3,Severe Inundation
W004,Guindy Industrial Estate,South-Central,13.0067,80.2025,36.9,17.88,2.35,2901.0,12.44,2.35,4.0,29.5,73.4,Industrial,4,45,0,Low
W012,Manali Petrochemical Zone,North-East,13.1706,80.2605,5.36,3.62,1.36,114.4,4.13,0.35,2.39,27.9,72.5,Industrial,11,135,0,Low
W010,Kolathur Urban Catchment,North-West,13.1235,80.2188,14.96,1.61,1.73,584.4,7.38,0.88,2.98,68.6,31.6,High_Density_Residential,7,85,0,Low
W012,Manali Petrochemical Zone,North-East,13.1706,80.2605,32.96,4.28,1.87,870.1,4.0,0.45,1.67,36.8,65.1,Industrial,11,135,0,Low
W004,Guindy Industrial Estate,South-Central,13.0067,80.2025,36.52,14.82,2.08,1545.6,12.91,2.33,4.72,58.4,41.1,Industrial,4,45,0,Low
W007,Mylapore Heritage Sector,East,13.0368,80.2676,141.07,29.47,4.58,6733.6,8.2,1.18,4.21,5.0,89.9,High_Density_Residential,5,55,3,Severe Inundation
W004,Guindy Industrial Estate,South-Central,13.0067,80.2025,313.39,73.26,6.32,8089.5,11.86,2.27,3.92,51.6,49.9,Industrial,4,45,3,Severe Inundation
W009,Perambur Railway Lowlands,North,13.1114,80.2437,99.96,33.31,5.0,6446.4,5.81,0.33,2.32,65.8,34.1,Commercial,10,125,3,Severe Inundation
W006,Anna Nagar Residential,West,13.085,80.2101,74.09,14.76,2.11,1626.2,14.47,2.82,5.18,16.9,74.5,Low_Density_Residential,2,25,0,Low
W005,Adyar Estuary Buffer,Coastal,13.0012,80.2565,292.98,55.88,6.76,14811.5,4.46,0.64,2.78,27.3,63.3,Green_Space,9,110,3,Severe Inundation
W007,Mylapore Heritage Sector,East,13.0368,80.2676,262.04,76.41,5.92,15698.6,8.93,1.12,4.28,54.2,46.3,High_Density_Residential,5,55,3,Severe Inundation
W008,Tambaram Outer Valley,South-West,12.9249,80.1,117.02,48.32,4.6,4822.2,15.99,2.6,3.31,74.6,27.3,Low_Density_Residential,6,70,2,High
W009,Perambur Railway Lowlands,North,13.1114,80.2437,14.98,6.53,1.67,928.8,5.18,0.41,2.37,77.0,21.3,Commercial,10,125,1,Moderate
W011,Sholinganallur IT Corridor,South-East,12.901,80.2279,96.28,28.17,4.59,5404.3,4.56,0.44,3.38,15.2,80.0,Commercial,9,115,3,Severe Inundation
W006,Anna Nagar Residential,West,13.085,80.2101,17.68,4.19,1.85,211.1,14.79,2.72,4.88,25.6,62.5,Low_Density_Residential,2,25,0,Low
W005,Adyar Estuary Buffer,Coastal,13.0012,80.2565,73.69,16.3,2.84,1799.5,4.08,0.53,2.54,61.9,32.6,Green_Space,9,110,1,Moderate
W005,Adyar Estuary Buffer,Coastal,13.0012,80.2565,60.76,10.1,1.83,3281.7,3.8,0.56,3.0,15.1,96.0,Green_Space,9,110,0,Low
W006,Anna Nagar Residential,West,13.085,80.2101,80.21,19.71,2.11,1583.1,14.39,2.82,5.14,33.6,62.3,Low_Density_Residential,2,25,0,Low
W009,Perambur Railway Lowlands,North,13.1114,80.2437,245.12,71.53,6.76,11400.3,5.12,0.39,2.57,11.3,89.5,Commercial,10,125,3,Severe Inundation
W008,Tambaram Outer Valley,South-West,12.9249,80.1,110.71,42.55,4.76,7072.8,15.47,2.92,3.09,37.7,67.6,Low_Density_Residential,6,70,2,High
W008,Tambaram Outer Valley,South-West,12.9249,80.1,27.31,1.99,0.53,995.5,15.97,2.68,3.03,38.6,62.8,Low_Density_Residential,6,70,0,Low
W002,Velachery Lowlands,South,12.9815,80.218,50.07,12.28,2.4,1823.9,3.07,0.2,2.22,43.8,58.0,High_Density_Residential,12,140,1,Moderate
W012,Manali Petrochemical Zone,North-East,13.1706,80.2605,2.48,2.65,1.53,968.3,3.38,0.63,1.86,14.1,82.2,Industrial,11,135,0,Low
W008,Tambaram Outer Valley,South-West,12.9249,80.1,38.51,8.65,2.17,1573.5,16.29,2.69,3.46,51.1,48.0,Low_Density_Residential,6,70,0,Low
W006,Anna Nagar Residential,West,13.085,80.2101,149.46,23.12,4.73,6403.5,15.25,2.43,4.96,64.1,32.9,Low_Density_Residential,2,25,2,High
W004,Guindy Industrial Estate,South-Central,13.0067,80.2025,42.23,11.8,2.66,1661.7,12.49,2.03,3.99,15.8,89.9,Industrial,4,45,0,Low
W006,Anna Nagar Residential,West,13.085,80.2101,218.88,76.5,6.63,16346.1,14.47,2.64,5.04,73.4,37.1,Low_Density_Residential,2,25,3,Severe Inundation
W006,Anna Nagar Residential,West,13.085,80.2101,62.5,17.37,2.64,3104.1,15.01,2.38,4.94,52.2,49.5,Low_Density_Residential,2,25,0,Low
W007,Mylapore Heritage Sector,East,13.0368,80.2676,143.75,21.56,4.17,5038.8,9.18,1.23,4.64,7.6,95.1,High_Density_Residential,5,55,2,High
W001,T. Nagar Commercial Hub,Central,13.0418,80.2341,33.82,9.3,1.4,152.8,6.26,0.6,3.52,36.2,61.0,Commercial,8,90,0,Low
W010,Kolathur Urban Catchment,North-West,13.1235,80.2188,25.63,3.76,1.55,688.1,7.72,1.03,3.15,50.4,52.7,High_Density_Residential,7,85,0,Low
W004,Guindy Industrial Estate,South-Central,13.0067,80.2025,27.23,2.13,1.13,665.4,12.73,2.26,4.06,49.8,60.6,Industrial,4,45,0,Low
W012,Manali Petrochemical Zone,North-East,13.1706,80.2605,37.35,19.58,2.41,3326.3,2.97,0.26,1.94,46.9,60.2,Industrial,11,135,2,High
W003,Madipakkam Lake Basin,South,12.9647,80.1961,73.77,18.7,2.27,2295.0,3.01,0.2,1.76,29.7,72.4,High_Density_Residential,14,160,2,High
W001,T. Nagar Commercial Hub,Central,13.0418,80.2341,4.52,1.74,0.58,341.0,6.25,0.69,3.52,18.4,81.7,Commercial,8,90,0,Low
W005,Adyar Estuary Buffer,Coastal,13.0012,80.2565,37.17,17.5,2.43,3295.3,4.22,0.73,3.01,33.9,61.4,Green_Space,9,110,0,Low
W009,Perambur Railway Lowlands,North,13.1114,80.2437,137.04,48.79,3.84,6609.3,5.08,0.42,2.44,66.6,29.7,Commercial,10,125,3,Severe Inundation
W010,Kolathur Urban Catchment,North-West,13.1235,80.2188,18.41,4.12,1.54,196.6,7.69,0.95,3.09,58.8,34.4,High_Density_Residential,7,85,0,Low
W010,Kolathur Urban Catchment,North-West,13.1235,80.2188,254.89,63.47,7.1,9356.3,8.15,1.09,2.99,26.9,68.0,High_Density_Residential,7,85,3,Severe Inundation
W012,Manali Petrochemical Zone,North-East,13.1706,80.2605,10.02,6.15,0.84,746.5,2.89,0.67,1.96,57.1,44.1,Industrial,11,135,0,Low
W007,Mylapore Heritage Sector,East,13.0368,80.2676,34.92,5.07,0.58,258.5,7.71,1.57,4.7,51.2,50.3,High_Density_Residential,5,55,0,Low
W005,Adyar Estuary Buffer,Coastal,13.0012,80.2565,60.78,10.41,3.06,2239.2,4.94,0.78,2.67,5.0,95.7,Green_Space,9,110,0,Low
W003,Madipakkam Lake Basin,South,12.9647,80.1961,166.25,34.84,3.55,6683.2,3.51,0.2,1.79,57.1,44.6,High_Density_Residential,14,160,3,Severe Inundation
W004,Guindy Industrial Estate,South-Central,13.0067,80.2025,26.68,3.91,1.7,646.9,12.99,1.94,4.32,5.8,90.9,Industrial,4,45,0,Low
W006,Anna Nagar Residential,West,13.085,80.2101,41.31,13.46,2.9,1540.4,14.64,2.62,4.87,22.4,67.7,Low_Density_Residential,2,25,0,Low
W004,Guindy Industrial Estate,South-Central,13.0067,80.2025,27.39,5.44,1.34,368.2,12.82,2.35,4.02,13.8,88.0,Industrial,4,45,0,Low
W007,Mylapore Heritage Sector,East,13.0368,80.2676,132.94,26.87,3.97,4907.4,8.06,1.1,4.52,31.4,68.4,High_Density_Residential,5,55,2,High
W010,Kolathur Urban Catchment,North-West,13.1235,80.2188,7.34,9.58,1.99,818.3,7.3,1.24,3.1,41.6,59.7,High_Density_Residential,7,85,0,Low
W004,Guindy Industrial Estate,South-Central,13.0067,80.2025,169.91,38.95,4.7,6785.7,12.58,1.95,4.51,21.0,78.1,Industrial,4,45,3,Severe Inundation
W008,Tambaram Outer Valley,South-West,12.9249,80.1,175.68,23.08,3.48,5544.4,15.21,2.54,3.23,6.7,96.6,Low_Density_Residential,6,70,1,Moderate
W009,Perambur Railway Lowlands,North,13.1114,80.2437,24.23,3.83,1.04,465.0,5.4,0.43,2.63,31.2,77.0,Commercial,10,125,0,Low
W011,Sholinganallur IT Corridor,South-East,12.901,80.2279,173.56,42.89,4.06,5020.3,4.31,0.72,3.13,8.3,92.2,Commercial,9,115,3,Severe Inundation
W011,Sholinganallur IT Corridor,South-East,12.901,80.2279,36.32,11.79,1.96,3361.3,4.03,0.61,3.66,16.0,88.8,Commercial,9,115,0,Low
W006,Anna Nagar Residential,West,13.085,80.2101,48.17,9.96,2.15,2345.0,14.47,2.61,5.2,15.4,89.6,Low_Density_Residential,2,25,0,Low
W005,Adyar Estuary Buffer,Coastal,13.0012,80.2565,4.22,7.32,1.65,490.2,3.57,0.47,2.89,45.1,54.0,Green_Space,9,110,0,Low
W008,Tambaram Outer Valley,South-West,12.9249,80.1,11.51,1.81,0.83,399.9,16.35,2.86,3.54,16.2,84.9,Low_Density_Residential,6,70,0,Low
W012,Manali Petrochemical Zone,North-East,13.1706,80.2605,5.56,8.71,0.77,884.0,3.1,0.58,1.84,17.5,81.8,Industrial,11,135,0,Low
W011,Sholinganallur IT Corridor,South-East,12.901,80.2279,30.26,2.55,1.2,890.4,4.35,0.49,3.54,18.4,87.7,Commercial,9,115,0,Low
W012,Manali Petrochemical Zone,North-East,13.1706,80.2605,72.71,10.6,3.4,2949.4,3.4,0.2,1.43,35.1,71.0,Industrial,11,135,2,High
W008,Tambaram Outer Valley,South-West,12.9249,80.1,4.32,6.69,1.63,959.1,15.36,2.78,2.94,43.2,58.3,Low_Density_Residential,6,70,0,Low
W008,Tambaram Outer Valley,South-West,12.9249,80.1,61.39,19.46,2.12,3235.3,16.0,2.85,3.35,38.2,61.2,Low_Density_Residential,6,70,0,Low
W003,Madipakkam Lake Basin,South,12.9647,80.1961,44.32,24.11,2.18,1343.8,2.76,0.2,1.68,68.5,28.1,High_Density_Residential,14,160,2,High
W012,Manali Petrochemical Zone,North-East,13.1706,80.2605,33.73,2.6,0.73,422.5,3.67,0.36,2.2,46.4,51.0,Industrial,11,135,0,Low
W006,Anna Nagar Residential,West,13.085,80.2101,67.47,24.27,2.35,2865.6,14.42,2.34,5.16,35.5,71.5,Low_Density_Residential,2,25,0,Low
W003,Madipakkam Lake Basin,South,12.9647,80.1961,16.32,1.38,0.87,182.9,3.45,0.32,1.95,80.1,34.1,High_Density_Residential,14,160,0,Low
W003,Madipakkam Lake Basin,South,12.9647,80.1961,69.99,11.14,3.26,1779.7,2.62,0.2,1.85,36.2,63.5,High_Density_Residential,14,160,2,High
W012,Manali Petrochemical Zone,North-East,13.1706,80.2605,22.02,8.35,0.78,202.8,3.28,0.28,1.94,33.1,70.2,Industrial,11,135,0,Low
W009,Perambur Railway Lowlands,North,13.1114,80.2437,48.09,20.3,2.9,1882.1,4.67,0.42,2.76,24.5,74.9,Commercial,10,125,2,High
W008,Tambaram Outer Valley,South-West,12.9249,80.1,52.7,8.13,2.52,1882.5,16.75,2.61,3.4,30.9,70.0,Low_Density_Residential,6,70,0,Low
W003,Madipakkam Lake Basin,South,12.9647,80.1961,87.68,15.77,3.02,3411.1,3.41,0.27,1.96,24.2,70.2,High_Density_Residential,14,160,2,High
W009,Perambur Railway Lowlands,North,13.1114,80.2437,53.99,18.44,1.94,1079.3,5.64,0.69,2.36,26.6,75.6,Commercial,10,125,1,Moderate
W011,Sholinganallur IT Corridor,South-East,12.901,80.2279,125.55,20.65,4.66,5220.3,4.97,0.56,3.64,34.0,72.6,Commercial,9,115,3,Severe Inundation
W001,T. Nagar Commercial Hub,Central,13.0418,80.2341,59.76,19.26,1.86,1094.8,6.12,0.65,3.61,32.8,72.8,Commercial,8,90,1,Moderate
W009,Perambur Railway Lowlands,North,13.1114,80.2437,28.02,6.62,0.9,251.6,4.79,0.5,2.74,40.5,68.5,Commercial,10,125,0,Low
W001,T. Nagar Commercial Hub,Central,13.0418,80.2341,73.87,19.88,1.95,1570.9,6.28,0.94,3.93,60.7,37.4,Commercial,8,90,1,Moderate
W002,Velachery Lowlands,South,12.9815,80.218,328.39,80.58,7.21,15053.6,4.19,0.23,1.9,70.1,20.3,High_Density_Residential,12,140,3,Severe Inundation
W011,Sholinganallur IT Corridor,South-East,12.901,80.2279,178.04,48.25,4.32,7896.4,4.72,0.2,3.48,50.8,55.7,Commercial,9,115,3,Severe Inundation
W001,T. Nagar Commercial Hub,Central,13.0418,80.2341,106.9,42.11,4.78,7932.3,5.91,0.75,3.86,27.8,73.5,Commercial,8,90,3,Severe Inundation
W001,T. Nagar Commercial Hub,Central,13.0418,80.2341,90.21,30.91,4.83,6448.1,5.82,0.79,3.89,72.2,23.0,Commercial,8,90,3,Severe Inundation
W007,Mylapore Heritage Sector,East,13.0368,80.2676,18.26,6.25,1.86,576.8,8.29,1.06,4.62,68.2,34.0,High_Density_Residential,5,55,0,Low
W003,Madipakkam Lake Basin,South,12.9647,80.1961,152.4,47.28,4.91,7051.0,2.65,0.28,1.54,49.9,57.1,High_Density_Residential,14,160,3,Severe Inundation
W011,Sholinganallur IT Corridor,South-East,12.901,80.2279,32.76,2.92,1.88,125.5,4.66,0.55,3.51,19.4,78.4,Commercial,9,115,0,Low
W004,Guindy Industrial Estate,South-Central,13.0067,80.2025,109.06,25.99,4.58,4634.7,12.46,2.06,4.47,35.9,69.0,Industrial,4,45,2,High
W002,Velachery Lowlands,South,12.9815,80.218,72.36,19.33,2.17,2170.4,3.87,0.43,2.34,43.6,59.9,High_Density_Residential,12,140,1,Moderate
W012,Manali Petrochemical Zone,North-East,13.1706,80.2605,18.2,2.02,1.29,838.6,3.67,0.4,2.1,27.0,68.3,Industrial,11,135,0,Low
W003,Madipakkam Lake Basin,South,12.9647,80.1961,79.64,14.37,2.22,2693.3,3.02,0.6,1.75,12.4,97.2,High_Density_Residential,14,160,1,Moderate
W001,T. Nagar Commercial Hub,Central,13.0418,80.2341,38.0,17.53,2.9,2532.3,6.26,1.06,3.89,25.8,79.4,Commercial,8,90,1,Moderate
W004,Guindy Industrial Estate,South-Central,13.0067,80.2025,11.75,6.13,1.71,627.1,12.07,2.35,4.16,29.1,70.8,Industrial,4,45,0,Low
W009,Perambur Railway Lowlands,North,13.1114,80.2437,174.59,49.82,4.89,6582.8,5.84,0.31,2.72,46.6,56.0,Commercial,10,125,3,Severe Inundation
W008,Tambaram Outer Valley,South-West,12.9249,80.1,17.88,5.34,1.53,204.8,15.9,2.64,3.14,9.6,91.2,Low_Density_Residential,6,70,0,Low
W006,Anna Nagar Residential,West,13.085,80.2101,232.38,63.13,7.42,15244.0,14.2,2.65,4.84,6.0,90.0,Low_Density_Residential,2,25,3,Severe Inundation
W001,T. Nagar Commercial Hub,Central,13.0418,80.2341,81.41,13.06,2.47,998.8,6.79,0.85,3.71,7.1,90.8,Commercial,8,90,1,Moderate
W010,Kolathur Urban Catchment,North-West,13.1235,80.2188,275.16,83.13,7.01,14510.6,8.17,1.31,3.18,45.8,53.7,High_Density_Residential,7,85,3,Severe Inundation
W011,Sholinganallur IT Corridor,South-East,12.901,80.2279,68.69,21.02,2.4,2501.4,3.66,0.54,3.4,17.8,82.2,Commercial,9,115,1,Moderate
W011,Sholinganallur IT Corridor,South-East,12.901,80.2279,13.64,6.73,1.06,934.2,5.05,0.7,2.91,32.4,72.0,Commercial,9,115,0,Low
W010,Kolathur Urban Catchment,North-West,13.1235,80.2188,149.23,47.11,4.3,3072.5,7.9,1.32,2.82,39.0,62.3,High_Density_Residential,7,85,3,Severe Inundation
W008,Tambaram Outer Valley,South-West,12.9249,80.1,51.71,11.13,2.14,1279.4,15.84,2.85,3.19,32.2,66.6,Low_Density_Residential,6,70,0,Low
W011,Sholinganallur IT Corridor,South-East,12.901,80.2279,91.11,21.13,3.66,7446.0,3.86,0.47,3.55,29.3,68.1,Commercial,9,115,3,Severe Inundation
W008,Tambaram Outer Valley,South-West,12.9249,80.1,74.43,13.28,3.46,1190.0,16.11,2.89,3.16,47.3,53.1,Low_Density_Residential,6,70,0,Low
W001,T. Nagar Commercial Hub,Central,13.0418,80.2341,3.65,6.25,1.03,441.7,6.18,1.07,3.8,55.6,40.3,Commercial,8,90,0,Low
W001,T. Nagar Commercial Hub,Central,13.0418,80.2341,83.57,15.2,3.42,2118.4,6.91,0.71,3.61,30.9,70.0,Commercial,8,90,2,High
W009,Perambur Railway Lowlands,North,13.1114,80.2437,82.89,15.2,2.79,1370.2,4.86,0.27,2.26,43.8,46.7,Commercial,10,125,2,High
W009,Perambur Railway Lowlands,North,13.1114,80.2437,18.91,6.36,1.13,454.4,5.09,0.52,2.67,11.2,93.4,Commercial,10,125,0,Low
W007,Mylapore Heritage Sector,East,13.0368,80.2676,73.22,16.54,3.46,3327.7,8.24,1.08,4.32,14.3,78.4,High_Density_Residential,5,55,1,Moderate
W001,T. Nagar Commercial Hub,Central,13.0418,80.2341,81.43,15.38,3.48,2465.0,5.45,0.79,3.9,20.5,70.0,Commercial,8,90,2,High
W001,T. Nagar Commercial Hub,Central,13.0418,80.2341,297.94,47.66,7.14,17263.6,6.46,0.75,3.68,58.3,47.6,Commercial,8,90,3,Severe Inundation
W009,Perambur Railway Lowlands,North,13.1114,80.2437,23.05,4.26,0.73,941.2,5.24,0.58,2.67,68.4,27.0,Commercial,10,125,0,Low
W012,Manali Petrochemical Zone,North-East,13.1706,80.2605,77.56,19.95,2.39,2819.1,3.27,0.5,2.2,45.3,53.9,Industrial,11,135,2,High
W005,Adyar Estuary Buffer,Coastal,13.0012,80.2565,73.8,8.13,2.57,2120.6,3.81,0.65,2.7,5.3,91.0,Green_Space,9,110,0,Low
W009,Perambur Railway Lowlands,North,13.1114,80.2437,170.78,35.13,4.09,7957.1,5.46,0.58,2.05,12.5,82.3,Commercial,10,125,3,Severe Inundation
W005,Adyar Estuary Buffer,Coastal,13.0012,80.2565,106.0,35.11,3.99,6283.1,4.5,0.57,2.83,10.6,88.4,Green_Space,9,110,2,High
W001,T. Nagar Commercial Hub,Central,13.0418,80.2341,99.06,40.32,4.63,4383.9,5.75,0.98,3.98,60.6,35.8,Commercial,8,90,3,Severe Inundation
W009,Perambur Railway Lowlands,North,13.1114,80.2437,31.15,5.79,1.16,339.1,4.67,0.38,2.54,22.6,80.5,Commercial,10,125,0,Low
W012,Manali Petrochemical Zone,North-East,13.1706,80.2605,23.63,7.39,1.58,606.8,3.25,0.55,2.16,57.5,45.6,Industrial,11,135,0,Low
W011,Sholinganallur IT Corridor,South-East,12.901,80.2279,72.35,24.19,3.36,2541.0,5.28,0.2,3.36,47.4,40.8,Commercial,9,115,2,High
W007,Mylapore Heritage Sector,East,13.0368,80.2676,39.43,12.66,2.59,3374.6,8.45,1.47,4.71,47.8,61.6,High_Density_Residential,5,55,0,Low
W003,Madipakkam Lake Basin,South,12.9647,80.1961,42.84,12.62,1.91,1988.7,2.3,0.41,1.91,66.6,27.9,High_Density_Residential,14,160,1,Moderate
W002,Velachery Lowlands,South,12.9815,80.218,329.58,78.03,5.62,14073.1,2.86,0.63,2.05,30.1,74.4,High_Density_Residential,12,140,3,Severe Inundation
W002,Velachery Lowlands,South,12.9815,80.218,9.98,6.98,1.46,921.1,3.3,0.27,1.84,44.0,55.8,High_Density_Residential,12,140,0,Low
W009,Perambur Railway Lowlands,North,13.1114,80.2437,12.12,4.05,1.65,399.4,5.62,0.5,2.09,57.9,37.7,Commercial,10,125,0,Low
W003,Madipakkam Lake Basin,South,12.9647,80.1961,13.05,7.57,0.67,672.0,2.86,0.43,1.7,18.5,80.9,High_Density_Residential,14,160,0,Low
W004,Guindy Industrial Estate,South-Central,13.0067,80.2025,285.29,86.8,7.45,13176.5,12.88,2.2,4.31,37.6,65.6,Industrial,4,45,3,Severe Inundation
W004,Guindy Industrial Estate,South-Central,13.0067,80.2025,36.56,12.21,2.23,3184.7,11.48,2.18,4.13,9.5,86.1,Industrial,4,45,0,Low
W010,Kolathur Urban Catchment,North-West,13.1235,80.2188,160.84,45.13,3.7,5242.9,7.45,1.34,2.65,5.2,91.0,High_Density_Residential,7,85,3,Severe Inundation
W009,Perambur Railway Lowlands,North,13.1114,80.2437,91.19,20.28,4.21,7911.1,5.71,0.64,2.45,23.4,71.4,Commercial,10,125,3,Severe Inundation
W005,Adyar Estuary Buffer,Coastal,13.0012,80.2565,107.95,27.21,3.39,7814.4,4.17,0.74,2.76,81.1,19.9,Green_Space,9,110,2,High
W006,Anna Nagar Residential,West,13.085,80.2101,12.14,8.8,1.07,605.8,14.85,2.52,4.76,35.7,62.7,Low_Density_Residential,2,25,0,Low
W005,Adyar Estuary Buffer,Coastal,13.0012,80.2565,43.16,22.37,3.37,2607.4,3.98,0.49,2.86,50.7,45.6,Green_Space,9,110,1,Moderate
W007,Mylapore Heritage Sector,East,13.0368,80.2676,55.64,17.13,3.25,3426.4,8.82,1.31,4.66,21.0,74.0,High_Density_Residential,5,55,0,Low
W002,Velachery Lowlands,South,12.9815,80.218,174.54,36.36,4.42,4358.9,3.94,0.53,2.16,46.4,53.8,High_Density_Residential,12,140,3,Severe Inundation
W006,Anna Nagar Residential,West,13.085,80.2101,167.46,45.05,3.59,5130.7,15.13,2.66,5.21,75.2,33.0,Low_Density_Residential,2,25,2,High
W007,Mylapore Heritage Sector,East,13.0368,80.2676,23.81,9.06,0.51,981.7,8.16,1.27,4.59,48.8,50.9,High_Density_Residential,5,55,0,Low
W008,Tambaram Outer Valley,South-West,12.9249,80.1,29.23,7.65,1.43,908.7,15.85,2.88,3.05,22.8,82.8,Low_Density_Residential,6,70,0,Low
W010,Kolathur Urban Catchment,North-West,13.1235,80.2188,31.3,8.4,1.67,603.2,8.64,1.16,3.2,29.2,69.4,High_Density_Residential,7,85,0,Low
W004,Guindy Industrial Estate,South-Central,13.0067,80.2025,73.95,21.4,2.74,2571.7,12.64,2.23,4.55,35.2,55.0,Industrial,4,45,0,Low
W012,Manali Petrochemical Zone,North-East,13.1706,80.2605,132.34,26.38,4.74,6399.7,3.26,0.41,1.86,23.5,78.5,Industrial,11,135,3,Severe Inundation
W004,Guindy Industrial Estate,South-Central,13.0067,80.2025,18.73,7.67,0.73,635.5,12.69,2.17,4.02,44.0,60.3,Industrial,4,45,0,Low
W005,Adyar Estuary Buffer,Coastal,13.0012,80.2565,63.88,8.21,3.41,2375.0,4.12,0.53,2.94,59.7,33.4,Green_Space,9,110,1,Moderate
W011,Sholinganallur IT Corridor,South-East,12.901,80.2279,160.56,48.54,3.2,5285.6,4.66,0.67,3.19,44.8,49.2,Commercial,9,115,3,Severe Inundation
W002,Velachery Lowlands,South,12.9815,80.218,162.43,33.6,4.77,4171.1,3.7,0.25,1.73,53.3,40.1,High_Density_Residential,12,140,3,Severe Inundation
W011,Sholinganallur IT Corridor,South-East,12.901,80.2279,223.21,94.26,7.33,13195.6,4.61,0.41,3.12,22.0,79.0,Commercial,9,115,3,Severe Inundation
W011,Sholinganallur IT Corridor,South-East,12.901,80.2279,52.45,9.13,3.32,3494.9,4.43,0.69,3.34,35.8,70.7,Commercial,9,115,1,Moderate
W001,T. Nagar Commercial Hub,Central,13.0418,80.2341,63.83,12.6,3.05,1774.9,6.13,0.64,3.56,30.0,76.6,Commercial,8,90,1,Moderate
W002,Velachery Lowlands,South,12.9815,80.218,10.04,1.64,0.92,721.3,3.5,0.51,2.05,63.0,44.2,High_Density_Residential,12,140,0,Low
W007,Mylapore Heritage Sector,East,13.0368,80.2676,126.46,42.06,4.4,6857.6,8.26,1.23,4.36,46.1,52.7,High_Density_Residential,5,55,3,Severe Inundation
W007,Mylapore Heritage Sector,East,13.0368,80.2676,83.1,16.77,2.91,1950.1,8.16,1.26,4.48,35.8,63.3,High_Density_Residential,5,55,1,Moderate
W007,Mylapore Heritage Sector,East,13.0368,80.2676,225.61,47.51,6.14,8658.6,8.76,1.24,4.65,32.2,68.5,High_Density_Residential,5,55,3,Severe Inundation
W009,Perambur Railway Lowlands,North,13.1114,80.2437,16.49,8.75,1.75,643.3,5.19,0.49,3.06,56.4,49.8,Commercial,10,125,0,Low
W008,Tambaram Outer Valley,South-West,12.9249,80.1,29.2,9.98,1.93,423.9,15.37,2.83,3.42,65.4,24.1,Low_Density_Residential,6,70,0,Low
W001,T. Nagar Commercial Hub,Central,13.0418,80.2341,54.61,12.04,2.17,909.4,6.45,0.87,3.63,62.7,37.9,Commercial,8,90,1,Moderate
W011,Sholinganallur IT Corridor,South-East,12.901,80.2279,12.68,6.99,0.94,577.6,4.61,0.82,3.21,16.5,90.8,Commercial,9,115,0,Low
W001,T. Nagar Commercial Hub,Central,13.0418,80.2341,144.84,46.33,4.48,6849.6,6.87,0.7,3.67,44.5,52.4,Commercial,8,90,3,Severe Inundation
W012,Manali Petrochemical Zone,North-East,13.1706,80.2605,160.54,44.19,3.25,3161.3,3.63,0.49,1.86,80.1,22.8,Industrial,11,135,3,Severe Inundation
W003,Madipakkam Lake Basin,South,12.9647,80.1961,43.13,9.14,2.03,1168.9,3.16,0.22,1.62,78.4,20.6,High_Density_Residential,14,160,1,Moderate
W002,Velachery Lowlands,South,12.9815,80.218,151.8,26.27,4.71,7295.8,3.13,0.35,1.93,52.4,45.6,High_Density_Residential,12,140,3,Severe Inundation
W008,Tambaram Outer Valley,South-West,12.9249,80.1,78.35,12.58,2.25,2606.7,16.12,2.85,2.88,21.6,73.7,Low_Density_Residential,6,70,0,Low
W007,Mylapore Heritage Sector,East,13.0368,80.2676,25.39,8.33,1.68,610.1,8.51,1.08,4.42,33.0,75.3,High_Density_Residential,5,55,0,Low
W011,Sholinganallur IT Corridor,South-East,12.901,80.2279,6.35,2.19,0.8,203.7,4.66,0.29,3.32,42.9,52.6,Commercial,9,115,0,Low
W006,Anna Nagar Residential,West,13.085,80.2101,56.06,19.83,2.81,1011.0,14.27,2.1,5.01,28.3,62.2,Low_Density_Residential,2,25,0,Low
W010,Kolathur Urban Catchment,North-West,13.1235,80.2188,200.41,69.19,5.34,14868.5,8.45,0.92,2.55,82.5,21.2,High_Density_Residential,7,85,3,Severe Inundation
W002,Velachery Lowlands,South,12.9815,80.218,215.65,50.61,5.83,9428.4,4.06,0.21,2.66,31.0,63.3,High_Density_Residential,12,140,3,Severe Inundation
W009,Perambur Railway Lowlands,North,13.1114,80.2437,131.47,38.14,4.81,7453.5,4.92,0.64,2.7,16.6,83.0,Commercial,10,125,3,Severe Inundation
W001,T. Nagar Commercial Hub,Central,13.0418,80.2341,258.9,89.47,6.78,16685.4,6.04,0.96,3.71,47.5,47.8,Commercial,8,90,3,Severe Inundation
W004,Guindy Industrial Estate,South-Central,13.0067,80.2025,165.83,38.3,3.89,6067.9,12.4,2.07,4.11,91.4,5.0,Industrial,4,45,3,Severe Inundation
W004,Guindy Industrial Estate,South-Central,13.0067,80.2025,22.29,5.86,0.81,662.8,11.83,2.09,4.26,9.8,87.1,Industrial,4,45,0,Low
W012,Manali Petrochemical Zone,North-East,13.1706,80.2605,76.67,22.27,2.98,2050.7,3.0,0.2,2.1,75.2,23.5,Industrial,11,135,2,High
W010,Kolathur Urban Catchment,North-West,13.1235,80.2188,33.27,6.93,0.87,580.2,8.31,0.91,2.87,57.1,34.0,High_Density_Residential,7,85,0,Low
W008,Tambaram Outer Valley,South-West,12.9249,80.1,35.31,23.21,2.7,2019.5,16.02,2.82,3.6,50.3,52.2,Low_Density_Residential,6,70,0,Low
W005,Adyar Estuary Buffer,Coastal,13.0012,80.2565,15.94,2.99,0.62,959.6,3.96,0.62,2.98,81.2,13.3,Green_Space,9,110,0,Low
W001,T. Nagar Commercial Hub,Central,13.0418,80.2341,14.65,6.42,0.69,769.1,6.73,0.64,3.89,18.0,83.8,Commercial,8,90,0,Low
W002,Velachery Lowlands,South,12.9815,80.218,13.43,5.69,1.15,640.6,2.95,0.49,2.44,60.6,43.8,High_Density_Residential,12,140,0,Low
W011,Sholinganallur IT Corridor,South-East,12.901,80.2279,154.96,46.17,3.61,5824.5,3.87,0.62,2.98,38.4,59.2,Commercial,9,115,3,Severe Inundation
W005,Adyar Estuary Buffer,Coastal,13.0012,80.2565,30.54,9.22,1.33,243.3,4.28,0.49,2.78,56.8,42.3,Green_Space,9,110,0,Low
W009,Perambur Railway Lowlands,North,13.1114,80.2437,77.46,8.22,3.07,1151.6,4.83,0.78,2.56,5.0,100.0,Commercial,10,125,1,Moderate
W010,Kolathur Urban Catchment,North-West,13.1235,80.2188,32.14,2.06,1.28,871.2,8.2,0.91,3.07,28.7,67.2,High_Density_Residential,7,85,0,Low
W011,Sholinganallur IT Corridor,South-East,12.901,80.2279,14.44,1.84,1.28,104.0,4.76,0.44,3.23,59.2,34.7,Commercial,9,115,0,Low
W001,T. Nagar Commercial Hub,Central,13.0418,80.2341,27.35,1.44,0.99,297.0,6.3,0.62,3.78,51.8,44.6,Commercial,8,90,0,Low
W003,Madipakkam Lake Basin,South,12.9647,80.1961,54.95,21.08,2.98,1044.3,2.67,0.35,1.99,60.7,37.0,High_Density_Residential,14,160,2,High
W006,Anna Nagar Residential,West,13.085,80.2101,13.75,7.43,1.11,783.6,14.09,2.3,5.37,56.2,44.5,Low_Density_Residential,2,25,0,Low
W001,T. Nagar Commercial Hub,Central,13.0418,80.2341,275.45,46.99,6.16,9915.1,6.15,0.49,3.9,34.8,62.1,Commercial,8,90,3,Severe Inundation
W004,Guindy Industrial Estate,South-Central,13.0067,80.2025,300.15,64.83,6.75,9129.8,12.25,1.95,4.51,60.0,42.2,Industrial,4,45,3,Severe Inundation
W010,Kolathur Urban Catchment,North-West,13.1235,80.2188,58.54,14.98,2.33,1624.4,8.01,1.37,3.08,54.3,44.6,High_Density_Residential,7,85,1,Moderate
W003,Madipakkam Lake Basin,South,12.9647,80.1961,43.34,8.72,2.65,2784.9,2.5,0.38,1.56,11.6,99.1,High_Density_Residential,14,160,1,Moderate
W012,Manali Petrochemical Zone,North-East,13.1706,80.2605,56.86,20.6,2.92,2526.5,2.43,0.53,1.97,24.9,82.2,Industrial,11,135,2,High
W007,Mylapore Heritage Sector,East,13.0368,80.2676,157.19,43.14,3.45,4993.2,8.7,1.04,4.78,31.6,63.9,High_Density_Residential,5,55,3,Severe Inundation
W002,Velachery Lowlands,South,12.9815,80.218,80.13,8.32,1.98,1419.2,3.73,0.45,2.04,22.9,73.2,High_Density_Residential,12,140,1,Moderate
W005,Adyar Estuary Buffer,Coastal,13.0012,80.2565,27.38,2.55,1.77,872.4,3.54,0.45,3.07,47.0,50.6,Green_Space,9,110,0,Low
W003,Madipakkam Lake Basin,South,12.9647,80.1961,40.69,9.18,3.0,3264.9,2.91,0.2,1.79,40.8,64.1,High_Density_Residential,14,160,2,High
W010,Kolathur Urban Catchment,North-West,13.1235,80.2188,29.16,1.16,1.7,798.3,7.94,1.26,3.13,10.0,95.2,High_Density_Residential,7,85,0,Low
W004,Guindy Industrial Estate,South-Central,13.0067,80.2025,83.2,15.38,3.15,3149.1,12.27,1.88,4.42,36.8,64.6,Industrial,4,45,1,Moderate
W010,Kolathur Urban Catchment,North-West,13.1235,80.2188,38.4,21.37,1.91,1227.8,7.47,1.25,2.59,57.1,46.8,High_Density_Residential,7,85,0,Low
W007,Mylapore Heritage Sector,East,13.0368,80.2676,296.15,59.02,7.28,17454.9,8.39,1.28,4.05,80.0,16.0,High_Density_Residential,5,55,3,Severe Inundation
W011,Sholinganallur IT Corridor,South-East,12.901,80.2279,67.66,21.81,1.96,2693.4,4.17,0.44,3.6,13.0,82.6,Commercial,9,115,1,Moderate
W009,Perambur Railway Lowlands,North,13.1114,80.2437,13.0,9.81,0.68,637.7,4.64,0.53,2.25,46.0,56.8,Commercial,10,125,0,Low
W006,Anna Nagar Residential,West,13.085,80.2101,276.77,61.36,7.01,8922.0,15.38,2.69,4.92,66.3,32.9,Low_Density_Residential,2,25,3,Severe Inundation
W007,Mylapore Heritage Sector,East,13.0368,80.2676,145.9,45.56,3.66,3137.3,8.68,1.08,4.52,22.2,78.7,High_Density_Residential,5,55,3,Severe Inundation
W012,Manali Petrochemical Zone,North-East,13.1706,80.2605,4.95,4.59,0.62,846.3,4.15,0.25,1.79,44.0,54.4,Industrial,11,135,0,Low
W003,Madipakkam Lake Basin,South,12.9647,80.1961,5.22,4.92,1.48,662.9,3.63,0.27,1.81,56.8,33.1,High_Density_Residential,14,160,0,Low
W012,Manali Petrochemical Zone,North-East,13.1706,80.2605,16.34,6.77,1.29,126.3,2.61,0.46,1.77,28.3,63.5,Industrial,11,135,0,Low
W012,Manali Petrochemical Zone,North-East,13.1706,80.2605,157.74,25.77,4.84,5070.7,3.41,0.25,2.5,65.1,37.9,Industrial,11,135,3,Severe Inundation
W002,Velachery Lowlands,South,12.9815,80.218,81.22,18.81,1.99,2682.7,3.69,0.41,1.91,13.1,89.6,High_Density_Residential,12,140,2,High
W009,Perambur Railway Lowlands,North,13.1114,80.2437,25.29,1.61,0.51,129.4,5.19,0.54,2.48,42.7,53.3,Commercial,10,125,0,Low
W012,Manali Petrochemical Zone,North-East,13.1706,80.2605,27.2,3.39,0.93,586.9,3.44,0.39,1.75,34.1,64.2,Industrial,11,135,0,Low
W006,Anna Nagar Residential,West,13.085,80.2101,175.37,48.22,4.14,7916.3,14.81,2.37,4.98,65.4,39.1,Low_Density_Residential,2,25,3,Severe Inundation
W001,T. Nagar Commercial Hub,Central,13.0418,80.2341,118.81,27.69,4.52,5866.6,6.31,0.63,3.58,17.6,87.9,Commercial,8,90,3,Severe Inundation
W002,Velachery Lowlands,South,12.9815,80.218,55.27,20.79,2.43,1471.9,3.71,0.62,2.43,59.3,34.2,High_Density_Residential,12,140,2,High
W007,Mylapore Heritage Sector,East,13.0368,80.2676,313.89,93.2,6.34,14595.3,8.41,1.26,4.74,26.7,72.5,High_Density_Residential,5,55,3,Severe Inundation
W004,Guindy Industrial Estate,South-Central,13.0067,80.2025,19.77,4.29,1.01,511.9,12.01,1.89,3.87,44.7,47.2,Industrial,4,45,0,Low
W002,Velachery Lowlands,South,12.9815,80.218,161.36,43.94,3.23,6769.3,3.63,0.56,2.11,42.0,62.1,High_Density_Residential,12,140,3,Severe Inundation
W006,Anna Nagar Residential,West,13.085,80.2101,60.84,12.52,2.8,2918.5,14.69,2.63,5.06,59.0,32.5,Low_Density_Residential,2,25,0,Low
W010,Kolathur Urban Catchment,North-West,13.1235,80.2188,85.62,16.64,3.03,2033.6,7.64,1.05,2.4,17.7,81.1,High_Density_Residential,7,85,1,Moderate
W010,Kolathur Urban Catchment,North-West,13.1235,80.2188,53.89,13.83,2.9,2297.3,7.24,1.13,2.84,27.5,74.3,High_Density_Residential,7,85,1,Moderate
W010,Kolathur Urban Catchment,North-West,13.1235,80.2188,9.88,4.89,0.58,717.1,7.49,1.29,3.46,83.2,19.3,High_Density_Residential,7,85,0,Low
W007,Mylapore Heritage Sector,East,13.0368,80.2676,27.83,6.49,1.57,335.4,8.97,1.29,4.93,15.7,83.3,High_Density_Residential,5,55,0,Low
W006,Anna Nagar Residential,West,13.085,80.2101,17.85,9.12,1.08,804.2,14.8,2.43,4.91,15.5,83.7,Low_Density_Residential,2,25,0,Low
W001,T. Nagar Commercial Hub,Central,13.0418,80.2341,207.01,73.47,4.89,10553.9,5.96,1.05,3.92,41.6,50.9,Commercial,8,90,3,Severe Inundation
W011,Sholinganallur IT Corridor,South-East,12.901,80.2279,111.27,26.59,3.31,4965.4,4.43,0.37,3.54,67.4,31.4,Commercial,9,115,3,Severe Inundation
W005,Adyar Estuary Buffer,Coastal,13.0012,80.2565,71.6,16.65,3.06,2778.4,4.42,0.61,2.76,34.7,63.5,Green_Space,9,110,1,Moderate
W008,Tambaram Outer Valley,South-West,12.9249,80.1,23.52,7.96,1.83,874.6,15.06,2.6,2.95,55.3,47.3,Low_Density_Residential,6,70,0,Low
W008,Tambaram Outer Valley,South-West,12.9249,80.1,48.28,17.61,1.95,1844.7,16.77,2.74,3.3,46.5,50.0,Low_Density_Residential,6,70,0,Low
W004,Guindy Industrial Estate,South-Central,13.0067,80.2025,26.02,6.14,0.59,122.8,13.25,2.17,3.88,22.2,83.8,Industrial,4,45,0,Low
W006,Anna Nagar Residential,West,13.085,80.2101,107.08,34.85,3.92,4028.5,14.14,2.38,4.57,15.1,83.2,Low_Density_Residential,2,25,1,Moderate
W009,Perambur Railway Lowlands,North,13.1114,80.2437,18.57,7.18,1.66,132.0,4.15,0.58,2.54,11.8,92.3,Commercial,10,125,0,Low
W007,Mylapore Heritage Sector,East,13.0368,80.2676,293.56,60.26,6.61,7919.0,8.26,0.96,4.31,25.2,74.4,High_Density_Residential,5,55,3,Severe Inundation
W007,Mylapore Heritage Sector,East,13.0368,80.2676,175.91,46.23,3.2,4093.5,8.34,1.0,4.85,16.9,74.7,High_Density_Residential,5,55,3,Severe Inundation
W003,Madipakkam Lake Basin,South,12.9647,80.1961,108.01,40.51,3.39,5295.8,3.27,0.51,1.81,32.9,65.1,High_Density_Residential,14,160,3,Severe Inundation
W011,Sholinganallur IT Corridor,South-East,12.901,80.2279,134.54,20.6,3.71,7507.5,4.44,0.72,3.5,55.4,43.9,Commercial,9,115,3,Severe Inundation
W010,Kolathur Urban Catchment,North-West,13.1235,80.2188,70.06,19.36,3.01,2165.6,7.74,1.1,2.98,60.6,48.3,High_Density_Residential,7,85,1,Moderate
W011,Sholinganallur IT Corridor,South-East,12.901,80.2279,21.73,1.67,0.72,663.4,3.81,0.51,3.33,26.3,69.1,Commercial,9,115,0,Low
W007,Mylapore Heritage Sector,East,13.0368,80.2676,83.51,18.34,2.97,1410.1,8.58,1.3,4.21,25.6,71.9,High_Density_Residential,5,55,1,Moderate
W002,Velachery Lowlands,South,12.9815,80.218,254.2,70.17,7.31,12767.2,4.12,0.2,1.75,22.9,83.6,High_Density_Residential,12,140,3,Severe Inundation
W010,Kolathur Urban Catchment,North-West,13.1235,80.2188,47.65,17.7,3.39,2671.7,7.88,1.04,2.97,37.7,59.8,High_Density_Residential,7,85,1,Moderate
W005,Adyar Estuary Buffer,Coastal,13.0012,80.2565,10.35,5.38,1.59,867.5,4.63,1.0,3.38,40.9,58.7,Green_Space,9,110,0,Low
W004,Guindy Industrial Estate,South-Central,13.0067,80.2025,111.7,44.89,3.93,5072.4,12.27,2.16,4.01,13.3,87.9,Industrial,4,45,2,High
W012,Manali Petrochemical Zone,North-East,13.1706,80.2605,225.08,71.44,5.27,12116.9,3.59,0.32,1.89,21.8,84.2,Industrial,11,135,3,Severe Inundation
W002,Velachery Lowlands,South,12.9815,80.218,176.0,42.67,4.68,5661.6,3.38,0.72,1.77,37.3,63.8,High_Density_Residential,12,140,3,Severe Inundation
W002,Velachery Lowlands,South,12.9815,80.218,47.25,13.9,3.29,3342.6,3.51,0.35,1.96,56.1,47.3,High_Density_Residential,12,140,2,High
W005,Adyar Estuary Buffer,Coastal,13.0012,80.2565,27.28,1.84,0.8,654.5,4.85,0.49,3.23,66.8,32.1,Green_Space,9,110,0,Low
W003,Madipakkam Lake Basin,South,12.9647,80.1961,66.31,15.18,2.67,3187.7,2.92,0.26,1.95,22.2,77.9,High_Density_Residential,14,160,1,Moderate
W007,Mylapore Heritage Sector,East,13.0368,80.2676,54.0,22.38,2.99,2780.2,8.26,1.32,4.31,42.2,57.8,High_Density_Residential,5,55,1,Moderate
W012,Manali Petrochemical Zone,North-East,13.1706,80.2605,41.68,18.23,1.87,3292.7,3.67,0.36,2.09,28.9,72.1,Industrial,11,135,1,Moderate
W011,Sholinganallur IT Corridor,South-East,12.901,80.2279,115.72,27.09,4.64,6768.6,4.65,0.46,3.5,57.4,38.7,Commercial,9,115,3,Severe Inundation
W003,Madipakkam Lake Basin,South,12.9647,80.1961,99.19,41.85,3.66,7809.5,2.81,0.2,1.77,91.3,8.7,High_Density_Residential,14,160,3,Severe Inundation
W012,Manali Petrochemical Zone,North-East,13.1706,80.2605,203.64,59.01,6.57,10472.8,3.49,0.36,1.82,5.0,95.7,Industrial,11,135,3,Severe Inundation
W007,Mylapore Heritage Sector,East,13.0368,80.2676,62.15,15.65,3.07,3262.1,8.54,0.98,4.79,5.0,87.5,High_Density_Residential,5,55,0,Low
W006,Anna Nagar Residential,West,13.085,80.2101,261.29,90.52,4.92,8758.1,13.65,2.44,5.18,47.9,56.5,Low_Density_Residential,2,25,3,Severe Inundation
W006,Anna Nagar Residential,West,13.085,80.2101,25.68,2.28,1.19,265.3,15.0,2.36,5.19,69.2,29.3,Low_Density_Residential,2,25,0,Low
W002,Velachery Lowlands,South,12.9815,80.218,14.91,8.3,1.12,780.2,3.96,0.56,2.31,8.0,83.5,High_Density_Residential,12,140,0,Low
W002,Velachery Lowlands,South,12.9815,80.218,324.93,71.37,4.89,9268.5,3.7,0.29,2.27,8.0,100.0,High_Density_Residential,12,140,3,Severe Inundation
W001,T. Nagar Commercial Hub,Central,13.0418,80.2341,31.83,4.7,1.69,282.6,6.13,0.64,3.47,33.4,65.9,Commercial,8,90,0,Low
W005,Adyar Estuary Buffer,Coastal,13.0012,80.2565,169.7,23.75,4.25,6059.2,4.31,0.37,2.87,40.3,56.4,Green_Space,9,110,2,High
W008,Tambaram Outer Valley,South-West,12.9249,80.1,20.97,9.68,1.41,468.9,15.79,2.76,3.49,37.9,57.6,Low_Density_Residential,6,70,0,Low
W006,Anna Nagar Residential,West,13.085,80.2101,129.09,43.68,4.34,3165.7,14.84,2.41,5.2,52.2,41.0,Low_Density_Residential,2,25,2,High
W005,Adyar Estuary Buffer,Coastal,13.0012,80.2565,89.34,24.4,2.67,1059.6,4.6,0.44,2.72,36.6,59.3,Green_Space,9,110,1,Moderate
W002,Velachery Lowlands,South,12.9815,80.218,274.39,78.01,4.85,14540.4,3.18,0.2,2.22,24.3,83.5,High_Density_Residential,12,140,3,Severe Inundation
W003,Madipakkam Lake Basin,South,12.9647,80.1961,3.54,9.63,0.98,730.5,2.75,0.52,1.73,58.6,46.0,High_Density_Residential,14,160,0,Low
W002,Velachery Lowlands,South,12.9815,80.218,5.31,6.03,1.77,383.9,3.4,0.4,1.96,51.8,42.9,High_Density_Residential,12,140,0,Low
W003,Madipakkam Lake Basin,South,12.9647,80.1961,23.15,7.15,1.98,591.5,3.05,0.2,1.48,87.0,9.1,High_Density_Residential,14,160,1,Moderate
W007,Mylapore Heritage Sector,East,13.0368,80.2676,337.24,71.17,6.31,11780.1,8.46,1.12,4.64,58.7,40.3,High_Density_Residential,5,55,3,Severe Inundation
W008,Tambaram Outer Valley,South-West,12.9249,80.1,304.3,59.4,6.06,8210.5,16.14,2.67,3.44,65.5,34.4,Low_Density_Residential,6,70,3,Severe Inundation
W009,Perambur Railway Lowlands,North,13.1114,80.2437,316.93,79.61,5.21,12719.3,5.12,0.65,2.61,48.0,50.8,Commercial,10,125,3,Severe Inundation
W009,Perambur Railway Lowlands,North,13.1114,80.2437,118.59,35.92,4.33,4528.6,5.54,0.41,2.24,62.3,33.6,Commercial,10,125,3,Severe Inundation
W009,Perambur Railway Lowlands,North,13.1114,80.2437,19.97,2.6,0.6,743.3,5.2,0.56,2.49,20.4,78.0,Commercial,10,125,0,Low
W007,Mylapore Heritage Sector,East,13.0368,80.2676,4.39,4.88,1.4,817.4,8.97,1.18,4.31,30.7,69.7,High_Density_Residential,5,55,0,Low
W002,Velachery Lowlands,South,12.9815,80.218,127.04,31.07,4.69,3453.9,3.72,0.49,1.93,8.4,84.6,High_Density_Residential,12,140,3,Severe Inundation
W001,T. Nagar Commercial Hub,Central,13.0418,80.2341,9.49,1.93,0.57,223.6,6.09,0.74,3.72,23.7,84.8,Commercial,8,90,0,Low
W002,Velachery Lowlands,South,12.9815,80.218,115.64,36.8,4.28,4759.0,3.93,0.5,2.15,27.3,83.5,High_Density_Residential,12,140,3,Severe Inundation
W006,Anna Nagar Residential,West,13.085,80.2101,29.24,3.72,1.08,976.9,15.02,2.46,5.29,39.0,52.9,Low_Density_Residential,2,25,0,Low
W009,Perambur Railway Lowlands,North,13.1114,80.2437,12.91,6.56,1.76,549.6,5.53,0.44,2.37,73.2,27.9,Commercial,10,125,0,Low
W002,Velachery Lowlands,South,12.9815,80.218,65.87,24.61,2.87,2395.3,3.08,0.63,2.12,21.5,88.0,High_Density_Residential,12,140,2,High
W010,Kolathur Urban Catchment,North-West,13.1235,80.2188,58.04,16.47,3.09,847.6,7.68,1.1,3.04,78.0,24.5,High_Density_Residential,7,85,1,Moderate
W010,Kolathur Urban Catchment,North-West,13.1235,80.2188,203.5,67.49,6.41,16671.5,8.36,1.06,3.25,19.9,81.6,High_Density_Residential,7,85,3,Severe Inundation
W006,Anna Nagar Residential,West,13.085,80.2101,5.26,9.52,0.62,710.1,14.33,2.28,5.1,68.1,27.1,Low_Density_Residential,2,25,0,Low
W007,Mylapore Heritage Sector,East,13.0368,80.2676,64.44,11.36,2.28,2116.6,9.12,1.02,4.67,63.6,30.9,High_Density_Residential,5,55,0,Low
W001,T. Nagar Commercial Hub,Central,13.0418,80.2341,179.23,36.97,4.85,6210.8,5.87,1.2,4.19,36.5,63.9,Commercial,8,90,3,Severe Inundation
W005,Adyar Estuary Buffer,Coastal,13.0012,80.2565,45.26,23.41,2.96,1048.0,3.65,0.66,2.83,46.6,52.1,Green_Space,9,110,1,Moderate
W007,Mylapore Heritage Sector,East,13.0368,80.2676,154.69,29.41,3.5,6107.1,8.78,1.48,4.51,38.7,64.7,High_Density_Residential,5,55,3,Severe Inundation
W007,Mylapore Heritage Sector,East,13.0368,80.2676,90.5,46.06,4.27,4201.2,8.95,1.03,4.1,23.3,75.5,High_Density_Residential,5,55,2,High
W002,Velachery Lowlands,South,12.9815,80.218,29.53,5.51,1.43,235.6,3.72,0.4,2.04,47.8,62.8,High_Density_Residential,12,140,0,Low
W012,Manali Petrochemical Zone,North-East,13.1706,80.2605,46.3,16.03,2.12,920.5,4.22,0.36,1.85,38.8,56.5,Industrial,11,135,1,Moderate
W009,Perambur Railway Lowlands,North,13.1114,80.2437,49.2,11.79,3.32,1348.9,4.56,0.44,2.51,34.4,74.1,Commercial,10,125,2,High
W004,Guindy Industrial Estate,South-Central,13.0067,80.2025,253.04,91.82,6.12,15711.0,12.57,2.25,4.58,46.9,48.9,Industrial,4,45,3,Severe Inundation
W010,Kolathur Urban Catchment,North-West,13.1235,80.2188,32.66,5.89,1.09,704.3,7.1,1.17,3.16,70.9,27.0,High_Density_Residential,7,85,0,Low
W009,Perambur Railway Lowlands,North,13.1114,80.2437,58.43,22.3,3.34,1573.5,5.05,0.4,2.3,47.4,59.4,Commercial,10,125,2,High
W003,Madipakkam Lake Basin,South,12.9647,80.1961,166.99,24.83,4.26,7574.2,3.11,0.2,1.78,42.4,54.8,High_Density_Residential,14,160,3,Severe Inundation
W011,Sholinganallur IT Corridor,South-East,12.901,80.2279,88.24,9.34,2.25,3415.3,3.56,0.81,3.21,9.3,88.8,Commercial,9,115,1,Moderate
W007,Mylapore Heritage Sector,East,13.0368,80.2676,20.79,1.75,1.71,535.0,8.35,1.07,4.34,66.1,30.0,High_Density_Residential,5,55,0,Low
W003,Madipakkam Lake Basin,South,12.9647,80.1961,155.94,37.18,4.26,7211.6,3.03,0.28,1.71,39.5,61.7,High_Density_Residential,14,160,3,Severe Inundation
W003,Madipakkam Lake Basin,South,12.9647,80.1961,47.41,20.91,2.94,1317.3,3.16,0.48,1.86,27.7,76.8,High_Density_Residential,14,160,2,High
W005,Adyar Estuary Buffer,Coastal,13.0012,80.2565,33.44,9.13,0.6,569.2,4.07,0.5,2.86,39.1,60.0,Green_Space,9,110,0,Low
W005,Adyar Estuary Buffer,Coastal,13.0012,80.2565,90.68,39.91,4.84,4773.8,4.5,0.38,3.01,48.4,52.7,Green_Space,9,110,2,High
W005,Adyar Estuary Buffer,Coastal,13.0012,80.2565,33.42,9.19,0.67,917.6,4.11,0.59,3.04,76.0,27.2,Green_Space,9,110,0,Low
W008,Tambaram Outer Valley,South-West,12.9249,80.1,119.76,36.43,3.93,5331.2,16.1,3.04,3.68,39.6,61.2,Low_Density_Residential,6,70,1,Moderate
W003,Madipakkam Lake Basin,South,12.9647,80.1961,217.69,90.98,5.47,13082.3,3.38,0.2,1.56,16.4,87.8,High_Density_Residential,14,160,3,Severe Inundation
W002,Velachery Lowlands,South,12.9815,80.218,148.45,30.37,4.59,3148.9,3.31,0.41,2.28,31.1,71.0,High_Density_Residential,12,140,3,Severe Inundation
W003,Madipakkam Lake Basin,South,12.9647,80.1961,88.8,11.64,2.85,2321.8,2.95,0.38,2.05,50.5,48.7,High_Density_Residential,14,160,2,High
W007,Mylapore Heritage Sector,East,13.0368,80.2676,46.82,24.92,3.11,2332.6,8.63,1.23,4.57,21.0,80.2,High_Density_Residential,5,55,1,Moderate
W005,Adyar Estuary Buffer,Coastal,13.0012,80.2565,78.92,8.42,3.2,1681.4,3.79,0.74,2.74,47.5,51.4,Green_Space,9,110,1,Moderate
W007,Mylapore Heritage Sector,East,13.0368,80.2676,77.45,16.43,2.25,3487.9,9.11,1.39,4.73,48.1,41.8,High_Density_Residential,5,55,1,Moderate
W005,Adyar Estuary Buffer,Coastal,13.0012,80.2565,28.09,7.46,0.82,368.6,3.65,0.69,2.93,55.0,40.1,Green_Space,9,110,0,Low
W008,Tambaram Outer Valley,South-West,12.9249,80.1,300.66,49.07,7.27,11745.9,16.59,2.76,3.57,9.7,96.0,Low_Density_Residential,6,70,3,Severe Inundation
W002,Velachery Lowlands,South,12.9815,80.218,65.9,12.91,2.07,2438.7,4.07,0.29,2.04,40.2,56.5,High_Density_Residential,12,140,1,Moderate
W006,Anna Nagar Residential,West,13.085,80.2101,40.4,8.21,2.65,2046.0,14.26,2.37,4.8,29.0,66.5,Low_Density_Residential,2,25,0,Low
W005,Adyar Estuary Buffer,Coastal,13.0012,80.2565,61.31,21.25,2.63,1309.8,3.25,0.48,2.51,60.2,37.2,Green_Space,9,110,1,Moderate
W004,Guindy Industrial Estate,South-Central,13.0067,80.2025,77.26,23.73,3.35,2289.4,13.01,2.0,4.16,72.7,30.2,Industrial,4,45,1,Moderate
W012,Manali Petrochemical Zone,North-East,13.1706,80.2605,72.43,12.87,2.22,2444.1,3.3,0.3,2.12,62.1,39.7,Industrial,11,135,2,High
W011,Sholinganallur IT Corridor,South-East,12.901,80.2279,11.77,4.76,1.48,456.0,4.7,0.65,3.48,67.5,38.0,Commercial,9,115,0,Low
W008,Tambaram Outer Valley,South-West,12.9249,80.1,140.89,45.27,3.99,7024.0,16.33,2.71,3.27,43.9,54.1,Low_Density_Residential,6,70,2,High
W010,Kolathur Urban Catchment,North-West,13.1235,80.2188,10.6,3.32,0.82,457.0,7.57,1.21,3.07,36.1,62.7,High_Density_Residential,7,85,0,Low
W010,Kolathur Urban Catchment,North-West,13.1235,80.2188,2.53,2.64,0.79,222.6,8.24,0.97,3.06,22.6,74.1,High_Density_Residential,7,85,0,Low
W004,Guindy Industrial Estate,South-Central,13.0067,80.2025,4.89,7.59,0.85,165.7,13.07,2.01,4.02,71.0,19.3,Industrial,4,45,0,Low
W008,Tambaram Outer Valley,South-West,12.9249,80.1,10.6,2.04,0.88,122.1,15.97,2.62,3.36,33.0,67.1,Low_Density_Residential,6,70,0,Low
W002,Velachery Lowlands,South,12.9815,80.218,164.37,48.24,3.75,3217.2,3.57,0.26,2.31,6.8,85.0,High_Density_Residential,12,140,3,Severe Inundation
W003,Madipakkam Lake Basin,South,12.9647,80.1961,30.41,1.84,1.74,853.0,3.48,0.59,1.94,63.9,36.5,High_Density_Residential,14,160,0,Low
W005,Adyar Estuary Buffer,Coastal,13.0012,80.2565,44.82,16.37,3.15,2434.2,4.58,0.61,3.02,59.2,42.6,Green_Space,9,110,0,Low
W001,T. Nagar Commercial Hub,Central,13.0418,80.2341,169.63,49.23,3.82,5973.4,5.8,0.82,3.99,86.8,14.0,Commercial,8,90,3,Severe Inundation
W007,Mylapore Heritage Sector,East,13.0368,80.2676,83.56,11.79,2.33,3420.4,7.71,1.31,4.46,37.3,58.7,High_Density_Residential,5,55,1,Moderate
W006,Anna Nagar Residential,West,13.085,80.2101,204.4,61.83,5.95,14713.1,14.98,2.48,5.2,6.5,94.1,Low_Density_Residential,2,25,3,Severe Inundation
W010,Kolathur Urban Catchment,North-West,13.1235,80.2188,18.46,8.66,1.38,906.1,7.69,1.22,3.03,75.0,24.3,High_Density_Residential,7,85,0,Low
W007,Mylapore Heritage Sector,East,13.0368,80.2676,152.62,26.51,3.72,3826.2,9.07,1.21,4.12,28.5,68.3,High_Density_Residential,5,55,3,Severe Inundation
W006,Anna Nagar Residential,West,13.085,80.2101,5.23,8.25,1.69,173.1,14.36,2.25,4.87,79.1,26.1,Low_Density_Residential,2,25,0,Low
W008,Tambaram Outer Valley,South-West,12.9249,80.1,62.08,17.07,2.26,1671.3,16.18,2.85,3.34,47.3,54.5,Low_Density_Residential,6,70,0,Low
W006,Anna Nagar Residential,West,13.085,80.2101,166.19,27.94,4.25,3903.8,14.21,2.57,5.47,48.0,64.2,Low_Density_Residential,2,25,1,Moderate
W007,Mylapore Heritage Sector,East,13.0368,80.2676,103.52,38.28,3.21,7112.9,8.81,1.06,4.49,26.7,78.3,High_Density_Residential,5,55,2,High
W011,Sholinganallur IT Corridor,South-East,12.901,80.2279,337.53,49.89,5.23,9480.0,4.78,0.43,3.57,50.5,45.9,Commercial,9,115,3,Severe Inundation
W010,Kolathur Urban Catchment,North-West,13.1235,80.2188,47.06,8.02,3.18,3417.3,8.01,1.24,3.15,40.8,63.5,High_Density_Residential,7,85,0,Low
W003,Madipakkam Lake Basin,South,12.9647,80.1961,32.14,8.91,1.42,560.5,2.18,0.41,1.78,16.1,80.9,High_Density_Residential,14,160,0,Low
W005,Adyar Estuary Buffer,Coastal,13.0012,80.2565,24.24,1.45,1.0,418.6,3.19,0.6,2.87,91.4,14.9,Green_Space,9,110,0,Low
W006,Anna Nagar Residential,West,13.085,80.2101,9.91,5.64,1.04,527.9,13.72,2.47,4.94,24.5,84.4,Low_Density_Residential,2,25,0,Low
W010,Kolathur Urban Catchment,North-West,13.1235,80.2188,220.19,60.78,5.1,13420.4,8.12,1.08,2.97,66.1,38.4,High_Density_Residential,7,85,3,Severe Inundation
W012,Manali Petrochemical Zone,North-East,13.1706,80.2605,68.74,16.7,2.88,2587.0,3.09,0.34,2.05,33.9,63.4,Industrial,11,135,2,High
W004,Guindy Industrial Estate,South-Central,13.0067,80.2025,35.67,19.24,3.04,2142.6,12.53,2.29,4.45,25.8,68.6,Industrial,4,45,0,Low
W008,Tambaram Outer Valley,South-West,12.9249,80.1,11.78,9.92,1.15,153.5,16.67,2.57,3.03,13.7,85.7,Low_Density_Residential,6,70,0,Low
W006,Anna Nagar Residential,West,13.085,80.2101,89.44,21.8,3.26,1646.5,14.58,2.19,5.13,49.9,61.7,Low_Density_Residential,2,25,0,Low
W003,Madipakkam Lake Basin,South,12.9647,80.1961,43.92,15.43,3.37,2999.1,2.92,0.4,1.38,27.1,73.4,High_Density_Residential,14,160,2,High
W007,Mylapore Heritage Sector,East,13.0368,80.2676,10.18,2.14,0.75,888.8,8.1,1.19,4.44,58.5,42.2,High_Density_Residential,5,55,0,Low
W006,Anna Nagar Residential,West,13.085,80.2101,120.12,36.54,3.5,7780.6,14.45,2.37,4.86,51.5,51.8,Low_Density_Residential,2,25,1,Moderate
W005,Adyar Estuary Buffer,Coastal,13.0012,80.2565,10.71,4.1,0.89,626.9,3.86,0.62,2.76,38.0,55.9,Green_Space,9,110,0,Low
W012,Manali Petrochemical Zone,North-East,13.1706,80.2605,95.21,39.75,4.63,6024.0,3.46,0.31,1.91,43.5,62.3,Industrial,11,135,3,Severe Inundation
W012,Manali Petrochemical Zone,North-East,13.1706,80.2605,13.2,5.13,1.38,271.0,4.0,0.4,2.07,75.7,19.9,Industrial,11,135,0,Low
W011,Sholinganallur IT Corridor,South-East,12.901,80.2279,65.81,23.51,2.08,2231.6,4.3,0.56,3.53,48.7,51.7,Commercial,9,115,1,Moderate
W008,Tambaram Outer Valley,South-West,12.9249,80.1,52.16,18.83,3.21,1159.2,16.29,2.8,3.19,53.2,52.5,Low_Density_Residential,6,70,0,Low
W010,Kolathur Urban Catchment,North-West,13.1235,80.2188,132.97,45.74,4.04,6375.1,7.87,1.03,3.34,39.5,63.4,High_Density_Residential,7,85,3,Severe Inundation
W004,Guindy Industrial Estate,South-Central,13.0067,80.2025,138.19,32.43,3.87,3022.1,11.87,2.1,4.21,39.8,67.2,Industrial,4,45,2,High
W006,Anna Nagar Residential,West,13.085,80.2101,16.69,8.78,1.23,491.8,15.11,2.15,4.89,47.9,52.9,Low_Density_Residential,2,25,0,Low
W007,Mylapore Heritage Sector,East,13.0368,80.2676,299.94,57.7,6.13,8022.7,8.13,1.21,4.51,68.7,29.5,High_Density_Residential,5,55,3,Severe Inundation
W005,Adyar Estuary Buffer,Coastal,13.0012,80.2565,216.65,81.92,7.03,16280.9,4.37,0.87,3.04,38.3,57.2,Green_Space,9,110,3,Severe Inundation
W007,Mylapore Heritage Sector,East,13.0368,80.2676,58.22,20.73,2.93,2085.7,7.99,1.32,4.53,35.4,68.0,High_Density_Residential,5,55,1,Moderate
W006,Anna Nagar Residential,West,13.085,80.2101,12.98,9.08,0.74,851.9,14.93,2.49,4.95,43.2,52.3,Low_Density_Residential,2,25,0,Low
W002,Velachery Lowlands,South,12.9815,80.218,81.57,22.23,2.08,2567.8,2.88,0.51,2.17,18.9,84.3,High_Density_Residential,12,140,2,High
W010,Kolathur Urban Catchment,North-West,13.1235,80.2188,61.32,22.57,2.11,1226.3,7.79,1.16,3.3,51.1,47.8,High_Density_Residential,7,85,1,Moderate
W004,Guindy Industrial Estate,South-Central,13.0067,80.2025,323.19,68.06,7.36,17757.0,12.35,1.79,4.1,76.5,21.3,Industrial,4,45,3,Severe Inundation
W010,Kolathur Urban Catchment,North-West,13.1235,80.2188,199.56,70.12,6.66,12706.5,7.45,1.09,2.9,44.4,54.4,High_Density_Residential,7,85,3,Severe Inundation
W009,Perambur Railway Lowlands,North,13.1114,80.2437,278.03,69.89,5.77,12964.0,5.31,0.58,2.32,49.2,55.2,Commercial,10,125,3,Severe Inundation
W003,Madipakkam Lake Basin,South,12.9647,80.1961,77.51,20.6,3.0,2662.7,3.22,0.42,1.68,26.3,78.6,High_Density_Residential,14,160,2,High
W011,Sholinganallur IT Corridor,South-East,12.901,80.2279,104.68,22.62,4.68,5866.6,4.41,0.35,3.54,56.8,40.1,Commercial,9,115,3,Severe Inundation
W009,Perambur Railway Lowlands,North,13.1114,80.2437,5.74,4.94,0.77,333.2,4.99,0.24,2.05,59.7,42.9,Commercial,10,125,0,Low
W001,T. Nagar Commercial Hub,Central,13.0418,80.2341,111.96,33.28,3.97,3489.7,6.09,0.93,3.78,8.2,89.5,Commercial,8,90,3,Severe Inundation
W012,Manali Petrochemical Zone,North-East,13.1706,80.2605,66.05,24.92,3.09,3411.2,3.64,0.24,2.25,58.5,49.2,Industrial,11,135,2,High
W008,Tambaram Outer Valley,South-West,12.9249,80.1,123.08,36.07,3.21,5674.2,16.4,2.84,2.87,56.3,37.2,Low_Density_Residential,6,70,1,Moderate
W012,Manali Petrochemical Zone,North-East,13.1706,80.2605,82.75,11.69,3.1,3054.3,3.13,0.47,2.04,80.2,14.4,Industrial,11,135,2,High
W004,Guindy Industrial Estate,South-Central,13.0067,80.2025,148.52,26.13,4.44,4455.3,12.66,1.98,4.1,84.8,12.9,Industrial,4,45,3,Severe Inundation
W008,Tambaram Outer Valley,South-West,12.9249,80.1,5.86,1.28,1.12,353.8,15.8,2.77,3.13,55.5,37.3,Low_Density_Residential,6,70,0,Low
W005,Adyar Estuary Buffer,Coastal,13.0012,80.2565,20.09,4.22,1.14,525.6,3.83,0.92,3.22,54.4,45.5,Green_Space,9,110,0,Low
W012,Manali Petrochemical Zone,North-East,13.1706,80.2605,148.51,48.59,3.89,6138.9,3.11,0.54,2.02,53.2,50.3,Industrial,11,135,3,Severe Inundation
W002,Velachery Lowlands,South,12.9815,80.218,61.79,22.4,2.27,1950.9,3.52,0.46,2.0,78.4,19.3,High_Density_Residential,12,140,2,High
W007,Mylapore Heritage Sector,East,13.0368,80.2676,6.31,8.19,1.79,348.8,8.55,1.08,4.76,45.9,54.3,High_Density_Residential,5,55,0,Low
W011,Sholinganallur IT Corridor,South-East,12.901,80.2279,55.18,11.24,3.09,1103.5,4.76,0.3,3.43,21.2,73.9,Commercial,9,115,1,Moderate
W008,Tambaram Outer Valley,South-West,12.9249,80.1,135.73,34.26,4.89,6609.8,16.25,2.5,3.28,35.2,71.5,Low_Density_Residential,6,70,2,High
W003,Madipakkam Lake Basin,South,12.9647,80.1961,2.35,7.35,1.18,263.0,3.48,0.4,1.44,44.9,56.8,High_Density_Residential,14,160,0,Low
W011,Sholinganallur IT Corridor,South-East,12.901,80.2279,27.96,4.69,1.33,240.5,3.81,0.74,3.5,17.9,78.8,Commercial,9,115,0,Low
W005,Adyar Estuary Buffer,Coastal,13.0012,80.2565,73.88,17.88,2.28,1508.3,3.63,0.56,3.08,39.1,62.9,Green_Space,9,110,1,Moderate
W004,Guindy Industrial Estate,South-Central,13.0067,80.2025,32.13,3.06,1.02,145.4,12.42,2.25,3.76,26.7,80.5,Industrial,4,45,0,Low
W005,Adyar Estuary Buffer,Coastal,13.0012,80.2565,48.95,22.9,2.11,2190.6,3.89,0.67,2.86,50.6,40.6,Green_Space,9,110,1,Moderate
W011,Sholinganallur IT Corridor,South-East,12.901,80.2279,7.14,6.53,0.57,634.9,4.7,0.71,3.4,20.5,86.0,Commercial,9,115,0,Low
W003,Madipakkam Lake Basin,South,12.9647,80.1961,17.66,2.94,1.21,232.8,3.32,0.32,2.12,18.1,74.3,High_Density_Residential,14,160,0,Low
W012,Manali Petrochemical Zone,North-East,13.1706,80.2605,76.53,22.83,2.26,1507.3,3.58,0.2,2.11,53.3,51.6,Industrial,11,135,2,High
W007,Mylapore Heritage Sector,East,13.0368,80.2676,78.54,22.83,2.88,2748.3,8.04,1.33,4.51,11.7,86.1,High_Density_Residential,5,55,1,Moderate
W007,Mylapore Heritage Sector,East,13.0368,80.2676,11.27,5.25,1.73,520.0,8.81,1.22,4.19,43.0,49.2,High_Density_Residential,5,55,0,Low
W002,Velachery Lowlands,South,12.9815,80.218,276.74,70.25,6.64,14514.3,3.58,0.66,1.87,79.4,19.2,High_Density_Residential,12,140,3,Severe Inundation
W008,Tambaram Outer Valley,South-West,12.9249,80.1,144.29,36.35,3.98,6760.0,16.35,2.85,2.92,21.7,69.4,Low_Density_Residential,6,70,2,High
W010,Kolathur Urban Catchment,North-West,13.1235,80.2188,45.58,24.13,2.7,2712.2,7.93,0.9,3.47,52.8,52.7,High_Density_Residential,7,85,1,Moderate
W008,Tambaram Outer Valley,South-West,12.9249,80.1,23.09,4.63,0.81,650.3,15.95,2.99,3.27,42.7,60.5,Low_Density_Residential,6,70,0,Low
W010,Kolathur Urban Catchment,North-West,13.1235,80.2188,22.82,4.59,0.57,362.2,7.56,1.15,3.64,53.9,46.2,High_Density_Residential,7,85,0,Low
W007,Mylapore Heritage Sector,East,13.0368,80.2676,95.73,30.72,4.96,4058.9,9.16,1.23,4.52,36.0,64.6,High_Density_Residential,5,55,2,High
W009,Perambur Railway Lowlands,North,13.1114,80.2437,54.03,19.12,1.82,3176.5,4.39,0.61,2.6,24.3,81.9,Commercial,10,125,1,Moderate
W009,Perambur Railway Lowlands,North,13.1114,80.2437,60.83,13.19,2.33,2280.0,4.7,0.8,2.54,50.8,46.3,Commercial,10,125,2,High
W012,Manali Petrochemical Zone,North-East,13.1706,80.2605,5.87,3.23,1.12,327.7,2.8,0.36,2.02,22.5,83.7,Industrial,11,135,0,Low
W007,Mylapore Heritage Sector,East,13.0368,80.2676,69.01,24.09,2.65,2145.1,8.79,1.32,4.43,24.5,79.6,High_Density_Residential,5,55,1,Moderate
W009,Perambur Railway Lowlands,North,13.1114,80.2437,10.3,9.82,1.35,786.2,4.62,0.65,2.5,31.7,68.7,Commercial,10,125,0,Low
W001,T. Nagar Commercial Hub,Central,13.0418,80.2341,195.21,51.3,5.23,9020.5,6.73,0.79,3.88,43.4,54.1,Commercial,8,90,3,Severe Inundation
W006,Anna Nagar Residential,West,13.085,80.2101,15.66,3.65,0.89,687.1,14.57,2.48,4.88,20.0,83.2,Low_Density_Residential,2,25,0,Low
W012,Manali Petrochemical Zone,North-East,13.1706,80.2605,91.26,20.18,3.48,5476.3,2.81,0.43,2.06,42.8,58.5,Industrial,11,135,3,Severe Inundation
W009,Perambur Railway Lowlands,North,13.1114,80.2437,24.0,5.7,1.4,118.5,4.76,0.26,2.79,26.3,74.4,Commercial,10,125,0,Low
W010,Kolathur Urban Catchment,North-West,13.1235,80.2188,25.56,6.16,0.95,433.8,7.69,1.01,2.56,31.3,67.5,High_Density_Residential,7,85,0,Low
W011,Sholinganallur IT Corridor,South-East,12.901,80.2279,173.08,20.09,3.32,7497.0,4.11,0.56,3.21,73.0,33.0,Commercial,9,115,3,Severe Inundation
W002,Velachery Lowlands,South,12.9815,80.218,5.12,9.76,0.69,575.8,3.26,0.51,2.39,27.4,80.2,High_Density_Residential,12,140,0,Low
W002,Velachery Lowlands,South,12.9815,80.218,4.91,3.19,0.92,152.8,3.51,0.35,1.83,27.3,74.6,High_Density_Residential,12,140,0,Low
W004,Guindy Industrial Estate,South-Central,13.0067,80.2025,280.5,46.28,5.83,14840.0,11.38,1.98,4.21,10.6,89.5,Industrial,4,45,3,Severe Inundation
W011,Sholinganallur IT Corridor,South-East,12.901,80.2279,140.44,33.25,4.77,3135.8,5.09,0.24,3.34,28.7,68.2,Commercial,9,115,3,Severe Inundation
W011,Sholinganallur IT Corridor,South-East,12.901,80.2279,23.85,8.04,1.79,379.9,5.33,0.55,3.51,49.7,46.6,Commercial,9,115,0,Low
W006,Anna Nagar Residential,West,13.085,80.2101,55.46,18.05,2.35,2519.4,14.17,2.6,5.22,58.3,37.5,Low_Density_Residential,2,25,0,Low
W003,Madipakkam Lake Basin,South,12.9647,80.1961,271.78,78.48,6.56,9838.4,2.2,0.29,1.71,29.0,69.9,High_Density_Residential,14,160,3,Severe Inundation
W011,Sholinganallur IT Corridor,South-East,12.901,80.2279,165.22,26.41,3.96,6604.9,5.08,0.68,3.51,24.1,71.9,Commercial,9,115,3,Severe Inundation
W010,Kolathur Urban Catchment,North-West,13.1235,80.2188,9.01,6.1,1.77,219.5,7.59,1.16,2.52,39.0,57.3,High_Density_Residential,7,85,0,Low
